vehicle_id,manufacturer,model_name,base_model,normalized_manufacturer,canonical_family,model_group,group_source
34652,Mazda,CX-5 2WD,CX-5,mazda,cx-5,5:mazda|cx-5,base_model
34653,Mazda,CX-5 2WD,CX-5,mazda,cx-5,5:mazda|cx-5,base_model
34654,Mazda,CX-5 2WD,CX-5,mazda,cx-5,5:mazda|cx-5,base_model
34659,Volvo,XC60 AWD,XC60,volvo,xc60,5:volvo|xc60,base_model
34660,Volvo,XC70 AWD,XC70,volvo,xc70,5:volvo|xc70,base_model
34664,Audi,TT Coupe quattro,TT Coupe,audi,tt,4:audi|tt,audited_alias
34668,Subaru,WRX,WRX,subaru,wrx,6:subaru|wrx,base_model
34669,Subaru,WRX,WRX,subaru,wrx,6:subaru|wrx,base_model
34671,Volvo,S80 AWD,S80,volvo,s80,5:volvo|s80,base_model
34672,Volvo,V60 AWD,V60,volvo,v60,5:volvo|v60,base_model
34673,Volvo,V60 AWD,V60,volvo,v60,5:volvo|v60,base_model
34679,Cadillac,Escalade 2WD,Escalade,cadillac,escalade,8:cadillac|escalade,base_model
34684,GMC,Yukon C1500 XL 2WD,Yukon,gmc,yukon,3:gmc|yukon,base_model
34700,Jaguar,F-Type V8 S Convertible,F-Type,jaguar,f-type,6:jaguar|f-type,base_model
34704,Jaguar,F-Type S Convertible,F-Type,jaguar,f-type,6:jaguar|f-type,base_model
34705,Jaguar,F-Type S Coupe,F-Type,jaguar,f-type,6:jaguar|f-type,base_model
34711,Subaru,WRX,WRX,subaru,wrx,6:subaru|wrx,base_model
34712,Jaguar,XF,XF,jaguar,xf,6:jaguar|xf,base_model
34713,Jaguar,XJ,XJ,jaguar,xj,6:jaguar|xj,base_model
34714,Jaguar,XJL,XJL,jaguar,xjl,6:jaguar|xjl,base_model
34767,Hyundai,Genesis RWD,Genesis,hyundai,genesis,7:hyundai|genesis,base_model
34769,Hyundai,Genesis RWD,Genesis,hyundai,genesis,7:hyundai|genesis,base_model
34777,Chrysler,200 AWD,200,chrysler,200,8:chrysler|200,base_model
34801,MINI,Cooper Coupe,Cooper,mini,cooper,4:mini|cooper,base_model
34804,MINI,John Cooper Works Coupe,John Cooper Works,mini,countryman,4:mini|countryman,audited_alias
34809,Bentley,Continental GT Convertible,Continental GT Convertible,bentley,continental,7:bentley|continental,audited_alias
34810,Bentley,Continental GT,Continental,bentley,continental,7:bentley|continental,audited_alias
34813,MINI,Cooper S Countryman,Countryman,mini,countryman,4:mini|countryman,audited_alias
34814,MINI,Cooper S Countryman,Countryman,mini,countryman,4:mini|countryman,audited_alias
34817,MINI,Cooper S Paceman,Paceman,mini,paceman,4:mini|paceman,base_model
34818,MINI,Cooper S Paceman,Paceman,mini,paceman,4:mini|paceman,base_model
34823,MINI,JCW Paceman All4,Paceman,mini,paceman,4:mini|paceman,base_model
34824,MINI,JCW Paceman All4,Paceman,mini,paceman,4:mini|paceman,base_model
34825,Volkswagen,GTI,Golf/GTI,volkswagen,golf/gti,10:volkswagen|golf/gti,base_model
34826,Volkswagen,GTI,Golf/GTI,volkswagen,golf/gti,10:volkswagen|golf/gti,base_model
34829,Bentley,Flying Spur,Flying Spur,bentley,flying spur,7:bentley|flying spur,base_model
34830,Chrysler,200,200,chrysler,200,8:chrysler|200,base_model
34831,Chrysler,200,200,chrysler,200,8:chrysler|200,base_model
34838,Volvo,V60 FWD,V60,volvo,v60,5:volvo|v60,base_model
34839,Acura,RDX 2WD,RDX,acura,rdx,5:acura|rdx,base_model
34841,Volvo,XC70 FWD,XC70,volvo,xc70,5:volvo|xc70,base_model
34843,Acura,RDX 4WD,RDX,acura,rdx,5:acura|rdx,base_model
34846,Volvo,XC70 AWD,XC70,volvo,xc70,5:volvo|xc70,base_model
34847,Volvo,XC60 AWD,XC60,volvo,xc60,5:volvo|xc60,base_model
34851,BMW,428i Convertible,4 Series,bmw,4 series,3:bmw|4 series,base_model
34855,Honda,Fit,Fit,honda,fit,5:honda|fit,base_model
34862,MINI,Cooper Coupe,Cooper,mini,cooper,4:mini|cooper,base_model
34865,MINI,John Cooper Works Coupe,John Cooper Works,mini,countryman,4:mini|countryman,audited_alias
34884,Nissan,Versa,Versa,nissan,versa,6:nissan|versa,base_model
34885,Nissan,Versa,Versa,nissan,versa,6:nissan|versa,base_model
34886,Nissan,Versa,Versa,nissan,versa,6:nissan|versa,base_model
34888,Mazda,MX-5,MX-5,mazda,mx-5,5:mazda|mx-5,base_model
34889,Mazda,MX-5,MX-5,mazda,mx-5,5:mazda|mx-5,base_model
34890,Mazda,MX-5,MX-5,mazda,mx-5,5:mazda|mx-5,base_model
34894,Bentley,Mulsanne,Mulsanne,bentley,mulsanne,7:bentley|mulsanne,base_model
34896,Kia,Cadenza,Cadenza,kia,cadenza,3:kia|cadenza,base_model
34900,Land Rover,LR2,LR2,land rover,lr2,10:land rover|lr2,base_model
34912,Kia,Optima,Optima,kia,optima,3:kia|optima,base_model
34913,Infiniti,QX50,QX50,infiniti,qx50,8:infiniti|qx50,base_model
34917,Infiniti,QX70 AWD,QX70,infiniti,qx70,8:infiniti|qx70,base_model
34921,Lamborghini,Huracan,Huracan,lamborghini,huracan,11:lamborghini|huracan,base_model
34933,Aston Martin,V8 Vantage,Vantage,aston martin,vantage,12:aston martin|vantage,audited_alias
34934,Aston Martin,V8 Vantage S,Vantage,aston martin,vantage,12:aston martin|vantage,audited_alias
34935,Aston Martin,Vantage GT,Vantage,aston martin,vantage,12:aston martin|vantage,audited_alias
34936,Aston Martin,V8 Vantage,Vantage,aston martin,vantage,12:aston martin|vantage,audited_alias
34937,Aston Martin,V8 Vantage S,Vantage,aston martin,vantage,12:aston martin|vantage,audited_alias
34938,Aston Martin,Vantage GT,Vantage,aston martin,vantage,12:aston martin|vantage,audited_alias
34939,Bugatti,Veyron,Veyron,bugatti,veyron,7:bugatti|veyron,base_model
34940,Scion,FR-S,FR-S,scion,fr-s,5:scion|fr-s,base_model
34941,Scion,FR-S,FR-S,scion,fr-s,5:scion|fr-s,base_model
34944,Kia,Forte Koup,Forte,kia,forte,3:kia|forte,base_model
34945,Kia,Forte Koup,Forte,kia,forte,3:kia|forte,base_model
34946,Kia,Forte Koup,Forte,kia,forte,3:kia|forte,base_model
34947,Kia,Forte Koup,Forte,kia,forte,3:kia|forte,base_model
34949,Kia,Optima,Optima,kia,optima,3:kia|optima,base_model
34958,Lincoln,MKC FWD,MKC,lincoln,mkc,7:lincoln|mkc,base_model
34959,Lincoln,MKC AWD,MKC,lincoln,mkc,7:lincoln|mkc,base_model
34960,Lincoln,MKC AWD,MKC,lincoln,mkc,7:lincoln|mkc,base_model
34966,GMC,Yukon C1500 XL 2WD,Yukon,gmc,yukon,3:gmc|yukon,base_model
34971,smart,fortwo coupe,fortwo,smart,fortwo,5:smart|fortwo,base_model
34972,smart,fortwo cabriolet,fortwo,smart,fortwo,5:smart|fortwo,base_model
34973,Aston Martin,DB9,DB9,aston martin,db9,12:aston martin|db9,base_model
34978,BMW,M3,M,bmw,8 series,3:bmw|8 series,audited_alias
34980,BMW,M4 Coupe,M,bmw,8 series,3:bmw|8 series,audited_alias
34981,BMW,M4 Coupe,M,bmw,8 series,3:bmw|8 series,audited_alias
34983,Buick,Verano,Verano,buick,verano,5:buick|verano,base_model
34986,Chevrolet,Sonic,Sonic,chevrolet,sonic,9:chevrolet|sonic,base_model
34988,Mitsubishi,Mirage,Mirage,mitsubishi,mirage,10:mitsubishi|mirage,base_model
34989,Mitsubishi,Mirage,Mirage,mitsubishi,mirage,10:mitsubishi|mirage,base_model
34990,Scion,tC,tC,scion,tc,5:scion|tc,base_model
34991,Scion,tC,tC,scion,tc,5:scion|tc,base_model
34992,Acura,RLX,RLX,acura,rlx,5:acura|rlx,base_model
34995,Audi,RS 7,RS 7,audi,rs 7,4:audi|rs 7,base_model
34998,Buick,Regal AWD,Regal,buick,regal,5:buick|regal,base_model
35021,Cadillac,XTS,XTS,cadillac,xts,8:cadillac|xts,base_model
35022,Cadillac,XTS AWD,XTS,cadillac,xts,8:cadillac|xts,base_model
35023,Chevrolet,Impala,Impala,chevrolet,impala,9:chevrolet|impala,base_model
35025,Chevrolet,Impala,Impala,chevrolet,impala,9:chevrolet|impala,base_model
35027,Ford,Taurus AWD,Taurus,ford,taurus,4:ford|taurus,base_model
35032,Ford,Taurus AWD,Taurus,ford,taurus,4:ford|taurus,base_model
35040,Acura,MDX 2WD,MDX,acura,mdx,5:acura|mdx,base_model
35049,Acura,MDX 4WD,MDX,acura,mdx,5:acura|mdx,base_model
35052,GMC,Terrain AWD,Terrain,gmc,terrain,3:gmc|terrain,base_model
35053,GMC,Terrain AWD,Terrain,gmc,terrain,3:gmc|terrain,base_model
35055,Subaru,Outback AWD,Legacy/Outback,subaru,legacy,6:subaru|legacy,audited_alias
35056,Subaru,Outback AWD,Legacy/Outback,subaru,legacy,6:subaru|legacy,audited_alias
35057,Buick,Enclave FWD,Enclave,buick,enclave,5:buick|enclave,base_model
35058,Cadillac,SRX,SRX,cadillac,srx,8:cadillac|srx,base_model
35063,GMC,Acadia FWD,Acadia,gmc,acadia,3:gmc|acadia,base_model
35065,Buick,Enclave AWD,Enclave,buick,enclave,5:buick|enclave,base_model
35071,GMC,Acadia AWD,Acadia,gmc,acadia,3:gmc|acadia,base_model
35081,Audi,RS 5 Cabriolet,RS 5,audi,rs,4:audi|rs,audited_alias
35086,Audi,S5 Cabriolet,S5,audi,s5,4:audi|s5,base_model
35089,Audi,A4 quattro,A4,audi,a4,4:audi|a4,base_model
35098,Audi,A7 quattro,A7,audi,a7,4:audi|a7,base_model
35100,Cadillac,CTS,CTS,cadillac,cts,8:cadillac|cts,base_model
35101,Cadillac,CTS,CTS,cadillac,cts,8:cadillac|cts,base_model
35116,Audi,Q5,Q5,audi,q5,4:audi|q5,base_model
35118,Volvo,XC60 AWD,XC60,volvo,xc60,5:volvo|xc60,base_model
35130,Porsche,Panamera 4,Panamera,porsche,panamera,7:porsche|panamera,base_model
35149,Porsche,Cayman S,Cayman,porsche,cayman,7:porsche|cayman,base_model
35150,Porsche,Cayman S,Cayman,porsche,cayman,7:porsche|cayman,base_model
35154,Fiat,500,500,fiat,500,4:fiat|500,audited_alias
35155,Fiat,500,500,fiat,500,4:fiat|500,audited_alias
35156,Fiat,500,500,fiat,500,4:fiat|500,audited_alias
35157,Fiat,500,500,fiat,500,4:fiat|500,audited_alias
35158,Fiat,500 Abarth,500,fiat,500,4:fiat|500,audited_alias
35159,Fiat,500 Abarth,500,fiat,500,4:fiat|500,audited_alias
35175,Porsche,911 Turbo S,911,porsche,911,7:porsche|911,base_model
35176,Porsche,911 Targa 4,911,porsche,911,7:porsche|911,base_model
35177,Porsche,911 Targa 4,911,porsche,911,7:porsche|911,base_model
35183,Maserati,GranTurismo,GranTurismo,maserati,granturismo,8:maserati|granturismo,base_model
35184,Maserati,GranTurismo Convertible,GranTurismo,maserati,granturismo,8:maserati|granturismo,base_model
35185,Acura,ILX,ILX,acura,ilx,5:acura|ilx,base_model
35186,Acura,ILX,ILX,acura,ilx,5:acura|ilx,base_model
35195,Jaguar,XF AWD,XF,jaguar,xf,6:jaguar|xf,base_model
35198,Maserati,Ghibli V6 SQ4,Ghibli,maserati,ghibli,8:maserati|ghibli,base_model
35199,Maserati,Ghibli V6,Ghibli,maserati,ghibli,8:maserati|ghibli,base_model
35200,Maserati,Quattroporte GTS,Quattroporte,maserati,quattroporte,8:maserati|quattroporte,base_model
35201,Maserati,Quattroporte SQ4 V6,Quattroporte,maserati,quattroporte,8:maserati|quattroporte,base_model
35202,Kia,Sportage FWD,Sportage,kia,sportage,3:kia|sportage,base_model
35203,Kia,Sportage FWD,Sportage,kia,sportage,3:kia|sportage,base_model
35211,Chevrolet,Sonic,Sonic,chevrolet,sonic,9:chevrolet|sonic,base_model
35213,Chevrolet,Sonic,Sonic,chevrolet,sonic,9:chevrolet|sonic,base_model
35214,Chevrolet,Sonic,Sonic,chevrolet,sonic,9:chevrolet|sonic,base_model
35227,Jaguar,XJ AWD,XJ,jaguar,xj,6:jaguar|xj,base_model
35228,Jaguar,XJL AWD,XJL,jaguar,xjl,6:jaguar|xjl,base_model
35237,Mitsubishi,Outlander 2WD,Outlander,mitsubishi,outlander,10:mitsubishi|outlander,base_model
35240,BMW,X4 xDrive28i,X4,bmw,x4,3:bmw|x4,base_model
35245,Mitsubishi,Outlander Sport 4WD,Outlander,mitsubishi,outlander,10:mitsubishi|outlander,base_model
35253,Lamborghini,Aventador Coupe,Aventador,lamborghini,aventador,11:lamborghini|aventador,base_model
35254,Lamborghini,Aventador Roadster,Aventador,lamborghini,aventador,11:lamborghini|aventador,base_model
35255,Lamborghini,Veneno Roadster,Veneno,lamborghini,veneno,11:lamborghini|veneno,base_model
35265,Mazda,3 5-Door,3,mazda,3,5:mazda|3,base_model
35266,Mazda,3 5-Door,3,mazda,3,5:mazda|3,base_model
35267,Mazda,3 5-Door,3,mazda,3,5:mazda|3,base_model
35268,Mazda,3 5-Door,3,mazda,3,5:mazda|3,base_model
35271,Lincoln,MKZ FWD,MKZ,lincoln,mkz,7:lincoln|mkz,base_model
35275,Aston Martin,V12 Vantage S,Vantage,aston martin,vantage,12:aston martin|vantage,audited_alias
35289,Infiniti,Q60 AWD,Q60,infiniti,q60,8:infiniti|q60,base_model
35292,Volkswagen,Eos,Eos,volkswagen,eos,10:volkswagen|eos,base_model
35294,Buick,Verano,Verano,buick,verano,5:buick|verano,base_model
35306,Fiat,500 L,500 L,fiat,500,4:fiat|500,audited_alias
35307,Fiat,500 L,500 L,fiat,500,4:fiat|500,audited_alias
35308,Fiat,500 L,500 L,fiat,500,4:fiat|500,audited_alias
35309,Dodge,Journey FWD,Journey,dodge,journey,5:dodge|journey,base_model
35313,Dodge,Journey AWD,Journey,dodge,journey,5:dodge|journey,base_model
35325,BMW,M235i xDrive,2 Series,bmw,2 series,3:bmw|2 series,base_model
35326,Volkswagen,Beetle Convertible,Beetle,volkswagen,beetle,10:volkswagen|beetle,base_model
35327,Volkswagen,Beetle Convertible,Beetle,volkswagen,beetle,10:volkswagen|beetle,base_model
35329,Acura,TLX,TLX,acura,tlx,5:acura|tlx,base_model
35342,Lexus,IS 350,IS,lexus,is,5:lexus|is,base_model
35366,Cadillac,XTS AWD,XTS,cadillac,xts,8:cadillac|xts,base_model
35389,Jeep,Cherokee FWD,Cherokee,jeep,cherokee,4:jeep|cherokee,base_model
35390,Jeep,Cherokee FWD,Cherokee,jeep,cherokee,4:jeep|cherokee,base_model
35393,Jeep,Wrangler 4WD,Wrangler,jeep,wrangler,4:jeep|wrangler,base_model
35394,Jeep,Wrangler 4WD,Wrangler,jeep,wrangler,4:jeep|wrangler,base_model
35399,Jeep,Cherokee 4WD Active Drive II,Cherokee,jeep,cherokee,4:jeep|cherokee,base_model
35406,Mercedes-Benz,ML350,ML-Class,mercedes-benz,ml-class,13:mercedes-benz|ml-class,base_model
35417,Audi,Q3 quattro,Q3,audi,q3,4:audi|q3,base_model
35426,BMW,435i xDrive Coupe,4 Series,bmw,4 series,3:bmw|4 series,base_model
35427,BMW,435i xDrive Coupe,4 Series,bmw,4 series,3:bmw|4 series,base_model
35428,Mitsubishi,Lancer,Lancer,mitsubishi,lancer,10:mitsubishi|lancer,base_model
35429,Mitsubishi,Lancer,Lancer,mitsubishi,lancer,10:mitsubishi|lancer,base_model
35430,Mitsubishi,Lancer,Lancer,mitsubishi,lancer,10:mitsubishi|lancer,base_model
35431,Mitsubishi,Lancer,Lancer,mitsubishi,lancer,10:mitsubishi|lancer,base_model
35438,Dodge,Challenger SRT8,Challenger,dodge,challenger,5:dodge|challenger,base_model
35440,Dodge,Challenger SRT8,Challenger,dodge,challenger,5:dodge|challenger,base_model
35448,BMW,750Li xDrive,7 Series,bmw,7 series,3:bmw|7 series,base_model
35452,Dodge,Charger SRT8,Charger,dodge,charger,5:dodge|charger,base_model
35469,Jeep,Patriot FWD,Patriot,jeep,patriot,4:jeep|patriot,base_model
35470,Jeep,Patriot FWD,Patriot,jeep,patriot,4:jeep|patriot,base_model
35471,Jeep,Patriot FWD,Patriot,jeep,patriot,4:jeep|patriot,base_model
35472,Lincoln,MKX FWD,MKX,lincoln,mkx,7:lincoln|mkx,base_model
35473,Jeep,Compass 4WD,Compass,jeep,compass,4:jeep|compass,base_model
35474,Jeep,Compass 4WD,Compass,jeep,compass,4:jeep|compass,base_model
35479,Jeep,Cherokee 4WD Active Drive II,Cherokee,jeep,cherokee,4:jeep|cherokee,base_model
35481,Land Rover,LR4,LR4,land rover,lr4,10:land rover|lr4,base_model
35484,Volkswagen,Touareg,Touareg,volkswagen,touareg,10:volkswagen|touareg,base_model
35487,Acura,TLX,TLX,acura,tlx,5:acura|tlx,base_model
35504,BMW,550i Gran Turismo,5 Series,bmw,5 series,3:bmw|5 series,base_model
35510,Jeep,Patriot FWD,Patriot,jeep,patriot,4:jeep|patriot,base_model
35527,Alfa Romeo,4C,4C,alfa romeo,4c,10:alfa romeo|4c,base_model
35530,Ferrari,458 Spider,458 Spider,ferrari,458 spider,7:ferrari|458 spider,base_model
35531,Ferrari,458 Spider,458 Spider,ferrari,458 spider,7:ferrari|458 spider,base_model
35532,Ferrari,458 Speciale,458 Speciale,ferrari,458 speciale,7:ferrari|458 speciale,base_model
35533,Ferrari,458 Speciale,458 Speciale,ferrari,458 speciale,7:ferrari|458 speciale,base_model
35534,Ferrari,458 Speciale Spider,458 Speciale,ferrari,458 speciale,7:ferrari|458 speciale,base_model
35535,Ferrari,458 Speciale Spider,458 Speciale,ferrari,458 speciale,7:ferrari|458 speciale,base_model
35537,Scion,iQ,iQ,scion,iq,5:scion|iq,base_model
35543,Rolls-Royce,Phantom Drophead Coupe,Phantom,rolls-royce,phantom,11:rolls-royce|phantom,base_model
35544,Rolls-Royce,Phantom Coupe,Phantom,rolls-royce,phantom,11:rolls-royce|phantom,base_model
35546,Ferrari,FF,FF,ferrari,ff,7:ferrari|ff,base_model
35547,Ferrari,FF,FF,ferrari,ff,7:ferrari|ff,base_model
35548,Honda,Accord,Accord,honda,accord,5:honda|accord,base_model
35549,Honda,Accord,Accord,honda,accord,5:honda|accord,base_model
35550,Honda,Accord,Accord,honda,accord,5:honda|accord,base_model
35551,Honda,Accord,Accord,honda,accord,5:honda|accord,base_model
35552,Honda,Accord,Accord,honda,accord,5:honda|accord,base_model
35553,Honda,Accord,Accord,honda,accord,5:honda|accord,base_model
35554,Infiniti,Q40,Q40,infiniti,q40,8:infiniti|q40,base_model
35555,Infiniti,Q40 AWD,Q40,infiniti,q40,8:infiniti|q40,base_model
35564,Rolls-Royce,Phantom,Phantom,rolls-royce,phantom,11:rolls-royce|phantom,base_model
35565,Rolls-Royce,Phantom EWB,Phantom,rolls-royce,phantom,11:rolls-royce|phantom,base_model
35566,Rolls-Royce,Ghost,Ghost,rolls-royce,ghost,11:rolls-royce|ghost,base_model
35567,Rolls-Royce,Ghost EWB,Ghost,rolls-royce,ghost,11:rolls-royce|ghost,base_model
35604,McLaren Automotive,650S Coupe,650S Coupe,mclaren automotive,650s coupe,18:mclaren automotive|650s coupe,base_model
35605,McLaren Automotive,650S Spider,650S Spider,mclaren automotive,650s spider,18:mclaren automotive|650s spider,base_model
35606,Aston Martin,Vanquish,Vanquish,aston martin,vanquish,12:aston martin|vanquish,base_model
35607,Ferrari,California T,California T,ferrari,california t,7:ferrari|california t,base_model
35608,Ferrari,California T,California T,ferrari,california t,7:ferrari|california t,base_model
35609,Aston Martin,Rapide S,Rapide,aston martin,rapide,12:aston martin|rapide,base_model
35613,Acura,TLX AWD,TLX,acura,tlx,5:acura|tlx,base_model
35615,Subaru,Impreza AWD,Impreza/Outback Sport,subaru,impreza,6:subaru|impreza,audited_alias
35616,Subaru,Impreza AWD,Impreza/Outback Sport,subaru,impreza,6:subaru|impreza,audited_alias
35628,Rolls-Royce,Wraith,Wraith,rolls-royce,wraith,11:rolls-royce|wraith,base_model
35630,Subaru,Impreza Wagon AWD,Impreza/Outback Sport,subaru,impreza,6:subaru|impreza,audited_alias
35631,Subaru,Impreza Wagon AWD,Impreza/Outback Sport,subaru,impreza,6:subaru|impreza,audited_alias
35642,Buick,Encore,Encore,buick,encore,5:buick|encore,base_model
35643,Nissan,Xterra 2WD,Xterra,nissan,xterra,6:nissan|xterra,base_model
35644,Buick,Encore AWD,Encore,buick,encore,5:buick|encore,base_model
35646,Nissan,Xterra 4WD,Xterra,nissan,xterra,6:nissan|xterra,base_model
35647,Nissan,Xterra 4WD,Xterra,nissan,xterra,6:nissan|xterra,base_model
35648,Toyota,Sequoia 2WD,Sequoia,toyota,sequoia,6:toyota|sequoia,base_model
35656,Dodge,Viper SRT,Viper,dodge,viper,5:dodge|viper,base_model
35666,Lexus,IS 250 C,IS,lexus,is,5:lexus|is,base_model
35671,Honda,Civic HF,Civic,honda,civic,5:honda|civic,base_model
35691,Honda,Crosstour 2WD,Crosstour,honda,crosstour,5:honda|crosstour,base_model
35692,Honda,Crosstour 2WD,Crosstour,honda,crosstour,5:honda|crosstour,base_model
35699,Hyundai,Santa Fe AWD,Santa Fe,hyundai,santa fe,7:hyundai|santa fe,base_model
35704,Lincoln,Navigator 2WD,Navigator,lincoln,navigator,7:lincoln|navigator,base_model
35705,Lincoln,Navigator L 2WD,Navigator,lincoln,navigator,7:lincoln|navigator,base_model
35709,Lincoln,Navigator L 4WD,Navigator,lincoln,navigator,7:lincoln|navigator,base_model
35710,Hyundai,Elantra Coupe,Elantra,hyundai,elantra,7:hyundai|elantra,base_model
35711,Hyundai,Elantra Coupe,Elantra,hyundai,elantra,7:hyundai|elantra,base_model
35717,Lexus,ES 350,ES,lexus,es,5:lexus|es,base_model
35722,Hyundai,Santa Fe Sport Ultimate FWD,Santa Fe,hyundai,santa fe,7:hyundai|santa fe,base_model
35726,Infiniti,QX80 2WD,QX80,infiniti,qx80,8:infiniti|qx80,base_model
35727,Infiniti,QX80 4WD,QX80,infiniti,qx80,8:infiniti|qx80,base_model
35728,Land Rover,Range Rover Sport,Range Rover,land rover,range rover,10:land rover|range rover,base_model
35733,Dodge,Challenger SRT8,Challenger,dodge,challenger,5:dodge|challenger,base_model
35754,Chevrolet,Trax,Trax,chevrolet,trax,9:chevrolet|trax,base_model
35757,Nissan,Armada 2WD,Armada,nissan,armada,6:nissan|armada,base_model
35767,Mercedes-Benz,SLK55 AMG,SLK-Class,mercedes-benz,slk-class,13:mercedes-benz|slk-class,base_model
35776,Dodge,Challenger SRT8,Challenger,dodge,challenger,5:dodge|challenger,base_model
35781,Dodge,Charger SRT8,Charger,dodge,charger,5:dodge|charger,base_model
35799,MINI,Cooper S (5-doors),Cooper,mini,cooper,4:mini|cooper,base_model
35800,MINI,Cooper S (5-doors),Cooper,mini,cooper,4:mini|cooper,base_model
35823,Infiniti,QX60 AWD,QX60,infiniti,qx60,8:infiniti|qx60,base_model
35824,Nissan,Pathfinder 4WD,Pathfinder,nissan,pathfinder,6:nissan|pathfinder,base_model
35826,Cadillac,Escalade 2WD,Escalade,cadillac,escalade,8:cadillac|escalade,base_model
35829,GMC,Yukon C1500 XL 2WD,Yukon,gmc,yukon,3:gmc|yukon,base_model
35833,Cadillac,Escalade ESV 4WD,Escalade,cadillac,escalade,8:cadillac|escalade,base_model
35839,Mercedes-Benz,G63 AMG,G-Class,mercedes-benz,g-class,13:mercedes-benz|g-class,base_model
35846,Mercedes-Benz,E350 Convertible,E-Class,mercedes-benz,e-class,13:mercedes-benz|e-class,base_model
35850,Mercedes-Benz,E350,E-Class,mercedes-benz,e-class,13:mercedes-benz|e-class,base_model
35852,Mercedes-Benz,E350 4matic,E-Class,mercedes-benz,e-class,13:mercedes-benz|e-class,base_model
35855,Land Rover,Range Rover Evoque,Range Rover,land rover,range rover,10:land rover|range rover,base_model
35866,Mercedes-Benz,E400,E-Class,mercedes-benz,e-class,13:mercedes-benz|e-class,base_model
35872,Chrysler,300 AWD,300,chrysler,300,8:chrysler|300,base_model
35892,Hyundai,Sonata Limited,Sonata,hyundai,sonata,7:hyundai|sonata,base_model
35895,Porsche,Cayenne Turbo,Cayenne,porsche,cayenne,7:porsche|cayenne,base_model
35899,Hyundai,Elantra GT,Elantra,hyundai,elantra,7:hyundai|elantra,base_model
35903,Lexus,LS 460 L AWD,LS,lexus,ls,5:lexus|ls,base_model
35908,Lincoln,MKS FWD,MKS,lincoln,mks,7:lincoln|mks,base_model
35909,Scion,xB,xB,scion,xb,5:scion|xb,base_model
35910,Scion,xB,xB,scion,xb,5:scion|xb,base_model
35913,Lexus,NX 200t AWD,NX,lexus,nx,5:lexus|nx,base_model
35915,Land Rover,Range Rover,Range Rover,land rover,range rover,10:land rover|range rover,base_model
35916,Land Rover,Range Rover LWB,Range Rover,land rover,range rover,10:land rover|range rover,base_model
35917,Land Rover,Range Rover Sport,Range Rover,land rover,range rover,10:land rover|range rover,base_model
35926,Bentley,Continental GT3-R,Continental,bentley,continental,7:bentley|continental,audited_alias
35928,Porsche,911 Carrera GTS,911,porsche,911,7:porsche|911,base_model
35929,Porsche,911 Carrera GTS,911,porsche,911,7:porsche|911,base_model
35930,Porsche,911 Carrera GTS Cabriolet,911,porsche,911,7:porsche|911,base_model
35946,Nissan,Murano AWD,Murano,nissan,murano,6:nissan|murano,base_model
35950,Lincoln,MKT FWD,MKT,lincoln,mkt,7:lincoln|mkt,base_model
35959,Hyundai,Elantra GT,Elantra,hyundai,elantra,7:hyundai|elantra,base_model
35969,Ford,Focus SFE FWD,Focus,ford,focus,4:ford|focus,base_model
35973,Nissan,Sentra FE,Sentra,nissan,sentra,6:nissan|sentra,base_model
35979,Volvo,V60 CC AWD,V60,volvo,v60,5:volvo|v60,base_model
35984,Kia,Sorento FE AWD,Sorento,kia,sorento,3:kia|sorento,base_model
35988,Mazda,CX-5 2WD,CX-5,mazda,cx-5,5:mazda|cx-5,base_model
35989,Mazda,CX-5 2WD,CX-5,mazda,cx-5,5:mazda|cx-5,base_model
35991,Kia,Sorento AWD,Sorento,kia,sorento,3:kia|sorento,base_model
35992,Kia,Sorento AWD,Sorento,kia,sorento,3:kia|sorento,base_model
35993,Mazda,CX-5 4WD,CX-5,mazda,cx-5,5:mazda|cx-5,base_model
35998,Honda,HR-V 2WD,HR-V,honda,hr-v,5:honda|hr-v,base_model
35999,Honda,HR-V 2WD,HR-V,honda,hr-v,5:honda|hr-v,base_model
36000,Honda,HR-V 2WD,HR-V,honda,hr-v,5:honda|hr-v,base_model
36001,Honda,HR-V 4WD,HR-V,honda,hr-v,5:honda|hr-v,base_model
36002,Honda,HR-V 4WD,HR-V,honda,hr-v,5:honda|hr-v,base_model
36005,Nissan,Rogue Select FWD,Rogue,nissan,rogue,6:nissan|rogue,audited_alias
36006,Land Rover,Discovery Sport,Discovery,land rover,discovery,10:land rover|discovery,base_model
36010,Jaguar,F-Type Coupe,F-Type,jaguar,f-type,6:jaguar|f-type,base_model
36012,Jaguar,F-Type S Coupe,F-Type,jaguar,f-type,6:jaguar|f-type,base_model
36015,Bentley,Mulsanne,Mulsanne,bentley,mulsanne,7:bentley|mulsanne,base_model
36022,Hyundai,Elantra GT,Elantra,hyundai,elantra,7:hyundai|elantra,base_model
36027,Ford,Edge AWD,Edge,ford,edge,4:ford|edge,base_model
36028,Ford,Edge AWD,Edge,ford,edge,4:ford|edge,base_model
36029,Ford,Edge AWD,Edge,ford,edge,4:ford|edge,base_model
36034,Acura,ILX,ILX,acura,ilx,5:acura|ilx,base_model
36036,Hyundai,Elantra GT,Elantra,hyundai,elantra,7:hyundai|elantra,base_model
36040,Jaguar,F-Type R Convertible,F-Type,jaguar,f-type,6:jaguar|f-type,base_model
36043,Jaguar,XJ,XJ,jaguar,xj,6:jaguar|xj,base_model
36044,Jaguar,XJL,XJL,jaguar,xjl,6:jaguar|xjl,base_model
36046,Acura,RLX,RLX,acura,rlx,5:acura|rlx,base_model
36051,Mitsubishi,Outlander Sport 4WD,Outlander,mitsubishi,outlander,10:mitsubishi|outlander,base_model
36066,Kia,Rio Eco,Rio,kia,rio,3:kia|rio,base_model
36074,Nissan,370Z Roadster,370Z,nissan,370z,6:nissan|370z,base_model
36075,Nissan,370Z Roadster,370Z,nissan,370z,6:nissan|370z,base_model
36077,BMW,640i xDrive Coupe,6 Series,bmw,6 series,3:bmw|6 series,base_model
36080,BMW,650i xDrive Convertible,6 Series,bmw,6 series,3:bmw|6 series,base_model
36088,BMW,Alpina B6 Gran Coupe xDrive,6 Series,bmw,6 series,3:bmw|6 series,base_model
36109,Infiniti,QX80 4WD (over 6000 lbs curb weight),QX80,infiniti,qx80,8:infiniti|qx80,base_model
36111,BMW,650i Convertible,6 Series,bmw,6 series,3:bmw|6 series,base_model
36121,Acura,MDX 4WD,MDX,acura,mdx,5:acura|mdx,base_model
36122,Acura,MDX 4WD,MDX,acura,mdx,5:acura|mdx,base_model
36127,Mazda,2,2,mazda,2,5:mazda|2,base_model
36128,Mazda,2,2,mazda,2,5:mazda|2,base_model
36132,Audi,S6,S6,audi,s6,4:audi|s6,base_model
36135,Honda,Fit,Fit,honda,fit,5:honda|fit,base_model
36136,Honda,Fit,Fit,honda,fit,5:honda|fit,base_model
36137,Honda,Fit,Fit,honda,fit,5:honda|fit,base_model
36138,Acura,RDX 2WD,RDX,acura,rdx,5:acura|rdx,base_model
36140,Acura,RDX 4WD,RDX,acura,rdx,5:acura|rdx,base_model
36146,Subaru,Forester AWD,Forester,subaru,forester,6:subaru|forester,base_model
36147,Subaru,Forester AWD,Forester,subaru,forester,6:subaru|forester,base_model
36148,Subaru,Forester AWD,Forester,subaru,forester,6:subaru|forester,base_model
36155,Ford,Fusion FWD,Fusion,ford,fusion,4:ford|fusion,base_model
36156,Ford,Fusion FWD,Fusion,ford,fusion,4:ford|fusion,base_model
36158,Ford,Fusion FWD,Fusion,ford,fusion,4:ford|fusion,base_model
36159,Ford,Fusion FWD,Fusion,ford,fusion,4:ford|fusion,base_model
36162,Lincoln,MKZ AWD,MKZ,lincoln,mkz,7:lincoln|mkz,base_model
36163,Lincoln,MKZ FWD,MKZ,lincoln,mkz,7:lincoln|mkz,base_model
36164,Lincoln,MKZ FWD,MKZ,lincoln,mkz,7:lincoln|mkz,base_model
36165,Lincoln,MKZ AWD,MKZ,lincoln,mkz,7:lincoln|mkz,base_model
36166,Mercedes-Benz,E400,E-Class,mercedes-benz,e-class,13:mercedes-benz|e-class,base_model
36174,Porsche,911 Targa 4 GTS,911,porsche,911,7:porsche|911,base_model
36175,Porsche,911 Targa 4 GTS,911,porsche,911,7:porsche|911,base_model
36188,Mercedes-Benz,AMG E63 S 4matic (wagon),E-Class,mercedes-benz,e-class,13:mercedes-benz|e-class,base_model
36191,Lamborghini,Aventador Coupe,Aventador,lamborghini,aventador,11:lamborghini|aventador,base_model
36192,Lamborghini,Aventador Roadster,Aventador,lamborghini,aventador,11:lamborghini|aventador,base_model
36194,Scion,FR-S,FR-S,scion,fr-s,5:scion|fr-s,base_model
36195,Scion,FR-S,FR-S,scion,fr-s,5:scion|fr-s,base_model
36197,Toyota,Yaris,Yaris,toyota,yaris,6:toyota|yaris,base_model
36200,Fiat,500 X,500 X,fiat,500 x,4:fiat|500 x,base_model
36205,Maserati,GranTurismo,GranTurismo,maserati,granturismo,8:maserati|granturismo,base_model
36206,Maserati,GranTurismo Convertible,GranTurismo,maserati,granturismo,8:maserati|granturismo,base_model
36214,Infiniti,QX70 AWD,QX70,infiniti,qx70,8:infiniti|qx70,base_model
36222,Volvo,S60 Inscription AWD,S60,volvo,s60,5:volvo|s60,base_model
36227,Jaguar,XJ AWD,XJ,jaguar,xj,6:jaguar|xj,base_model
36236,Volvo,V60 AWD,V60,volvo,v60,5:volvo|v60,base_model
36237,Volvo,V60 AWD,V60,volvo,v60,5:volvo|v60,base_model
36238,Volvo,V60 PoleStar AWD,V60,volvo,v60,5:volvo|v60,base_model
36240,Volvo,XC70 FWD,XC70,volvo,xc70,5:volvo|xc70,base_model
36242,Fiat,500 X AWD,500 X,fiat,500 x,4:fiat|500 x,base_model
36243,Volvo,XC60 AWD,XC60,volvo,xc60,5:volvo|xc60,base_model
36245,Volvo,XC60 AWD,XC60,volvo,xc60,5:volvo|xc60,base_model
36249,Porsche,Boxster S,Boxster,porsche,boxster,7:porsche|boxster,base_model
36258,Porsche,911 Carrera S Cabriolet,911,porsche,911,7:porsche|911,base_model
36259,Porsche,911 Carrera S Cabriolet,911,porsche,911,7:porsche|911,base_model
36270,Porsche,911 Carrera GTS Cabriolet,911,porsche,911,7:porsche|911,base_model
36271,Porsche,911 Carrera GTS Cabriolet,911,porsche,911,7:porsche|911,base_model
36276,Porsche,911 Turbo,911,porsche,911,7:porsche|911,base_model
36278,Porsche,911 Targa 4,911,porsche,911,7:porsche|911,base_model
36279,Porsche,911 Targa 4,911,porsche,911,7:porsche|911,base_model
36280,Bentley,Continental GT Convertible,Continental GT Convertible,bentley,continental,7:bentley|continental,audited_alias
36281,Bentley,Continental GT,Continental,bentley,continental,7:bentley|continental,audited_alias
36283,Bentley,Flying Spur,Flying Spur,bentley,flying spur,7:bentley|flying spur,base_model
36286,Maserati,Ghibli V6 SQ4,Ghibli,maserati,ghibli,8:maserati|ghibli,base_model
36287,Maserati,Ghibli V6,Ghibli,maserati,ghibli,8:maserati|ghibli,base_model
36290,Maserati,Quattroporte GTS,Quattroporte,maserati,quattroporte,8:maserati|quattroporte,base_model
36291,Maserati,Quattroporte SQ4 V6,Quattroporte,maserati,quattroporte,8:maserati|quattroporte,base_model
36307,Jaguar,F-Type Coupe,F-Type,jaguar,f-type,6:jaguar|f-type,base_model
36309,Jaguar,F-Type S Coupe,F-Type,jaguar,f-type,6:jaguar|f-type,base_model
36311,Porsche,Boxster S,Boxster,porsche,boxster,7:porsche|boxster,base_model
36317,Hyundai,Accent,Accent,hyundai,accent,7:hyundai|accent,base_model
36318,Hyundai,Accent,Accent,hyundai,accent,7:hyundai|accent,base_model
36320,Maserati,Ghibli  S RWD,Ghibli,maserati,ghibli,8:maserati|ghibli,base_model
36323,Hyundai,Azera,Azera,hyundai,azera,7:hyundai|azera,base_model
36324,Maserati,Quattroporte S,Quattroporte,maserati,quattroporte,8:maserati|quattroporte,base_model
36327,Kia,Sportage FWD,Sportage,kia,sportage,3:kia|sportage,base_model
36329,Mitsubishi,Outlander 2WD,Outlander,mitsubishi,outlander,10:mitsubishi|outlander,base_model
36338,Mitsubishi,Outlander 4WD,Outlander,mitsubishi,outlander,10:mitsubishi|outlander,base_model
36339,Scion,iA,iA,scion,ia,5:scion|ia,base_model
36340,Scion,iA,iA,scion,ia,5:scion|ia,base_model
36350,Buick,Enclave FWD,Enclave,buick,enclave,5:buick|enclave,base_model
36353,Buick,Enclave AWD,Enclave,buick,enclave,5:buick|enclave,base_model
36363,Bentley,Flying Spur,Flying Spur,bentley,flying spur,7:bentley|flying spur,base_model
36364,Chevrolet,Cruze Limited,Cruze,chevrolet,cruze,9:chevrolet|cruze,base_model
36372,Hyundai,Tucson Eco FWD,Tucson,hyundai,tucson,7:hyundai|tucson,base_model
36373,Jeep,Cherokee FWD,Cherokee,jeep,cherokee,4:jeep|cherokee,base_model
36379,Land Rover,LR4,LR4,land rover,lr4,10:land rover|lr4,base_model
36380,Audi,TT Roadster quattro,TT Roadster,audi,tt,4:audi|tt,audited_alias
36385,Audi,A3 quattro,A3,audi,a3,4:audi|a3,base_model
36390,Audi,A5 quattro,A5,audi,a5,4:audi|a5,base_model
36398,Audi,A4,A4,audi,a4,4:audi|a4,base_model
36406,Subaru,Legacy AWD,Legacy/Outback,subaru,legacy,6:subaru|legacy,audited_alias
36407,Subaru,Legacy AWD,Legacy/Outback,subaru,legacy,6:subaru|legacy,audited_alias
36423,Audi,SQ5,SQ5,audi,sq5,4:audi|sq5,base_model
36434,Subaru,Outback AWD,Legacy/Outback,subaru,legacy,6:subaru|legacy,audited_alias
36435,Subaru,Outback AWD,Legacy/Outback,subaru,legacy,6:subaru|legacy,audited_alias
36436,Cadillac,SRX,SRX,cadillac,srx,8:cadillac|srx,base_model
36442,Pagani,Huayra Coupe,Huayra Coupe,pagani,huayra coupe,6:pagani|huayra coupe,base_model
36456,Buick,Regal,Regal,buick,regal,5:buick|regal,base_model
36458,Buick,LaCrosse,LaCrosse,buick,lacrosse,5:buick|lacrosse,base_model
36465,Chevrolet,Cruze Limited,Cruze,chevrolet,cruze,9:chevrolet|cruze,base_model
36467,Chevrolet,Cruze Limited,Cruze,chevrolet,cruze,9:chevrolet|cruze,base_model
36468,Chevrolet,Cruze Limited,Cruze,chevrolet,cruze,9:chevrolet|cruze,base_model
36481,Hyundai,Genesis RWD,Genesis,hyundai,genesis,7:hyundai|genesis,base_model
36494,Dodge,Journey,Journey,dodge,journey,5:dodge|journey,base_model
36499,GMC,Terrain FWD,Terrain,gmc,terrain,3:gmc|terrain,base_model
36511,Land Rover,Discovery Sport,Discovery,land rover,discovery,10:land rover|discovery,base_model
36512,Land Rover,Range Rover Evoque,Range Rover,land rover,range rover,10:land rover|range rover,base_model
36513,Lincoln,MKC AWD,MKC,lincoln,mkc,7:lincoln|mkc,base_model
36514,Lincoln,MKC AWD,MKC,lincoln,mkc,7:lincoln|mkc,base_model
36529,Mercedes-Benz,CLS400 4matic,CLS-Class,mercedes-benz,cls-class,13:mercedes-benz|cls-class,base_model
36534,Mazda,3 5-Door,3,mazda,3,5:mazda|3,base_model
36537,Mazda,3 5-Door,3,mazda,3,5:mazda|3,base_model
36538,Mazda,3 5-Door,3,mazda,3,5:mazda|3,base_model
36549,Jeep,Cherokee 4WD Active Drive II,Cherokee,jeep,cherokee,4:jeep|cherokee,base_model
36563,Cadillac,ATS AWD,ATS,cadillac,ats,8:cadillac|ats,base_model
36566,MINI,Cooper Countryman,Countryman,mini,countryman,4:mini|countryman,audited_alias
36571,Scion,tC,tC,scion,tc,5:scion|tc,base_model
36572,Scion,tC,tC,scion,tc,5:scion|tc,base_model
36577,Volkswagen,CC,CC,volkswagen,cc,10:volkswagen|cc,base_model
36578,Volkswagen,CC,CC,volkswagen,cc,10:volkswagen|cc,base_model
36581,Chrysler,200,200,chrysler,200,8:chrysler|200,base_model
36602,GMC,Terrain FWD,Terrain,gmc,terrain,3:gmc|terrain,base_model
36603,Jeep,Cherokee FWD,Cherokee,jeep,cherokee,4:jeep|cherokee,base_model
36608,Jeep,Cherokee 4WD Active Drive II,Cherokee,jeep,cherokee,4:jeep|cherokee,base_model
36626,GMC,Yukon K1500 XL 4WD,Yukon,gmc,yukon,3:gmc|yukon,base_model
36628,Land Rover,Range Rover,Range Rover,land rover,range rover,10:land rover|range rover,base_model
36629,Land Rover,Range Rover LWB,Range Rover,land rover,range rover,10:land rover|range rover,base_model
36630,Land Rover,Range Rover,Range Rover,land rover,range rover,10:land rover|range rover,base_model
36631,Land Rover,Range Rover LWB,Range Rover,land rover,range rover,10:land rover|range rover,base_model
36632,Land Rover,Range Rover Sport,Range Rover,land rover,range rover,10:land rover|range rover,base_model
36637,Bentley,Continental GT Convertible,Continental GT Convertible,bentley,continental,7:bentley|continental,audited_alias
36645,BMW,435i xDrive Convertible,4 Series,bmw,4 series,3:bmw|4 series,base_model
36646,Volkswagen,Beetle Convertible,Beetle,volkswagen,beetle,10:volkswagen|beetle,base_model
36647,Volkswagen,Beetle Convertible,Beetle,volkswagen,beetle,10:volkswagen|beetle,base_model
36648,Bentley,Continental GT,Continental,bentley,continental,7:bentley|continental,audited_alias
36660,MINI,Cooper Countryman,Countryman,mini,countryman,4:mini|countryman,audited_alias
36664,MINI,Cooper S Countryman All4,Countryman,mini,countryman,4:mini|countryman,audited_alias
36665,MINI,Cooper S Countryman All4,Countryman,mini,countryman,4:mini|countryman,audited_alias
36670,MINI,JCW Countryman All4,Countryman,mini,countryman,4:mini|countryman,audited_alias
36671,MINI,JCW Countryman All4,Countryman,mini,countryman,4:mini|countryman,audited_alias
36677,Volkswagen,Jetta,Jetta,volkswagen,jetta,10:volkswagen|jetta,base_model
36678,Volkswagen,Jetta,Jetta,volkswagen,jetta,10:volkswagen|jetta,base_model
36683,BMW,550i xDrive,5 Series,bmw,5 series,3:bmw|5 series,base_model
36696,Lincoln,Navigator L 2WD,Navigator,lincoln,navigator,7:lincoln|navigator,base_model
36697,Lincoln,Navigator 2WD,Navigator,lincoln,navigator,7:lincoln|navigator,base_model
36701,GMC,Yukon K1500 XL 4WD,Yukon,gmc,yukon,3:gmc|yukon,base_model
36720,MINI,John Cooper Works Hardtop,John Cooper Works,mini,countryman,4:mini|countryman,audited_alias
36721,MINI,John Cooper Works Hardtop,John Cooper Works,mini,countryman,4:mini|countryman,audited_alias
36722,Volkswagen,Beetle Convertible,Beetle,volkswagen,beetle,10:volkswagen|beetle,base_model
36733,Cadillac,ATS,ATS,cadillac,ats,8:cadillac|ats,base_model
36734,Cadillac,ATS,ATS,cadillac,ats,8:cadillac|ats,base_model
36735,Cadillac,ATS,ATS,cadillac,ats,8:cadillac|ats,base_model
36739,Mercedes-Benz,C300,C-Class,mercedes-benz,c-class,13:mercedes-benz|c-class,base_model
36768,Buick,Encore AWD,Encore,buick,encore,5:buick|encore,base_model
36781,Mercedes-Benz,AMG GLE63,GLE-Class,mercedes-benz,gle-class,13:mercedes-benz|gle-class,base_model
36783,Mercedes-Benz,GL450 4matic,GL-Class,mercedes-benz,gl-class,13:mercedes-benz|gl-class,base_model
36795,Toyota,Camry,Camry,toyota,camry,6:toyota|camry,base_model
36798,Toyota,Camry,Camry,toyota,camry,6:toyota|camry,base_model
36805,Infiniti,QX50,QX50,infiniti,qx50,8:infiniti|qx50,base_model
36806,Infiniti,QX50 AWD,QX50,infiniti,qx50,8:infiniti|qx50,base_model
36817,Alfa Romeo,4C,4C,alfa romeo,4c,10:alfa romeo|4c,base_model
36818,Cadillac,ATS,ATS,cadillac,ats,8:cadillac|ats,base_model
36819,Subaru,Impreza AWD,Impreza/Outback Sport,subaru,impreza,6:subaru|impreza,audited_alias
36820,Subaru,Impreza AWD,Impreza/Outback Sport,subaru,impreza,6:subaru|impreza,audited_alias
36822,Volkswagen,Jetta,Jetta,volkswagen,jetta,10:volkswagen|jetta,base_model
36825,Jaguar,XJ,XJ,jaguar,xj,6:jaguar|xj,base_model
36826,Jaguar,XJL,XJL,jaguar,xjl,6:jaguar|xjl,base_model
36829,Subaru,Impreza Sport AWD,Impreza/Outback Sport,subaru,impreza,6:subaru|impreza,audited_alias
36830,Subaru,Impreza Sport AWD,Impreza/Outback Sport,subaru,impreza,6:subaru|impreza,audited_alias
36831,Subaru,XV Crosstrek AWD,Crosstrek,subaru,crosstrek,6:subaru|crosstrek,base_model
36832,Subaru,XV Crosstrek AWD,Crosstrek,subaru,crosstrek,6:subaru|crosstrek,base_model
36835,Roush Performance,Stage 3 Mustang,Mustang,roush performance,mustang,17:roush performance|mustang,audited_alias
36836,Roush Performance,Stage 3 Mustang,Mustang,roush performance,mustang,17:roush performance|mustang,audited_alias
36837,Fiat,500,500,fiat,500,4:fiat|500,audited_alias
36838,Fiat,500,500,fiat,500,4:fiat|500,audited_alias
36839,Fiat,500,500,fiat,500,4:fiat|500,audited_alias
36840,Fiat,500,500,fiat,500,4:fiat|500,audited_alias
36844,BMW,340i,3 Series,bmw,3 series,3:bmw|3 series,base_model
36853,Fiat,500 L,500 L,fiat,500,4:fiat|500,audited_alias
36854,Fiat,500 L,500 L,fiat,500,4:fiat|500,audited_alias
36856,Toyota,4Runner 2WD,4Runner,toyota,4runner,6:toyota|4runner,base_model
36864,Aston Martin,V8 Vantage,Vantage,aston martin,vantage,12:aston martin|vantage,audited_alias
36865,Aston Martin,V8 Vantage S,Vantage,aston martin,vantage,12:aston martin|vantage,audited_alias
36866,Aston Martin,Vantage GT,Vantage,aston martin,vantage,12:aston martin|vantage,audited_alias
36867,Aston Martin,V8 Vantage,Vantage,aston martin,vantage,12:aston martin|vantage,audited_alias
36868,Aston Martin,V8 Vantage S,Vantage,aston martin,vantage,12:aston martin|vantage,audited_alias
36869,Aston Martin,Vantage GT,Vantage,aston martin,vantage,12:aston martin|vantage,audited_alias
36870,Aston Martin,V12 Vantage S,Vantage,aston martin,vantage,12:aston martin|vantage,audited_alias
36871,McLaren Automotive,650S Coupe,650S Coupe,mclaren automotive,650s coupe,18:mclaren automotive|650s coupe,base_model
36872,McLaren Automotive,650S Spider,650S Spider,mclaren automotive,650s spider,18:mclaren automotive|650s spider,base_model
36873,McLaren Automotive,675LT Coupe,675LT Coupe,mclaren automotive,675lt coupe,18:mclaren automotive|675lt coupe,base_model
36874,Aston Martin,DB9,DB9,aston martin,db9,12:aston martin|db9,base_model
36875,Aston Martin,Vanquish,Vanquish,aston martin,vanquish,12:aston martin|vanquish,base_model
36876,Aston Martin,Rapide S,Rapide,aston martin,rapide,12:aston martin|rapide,base_model
36886,Roush Performance,Stage 3 Mustang,Mustang,roush performance,mustang,17:roush performance|mustang,audited_alias
36887,Roush Performance,Stage 3 Mustang,Mustang,roush performance,mustang,17:roush performance|mustang,audited_alias
36888,BMW,340i,3 Series,bmw,3 series,3:bmw|3 series,base_model
36889,Cadillac,ATS AWD,ATS,cadillac,ats,8:cadillac|ats,base_model
36891,Lexus,IS 200t,IS,lexus,is,5:lexus|is,base_model
36895,Rolls-Royce,Phantom Drophead Coupe,Phantom,rolls-royce,phantom,11:rolls-royce|phantom,base_model
36896,Rolls-Royce,Phantom Coupe,Phantom,rolls-royce,phantom,11:rolls-royce|phantom,base_model
36899,Cadillac,CTS Sedan AWD,CTS,cadillac,cts,8:cadillac|cts,base_model
36900,Rolls-Royce,Wraith,Wraith,rolls-royce,wraith,11:rolls-royce|wraith,base_model
36901,Scion,iM,iM,scion,im,5:scion|im,base_model
36902,Scion,iM,iM,scion,im,5:scion|im,base_model
36905,Rolls-Royce,Phantom,Phantom,rolls-royce,phantom,11:rolls-royce|phantom,base_model
36906,Rolls-Royce,Phantom EWB,Phantom,rolls-royce,phantom,11:rolls-royce|phantom,base_model
36907,Rolls-Royce,Ghost,Ghost,rolls-royce,ghost,11:rolls-royce|ghost,base_model
36908,Rolls-Royce,Ghost EWB,Ghost,rolls-royce,ghost,11:rolls-royce|ghost,base_model
36913,Mercedes-Benz,AMG G63,G-Class,mercedes-benz,g-class,13:mercedes-benz|g-class,base_model
36927,Jeep,Wrangler 4WD,Wrangler,jeep,wrangler,4:jeep|wrangler,base_model
36928,Jeep,Wrangler 4WD,Wrangler,jeep,wrangler,4:jeep|wrangler,base_model
36933,Lamborghini,Huracan,Huracan,lamborghini,huracan,11:lamborghini|huracan,base_model
36934,smart,fortwo coupe,fortwo,smart,fortwo,5:smart|fortwo,base_model
36935,smart,fortwo coupe,fortwo,smart,fortwo,5:smart|fortwo,base_model
36936,BMW,X1 xDrive28i,X1,bmw,x1,3:bmw|x1,base_model
36946,Ferrari,California T,California T,ferrari,california t,7:ferrari|california t,base_model
36947,Ferrari,California T,California T,ferrari,california t,7:ferrari|california t,base_model
36948,Acura,TLX 2WD,TLX,acura,tlx,5:acura|tlx,base_model
36949,Acura,TLX 2WD,TLX,acura,tlx,5:acura|tlx,base_model
36950,Acura,TLX 4WD,TLX,acura,tlx,5:acura|tlx,base_model
36951,Dodge,Challenger,Challenger,dodge,challenger,5:dodge|challenger,base_model
36952,Dodge,Challenger,Challenger,dodge,challenger,5:dodge|challenger,base_model
36953,Dodge,Challenger,Challenger,dodge,challenger,5:dodge|challenger,base_model
36954,Dodge,Challenger,Challenger,dodge,challenger,5:dodge|challenger,base_model
36955,Dodge,Challenger,Challenger,dodge,challenger,5:dodge|challenger,base_model
36956,Dodge,Challenger SRT8,Challenger,dodge,challenger,5:dodge|challenger,base_model
36957,Dodge,Challenger SRT8,Challenger,dodge,challenger,5:dodge|challenger,base_model
36958,Dodge,Challenger SRT8,Challenger,dodge,challenger,5:dodge|challenger,base_model
36959,Dodge,Challenger SRT8,Challenger,dodge,challenger,5:dodge|challenger,base_model
36960,Ferrari,FF,FF,ferrari,ff,7:ferrari|ff,base_model
36961,Ferrari,FF,FF,ferrari,ff,7:ferrari|ff,base_model
36964,Chrysler,300,300,chrysler,300,8:chrysler|300,base_model
36966,Chrysler,300,300,chrysler,300,8:chrysler|300,base_model
36967,Chrysler,300 AWD,300,chrysler,300,8:chrysler|300,base_model
36970,Dodge,Charger AWD,Charger,dodge,charger,5:dodge|charger,base_model
36994,Volvo,XC90 FWD,XC90,volvo,xc90,5:volvo|xc90,base_model
37002,Kia,Optima FE,Optima,kia,optima,3:kia|optima,base_model
37024,Honda,CR-V 4WD,CR-V,honda,cr-v,5:honda|cr-v,base_model
37027,Ferrari,F12,F12,ferrari,f12,7:ferrari|f12,base_model
37028,Ferrari,F12,F12,ferrari,f12,7:ferrari|f12,base_model
37030,Mercedes-Benz,CLA250 4matic,CLA-Class,mercedes-benz,cla-class,13:mercedes-benz|cla-class,base_model
37031,Mercedes-Benz,CLA250,CLA-Class,mercedes-benz,cla-class,13:mercedes-benz|cla-class,base_model
37032,Kia,Optima FE,Optima,kia,optima,3:kia|optima,base_model
37035,Nissan,Juke AWD,Juke,nissan,juke,6:nissan|juke,base_model
37059,Jeep,Renegade 4WD,Renegade,jeep,renegade,4:jeep|renegade,base_model
37060,Jeep,Renegade 4WD,Renegade,jeep,renegade,4:jeep|renegade,base_model
37069,Ferrari,488 GTB,488 GTB,ferrari,488 gtb,7:ferrari|488 gtb,base_model
37070,Ferrari,488 GTB,488 GTB,ferrari,488 gtb,7:ferrari|488 gtb,base_model
37071,McLaren Automotive,570S Coupe,570S Coupe,mclaren automotive,570s coupe,18:mclaren automotive|570s coupe,base_model
37074,Volkswagen,Jetta,Jetta,volkswagen,jetta,10:volkswagen|jetta,base_model
37078,Lexus,LS 460,LS,lexus,ls,5:lexus|ls,base_model
37079,Lexus,LS 460 AWD,LS,lexus,ls,5:lexus|ls,base_model
37084,Hyundai,Genesis RWD,Genesis,hyundai,genesis,7:hyundai|genesis,base_model
37099,Mitsubishi,Lancer,Lancer,mitsubishi,lancer,10:mitsubishi|lancer,base_model
37100,Mitsubishi,Lancer,Lancer,mitsubishi,lancer,10:mitsubishi|lancer,base_model
37101,Mitsubishi,Lancer,Lancer,mitsubishi,lancer,10:mitsubishi|lancer,base_model
37102,Mitsubishi,Lancer,Lancer,mitsubishi,lancer,10:mitsubishi|lancer,base_model
37113,Infiniti,Q70,Q70,infiniti,q70,8:infiniti|q70,base_model
37114,Infiniti,Q70 AWD,Q70,infiniti,q70,8:infiniti|q70,base_model
37116,Infiniti,Q70,Q70,infiniti,q70,8:infiniti|q70,base_model
37117,Infiniti,Q70 AWD,Q70,infiniti,q70,8:infiniti|q70,base_model
37123,Toyota,Highlander 2WD,Highlander,toyota,highlander,6:toyota|highlander,base_model
37124,Toyota,Highlander 2WD,Highlander,toyota,highlander,6:toyota|highlander,base_model
37133,Lexus,RC 300 AWD,RC,lexus,rc,5:lexus|rc,audited_alias
37136,Lexus,RC F,RC F,lexus,rc,5:lexus|rc,audited_alias
37141,Nissan,Altima SR,Altima,nissan,altima,6:nissan|altima,base_model
37144,Lexus,GS F,GS,lexus,gs,5:lexus|gs,base_model
37145,Mitsubishi,Lancer 4WD,Lancer,mitsubishi,lancer,10:mitsubishi|lancer,base_model
37150,Lexus,GS 350 AWD,GS,lexus,gs,5:lexus|gs,base_model
37152,Lexus,GS 350 F Sport,GS,lexus,gs,5:lexus|gs,base_model
37154,Nissan,Pathfinder 4WD,Pathfinder,nissan,pathfinder,6:nissan|pathfinder,base_model
37160,Mercedes-Benz,GLC300 4matic,GLC-Class,mercedes-benz,glc-class,13:mercedes-benz|glc-class,base_model
37175,Lincoln,MKS AWD,MKS,lincoln,mks,7:lincoln|mks,base_model
37176,Lincoln,MKS AWD,MKS,lincoln,mks,7:lincoln|mks,base_model
37183,Buick,Encore AWD,Encore,buick,encore,5:buick|encore,base_model
37187,Ford,Flex FWD,Flex,ford,flex,4:ford|flex,base_model
37192,Buick,Cascada,Cascada,buick,cascada,5:buick|cascada,base_model
37197,Volvo,V60 AWD,V60,volvo,v60,5:volvo|v60,base_model
37205,Volvo,XC60 AWD,XC60,volvo,xc60,5:volvo|xc60,base_model
37209,Jeep,Grand Cherokee 2WD,Grand Cherokee,jeep,grand cherokee,4:jeep|grand cherokee,base_model
37212,Jeep,Grand Cherokee SRT8 4WD,Grand Cherokee,jeep,grand cherokee,4:jeep|grand cherokee,base_model
37217,Hyundai,Santa Fe Sport FWD,Santa Fe,hyundai,santa fe,7:hyundai|santa fe,base_model
37218,Hyundai,Santa Fe Sport Ultimate FWD,Santa Fe,hyundai,santa fe,7:hyundai|santa fe,base_model
37229,Hyundai,Santa Fe Ultimate FWD,Santa Fe,hyundai,santa fe,7:hyundai|santa fe,base_model
37230,Hyundai,Santa Fe AWD,Santa Fe,hyundai,santa fe,7:hyundai|santa fe,base_model
37243,Hyundai,Santa Fe Sport FWD,Santa Fe,hyundai,santa fe,7:hyundai|santa fe,base_model
37245,MINI,Cooper Convertible,Cooper,mini,cooper,4:mini|cooper,base_model
37246,MINI,Cooper Convertible,Cooper,mini,cooper,4:mini|cooper,base_model
37247,MINI,Cooper S Convertible,Cooper,mini,cooper,4:mini|cooper,base_model
37256,Mitsubishi,Outlander Sport 2WD,Outlander,mitsubishi,outlander,10:mitsubishi|outlander,base_model
37257,Mitsubishi,Outlander Sport 2WD,Outlander,mitsubishi,outlander,10:mitsubishi|outlander,base_model
37258,Mitsubishi,Outlander Sport 2WD,Outlander,mitsubishi,outlander,10:mitsubishi|outlander,base_model
37265,Kia,Sportage AWD,Sportage,kia,sportage,3:kia|sportage,base_model
37270,Cadillac,XT5,XT5,cadillac,xt5,8:cadillac|xt5,base_model
37273,MINI,Cooper S Convertible,Cooper,mini,cooper,4:mini|cooper,base_model
37287,Rolls-Royce,Dawn,Dawn,rolls-royce,dawn,11:rolls-royce|dawn,base_model
37290,Mitsubishi,Mirage,Mirage,mitsubishi,mirage,10:mitsubishi|mirage,base_model
37291,Mitsubishi,Mirage,Mirage,mitsubishi,mirage,10:mitsubishi|mirage,base_model
37294,Ferrari,F60 America,F60 America,ferrari,f60 america,7:ferrari|f60 america,base_model
37295,Ferrari,F60 America,F60 America,ferrari,f60 america,7:ferrari|f60 america,base_model
37299,Audi,R8,R8,audi,r8,4:audi|r8,base_model
37301,Audi,A4 quattro,A4,audi,a4,4:audi|a4,base_model
37304,Subaru,WRX,WRX,subaru,wrx,6:subaru|wrx,base_model
37305,Subaru,WRX,WRX,subaru,wrx,6:subaru|wrx,base_model
37307,Acura,RDX FWD,RDX,acura,rdx,5:acura|rdx,base_model
37308,Acura,RDX AWD,RDX,acura,rdx,5:acura|rdx,base_model
37310,Lamborghini,Huracan Spyder,Huracan,lamborghini,huracan,11:lamborghini|huracan,base_model
37316,Jaguar,F-Type S Convertible,F-Type,jaguar,f-type,6:jaguar|f-type,base_model
37318,Jaguar,F-Type S AWD Convertible,F-Type,jaguar,f-type,6:jaguar|f-type,base_model
37322,Jaguar,F-Type S Convertible,F-Type,jaguar,f-type,6:jaguar|f-type,base_model
37325,MINI,John Cooper Works Convertible,John Cooper Works,mini,countryman,4:mini|countryman,audited_alias
37327,BMW,640i Convertible,6 Series,bmw,6 series,3:bmw|6 series,base_model
37328,BMW,640i xDrive Coupe,6 Series,bmw,6 series,3:bmw|6 series,base_model
37346,BMW,X4 M40i,X4,bmw,x4,3:bmw|x4,base_model
37349,Infiniti,Q50S Red Sport  AWD,Q50,infiniti,q50,8:infiniti|q50,base_model
37352,MINI,John Cooper Works Convertible,John Cooper Works,mini,countryman,4:mini|countryman,audited_alias
37376,Maserati,GranTurismo,GranTurismo,maserati,granturismo,8:maserati|granturismo,base_model
37377,Maserati,GranTurismo Convertible,GranTurismo,maserati,granturismo,8:maserati|granturismo,base_model
37378,Acura,ILX,ILX,acura,ilx,5:acura|ilx,base_model
37386,Lincoln,MKZ AWD,MKZ,lincoln,mkz,7:lincoln|mkz,base_model
37388,BMW,550i xDrive Gran Turismo,5 Series,bmw,5 series,3:bmw|5 series,base_model
37389,Genesis,G80 RWD,G80,genesis,g80,7:genesis|g80,base_model
37390,Genesis,G80 AWD,G80,genesis,g80,7:genesis|g80,base_model
37394,Jaguar,F-Pace,F-Pace,jaguar,f-pace,6:jaguar|f-pace,base_model
37405,GMC,Acadia FWD,Acadia,gmc,acadia,3:gmc|acadia,base_model
37406,GMC,Acadia FWD,Acadia,gmc,acadia,3:gmc|acadia,base_model
37417,Porsche,Cayenne S,Cayenne,porsche,cayenne,7:porsche|cayenne,base_model
37426,Porsche,911 Turbo S,911,porsche,911,7:porsche|911,base_model
37430,Subaru,Legacy AWD,Legacy/Outback,subaru,legacy,6:subaru|legacy,audited_alias
37435,Subaru,Outback AWD,Legacy/Outback,subaru,legacy,6:subaru|legacy,audited_alias
37439,Porsche,911 Carrera Cabriolet,911,porsche,911,7:porsche|911,base_model
37445,Porsche,911 Carrera 4S,911,porsche,911,7:porsche|911,base_model
37446,Porsche,911 Carrera 4S,911,porsche,911,7:porsche|911,base_model
37451,Subaru,Legacy AWD,Legacy/Outback,subaru,legacy,6:subaru|legacy,audited_alias
37456,Nissan,370Z Roadster,370Z,nissan,370z,6:nissan|370z,base_model
37457,Nissan,370Z Roadster,370Z,nissan,370z,6:nissan|370z,base_model
37458,Porsche,911 Carrera Cabriolet,911,porsche,911,7:porsche|911,base_model
37466,Subaru,Outback AWD,Legacy/Outback,subaru,legacy,6:subaru|legacy,audited_alias
37467,Volkswagen,Beetle Dune,Beetle,volkswagen,beetle,10:volkswagen|beetle,base_model
37469,Infiniti,Q50S AWD,Q50,infiniti,q50,8:infiniti|q50,base_model
37471,Lamborghini,Huracan,Huracan,lamborghini,huracan,11:lamborghini|huracan,base_model
37472,Lamborghini,Huracan 2WD,Huracan,lamborghini,huracan,11:lamborghini|huracan,base_model
37473,Lamborghini,Huracan Spyder,Huracan,lamborghini,huracan,11:lamborghini|huracan,base_model
37474,Lamborghini,Huracan Spyder 2WD,Huracan,lamborghini,huracan,11:lamborghini|huracan,base_model
37482,Jaguar,XE AWD,XE,jaguar,xe,6:jaguar|xe,base_model
37485,Rolls-Royce,Phantom Drophead Coupe,Phantom,rolls-royce,phantom,11:rolls-royce|phantom,base_model
37486,Rolls-Royce,Phantom Coupe,Phantom,rolls-royce,phantom,11:rolls-royce|phantom,base_model
37487,Buick,Regal,Regal,buick,regal,5:buick|regal,base_model
37488,Buick,Regal,Regal,buick,regal,5:buick|regal,base_model
37490,Jaguar,XF,XF,jaguar,xf,6:jaguar|xf,base_model
37493,Cadillac,XTS,XTS,cadillac,xts,8:cadillac|xts,base_model
37496,Genesis,G80 RWD,G80,genesis,g80,7:genesis|g80,base_model
37497,Rolls-Royce,Phantom,Phantom,rolls-royce,phantom,11:rolls-royce|phantom,base_model
37498,Rolls-Royce,Phantom EWB,Phantom,rolls-royce,phantom,11:rolls-royce|phantom,base_model
37502,GMC,Terrain FWD,Terrain,gmc,terrain,3:gmc|terrain,base_model
37503,GMC,Terrain FWD,Terrain,gmc,terrain,3:gmc|terrain,base_model
37520,Lincoln,Navigator 4WD,Navigator,lincoln,navigator,7:lincoln|navigator,base_model
37521,Lincoln,Navigator L 4WD,Navigator,lincoln,navigator,7:lincoln|navigator,base_model
37523,Mazda,CX-9 2WD,CX-9,mazda,cx-9,5:mazda|cx-9,base_model
37524,Land Rover,Range Rover Evoque Convertible,Range Rover,land rover,range rover,10:land rover|range rover,base_model
37525,Mazda,CX-9 4WD,CX-9,mazda,cx-9,5:mazda|cx-9,base_model
37527,Fiat,124 Spider,124 Spider,fiat,124 spider,4:fiat|124 spider,base_model
37528,Fiat,124 Spider,124 Spider,fiat,124 spider,4:fiat|124 spider,base_model
37533,Nissan,Maxima,Maxima,nissan,maxima,6:nissan|maxima,base_model
37535,Genesis,G90 AWD,G90,genesis,g90,7:genesis|g90,base_model
37536,Genesis,G90 RWD,G90,genesis,g90,7:genesis|g90,base_model
37537,Genesis,G90 AWD,G90,genesis,g90,7:genesis|g90,base_model
37538,Genesis,G90 RWD,G90,genesis,g90,7:genesis|g90,base_model
37539,Kia,K900,K900,kia,k900,3:kia|k900,base_model
37541,Hyundai,Tucson FWD,Tucson,hyundai,tucson,7:hyundai|tucson,base_model
37542,Hyundai,Tucson FWD,Tucson,hyundai,tucson,7:hyundai|tucson,base_model
37550,Volvo,S60 Inscription FWD,S60,volvo,s60,5:volvo|s60,base_model
37551,Volvo,S60 FWD,S60,volvo,s60,5:volvo|s60,base_model
37552,Volvo,S60 Inscription AWD,S60,volvo,s60,5:volvo|s60,base_model
37553,Volvo,S60 AWD,S60,volvo,s60,5:volvo|s60,base_model
37554,Volvo,S60 CC AWD,S60,volvo,s60,5:volvo|s60,base_model
37558,Volvo,S90 AWD,S90,volvo,s90,5:volvo|s90,base_model
37559,Kia,K900,K900,kia,k900,3:kia|k900,base_model
37560,Volvo,V60 FWD,V60,volvo,v60,5:volvo|v60,base_model
37565,Volvo,XC60 AWD,XC60,volvo,xc60,5:volvo|xc60,base_model
37566,Volvo,XC60 AWD,XC60,volvo,xc60,5:volvo|xc60,base_model
37567,Lamborghini,Aventador Coupe,Aventador,lamborghini,aventador,11:lamborghini|aventador,base_model
37568,Lamborghini,Aventador Roadster,Aventador,lamborghini,aventador,11:lamborghini|aventador,base_model
37569,Porsche,Boxster,Boxster,porsche,boxster,7:porsche|boxster,base_model
37570,Porsche,Boxster,Boxster,porsche,boxster,7:porsche|boxster,base_model
37586,Volvo,S60 AWD,S60,volvo,s60,5:volvo|s60,base_model
37591,Acura,MDX FWD,MDX,acura,mdx,5:acura|mdx,base_model
37593,Acura,MDX AWD,MDX,acura,mdx,5:acura|mdx,base_model
37594,Acura,MDX AWD,MDX,acura,mdx,5:acura|mdx,base_model
37599,Ford,Explorer AWD,Explorer,ford,explorer,4:ford|explorer,base_model
37604,Ferrari,488 GTB,488 GTB,ferrari,488 gtb,7:ferrari|488 gtb,base_model
37605,Ferrari,F12 tdf,F12 tdf,ferrari,f12 tdf,7:ferrari|f12 tdf,base_model
37607,Mercedes-Benz,SL450,SL-Class,mercedes-benz,sl-class,13:mercedes-benz|sl-class,base_model
37618,Cadillac,ATS,ATS,cadillac,ats,8:cadillac|ats,base_model
37627,Lincoln,MKZ AWD,MKZ,lincoln,mkz,7:lincoln|mkz,base_model
37629,Maserati,Ghibli V6 SQ4 AWD,Ghibli,maserati,ghibli,8:maserati|ghibli,base_model
37630,Maserati,Ghibli V6,Ghibli,maserati,ghibli,8:maserati|ghibli,base_model
37631,Maserati,Ghibli S RWD,Ghibli,maserati,ghibli,8:maserati|ghibli,base_model
37634,Maserati,Quattroporte GTS,Quattroporte,maserati,quattroporte,8:maserati|quattroporte,base_model
37635,Maserati,Quattroporte SQ4 V6,Quattroporte,maserati,quattroporte,8:maserati|quattroporte,base_model
37636,Maserati,Quattroporte S,Quattroporte,maserati,quattroporte,8:maserati|quattroporte,base_model
37637,Honda,Fit,Fit,honda,fit,5:honda|fit,base_model
37638,Honda,Fit,Fit,honda,fit,5:honda|fit,base_model
37639,Honda,Fit,Fit,honda,fit,5:honda|fit,base_model
37673,Land Rover,Discovery Sport,Discovery,land rover,discovery,10:land rover|discovery,base_model
37674,Land Rover,Range Rover Evoque,Range Rover,land rover,range rover,10:land rover|range rover,base_model
37675,Land Rover,Range Rover Evoque Convertible,Range Rover,land rover,range rover,10:land rover|range rover,base_model
37688,Cadillac,Escalade 4WD,Escalade,cadillac,escalade,8:cadillac|escalade,base_model
37694,GMC,Yukon K1500 4WD,Yukon,gmc,yukon,3:gmc|yukon,base_model
37696,GMC,Yukon K1500 4WD,Yukon,gmc,yukon,3:gmc|yukon,base_model
37699,Maserati,Levante S,Levante,maserati,levante,8:maserati|levante,base_model
37700,Maserati,Levante,Levante,maserati,levante,8:maserati|levante,base_model
37701,Porsche,Cayenne,Cayenne,porsche,cayenne,7:porsche|cayenne,base_model
37704,Ferrari,488 GTB,488 GTB,ferrari,488 gtb,7:ferrari|488 gtb,base_model
37705,Ferrari,F12 Berlinetta,F12 Berlinetta,ferrari,f12 berlinetta,7:ferrari|f12 berlinetta,base_model
37706,Ferrari,F12 tdf,F12 tdf,ferrari,f12 tdf,7:ferrari|f12 tdf,base_model
37709,Bentley,Continental GT Convertible,Continental GT Convertible,bentley,continental,7:bentley|continental,audited_alias
37710,Mercedes-Benz,E400 Coupe,E-Class,mercedes-benz,e-class,13:mercedes-benz|e-class,base_model
37713,Mercedes-Benz,E400 Convertible,E-Class,mercedes-benz,e-class,13:mercedes-benz|e-class,base_model
37715,Bentley,Continental GT,Continental,bentley,continental,7:bentley|continental,audited_alias
37720,Audi,RS 7,RS 7,audi,rs 7,4:audi|rs 7,base_model
37721,Bentley,Flying Spur,Flying Spur,bentley,flying spur,7:bentley|flying spur,base_model
37723,Ferrari,GTC4Lusso,GTC4Lusso,ferrari,gtc4lusso,7:ferrari|gtc4lusso,base_model
37729,Hyundai,Azera Limited,Azera,hyundai,azera,7:hyundai|azera,base_model
37730,Hyundai,Azera,Azera,hyundai,azera,7:hyundai|azera,base_model
37731,Jeep,Patriot FWD,Patriot,jeep,patriot,4:jeep|patriot,base_model
37756,Acura,TLX FWD,TLX,acura,tlx,5:acura|tlx,base_model
37757,Acura,TLX FWD,TLX,acura,tlx,5:acura|tlx,base_model
37758,Acura,TLX AWD,TLX,acura,tlx,5:acura|tlx,base_model
37765,Cadillac,ATS,ATS,cadillac,ats,8:cadillac|ats,base_model
37776,Cadillac,CT6 AWD,CT6,cadillac,ct6,8:cadillac|ct6,base_model
37778,Fiat,500 L,500 L,fiat,500,4:fiat|500,audited_alias
37785,Dodge,Journey,Journey,dodge,journey,5:dodge|journey,base_model
37787,Jeep,Patriot FWD,Patriot,jeep,patriot,4:jeep|patriot,base_model
37789,Audi,Q5,Q5,audi,q5,4:audi|q5,base_model
37802,Ferrari,F12 Berlinetta,F12 Berlinetta,ferrari,f12 berlinetta,7:ferrari|f12 berlinetta,base_model
37804,Mercedes-Benz,AMG SLC43,SLC-Class,mercedes-benz,slc-class,13:mercedes-benz|slc-class,base_model
37805,Ferrari,California T,California T,ferrari,california t,7:ferrari|california t,base_model
37806,Ferrari,California T,California T,ferrari,california t,7:ferrari|california t,base_model
37807,Fiat,500,500,fiat,500,4:fiat|500,audited_alias
37808,Fiat,500,500,fiat,500,4:fiat|500,audited_alias
37809,Fiat,500,500,fiat,500,4:fiat|500,audited_alias
37810,Fiat,500,500,fiat,500,4:fiat|500,audited_alias
37811,Fiat,500 Abarth,500,fiat,500,4:fiat|500,audited_alias
37812,Fiat,500 Abarth,500,fiat,500,4:fiat|500,audited_alias
37819,MINI,Cooper S Hardtop 4 door,Cooper,mini,cooper,4:mini|cooper,base_model
37820,MINI,Cooper S Hardtop 4 door,Cooper,mini,cooper,4:mini|cooper,base_model
37823,Audi,Q3,Q3,audi,q3,4:audi|q3,base_model
37838,Jeep,Cherokee FWD,Cherokee,jeep,cherokee,4:jeep|cherokee,base_model
37841,Jeep,Patriot FWD,Patriot,jeep,patriot,4:jeep|patriot,base_model
37843,Jeep,Patriot FWD,Patriot,jeep,patriot,4:jeep|patriot,base_model
37844,Jeep,Cherokee FWD,Cherokee,jeep,cherokee,4:jeep|cherokee,base_model
37846,Infiniti,QX70 AWD,QX70,infiniti,qx70,8:infiniti|qx70,base_model
37851,Jeep,Cherokee 4WD Active Drive II,Cherokee,jeep,cherokee,4:jeep|cherokee,base_model
37854,Porsche,Macan,Macan,porsche,macan,7:porsche|macan,base_model
37873,smart,fortwo cabriolet,fortwo,smart,fortwo,5:smart|fortwo,base_model
37874,smart,fortwo cabriolet,fortwo,smart,fortwo,5:smart|fortwo,base_model
37881,BMW,430i xDrive Convertible,4 Series,bmw,4 series,3:bmw|4 series,base_model
37886,Audi,Q3 quattro,Q3,audi,q3,4:audi|q3,base_model
37892,BMW,340i,3 Series,bmw,3 series,3:bmw|3 series,base_model
37898,Cadillac,ATS,ATS,cadillac,ats,8:cadillac|ats,base_model
37899,Cadillac,ATS,ATS,cadillac,ats,8:cadillac|ats,base_model
37908,Chevrolet,Cruze Premier,Cruze,chevrolet,cruze,9:chevrolet|cruze,base_model
37914,Rolls-Royce,Dawn,Dawn,rolls-royce,dawn,11:rolls-royce|dawn,base_model
37917,Volkswagen,Jetta,Jetta,volkswagen,jetta,10:volkswagen|jetta,base_model
37918,Volkswagen,Jetta,Jetta,volkswagen,jetta,10:volkswagen|jetta,base_model
37921,Buick,LaCrosse,LaCrosse,buick,lacrosse,5:buick|lacrosse,base_model
37922,Buick,LaCrosse AWD,LaCrosse,buick,lacrosse,5:buick|lacrosse,base_model
37923,Buick,Regal AWD,Regal,buick,regal,5:buick|regal,base_model
37927,Cadillac,CTS-V,CTS,cadillac,cts,8:cadillac|cts,base_model
37929,Rolls-Royce,Wraith,Wraith,rolls-royce,wraith,11:rolls-royce|wraith,base_model
37933,BMW,750i,7 Series,bmw,7 series,3:bmw|7 series,base_model
37937,Rolls-Royce,Ghost,Ghost,rolls-royce,ghost,11:rolls-royce|ghost,base_model
37938,Rolls-Royce,Ghost EWB,Ghost,rolls-royce,ghost,11:rolls-royce|ghost,base_model
37940,Chevrolet,Sonic 5,Sonic,chevrolet,sonic,9:chevrolet|sonic,base_model
37941,Chevrolet,Sonic 5,Sonic,chevrolet,sonic,9:chevrolet|sonic,base_model
37942,Chevrolet,Sonic 5,Sonic,chevrolet,sonic,9:chevrolet|sonic,base_model
37943,Chevrolet,Sonic 5,Sonic,chevrolet,sonic,9:chevrolet|sonic,base_model
37945,Buick,Encore,Encore,buick,encore,5:buick|encore,base_model
37947,Buick,Encore AWD,Encore,buick,encore,5:buick|encore,base_model
37948,Chevrolet,Trax AWD,Trax,chevrolet,trax,9:chevrolet|trax,base_model
37950,Bentley,Bentayga,Bentayga,bentley,bentayga,7:bentley|bentayga,base_model
37955,Ferrari,488 Spider,488 Spider,ferrari,488 spider,7:ferrari|488 spider,base_model
37956,Ferrari,488 Spider,488 Spider,ferrari,488 spider,7:ferrari|488 spider,base_model
37957,Mercedes-Benz,AMG GT S,AMG GT,mercedes-benz,amg gt,13:mercedes-benz|amg gt,base_model
37962,Infiniti,Q60,Q60,infiniti,q60,8:infiniti|q60,base_model
37963,Infiniti,Q60S Red Sport,Q60,infiniti,q60,8:infiniti|q60,base_model
37964,Infiniti,Q60,Q60,infiniti,q60,8:infiniti|q60,base_model
37974,Volkswagen,Jetta,Jetta,volkswagen,jetta,10:volkswagen|jetta,base_model
37975,Volkswagen,Jetta,Jetta,volkswagen,jetta,10:volkswagen|jetta,base_model
37976,Volkswagen,Jetta,Jetta,volkswagen,jetta,10:volkswagen|jetta,base_model
37978,Volkswagen,Golf,Golf/GTI,volkswagen,golf/gti,10:volkswagen|golf/gti,base_model
38003,Ferrari,488 Spider,488 Spider,ferrari,488 spider,7:ferrari|488 spider,base_model
38004,Ferrari,488 Spider,488 Spider,ferrari,488 spider,7:ferrari|488 spider,base_model
38014,BMW,340i,3 Series,bmw,3 series,3:bmw|3 series,base_model
38020,BMW,440i xDrive Gran Coupe,4 Series,bmw,4 series,3:bmw|4 series,base_model
38023,Mazda,2,2,mazda,2,5:mazda|2,base_model
38024,Mazda,2,2,mazda,2,5:mazda|2,base_model
38027,Mercedes-Benz,CLS550 4matic,CLS-Class,mercedes-benz,cls-class,13:mercedes-benz|cls-class,base_model
38030,Bentley,Mulsanne,Mulsanne,bentley,mulsanne,7:bentley|mulsanne,base_model
38039,Lincoln,Continental  FWD,Continental,lincoln,continental,7:lincoln|continental,base_model
38040,Lincoln,Continental  FWD,Continental,lincoln,continental,7:lincoln|continental,base_model
38041,Lincoln,Continental  AWD,Continental,lincoln,continental,7:lincoln|continental,base_model
38048,Mercedes-Benz,AMG SL65,SL-Class,mercedes-benz,sl-class,13:mercedes-benz|sl-class,base_model
38050,Bentley,Continental GT Convertible,Continental GT Convertible,bentley,continental,7:bentley|continental,audited_alias
38052,Bentley,Continental GT,Continental,bentley,continental,7:bentley|continental,audited_alias
38054,Infiniti,QX30 AWD,QX30,infiniti,qx30,8:infiniti|qx30,base_model
38060,Bentley,Flying Spur,Flying Spur,bentley,flying spur,7:bentley|flying spur,base_model
38069,Volvo,V60 Polestar AWD,V60,volvo,v60,5:volvo|v60,base_model
38079,Nissan,Armada 4WD,Armada,nissan,armada,6:nissan|armada,base_model
38082,Lotus,Evora,Evora,lotus,evora,5:lotus|evora,base_model
38083,Lotus,Evora,Evora,lotus,evora,5:lotus|evora,base_model
38084,Buick,Cascada,Cascada,buick,cascada,5:buick|cascada,base_model
38098,Chrysler,200,200,chrysler,200,8:chrysler|200,base_model
38103,Infiniti,Q50S Red Sport,Q50,infiniti,q50,8:infiniti|q50,base_model
38105,Infiniti,Q50S Red Sport  AWD,Q50,infiniti,q50,8:infiniti|q50,base_model
38114,Kia,Forte 5,Forte,kia,forte,3:kia|forte,base_model
38115,Kia,Forte 5,Forte,kia,forte,3:kia|forte,base_model
38116,Kia,Forte 5,Forte,kia,forte,3:kia|forte,base_model
38129,Buick,Encore,Encore,buick,encore,5:buick|encore,base_model
38130,Lexus,RX 350,RX,lexus,rx,5:lexus|rx,base_model
38131,Buick,Encore AWD,Encore,buick,encore,5:buick|encore,base_model
38134,Aston Martin,V12 Vantage S,Vantage,aston martin,vantage,12:aston martin|vantage,audited_alias
38135,Aston Martin,V12 Vantage S,Vantage,aston martin,vantage,12:aston martin|vantage,audited_alias
38136,McLaren Automotive,570S Coupe,570S Coupe,mclaren automotive,570s coupe,18:mclaren automotive|570s coupe,base_model
38137,McLaren Automotive,570GT,570GT,mclaren automotive,570gt,18:mclaren automotive|570gt,base_model
38138,Aston Martin,Vanquish S Zagato,Vanquish,aston martin,vanquish,12:aston martin|vanquish,base_model
38139,Aston Martin,Rapide S,Rapide,aston martin,rapide,12:aston martin|rapide,base_model
38147,Mitsubishi,Lancer 4WD,Lancer,mitsubishi,lancer,10:mitsubishi|lancer,base_model
38148,Volkswagen,CC 4motion,CC,volkswagen,cc,10:volkswagen|cc,base_model
38152,Toyota,Corolla,Corolla,toyota,corolla,6:toyota|corolla,base_model
38153,Toyota,Corolla,Corolla,toyota,corolla,6:toyota|corolla,base_model
38154,Toyota,Corolla,Corolla,toyota,corolla,6:toyota|corolla,base_model
38158,Honda,HR-V FWD,HR-V,honda,hr-v,5:honda|hr-v,base_model
38159,Honda,HR-V FWD,HR-V,honda,hr-v,5:honda|hr-v,base_model
38160,Honda,HR-V FWD,HR-V,honda,hr-v,5:honda|hr-v,base_model
38163,Nissan,Pathfinder 2WD,Pathfinder,nissan,pathfinder,6:nissan|pathfinder,base_model
38175,Mazda,MX-5,MX-5,mazda,mx-5,5:mazda|mx-5,base_model
38183,Fiat,500 X AWD,500 X,fiat,500 x,4:fiat|500 x,base_model
38188,Lexus,RC 300 AWD,RC,lexus,rc,5:lexus|rc,audited_alias
38189,Lexus,RC 350,RC,lexus,rc,5:lexus|rc,audited_alias
38193,Roush Performance,Stage 3 Mustang,Mustang,roush performance,mustang,17:roush performance|mustang,audited_alias
38194,Roush Performance,Stage 3 Mustang,Mustang,roush performance,mustang,17:roush performance|mustang,audited_alias
38203,Lexus,GS 350 F Sport,GS,lexus,gs,5:lexus|gs,base_model
38205,Lexus,GS 200t F Sport,GS,lexus,gs,5:lexus|gs,base_model
38210,Kia,Optima FE,Optima,kia,optima,3:kia|optima,base_model
38219,Infiniti,QX60 AWD,QX60,infiniti,qx60,8:infiniti|qx60,base_model
38220,Jeep,Wrangler 4WD,Wrangler,jeep,wrangler,4:jeep|wrangler,base_model
38221,Jeep,Wrangler 4WD,Wrangler,jeep,wrangler,4:jeep|wrangler,base_model
38224,Infiniti,QX80 2WD,QX80,infiniti,qx80,8:infiniti|qx80,base_model
38231,Audi,A3,A3,audi,a3,4:audi|a3,base_model
38234,Volkswagen,Beetle Convertible,Beetle,volkswagen,beetle,10:volkswagen|beetle,base_model
38244,Bentley,Mulsanne EWB,Mulsanne,bentley,mulsanne,7:bentley|mulsanne,base_model
38259,Volkswagen,Golf Alltrack,Golf/GTI,volkswagen,golf/gti,10:volkswagen|golf/gti,base_model
38283,Mitsubishi,Outlander Sport 2WD,Outlander,mitsubishi,outlander,10:mitsubishi|outlander,base_model
38284,Jeep,Cherokee 4WD Active Drive II,Cherokee,jeep,cherokee,4:jeep|cherokee,base_model
38286,Lexus,NX 200t AWD F Sport,NX,lexus,nx,5:lexus|nx,base_model
38288,Mitsubishi,Outlander 4WD,Outlander,mitsubishi,outlander,10:mitsubishi|outlander,base_model
38289,Mitsubishi,Outlander 4WD,Outlander,mitsubishi,outlander,10:mitsubishi|outlander,base_model
38290,Mitsubishi,Outlander Sport 4WD,Outlander,mitsubishi,outlander,10:mitsubishi|outlander,base_model
38310,Mazda,3 4-Door,3,mazda,3,5:mazda|3,base_model
38311,Mazda,3 4-Door,3,mazda,3,5:mazda|3,base_model
38312,Mazda,3 4-Door,3,mazda,3,5:mazda|3,base_model
38313,Mazda,3 4-Door,3,mazda,3,5:mazda|3,base_model
38314,Mazda,3 4-Door,3,mazda,3,5:mazda|3,base_model
38316,Dodge,Challenger,Challenger,dodge,challenger,5:dodge|challenger,base_model
38318,Dodge,Challenger,Challenger,dodge,challenger,5:dodge|challenger,base_model
38319,Dodge,Challenger,Challenger,dodge,challenger,5:dodge|challenger,base_model
38320,Dodge,Challenger,Challenger,dodge,challenger,5:dodge|challenger,base_model
38321,Dodge,Challenger SRT,Challenger,dodge,challenger,5:dodge|challenger,base_model
38322,Dodge,Challenger SRT,Challenger,dodge,challenger,5:dodge|challenger,base_model
38323,Dodge,Challenger SRT,Challenger,dodge,challenger,5:dodge|challenger,base_model
38329,Subaru,Impreza 4-Door,Impreza/Outback Sport,subaru,impreza,6:subaru|impreza,audited_alias
38331,Chrysler,300,300,chrysler,300,8:chrysler|300,base_model
38332,Chrysler,300 AWD,300,chrysler,300,8:chrysler|300,base_model
38333,Chrysler,300,300,chrysler,300,8:chrysler|300,base_model
38334,Dodge,Charger,Charger,dodge,charger,5:dodge|charger,base_model
38340,Nissan,Juke,Juke,nissan,juke,6:nissan|juke,base_model
38341,Nissan,Juke,Juke,nissan,juke,6:nissan|juke,base_model
38343,Nissan,Juke Nismo RS,Juke,nissan,juke,6:nissan|juke,base_model
38345,Subaru,Impreza 5-Door,Impreza/Outback Sport,subaru,impreza,6:subaru|impreza,audited_alias
38346,Subaru,Impreza Sport 5-Door,Impreza/Outback Sport,subaru,impreza,6:subaru|impreza,audited_alias
38353,Jaguar,XJ,XJ,jaguar,xj,6:jaguar|xj,base_model
38354,Jaguar,XJL,XJL,jaguar,xjl,6:jaguar|xjl,base_model
38355,Jaguar,XJ,XJ,jaguar,xj,6:jaguar|xj,base_model
38358,Jaguar,XJL,XJL,jaguar,xjl,6:jaguar|xjl,base_model
38370,Alfa Romeo,Giulia,Giulia,alfa romeo,giulia,10:alfa romeo|giulia,base_model
38372,Infiniti,Q70 AWD,Q70,infiniti,q70,8:infiniti|q70,base_model
38375,Infiniti,Q70 AWD,Q70,infiniti,q70,8:infiniti|q70,base_model
38396,Lincoln,MKX FWD,MKX,lincoln,mkx,7:lincoln|mkx,base_model
38397,Lincoln,MKX FWD,MKX,lincoln,mkx,7:lincoln|mkx,base_model
38407,Alfa Romeo,4C,4C,alfa romeo,4c,10:alfa romeo|4c,base_model
38408,Lamborghini,Aventador Roadster LP740-4,Aventador,lamborghini,aventador,11:lamborghini|aventador,base_model
38409,Lamborghini,Aventador Coupe LP740-4,Aventador,lamborghini,aventador,11:lamborghini|aventador,base_model
38410,Dodge,Challenger,Challenger,dodge,challenger,5:dodge|challenger,base_model
38411,Dodge,Challenger SRT,Challenger,dodge,challenger,5:dodge|challenger,base_model
38422,Lincoln,MKT AWD,MKT,lincoln,mkt,7:lincoln|mkt,base_model
38440,Porsche,911 Targa 4 GTS,911,porsche,911,7:porsche|911,base_model
38441,Porsche,911 Targa 4 GTS,911,porsche,911,7:porsche|911,base_model
38450,Honda,Pilot AWD,Pilot,honda,pilot,5:honda|pilot,base_model
38451,Honda,Pilot AWD,Pilot,honda,pilot,5:honda|pilot,base_model
38455,Land Rover,Range Rover,Range Rover,land rover,range rover,10:land rover|range rover,base_model
38456,Land Rover,Range Rover LWB,Range Rover,land rover,range rover,10:land rover|range rover,base_model
38457,Land Rover,Range Rover Sport,Range Rover,land rover,range rover,10:land rover|range rover,base_model
38458,Mercedes-Benz,G550,G-Class,mercedes-benz,g-class,13:mercedes-benz|g-class,base_model
38461,smart,fortwo coupe,fortwo,smart,fortwo,5:smart|fortwo,base_model
38462,smart,fortwo coupe,fortwo,smart,fortwo,5:smart|fortwo,base_model
38467,Audi,A4 quattro,A4,audi,a4,4:audi|a4,base_model
38489,Mazda,CX-9 4WD,CX-9,mazda,cx-9,5:mazda|cx-9,base_model
38501,MINI,Cooper Countryman All4,Countryman,mini,countryman,4:mini|countryman,audited_alias
38503,Land Rover,Range Rover,Range Rover,land rover,range rover,10:land rover|range rover,base_model
38504,Land Rover,Range Rover Sport,Range Rover,land rover,range rover,10:land rover|range rover,base_model
38515,Alfa Romeo,Giulia,Giulia,alfa romeo,giulia,10:alfa romeo|giulia,base_model
38516,Alfa Romeo,Giulia AWD,Giulia,alfa romeo,giulia,10:alfa romeo|giulia,base_model
38521,Volkswagen,Golf Alltrack,Golf/GTI,volkswagen,golf/gti,10:volkswagen|golf/gti,base_model
38538,Subaru,Impreza 4-Door,Impreza/Outback Sport,subaru,impreza,6:subaru|impreza,audited_alias
38540,Subaru,Impreza 5-Door,Impreza/Outback Sport,subaru,impreza,6:subaru|impreza,audited_alias
38541,Subaru,Impreza Sport 5-Door,Impreza/Outback Sport,subaru,impreza,6:subaru|impreza,audited_alias
38547,Mitsubishi,Outlander Sport 2WD,Outlander,mitsubishi,outlander,10:mitsubishi|outlander,base_model
38548,Mitsubishi,Outlander Sport 4WD,Outlander,mitsubishi,outlander,10:mitsubishi|outlander,base_model
38555,MINI,Cooper S Countryman,Countryman,mini,countryman,4:mini|countryman,audited_alias
38559,MINI,Cooper Countryman,Countryman,mini,countryman,4:mini|countryman,audited_alias
38560,MINI,Cooper Countryman,Countryman,mini,countryman,4:mini|countryman,audited_alias
38561,MINI,Cooper Countryman All4,Countryman,mini,countryman,4:mini|countryman,audited_alias
38571,Audi,A5 quattro,A5,audi,a5,4:audi|a5,base_model
38574,Subaru,WRX,WRX,subaru,wrx,6:subaru|wrx,base_model
38575,Subaru,WRX,WRX,subaru,wrx,6:subaru|wrx,base_model
38577,Genesis,G80 AWD,G80,genesis,g80,7:genesis|g80,base_model
38578,Genesis,G80 RWD,G80,genesis,g80,7:genesis|g80,base_model
38580,Audi,A5 quattro,A5,audi,a5,4:audi|a5,base_model
38585,Genesis,G80 AWD,G80,genesis,g80,7:genesis|g80,base_model
38586,Genesis,G80 RWD,G80,genesis,g80,7:genesis|g80,base_model
38592,Bentley,Bentayga,Bentayga,bentley,bentayga,7:bentley|bentayga,base_model
38615,BMW,430i Gran Coupe,4 Series,bmw,4 series,3:bmw|4 series,base_model
38629,BMW,M6 Gran Coupe,M,bmw,8 series,3:bmw|8 series,audited_alias
38630,BMW,M6 Gran Coupe,M,bmw,8 series,3:bmw|8 series,audited_alias
38641,Subaru,WRX,WRX,subaru,wrx,6:subaru|wrx,base_model
38646,Subaru,Forester AWD,Forester,subaru,forester,6:subaru|forester,base_model
38649,Nissan,Rogue Sport AWD,Rogue,nissan,rogue,6:nissan|rogue,audited_alias
38653,Jaguar,F-Type S AWD Coupe,F-Type,jaguar,f-type,6:jaguar|f-type,base_model
38666,Hyundai,Santa Fe Sport AWD,Santa Fe,hyundai,santa fe,7:hyundai|santa fe,base_model
38668,Ferrari,488 GTB,488 GTB,ferrari,488 gtb,7:ferrari|488 gtb,base_model
38669,Ferrari,488 GTB,488 GTB,ferrari,488 gtb,7:ferrari|488 gtb,base_model
38670,Ferrari,488 Spider,488 Spider,ferrari,488 spider,7:ferrari|488 spider,base_model
38671,Ferrari,488 Spider,488 Spider,ferrari,488 spider,7:ferrari|488 spider,base_model
38674,Ferrari,GTC4Lusso,GTC4Lusso,ferrari,gtc4lusso,7:ferrari|gtc4lusso,base_model
38675,Ferrari,California T,California T,ferrari,california t,7:ferrari|california t,base_model
38676,Ferrari,California T,California T,ferrari,california t,7:ferrari|california t,base_model
38682,Hyundai,Elantra SE,Elantra,hyundai,elantra,7:hyundai|elantra,base_model
38683,Genesis,G80 AWD,G80,genesis,g80,7:genesis|g80,base_model
38684,Genesis,G80 RWD,G80,genesis,g80,7:genesis|g80,base_model
38691,GMC,Terrain AWD,Terrain,gmc,terrain,3:gmc|terrain,base_model
38692,Hyundai,Santa Fe Sport AWD,Santa Fe,hyundai,santa fe,7:hyundai|santa fe,base_model
38693,Kia,Sorento AWD,Sorento,kia,sorento,3:kia|sorento,base_model
38694,Subaru,Crosstrek AWD,Crosstrek,subaru,crosstrek,6:subaru|crosstrek,base_model
38695,Subaru,Crosstrek AWD,Crosstrek,subaru,crosstrek,6:subaru|crosstrek,base_model
38700,Ferrari,812 Superfast,812 Superfast,ferrari,812 superfast,7:ferrari|812 superfast,base_model
38701,Ferrari,GTC4Lusso T,GTC4Lusso,ferrari,gtc4lusso,7:ferrari|gtc4lusso,base_model
38702,Infiniti,QX30,QX30,infiniti,qx30,8:infiniti|qx30,base_model
38703,Infiniti,QX30 AWD,QX30,infiniti,qx30,8:infiniti|qx30,base_model
38704,Cadillac,CTS,CTS,cadillac,cts,8:cadillac|cts,base_model
38706,Kia,Optima,Optima,kia,optima,3:kia|optima,base_model
38714,Land Rover,Discovery,Discovery,land rover,discovery,10:land rover|discovery,base_model
38722,Kia,Sportage FWD,Sportage,kia,sportage,3:kia|sportage,base_model
38723,Volkswagen,Atlas,Atlas,volkswagen,atlas,10:volkswagen|atlas,base_model
38724,Alfa Romeo,Stelvio AWD,Stelvio,alfa romeo,stelvio,10:alfa romeo|stelvio,base_model
38726,Kia,Sorento AWD,Sorento,kia,sorento,3:kia|sorento,base_model
38732,Maserati,GranTurismo,GranTurismo,maserati,granturismo,8:maserati|granturismo,base_model
38733,Maserati,GranTurismo Convertible,GranTurismo,maserati,granturismo,8:maserati|granturismo,base_model
38737,Maserati,Ghibli V6 SQ4 AWD,Ghibli,maserati,ghibli,8:maserati|ghibli,base_model
38738,Maserati,Ghibli  V6 RWD,Ghibli,maserati,ghibli,8:maserati|ghibli,base_model
38739,Maserati,Ghibli  S RWD,Ghibli,maserati,ghibli,8:maserati|ghibli,base_model
38741,Maserati,Quattroporte SQ4 V6,Quattroporte,maserati,quattroporte,8:maserati|quattroporte,base_model
38742,Maserati,Quattroporte S,Quattroporte,maserati,quattroporte,8:maserati|quattroporte,base_model
38744,Hyundai,Santa Fe FWD,Santa Fe,hyundai,santa fe,7:hyundai|santa fe,base_model
38747,Kia,Sportage FWD,Sportage,kia,sportage,3:kia|sportage,base_model
38751,Kia,Sorento AWD,Sorento,kia,sorento,3:kia|sorento,base_model
38752,Maserati,Levante S,Levante,maserati,levante,8:maserati|levante,base_model
38753,Maserati,Levante,Levante,maserati,levante,8:maserati|levante,base_model
38758,Acura,TLX FWD A-SPEC,TLX,acura,tlx,5:acura|tlx,base_model
38761,Volvo,S60 Polestar AWD,S60,volvo,s60,5:volvo|s60,base_model
38763,Volvo,V60 Polestar AWD,V60,volvo,v60,5:volvo|v60,base_model
38766,Acura,RDX FWD,RDX,acura,rdx,5:acura|rdx,base_model
38769,Mercedes-Benz,GLA250 4matic,GLA-Class,mercedes-benz,gla-class,13:mercedes-benz|gla-class,base_model
38783,Volvo,S60 Inscription AWD,S60,volvo,s60,5:volvo|s60,base_model
38788,Volvo,S90 FWD,S90,volvo,s90,5:volvo|s90,base_model
38794,Volvo,V60 AWD,V60,volvo,v60,5:volvo|v60,base_model
38796,Volvo,V60 AWD,V60,volvo,v60,5:volvo|v60,base_model
38806,Volvo,XC60 AWD,XC60,volvo,xc60,5:volvo|xc60,base_model
38808,Volvo,XC90 FWD,XC90,volvo,xc90,5:volvo|xc90,base_model
38809,Audi,Q7,Q7,audi,q7,4:audi|q7,base_model
38826,Genesis,G90 AWD,G90,genesis,g90,7:genesis|g90,base_model
38827,Genesis,G90 RWD,G90,genesis,g90,7:genesis|g90,base_model
38828,Genesis,G90 AWD,G90,genesis,g90,7:genesis|g90,base_model
38829,Genesis,G90 RWD,G90,genesis,g90,7:genesis|g90,base_model
38841,Lamborghini,Aventador S Coupe,Aventador,lamborghini,aventador,11:lamborghini|aventador,base_model
38842,Lamborghini,Aventador Coupe,Aventador,lamborghini,aventador,11:lamborghini|aventador,base_model
38843,Lamborghini,Aventador S Roadster,Aventador,lamborghini,aventador,11:lamborghini|aventador,base_model
38844,Lamborghini,Aventador Roadster,Aventador,lamborghini,aventador,11:lamborghini|aventador,base_model
38856,Subaru,Outback AWD,Outback,subaru,legacy,6:subaru|legacy,audited_alias
38857,Subaru,Outback AWD,Outback,subaru,legacy,6:subaru|legacy,audited_alias
38866,Mazda,3 4-Door,3,mazda,3,5:mazda|3,base_model
38867,Mazda,3 4-Door,3,mazda,3,5:mazda|3,base_model
38868,Mazda,3 4-Door,3,mazda,3,5:mazda|3,base_model
38873,Mazda,3 5-Door,3,mazda,3,5:mazda|3,base_model
38874,Mazda,3 5-Door,3,mazda,3,5:mazda|3,base_model
38875,Mazda,3 5-Door,3,mazda,3,5:mazda|3,base_model
38876,Subaru,Impreza 4-Door,Impreza,subaru,impreza,6:subaru|impreza,audited_alias
38877,Subaru,Impreza 4-Door,Impreza,subaru,impreza,6:subaru|impreza,audited_alias
38880,Toyota,Camry,Camry,toyota,camry,6:toyota|camry,base_model
38881,Toyota,Camry,Camry,toyota,camry,6:toyota|camry,base_model
38890,Subaru,Impreza 5-Door,Impreza,subaru,impreza,6:subaru|impreza,audited_alias
38891,Subaru,Impreza 5-Door,Impreza,subaru,impreza,6:subaru|impreza,audited_alias
38894,Jeep,Compass FWD,Compass,jeep,compass,4:jeep|compass,base_model
38895,Jeep,Compass FWD,Compass,jeep,compass,4:jeep|compass,base_model
38899,Bugatti,Chiron,Chiron,bugatti,chiron,7:bugatti|chiron,base_model
38907,Cadillac,ATS-V,ATS-V,cadillac,ats-v,8:cadillac|ats-v,base_model
38912,Volkswagen,Golf R,Golf/GTI,volkswagen,golf/gti,10:volkswagen|golf/gti,base_model
38915,Audi,A7 quattro,A7,audi,a7,4:audi|a7,base_model
38919,Cadillac,CTS,CTS,cadillac,cts,8:cadillac|cts,base_model
38920,Cadillac,ATS,ATS,cadillac,ats,8:cadillac|ats,base_model
38921,Cadillac,CTS,CTS,cadillac,cts,8:cadillac|cts,base_model
38923,Cadillac,ATS,ATS,cadillac,ats,8:cadillac|ats,base_model
38928,Infiniti,Q50 AWD,Q50,infiniti,q50,8:infiniti|q50,base_model
38929,Infiniti,Q50 Red Sport,Q50,infiniti,q50,8:infiniti|q50,base_model
38932,Infiniti,Q50 AWD,Q50,infiniti,q50,8:infiniti|q50,base_model
38959,Audi,Q7,Q7,audi,q7,4:audi|q7,base_model
38960,Chevrolet,Traverse AWD,Traverse,chevrolet,traverse,9:chevrolet|traverse,base_model
38966,Audi,RS 3,RS 3,audi,rs,4:audi|rs,audited_alias
38967,Bentley,Continental Supersports Convertible,Continental Supersports Convertible,bentley,continental supersports convertible,7:bentley|continental supersports convertible,base_model
38968,Bentley,Continental Supersports,Continental Supersports,bentley,continental supersports,7:bentley|continental supersports,base_model
38978,Honda,Fit,Fit,honda,fit,5:honda|fit,base_model
38979,Honda,Fit,Fit,honda,fit,5:honda|fit,base_model
38980,Honda,Fit,Fit,honda,fit,5:honda|fit,base_model
38999,Buick,Encore AWD,Encore,buick,encore,5:buick|encore,base_model
39003,Cadillac,Escalade 2WD,Escalade,cadillac,escalade,8:cadillac|escalade,base_model
39008,GMC,Yukon C1500 2WD,Yukon,gmc,yukon,3:gmc|yukon,base_model
39009,GMC,Yukon C1500 XL 2WD,Yukon,gmc,yukon,3:gmc|yukon,base_model
39011,GMC,Yukon C1500 XL 2WD,Yukon,gmc,yukon,3:gmc|yukon,base_model
39015,Cadillac,Escalade 4WD,Escalade,cadillac,escalade,8:cadillac|escalade,base_model
39016,Chevrolet,Tahoe K1500 4WD,Tahoe,chevrolet,tahoe,9:chevrolet|tahoe,base_model
39017,Chevrolet,Tahoe K1500 4WD,Tahoe,chevrolet,tahoe,9:chevrolet|tahoe,base_model
39028,Mercedes-Benz,AMG GLE63 S Coupe,GLE-Class,mercedes-benz,gle-class,13:mercedes-benz|gle-class,base_model
39029,Mercedes-Benz,GLE350 4matic,GLE-Class,mercedes-benz,gle-class,13:mercedes-benz|gle-class,base_model
39031,Audi,TT Roadster quattro,TT Roadster,audi,tt,4:audi|tt,audited_alias
39034,Audi,A3 quattro,A3,audi,a3,4:audi|a3,base_model
39035,MINI,Cooper Hardtop 2 door,Cooper,mini,cooper,4:mini|cooper,base_model
39038,Volkswagen,Jetta,Jetta,volkswagen,jetta,10:volkswagen|jetta,base_model
39039,Volkswagen,Jetta,Jetta,volkswagen,jetta,10:volkswagen|jetta,base_model
39050,Chrysler,300,300,chrysler,300,8:chrysler|300,base_model
39052,Chrysler,300,300,chrysler,300,8:chrysler|300,base_model
39053,Chrysler,300 AWD,300,chrysler,300,8:chrysler|300,base_model
39055,Dodge,Charger,Charger,dodge,charger,5:dodge|charger,base_model
39057,Dodge,Charger,Charger,dodge,charger,5:dodge|charger,base_model
39058,Dodge,Charger,Charger,dodge,charger,5:dodge|charger,base_model
39059,Dodge,Charger SRT,Charger,dodge,charger,5:dodge|charger,base_model
39060,Dodge,Charger SRT,Charger,dodge,charger,5:dodge|charger,base_model
39061,Dodge,Charger AWD,Charger,dodge,charger,5:dodge|charger,base_model
39066,Fiat,500 L,500 L,fiat,500,4:fiat|500,audited_alias
39091,GMC,Terrain AWD,Terrain,gmc,terrain,3:gmc|terrain,base_model
39092,Jeep,Cherokee 4WD,Cherokee,jeep,cherokee,4:jeep|cherokee,base_model
39094,Jeep,Cherokee 4WD,Cherokee,jeep,cherokee,4:jeep|cherokee,base_model
39109,MINI,Cooper S Convertible,Cooper,mini,cooper,4:mini|cooper,base_model
39110,MINI,Cooper S Convertible,Cooper,mini,cooper,4:mini|cooper,base_model
39114,BMW,230i Convertible,2 Series,bmw,2 series,3:bmw|2 series,base_model
39122,BMW,M2,M,bmw,8 series,3:bmw|8 series,audited_alias
39123,BMW,M2,M,bmw,8 series,3:bmw|8 series,audited_alias
39124,MINI,Cooper Hardtop 2 door,Cooper,mini,cooper,4:mini|cooper,base_model
39126,MINI,Cooper S Hardtop 2 door,Cooper,mini,cooper,4:mini|cooper,base_model
39127,MINI,Cooper S Hardtop 2 door,Cooper,mini,cooper,4:mini|cooper,base_model
39133,BMW,330i xDrive,3 Series,bmw,3 series,3:bmw|3 series,base_model
39149,Mitsubishi,Mirage,Mirage,mitsubishi,mirage,10:mitsubishi|mirage,base_model
39150,Mitsubishi,Mirage,Mirage,mitsubishi,mirage,10:mitsubishi|mirage,base_model
39151,Mitsubishi,Mirage G4,Mirage,mitsubishi,mirage,10:mitsubishi|mirage,base_model
39152,Mitsubishi,Mirage G4,Mirage,mitsubishi,mirage,10:mitsubishi|mirage,base_model
39167,MINI,Cooper Countryman All4,Countryman,mini,countryman,4:mini|countryman,audited_alias
39168,MINI,Cooper Countryman All4,Countryman,mini,countryman,4:mini|countryman,audited_alias
39169,MINI,Cooper S Clubman,Clubman,mini,clubman,4:mini|clubman,base_model
39170,MINI,Cooper S Clubman,Clubman,mini,clubman,4:mini|clubman,base_model
39171,MINI,Cooper S Countryman,Countryman,mini,countryman,4:mini|countryman,audited_alias
39174,MINI,Cooper S Clubman All4,Clubman,mini,clubman,4:mini|clubman,base_model
39175,MINI,Cooper S Clubman All4,Clubman,mini,clubman,4:mini|clubman,base_model
39179,BMW,340i xDrive Gran Turismo,3 Series,bmw,3 series,3:bmw|3 series,base_model
39183,Mazda,CX-9 2WD,CX-9,mazda,cx-9,5:mazda|cx-9,base_model
39186,Nissan,Armada 2WD,Armada,nissan,armada,6:nissan|armada,base_model
39187,Dodge,Durango SRT AWD,Durango,dodge,durango,5:dodge|durango,base_model
39207,Porsche,911 Targa 4,911,porsche,911,7:porsche|911,base_model
39228,Volkswagen,Jetta,Jetta,volkswagen,jetta,10:volkswagen|jetta,base_model
39229,Volkswagen,Jetta,Jetta,volkswagen,jetta,10:volkswagen|jetta,base_model
39271,Alfa Romeo,4C,4C,alfa romeo,4c,10:alfa romeo|4c,base_model
39278,Porsche,911 Targa 4,911,porsche,911,7:porsche|911,base_model
39287,Alfa Romeo,Giulia,Giulia,alfa romeo,giulia,10:alfa romeo|giulia,base_model
39288,Alfa Romeo,Giulia,Giulia,alfa romeo,giulia,10:alfa romeo|giulia,base_model
39289,Alfa Romeo,Giulia AWD,Giulia,alfa romeo,giulia,10:alfa romeo|giulia,base_model
39291,Buick,LaCrosse AWD,LaCrosse,buick,lacrosse,5:buick|lacrosse,base_model
39293,Buick,LaCrosse,LaCrosse,buick,lacrosse,5:buick|lacrosse,base_model
39302,Mercedes-Benz,S560 4matic,S-Class,mercedes-benz,s-class,13:mercedes-benz|s-class,base_model
39305,Porsche,Panamera Turbo Executive,Panamera,porsche,panamera,7:porsche|panamera,base_model
39330,Kia,Rio,Rio,kia,rio,3:kia|rio,base_model
39331,Kia,Rio,Rio,kia,rio,3:kia|rio,base_model
39352,Porsche,Panamera,Panamera,porsche,panamera,7:porsche|panamera,base_model
39370,Porsche,Macan GTS,Macan,porsche,macan,7:porsche|macan,base_model
39371,Toyota,RAV4 AWD,RAV4,toyota,rav4,6:toyota|rav4,base_model
39376,Porsche,Cayenne S,Cayenne,porsche,cayenne,7:porsche|cayenne,base_model
39389,Cadillac,ATS-V,ATS-V,cadillac,ats-v,8:cadillac|ats-v,base_model
39394,Audi,S7,S7,audi,s7,4:audi|s7,base_model
39396,Bentley,Flying Spur,Flying Spur,bentley,flying spur,7:bentley|flying spur,base_model
39400,Lincoln,Continental  FWD,Continental,lincoln,continental,7:lincoln|continental,base_model
39401,Lincoln,Continental  FWD,Continental,lincoln,continental,7:lincoln|continental,base_model
39414,Chevrolet,Spark,Spark,chevrolet,spark,9:chevrolet|spark,base_model
39416,Chevrolet,Spark,Spark,chevrolet,spark,9:chevrolet|spark,base_model
39420,Toyota,Yaris iA,Yaris,toyota,yaris,6:toyota|yaris,base_model
39421,Toyota,Yaris iA,Yaris,toyota,yaris,6:toyota|yaris,base_model
39426,Rolls-Royce,Dawn,Dawn,rolls-royce,dawn,11:rolls-royce|dawn,base_model
39428,Bentley,Mulsanne,Mulsanne,bentley,mulsanne,7:bentley|mulsanne,base_model
39430,Lincoln,MKZ AWD,MKZ,lincoln,mkz,7:lincoln|mkz,base_model
39432,Lincoln,MKZ AWD,MKZ,lincoln,mkz,7:lincoln|mkz,base_model
39434,Rolls-Royce,Wraith,Wraith,rolls-royce,wraith,11:rolls-royce|wraith,base_model
39440,Mercedes-Benz,S450 4matic,S-Class,mercedes-benz,s-class,13:mercedes-benz|s-class,base_model
39441,Rolls-Royce,Phantom,Phantom,rolls-royce,phantom,11:rolls-royce|phantom,base_model
39442,Rolls-Royce,Phantom EWB,Phantom,rolls-royce,phantom,11:rolls-royce|phantom,base_model
39443,Rolls-Royce,Ghost,Ghost,rolls-royce,ghost,11:rolls-royce|ghost,base_model
39444,Rolls-Royce,Ghost EWB,Ghost,rolls-royce,ghost,11:rolls-royce|ghost,base_model
39460,Buick,Envision FWD,Envision,buick,envision,5:buick|envision,base_model
39462,Chevrolet,Trax,Trax,chevrolet,trax,9:chevrolet|trax,base_model
39468,Volkswagen,Atlas,Atlas,volkswagen,atlas,10:volkswagen|atlas,base_model
39476,Buick,Enclave FWD,Enclave,buick,enclave,5:buick|enclave,base_model
39479,BMW,X5 M,X5,bmw,x5,3:bmw|x5,base_model
39482,Buick,Enclave AWD,Enclave,buick,enclave,5:buick|enclave,base_model
39484,Fiat,124 Spider,124 Spider,fiat,124 spider,4:fiat|124 spider,base_model
39485,Fiat,124 Spider,124 Spider,fiat,124 spider,4:fiat|124 spider,base_model
39487,Porsche,911 GT3,911,porsche,911,7:porsche|911,base_model
39493,Aston Martin,Rapide S,Rapide,aston martin,rapide,12:aston martin|rapide,base_model
39497,Infiniti,Q60 AWD,Q60,infiniti,q60,8:infiniti|q60,base_model
39499,Infiniti,Q60 AWD,Q60,infiniti,q60,8:infiniti|q60,base_model
39500,Hyundai,Accent,Accent,hyundai,accent,7:hyundai|accent,base_model
39501,Hyundai,Accent,Accent,hyundai,accent,7:hyundai|accent,base_model
39503,Nissan,Altima,Altima,nissan,altima,6:nissan|altima,base_model
39504,Nissan,Altima,Altima,nissan,altima,6:nissan|altima,base_model
39508,Buick,Regal TourX AWD,Regal,buick,regal,5:buick|regal,base_model
39518,Buick,Envision AWD,Envision,buick,envision,5:buick|envision,base_model
39519,Nissan,Pathfinder 4WD,Pathfinder,nissan,pathfinder,6:nissan|pathfinder,base_model
39521,BMW,X5 xDrive50i,X5,bmw,x5,3:bmw|x5,base_model
39523,Jeep,Grand Cherokee TrackHawk 4WD,Grand Cherokee,jeep,grand cherokee,4:jeep|grand cherokee,base_model
39527,Aston Martin,DB11 V12,DB11,aston martin,db11,12:aston martin|db11,base_model
39528,Audi,R8 AWD,R8,audi,r8,4:audi|r8,base_model
39532,Lamborghini,Huracan,Huracan,lamborghini,huracan,11:lamborghini|huracan,base_model
39533,Lamborghini,Huracan Spyder,Huracan,lamborghini,huracan,11:lamborghini|huracan,base_model
39534,Lamborghini,Huracan 2WD,Huracan,lamborghini,huracan,11:lamborghini|huracan,base_model
39535,Lamborghini,Huracan Spyder 2WD,Huracan,lamborghini,huracan,11:lamborghini|huracan,base_model
39536,Porsche,911 GT3,911,porsche,911,7:porsche|911,base_model
39537,Aston Martin,Vanquish S Zagato,Vanquish,aston martin,vanquish,12:aston martin|vanquish,base_model
39538,Audi,RS 5,RS 5,audi,rs,4:audi|rs,audited_alias
39541,Acura,MDX FWD,MDX,acura,mdx,5:acura|mdx,base_model
39542,Acura,MDX FWD,MDX,acura,mdx,5:acura|mdx,base_model
39546,Lincoln,MKX FWD,MKX,lincoln,mkx,7:lincoln|mkx,base_model
39547,Lincoln,MKX FWD,MKX,lincoln,mkx,7:lincoln|mkx,base_model
39548,Acura,MDX AWD,MDX,acura,mdx,5:acura|mdx,base_model
39549,Acura,MDX AWD,MDX,acura,mdx,5:acura|mdx,base_model
39550,Ford,Edge AWD,Edge,ford,edge,4:ford|edge,base_model
39551,Ford,Edge AWD,Edge,ford,edge,4:ford|edge,base_model
39552,Ford,Edge AWD,Edge,ford,edge,4:ford|edge,base_model
39553,Lincoln,MKX AWD,MKX,lincoln,mkx,7:lincoln|mkx,base_model
39554,Lincoln,MKX AWD,MKX,lincoln,mkx,7:lincoln|mkx,base_model
39557,Acura,ILX,ILX,acura,ilx,5:acura|ilx,base_model
39563,Mazda,2,2,mazda,2,5:mazda|2,base_model
39569,Honda,Civic Si 4Dr,Civic,honda,civic,5:honda|civic,base_model
39572,Lexus,GS 300,GS,lexus,gs,5:lexus|gs,base_model
39573,Lexus,GS 300 F Sport,GS,lexus,gs,5:lexus|gs,base_model
39576,Honda,Civic 5Dr - Type R,Civic,honda,civic,5:honda|civic,base_model
39577,Volkswagen,Golf Alltrack,Golf/GTI,volkswagen,golf/gti,10:volkswagen|golf/gti,base_model
39580,Buick,Envision AWD,Envision,buick,envision,5:buick|envision,base_model
39581,Infiniti,QX60 AWD,QX60,infiniti,qx60,8:infiniti|qx60,base_model
39588,Lexus,NX 300 AWD F Sport,NX,lexus,nx,5:lexus|nx,base_model
39590,Bentley,Continental GT Convertible,Continental GT Convertible,bentley,continental,7:bentley|continental,audited_alias
39591,Bentley,Continental Supersports Convertible,Continental Supersports Convertible,bentley,continental supersports convertible,7:bentley|continental supersports convertible,base_model
39592,Bentley,Flying Spur,Flying Spur,bentley,flying spur,7:bentley|flying spur,base_model
39612,Nissan,Maxima,Maxima,nissan,maxima,6:nissan|maxima,base_model
39624,Honda,CR-V FWD,CR-V,honda,cr-v,5:honda|cr-v,base_model
39625,Honda,CR-V FWD,CR-V,honda,cr-v,5:honda|cr-v,base_model
39626,Toyota,Highlander,Highlander,toyota,highlander,6:toyota|highlander,base_model
39628,Honda,CR-V AWD,CR-V,honda,cr-v,5:honda|cr-v,base_model
39629,Honda,CR-V AWD,CR-V,honda,cr-v,5:honda|cr-v,base_model
39630,Hyundai,Tucson AWD,Tucson,hyundai,tucson,7:hyundai|tucson,base_model
39631,Hyundai,Tucson AWD,Tucson,hyundai,tucson,7:hyundai|tucson,base_model
39632,Land Rover,Range Rover Evoque Convertible,Range Rover,land rover,range rover,10:land rover|range rover,base_model
39633,Land Rover,Range Rover Evoque (286 Hp),Range Rover,land rover,range rover,10:land rover|range rover,base_model
39636,Lincoln,Navigator 2WD,Navigator,lincoln,navigator,7:lincoln|navigator,base_model
39639,Lincoln,Navigator 4WD,Navigator,lincoln,navigator,7:lincoln|navigator,base_model
39653,Lexus,IS 300,IS,lexus,is,5:lexus|is,base_model
39656,Nissan,Sentra,Sentra,nissan,sentra,6:nissan|sentra,base_model
39657,Nissan,Sentra,Sentra,nissan,sentra,6:nissan|sentra,base_model
39658,Nissan,Sentra,Sentra,nissan,sentra,6:nissan|sentra,base_model
39660,Nissan,Sentra,Sentra,nissan,sentra,6:nissan|sentra,base_model
39672,Fiat,500 X,500 X,fiat,500 x,4:fiat|500 x,base_model
39677,Mitsubishi,Outlander Sport 2WD,Outlander,mitsubishi,outlander,10:mitsubishi|outlander,base_model
39678,Mitsubishi,Outlander Sport 2WD,Outlander,mitsubishi,outlander,10:mitsubishi|outlander,base_model
39679,Mitsubishi,Outlander Sport 2WD,Outlander,mitsubishi,outlander,10:mitsubishi|outlander,base_model
39684,Fiat,500 X AWD,500 X,fiat,500 x,4:fiat|500 x,base_model
39685,Jeep,New Wrangler Unlimited 4WD,Wrangler,jeep,wrangler,4:jeep|wrangler,base_model
39697,Ford,Explorer AWD,Explorer,ford,explorer,4:ford|explorer,base_model
39698,Ford,Explorer AWD,Explorer,ford,explorer,4:ford|explorer,base_model
39699,Ford,Explorer AWD,Explorer,ford,explorer,4:ford|explorer,base_model
39708,Jaguar,XE AWD (296 Hp),XE,jaguar,xe,6:jaguar|xe,base_model
39709,Lexus,GS F,GS,lexus,gs,5:lexus|gs,base_model
39710,Lexus,IS 300 AWD,IS,lexus,is,5:lexus|is,base_model
39720,Jaguar,XJ,XJ,jaguar,xj,6:jaguar|xj,base_model
39722,Jaguar,XJ,XJ,jaguar,xj,6:jaguar|xj,base_model
39730,Toyota,Highlander,Highlander,toyota,highlander,6:toyota|highlander,base_model
39732,Hyundai,Tucson AWD,Tucson,hyundai,tucson,7:hyundai|tucson,base_model
39736,Lincoln,Navigator L 2WD,Navigator,lincoln,navigator,7:lincoln|navigator,base_model
39737,Porsche,Cayenne Turbo,Cayenne,porsche,cayenne,7:porsche|cayenne,base_model
39745,Jaguar,XE (296 Hp),XE,jaguar,xe,6:jaguar|xe,base_model
39748,Jaguar,E-Pace (296 Hp),E-Pace,jaguar,e-pace,6:jaguar|e-pace,base_model
39754,Honda,Accord,Accord,honda,accord,5:honda|accord,base_model
39772,Jaguar,XF Sportbrake AWD,XF,jaguar,xf,6:jaguar|xf,base_model
39774,Nissan,Murano AWD,Murano,nissan,murano,6:nissan|murano,base_model
39776,Jeep,Renegade 2WD,Renegade,jeep,renegade,4:jeep|renegade,base_model
39777,Mazda,CX-5 2WD,CX-5,mazda,cx-5,5:mazda|cx-5,base_model
39778,Jaguar,E-Pace,E-Pace,jaguar,e-pace,6:jaguar|e-pace,base_model
39779,Jeep,Renegade 4WD,Renegade,jeep,renegade,4:jeep|renegade,base_model
39780,Jeep,Renegade 4WD,Renegade,jeep,renegade,4:jeep|renegade,base_model
39797,Infiniti,QX80 2WD,QX80,infiniti,qx80,8:infiniti|qx80,base_model
39798,Infiniti,QX80 4WD,QX80,infiniti,qx80,8:infiniti|qx80,base_model
39804,Jeep,Renegade 2WD,Renegade,jeep,renegade,4:jeep|renegade,base_model
39807,Land Rover,Range Rover,Range Rover,land rover,range rover,10:land rover|range rover,base_model
39809,Land Rover,Discovery,Discovery,land rover,discovery,10:land rover|discovery,base_model
39811,Koenigsegg,Agera RS,Agera RS,koenigsegg,agera rs,10:koenigsegg|agera rs,base_model
39812,Pagani,Huayra,Huayra,pagani,huayra,6:pagani|huayra,base_model
39815,Lexus,RC F,RC,lexus,rc,5:lexus|rc,audited_alias
39822,Kia,Optima S,Optima,kia,optima,3:kia|optima,base_model
39825,Lexus,RX 350,RX,lexus,rx,5:lexus|rx,base_model
39828,Lexus,RX 350 AWD,RX,lexus,rx,5:lexus|rx,base_model
39844,Jaguar,XF (296 Hp),XF,jaguar,xf,6:jaguar|xf,base_model
39848,Lexus,RX 350 L,RX,lexus,rx,5:lexus|rx,base_model
39849,Land Rover,Range Rover Evoque,Range Rover,land rover,range rover,10:land rover|range rover,base_model
39851,Land Rover,Discovery Sport (286 Hp),Discovery,land rover,discovery,10:land rover|discovery,base_model
39862,Jeep,Cherokee 4WD,Cherokee,jeep,cherokee,4:jeep|cherokee,base_model
39883,Infiniti,QX50,QX50,infiniti,qx50,8:infiniti|qx50,base_model
39903,Land Rover,Range Rover,Range Rover,land rover,range rover,10:land rover|range rover,base_model
39904,Land Rover,Range Rover LWB,Range Rover,land rover,range rover,10:land rover|range rover,base_model
39905,Land Rover,Range Rover SVA,Range Rover,land rover,range rover,10:land rover|range rover,base_model
39906,Land Rover,Range Rover LWB SVA,Range Rover,land rover,range rover,10:land rover|range rover,base_model
39908,Land Rover,Range Rover Sport SVR,Range Rover,land rover,range rover,10:land rover|range rover,base_model
39909,Genesis,G70 AWD,G70,genesis,g70,7:genesis|g70,base_model
39911,Genesis,G70 AWD,G70,genesis,g70,7:genesis|g70,base_model
39914,Buick,Envision AWD,Envision,buick,envision,5:buick|envision,base_model
39922,Mitsubishi,Eclipse Cross ES 2WD,Eclipse Cross,mitsubishi,eclipse cross,10:mitsubishi|eclipse cross,base_model
39931,Volvo,XC40 AWD,XC40,volvo,xc40,5:volvo|xc40,base_model
39933,Volkswagen,Golf Alltrack,Golf/GTI,volkswagen,golf/gti,10:volkswagen|golf/gti,base_model
39935,Alfa Romeo,Stelvio AWD,Stelvio,alfa romeo,stelvio,10:alfa romeo|stelvio,base_model
39936,Hyundai,Veloster,Veloster,hyundai,veloster,7:hyundai|veloster,base_model
39942,Buick,Envision FWD,Envision,buick,envision,5:buick|envision,base_model
39943,Buick,Envision AWD,Envision,buick,envision,5:buick|envision,base_model
39950,Acura,TLX FWD A-SPEC,TLX,acura,tlx,5:acura|tlx,base_model
39951,Acura,TLX FWD A-SPEC,TLX,acura,tlx,5:acura|tlx,base_model
39954,Fiat,500,500,fiat,500,4:fiat|500,audited_alias
39955,Fiat,500,500,fiat,500,4:fiat|500,audited_alias
39956,Fiat,500 Abarth,500,fiat,500,4:fiat|500,audited_alias
39957,Fiat,500 Abarth,500,fiat,500,4:fiat|500,audited_alias
39963,MINI,Cooper Convertible,Cooper,mini,cooper,4:mini|cooper,base_model
39964,MINI,Cooper Convertible,Cooper,mini,cooper,4:mini|cooper,base_model
39969,BMW,430i Convertible,4 Series,bmw,4 series,3:bmw|4 series,base_model
39979,MINI,Cooper S Hardtop 4 door,Cooper,mini,cooper,4:mini|cooper,base_model
39980,MINI,Cooper S Hardtop 4 door,Cooper,mini,cooper,4:mini|cooper,base_model
39983,Acura,TLX FWD,TLX,acura,tlx,5:acura|tlx,base_model
39984,Acura,TLX FWD,TLX,acura,tlx,5:acura|tlx,base_model
40005,Infiniti,Q70 AWD,Q70,infiniti,q70,8:infiniti|q70,base_model
40007,Infiniti,Q70 AWD,Q70,infiniti,q70,8:infiniti|q70,base_model
40008,MINI,Cooper Clubman,Clubman,mini,clubman,4:mini|clubman,base_model
40009,MINI,Cooper Clubman,Clubman,mini,clubman,4:mini|clubman,base_model
40010,MINI,Cooper Countryman,Countryman,mini,countryman,4:mini|countryman,audited_alias
40011,MINI,Cooper Countryman,Countryman,mini,countryman,4:mini|countryman,audited_alias
40012,MINI,Cooper Clubman All4,Clubman,mini,clubman,4:mini|clubman,base_model
40013,MINI,Cooper Clubman All4,Clubman,mini,clubman,4:mini|clubman,base_model
40025,MINI,JCW Countryman All4,John Cooper Works,mini,countryman,4:mini|countryman,audited_alias
40032,Genesis,G90 AWD,G90,genesis,g90,7:genesis|g90,base_model
40034,Genesis,G90 AWD,G90,genesis,g90,7:genesis|g90,base_model
40040,Mercedes-Benz,AMG GLC63 4matic Coupe,GLC-Class,mercedes-benz,glc-class,13:mercedes-benz|glc-class,base_model
40048,Jaguar,XE AWD,XE,jaguar,xe,6:jaguar|xe,base_model
40051,Jaguar,F-Pace,F-Pace,jaguar,f-pace,6:jaguar|f-pace,base_model
40058,MINI,JCW Countryman All4,John Cooper Works,mini,countryman,4:mini|countryman,audited_alias
40059,Genesis,G80 AWD,G80,genesis,g80,7:genesis|g80,base_model
40060,Genesis,G80 RWD,G80,genesis,g80,7:genesis|g80,base_model
40061,Genesis,G80 AWD,G80,genesis,g80,7:genesis|g80,base_model
40062,Genesis,G80 AWD,G80,genesis,g80,7:genesis|g80,base_model
40063,Genesis,G80 RWD,G80,genesis,g80,7:genesis|g80,base_model
40067,Ferrari,488 GTB,488 GTB,ferrari,488 gtb,7:ferrari|488 gtb,base_model
40068,Ferrari,488 Spider,488 Spider,ferrari,488 spider,7:ferrari|488 spider,base_model
40069,Ferrari,812 Superfast,812 Superfast,ferrari,812 superfast,7:ferrari|812 superfast,base_model
40070,Ferrari,GTC4Lusso,GTC4Lusso,ferrari,gtc4lusso,7:ferrari|gtc4lusso,base_model
40071,Ferrari,GTC4Lusso T,GTC4Lusso,ferrari,gtc4lusso,7:ferrari|gtc4lusso,base_model
40072,Ferrari,Portofino,Portofino,ferrari,portofino,7:ferrari|portofino,base_model
40073,Mazda,CX-3 2WD,CX-3,mazda,cx-3,5:mazda|cx-3,base_model
40074,Mazda,CX-3 4WD,CX-3,mazda,cx-3,5:mazda|cx-3,base_model
40076,Honda,Fit,Fit,honda,fit,5:honda|fit,base_model
40077,Honda,Fit,Fit,honda,fit,5:honda|fit,base_model
40081,Ferrari,488 GTB,488 GTB,ferrari,488 gtb,7:ferrari|488 gtb,base_model
40082,Ferrari,488 Spider,488 Spider,ferrari,488 spider,7:ferrari|488 spider,base_model
40083,Ferrari,488 Pista Spider,488 Pista Spider,ferrari,488 pista spider,7:ferrari|488 pista spider,base_model
40088,Toyota,Avalon XLE,Avalon,toyota,avalon,6:toyota|avalon,base_model
40106,Genesis,G80 RWD,G80,genesis,g80,7:genesis|g80,base_model
40110,Lincoln,MKC FWD,MKC,lincoln,mkc,7:lincoln|mkc,base_model
40117,Ferrari,488 Pista,488 Pista,ferrari,488 pista,7:ferrari|488 pista,base_model
40118,Porsche,Boxster,Boxster,porsche,boxster,7:porsche|boxster,base_model
40119,Porsche,Boxster,Boxster,porsche,boxster,7:porsche|boxster,base_model
40120,Porsche,Boxster S,Boxster,porsche,boxster,7:porsche|boxster,base_model
40127,Porsche,911 Carrera 4,911,porsche,911,7:porsche|911,base_model
40132,Porsche,911 Targa 4,911,porsche,911,7:porsche|911,base_model
40133,Porsche,911 Targa 4,911,porsche,911,7:porsche|911,base_model
40151,Subaru,Crosstrek AWD,Crosstrek,subaru,crosstrek,6:subaru|crosstrek,base_model
40153,Lincoln,MKT FWD,MKT,lincoln,mkt,7:lincoln|mkt,base_model
40156,Lincoln,MKT AWD,MKT,lincoln,mkt,7:lincoln|mkt,base_model
40158,Aston Martin,Vantage V8,Vantage,aston martin,vantage,12:aston martin|vantage,audited_alias
40161,Nissan,370Z Roadster,370Z,nissan,370z,6:nissan|370z,base_model
40164,Porsche,Boxster S,Boxster,porsche,boxster,7:porsche|boxster,base_model
40171,Aston Martin,DB11 V12,DB11,aston martin,db11,12:aston martin|db11,base_model
40172,Aston Martin,DB11 V8,DB11,aston martin,db11,12:aston martin|db11,base_model
40175,Porsche,911 Carrera 4,911,porsche,911,7:porsche|911,base_model
40184,Lexus,RC F,RC,lexus,rc,5:lexus|rc,audited_alias
40186,Jaguar,XE AWD,XE,jaguar,xe,6:jaguar|xe,base_model
40191,Subaru,Impreza Sport 4-Door,Impreza,subaru,impreza,6:subaru|impreza,audited_alias
40192,Subaru,Impreza Sport 4-Door,Impreza,subaru,impreza,6:subaru|impreza,audited_alias
40195,Cadillac,XTS AWD,XTS,cadillac,xts,8:cadillac|xts,base_model
40196,Cadillac,XTS AWD,XTS,cadillac,xts,8:cadillac|xts,base_model
40207,Subaru,Impreza Sport 5-Door,Impreza,subaru,impreza,6:subaru|impreza,audited_alias
40208,Subaru,Impreza Sport 5-Door,Impreza,subaru,impreza,6:subaru|impreza,audited_alias
40209,Jaguar,XF Sportbrake AWD,XF,jaguar,xf,6:jaguar|xf,base_model
40214,Jaguar,F-Pace,F-Pace,jaguar,f-pace,6:jaguar|f-pace,base_model
40216,Subaru,Crosstrek AWD,Crosstrek,subaru,crosstrek,6:subaru|crosstrek,base_model
40217,Aston Martin,DB11 V12,DB11,aston martin,db11,12:aston martin|db11,base_model
40218,Aston Martin,DB11 V8,DB11,aston martin,db11,12:aston martin|db11,base_model
40227,Fiat,124 Spider,124 Spider,fiat,124 spider,4:fiat|124 spider,base_model
40228,Fiat,124 Spider,124 Spider,fiat,124 spider,4:fiat|124 spider,base_model
40229,Buick,Cascada,Cascada,buick,cascada,5:buick|cascada,base_model
40230,Chevrolet,Spark,Spark,chevrolet,spark,9:chevrolet|spark,base_model
40231,Chevrolet,Spark,Spark,chevrolet,spark,9:chevrolet|spark,base_model
40235,Volvo,S60 FWD,S60,volvo,s60,5:volvo|s60,base_model
40253,Volvo,V60 FWD,V60,volvo,v60,5:volvo|v60,base_model
40254,Volvo,V60 AWD,V60,volvo,v60,5:volvo|v60,base_model
40255,Volvo,V90 FWD,V90,volvo,v90,5:volvo|v90,base_model
40262,Acura,RDX FWD,RDX,acura,rdx,5:acura|rdx,base_model
40272,Lexus,NX 300,NX,lexus,nx,5:lexus|nx,base_model
40273,Volvo,XC60 FWD,XC60,volvo,xc60,5:volvo|xc60,base_model
40274,Volvo,XC40 FWD,XC40,volvo,xc40,5:volvo|xc40,base_model
40275,Acura,RDX AWD,RDX,acura,rdx,5:acura|rdx,base_model
40277,Buick,Encore AWD,Encore,buick,encore,5:buick|encore,base_model
40290,Volvo,XC60 AWD,XC60,volvo,xc60,5:volvo|xc60,base_model
40303,Buick,Enclave AWD,Enclave,buick,enclave,5:buick|enclave,base_model
40318,GMC,Acadia AWD,Acadia,gmc,acadia,3:gmc|acadia,base_model
40333,Toyota,Corolla Hatchback,Corolla,toyota,corolla,6:toyota|corolla,base_model
40334,Toyota,Corolla Hatchback,Corolla,toyota,corolla,6:toyota|corolla,base_model
40336,Kia,Optima,Optima,kia,optima,3:kia|optima,base_model
40337,Kia,Optima,Optima,kia,optima,3:kia|optima,base_model
40338,Kia,Optima,Optima,kia,optima,3:kia|optima,base_model
40341,Volvo,XC60 AWD,XC60,volvo,xc60,5:volvo|xc60,base_model
40343,GMC,Acadia AWD,Acadia,gmc,acadia,3:gmc|acadia,base_model
40349,Acura,RLX,RLX,acura,rlx,5:acura|rlx,base_model
40358,BMW,X4 xDrive30i,X4,bmw,x4,3:bmw|x4,base_model
40359,Mitsubishi,Eclipse Cross 4WD,Eclipse Cross,mitsubishi,eclipse cross,10:mitsubishi|eclipse cross,base_model
40360,Mitsubishi,Eclipse Cross ES 4WD,Eclipse Cross,mitsubishi,eclipse cross,10:mitsubishi|eclipse cross,base_model
40370,Hyundai,Elantra SE,Elantra,hyundai,elantra,7:hyundai|elantra,base_model
40371,Hyundai,Elantra,Elantra,hyundai,elantra,7:hyundai|elantra,base_model
40372,Hyundai,Elantra,Elantra,hyundai,elantra,7:hyundai|elantra,base_model
40373,Subaru,Legacy AWD,Legacy,subaru,legacy,6:subaru|legacy,audited_alias
40374,Subaru,Legacy AWD,Legacy,subaru,legacy,6:subaru|legacy,audited_alias
40382,Subaru,Outback AWD,Outback,subaru,legacy,6:subaru|legacy,audited_alias
40383,Subaru,Outback AWD,Outback,subaru,legacy,6:subaru|legacy,audited_alias
40409,Cadillac,ATS AWD,ATS,cadillac,ats,8:cadillac|ats,base_model
40411,Cadillac,ATS AWD,ATS,cadillac,ats,8:cadillac|ats,base_model
40412,Buick,LaCrosse AWD,LaCrosse,buick,lacrosse,5:buick|lacrosse,base_model
40416,Cadillac,CTS AWD,CTS,cadillac,cts,8:cadillac|cts,base_model
40418,Cadillac,CTS AWD,CTS,cadillac,cts,8:cadillac|cts,base_model
40419,Fiat,500 L,500,fiat,500,4:fiat|500,audited_alias
40422,Honda,HR-V AWD,HR-V,honda,hr-v,5:honda|hr-v,base_model
40423,Honda,HR-V AWD,HR-V,honda,hr-v,5:honda|hr-v,base_model
40433,Infiniti,QX80 2WD,QX80,infiniti,qx80,8:infiniti|qx80,base_model
40435,Bugatti,Chiron,Chiron,bugatti,chiron,7:bugatti|chiron,base_model
40438,BMW,230i xDrive Coupe,2 Series,bmw,2 series,3:bmw|2 series,base_model
40450,BMW,M2 Competition,M,bmw,8 series,3:bmw|8 series,audited_alias
40451,BMW,M2 Competition,M,bmw,8 series,3:bmw|8 series,audited_alias
40454,BMW,M4 Convertible Competition,M,bmw,8 series,3:bmw|8 series,audited_alias
40455,BMW,M4 Convertible Competition,M,bmw,8 series,3:bmw|8 series,audited_alias
40465,BMW,M4 Coupe,M,bmw,8 series,3:bmw|8 series,audited_alias
40466,BMW,M4 Coupe,M,bmw,8 series,3:bmw|8 series,audited_alias
40474,Rolls-Royce,Dawn,Dawn,rolls-royce,dawn,11:rolls-royce|dawn,base_model
40482,Chevrolet,Cruze Hatchback,Cruze,chevrolet,cruze,9:chevrolet|cruze,base_model
40490,Kia,Forte,Forte,kia,forte,3:kia|forte,base_model
40491,Kia,Forte,Forte,kia,forte,3:kia|forte,base_model
40493,Rolls-Royce,Wraith,Wraith,rolls-royce,wraith,11:rolls-royce|wraith,base_model
40498,Maserati,Quattroporte SQ4 V6,Quattroporte,maserati,quattroporte,8:maserati|quattroporte,base_model
40499,Rolls-Royce,Ghost,Ghost,rolls-royce,ghost,11:rolls-royce|ghost,base_model
40500,Rolls-Royce,Ghost EWB,Ghost,rolls-royce,ghost,11:rolls-royce|ghost,base_model
40511,Acura,MDX AWD,MDX,acura,mdx,5:acura|mdx,base_model
40512,Acura,MDX AWD A-SPEC,MDX,acura,mdx,5:acura|mdx,base_model
40516,Mitsubishi,Outlander 4WD,Outlander,mitsubishi,outlander,10:mitsubishi|outlander,base_model
40517,Mitsubishi,Outlander 4WD,Outlander,mitsubishi,outlander,10:mitsubishi|outlander,base_model
40523,Lamborghini,Aventador Coupe,Aventador,lamborghini,aventador,11:lamborghini|aventador,base_model
40524,Lamborghini,Aventador Roadster,Aventador,lamborghini,aventador,11:lamborghini|aventador,base_model
40529,Maserati,Ghibli V6 SQ4 AWD,Ghibli,maserati,ghibli,8:maserati|ghibli,base_model
40530,Maserati,Ghibli  S RWD,Ghibli,maserati,ghibli,8:maserati|ghibli,base_model
40537,Maserati,Quattroporte V8,Quattroporte,maserati,quattroporte,8:maserati|quattroporte,base_model
40538,Maserati,Quattroporte S,Quattroporte,maserati,quattroporte,8:maserati|quattroporte,base_model
40549,Jeep,Compass FWD,Compass,jeep,compass,4:jeep|compass,base_model
40550,Jeep,Compass FWD,Compass,jeep,compass,4:jeep|compass,base_model
40559,Subaru,BRZ,BRZ,subaru,brz,6:subaru|brz,base_model
40560,Subaru,BRZ,BRZ,subaru,brz,6:subaru|brz,base_model
40563,Chevrolet,Malibu,Malibu,chevrolet,malibu,9:chevrolet|malibu,base_model
40569,Buick,Regal TourX AWD,Regal,buick,regal,5:buick|regal,base_model
40570,Mercedes-Benz,GLC300,GLC-Class,mercedes-benz,glc-class,13:mercedes-benz|glc-class,base_model
40572,Land Rover,Range Rover Evoque Cabriolet,Range Rover,land rover,range rover,10:land rover|range rover,base_model
40575,Mercedes-Benz,GLA250 4matic,GLA-Class,mercedes-benz,gla-class,13:mercedes-benz|gla-class,base_model
40581,Land Rover,Discovery,Discovery,land rover,discovery,10:land rover|discovery,base_model
40583,Maserati,Levante S,Levante,maserati,levante,8:maserati|levante,base_model
40584,Maserati,Levante,Levante,maserati,levante,8:maserati|levante,base_model
40587,Cadillac,Escalade 2WD,Escalade,cadillac,escalade,8:cadillac|escalade,base_model
40595,Jaguar,XE AWD,XE,jaguar,xe,6:jaguar|xe,base_model
40610,Chrysler,300,300,chrysler,300,8:chrysler|300,base_model
40612,Chrysler,300,300,chrysler,300,8:chrysler|300,base_model
40613,Chrysler,300 AWD,300,chrysler,300,8:chrysler|300,base_model
40615,Dodge,Charger,Charger,dodge,charger,5:dodge|charger,base_model
40617,Dodge,Charger,Charger,dodge,charger,5:dodge|charger,base_model
40618,Dodge,Charger,Charger,dodge,charger,5:dodge|charger,base_model
40625,Toyota,4Runner 2WD,4Runner,toyota,4runner,6:toyota|4runner,base_model
40636,Alfa Romeo,Giulia,Giulia,alfa romeo,giulia,10:alfa romeo|giulia,base_model
40637,Alfa Romeo,Giulia,Giulia,alfa romeo,giulia,10:alfa romeo|giulia,base_model
40638,Alfa Romeo,Giulia AWD,Giulia,alfa romeo,giulia,10:alfa romeo|giulia,base_model
40660,Alfa Romeo,Stelvio,Stelvio,alfa romeo,stelvio,10:alfa romeo|stelvio,base_model
40661,Alfa Romeo,Stelvio AWD,Stelvio,alfa romeo,stelvio,10:alfa romeo|stelvio,base_model
40662,Alfa Romeo,Stelvio AWD,Stelvio,alfa romeo,stelvio,10:alfa romeo|stelvio,base_model
40664,Jaguar,E-Pace P300,E-Pace,jaguar,e-pace,6:jaguar|e-pace,base_model
40665,Land Rover,Range Rover Evoque 237HP,Range Rover,land rover,range rover,10:land rover|range rover,base_model
40667,Land Rover,Discovery Sport Si4,Discovery,land rover,discovery,10:land rover|discovery,base_model
40668,Dodge,Durango RWD,Durango,dodge,durango,5:dodge|durango,base_model
40669,Dodge,Durango RWD,Durango,dodge,durango,5:dodge|durango,base_model
40671,Dodge,Durango AWD,Durango,dodge,durango,5:dodge|durango,base_model
40672,Dodge,Durango AWD,Durango,dodge,durango,5:dodge|durango,base_model
40673,Jeep,Grand Cherokee 4WD,Grand Cherokee,jeep,grand cherokee,4:jeep|grand cherokee,base_model
40674,Jeep,Grand Cherokee 4WD,Grand Cherokee,jeep,grand cherokee,4:jeep|grand cherokee,base_model
40676,Land Rover,Range Rover LWB,Range Rover,land rover,range rover,10:land rover|range rover,base_model
40680,Lexus,GX 460,GX,lexus,gx,5:lexus|gx,base_model
40683,Alfa Romeo,4C,4C,alfa romeo,4c,10:alfa romeo|4c,base_model
40684,Mercedes-Benz,SL450,SL-Class,mercedes-benz,sl-class,13:mercedes-benz|sl-class,base_model
40691,Chevrolet,Sonic,Sonic,chevrolet,sonic,9:chevrolet|sonic,base_model
40692,Chevrolet,Sonic,Sonic,chevrolet,sonic,9:chevrolet|sonic,base_model
40694,Kia,Rio,Rio,kia,rio,3:kia|rio,base_model
40695,Kia,Rio,Rio,kia,rio,3:kia|rio,base_model
40699,Ford,Fusion FWD,Fusion,ford,fusion,4:ford|fusion,base_model
40700,Ford,Fusion FWD,Fusion,ford,fusion,4:ford|fusion,base_model
40705,Ford,Fusion FWD,Fusion,ford,fusion,4:ford|fusion,base_model
40706,Hyundai,Elantra,Elantra,hyundai,elantra,7:hyundai|elantra,base_model
40709,Infiniti,Q50 Red Sport,Q50,infiniti,q50,8:infiniti|q50,base_model
40714,Lincoln,MKZ AWD,MKZ,lincoln,mkz,7:lincoln|mkz,base_model
40719,Mercedes-Benz,E450 4matic,E-Class,mercedes-benz,e-class,13:mercedes-benz|e-class,base_model
40724,Rolls-Royce,Phantom,Phantom,rolls-royce,phantom,11:rolls-royce|phantom,base_model
40725,Rolls-Royce,Phantom EWB,Phantom,rolls-royce,phantom,11:rolls-royce|phantom,base_model
40728,Mercedes-Benz,E450 4matic (station wagon),E-Class,mercedes-benz,e-class,13:mercedes-benz|e-class,base_model
40729,Rolls-Royce,Cullinan,Cullinan,rolls-royce,cullinan,11:rolls-royce|cullinan,base_model
40742,Mitsubishi,Outlander Sport 2WD,Outlander,mitsubishi,outlander,10:mitsubishi|outlander,base_model
40743,Mitsubishi,Outlander Sport 2WD,Outlander,mitsubishi,outlander,10:mitsubishi|outlander,base_model
40744,Mitsubishi,Outlander Sport 2WD,Outlander,mitsubishi,outlander,10:mitsubishi|outlander,base_model
40748,Buick,Encore AWD,Encore,buick,encore,5:buick|encore,base_model
40749,Chevrolet,Trax AWD,Trax,chevrolet,trax,9:chevrolet|trax,base_model
40750,Land Rover,Discovery Sport,Discovery,land rover,discovery,10:land rover|discovery,base_model
40753,Mitsubishi,Outlander Sport 4WD,Outlander,mitsubishi,outlander,10:mitsubishi|outlander,base_model
40754,Mitsubishi,Outlander Sport 4WD,Outlander,mitsubishi,outlander,10:mitsubishi|outlander,base_model
40755,Nissan,Armada 2WD,Armada,nissan,armada,6:nissan|armada,base_model
40757,Bentley,Bentayga,Bentayga,bentley,bentayga,7:bentley|bentayga,base_model
40758,Lamborghini,Urus,Urus,lamborghini,urus,11:lamborghini|urus,base_model
40759,Land Rover,Range Rover Sport SVR,Range Rover,land rover,range rover,10:land rover|range rover,base_model
40776,Chevrolet,Malibu,Malibu,chevrolet,malibu,9:chevrolet|malibu,base_model
40778,Cadillac,CT6 AWD,CT6,cadillac,ct6,8:cadillac|ct6,base_model
40779,Cadillac,CT6 AWD,CT6,cadillac,ct6,8:cadillac|ct6,base_model
40780,Cadillac,CT6,CT6,cadillac,ct6,8:cadillac|ct6,base_model
40799,Jaguar,F-Pace,F-Pace,jaguar,f-pace,6:jaguar|f-pace,base_model
40813,Ford,Fiesta FWD,Fiesta,ford,fiesta,4:ford|fiesta,base_model
40814,Ford,Fiesta FWD,Fiesta,ford,fiesta,4:ford|fiesta,base_model
40815,Mercedes-Benz,S560 Convertible,S-Class,mercedes-benz,s-class,13:mercedes-benz|s-class,base_model
40816,Mercedes-Benz,AMG S63 4matic Convertible,S-Class,mercedes-benz,s-class,13:mercedes-benz|s-class,base_model
40833,Lexus,LC 500,LC,lexus,lc,5:lexus|lc,base_model
40835,Acura,ILX,ILX,acura,ilx,5:acura|ilx,base_model
40849,Kia,K900,K900,kia,k900,3:kia|k900,base_model
40856,Volkswagen,Atlas,Atlas,volkswagen,atlas,10:volkswagen|atlas,base_model
40857,Honda,CR-V AWD,CR-V,honda,cr-v,5:honda|cr-v,base_model
40858,Honda,CR-V AWD,CR-V,honda,cr-v,5:honda|cr-v,base_model
40865,Aston Martin,DBS,DBS,aston martin,dbs,12:aston martin|dbs,base_model
40866,Audi,A5 quattro,A5,audi,a5,4:audi|a5,base_model
40869,Lexus,IS 300 AWD,IS,lexus,is,5:lexus|is,base_model
40882,Lexus,LS 500 AWD,LS,lexus,ls,5:lexus|ls,base_model
40883,Lexus,GS 300,GS,lexus,gs,5:lexus|gs,base_model
40897,Lincoln,Continental  AWD,Continental,lincoln,continental,7:lincoln|continental,base_model
40898,Lincoln,Continental  FWD,Continental,lincoln,continental,7:lincoln|continental,base_model
40899,Lincoln,Continental  AWD,Continental,lincoln,continental,7:lincoln|continental,base_model
40900,Lincoln,Continental  FWD,Continental,lincoln,continental,7:lincoln|continental,base_model
40901,Lincoln,Continental  AWD,Continental,lincoln,continental,7:lincoln|continental,base_model
40914,Volkswagen,Atlas,Atlas,volkswagen,atlas,10:volkswagen|atlas,base_model
40921,Jeep,Grand Cherokee Trackhawk 4WD,Grand Cherokee,jeep,grand cherokee,4:jeep|grand cherokee,base_model
40922,Maserati,Levante GTS,Levante,maserati,levante,8:maserati|levante,base_model
40923,Maserati,Levante Trofeo,Levante,maserati,levante,8:maserati|levante,base_model
40930,Maserati,GranTurismo Convertible,GranTurismo,maserati,granturismo,8:maserati|granturismo,base_model
40938,Mitsubishi,Mirage G4,Mirage,mitsubishi,mirage,10:mitsubishi|mirage,base_model
40939,Mitsubishi,Mirage G4,Mirage,mitsubishi,mirage,10:mitsubishi|mirage,base_model
40940,Bentley,Mulsanne,Mulsanne,bentley,mulsanne,7:bentley|mulsanne,base_model
40974,Lincoln,Navigator L 2WD,Navigator,lincoln,navigator,7:lincoln|navigator,base_model
40987,Lamborghini,Huracan Spyder,Huracan,lamborghini,huracan,11:lamborghini|huracan,base_model
40988,Lamborghini,Huracan,Huracan,lamborghini,huracan,11:lamborghini|huracan,base_model
40989,Lamborghini,Huracan Spyder 2WD,Huracan,lamborghini,huracan,11:lamborghini|huracan,base_model
40990,Lamborghini,Huracan 2WD,Huracan,lamborghini,huracan,11:lamborghini|huracan,base_model
40994,Audi,S3,S3,audi,s3,4:audi|s3,base_model
40998,Infiniti,Q60 AWD,Q60,infiniti,q60,8:infiniti|q60,base_model
40999,Infiniti,Q60 Red Sport AWD,Q60,infiniti,q60,8:infiniti|q60,base_model
41000,Infiniti,Q60 AWD,Q60,infiniti,q60,8:infiniti|q60,base_model
41002,Roush Performance,Stage 3 Mustang,Mustang,roush performance,mustang,17:roush performance|mustang,audited_alias
41007,Audi,S5 Sportback,S5,audi,s5,4:audi|s5,base_model
41041,Mazda,CX-5 2WD,CX-5,mazda,cx-5,5:mazda|cx-5,base_model
41042,Mazda,CX-5 2WD,CX-5,mazda,cx-5,5:mazda|cx-5,base_model
41047,Hyundai,Elantra,Elantra,hyundai,elantra,7:hyundai|elantra,base_model
41048,Hyundai,Elantra,Elantra,hyundai,elantra,7:hyundai|elantra,base_model
41057,McLaren Automotive,570S Coupe,570S Coupe,mclaren automotive,570s coupe,18:mclaren automotive|570s coupe,base_model
41075,Roush Performance,Stage 3 Mustang,Mustang,roush performance,mustang,17:roush performance|mustang,audited_alias
41076,Infiniti,QX30,QX30,infiniti,qx30,8:infiniti|qx30,base_model
41077,Infiniti,QX30 AWD,QX30,infiniti,qx30,8:infiniti|qx30,base_model
41080,Mercedes-Benz,AMG S65 Coupe,S-Class,mercedes-benz,s-class,13:mercedes-benz|s-class,base_model
41085,Volkswagen,Golf R,Golf/GTI,volkswagen,golf/gti,10:volkswagen|golf/gti,base_model
41089,Lexus,UX 200,UX,lexus,ux,5:lexus|ux,base_model
41092,BMW,X1 xDrive28i,X1,bmw,x1,3:bmw|x1,base_model
41094,Honda,Civic 5Dr,Civic,honda,civic,5:honda|civic,base_model
41095,Honda,Civic 5Dr,Civic,honda,civic,5:honda|civic,base_model
41096,Honda,Civic 5Dr,Civic,honda,civic,5:honda|civic,base_model
41097,Honda,Civic 5Dr,Civic,honda,civic,5:honda|civic,base_model
41126,Toyota,RAV4 AWD,RAV4,toyota,rav4,6:toyota|rav4,base_model
41127,Toyota,RAV4 AWD,RAV4,toyota,rav4,6:toyota|rav4,base_model
41135,Nissan,GT-R,GT-R,nissan,gt-r,6:nissan|gt-r,base_model
41136,Audi,A4,A4,audi,a4,4:audi|a4,base_model
41142,Lincoln,Navigator 4WD,Navigator,lincoln,navigator,7:lincoln|navigator,base_model
41146,BMW,Z4 sDrive30i,Z4,bmw,z4,3:bmw|z4,base_model
41147,Aston Martin,Vanquish S,Vanquish,aston martin,vanquish,12:aston martin|vanquish,base_model
41148,Fiat,500,500,fiat,500,4:fiat|500,audited_alias
41149,Fiat,500,500,fiat,500,4:fiat|500,audited_alias
41150,Fiat,500 Abarth,500,fiat,500,4:fiat|500,audited_alias
41151,Fiat,500 Abarth,500,fiat,500,4:fiat|500,audited_alias
41152,Aston Martin,Rapide S,Rapide,aston martin,rapide,12:aston martin|rapide,base_model
41154,Audi,A3,A3,audi,a3,4:audi|a3,base_model
41156,Mercedes-Benz,A220,A-Class,mercedes-benz,a-class,13:mercedes-benz|a-class,base_model
41158,BMW,330i xDrive,3 Series,bmw,3 series,3:bmw|3 series,base_model
41164,Nissan,Murano FWD,Murano,nissan,murano,6:nissan|murano,base_model
41165,Nissan,Murano AWD,Murano,nissan,murano,6:nissan|murano,base_model
41176,Jeep,Renegade 2WD,Renegade,jeep,renegade,4:jeep|renegade,base_model
41181,Jeep,Renegade 4WD,Renegade,jeep,renegade,4:jeep|renegade,base_model
41182,Land Rover,Range Rover SV Coupe,Range Rover,land rover,range rover,10:land rover|range rover,base_model
41201,Audi,TTS Coupe,TTS Coupe,audi,tts,4:audi|tts,audited_alias
41204,Volkswagen,Golf SportWagen 4motion,Golf/GTI,volkswagen,golf/gti,10:volkswagen|golf/gti,base_model
41205,Volkswagen,Golf Alltrack,Golf/GTI,volkswagen,golf/gti,10:volkswagen|golf/gti,base_model
41206,Volkswagen,Golf SportWagen 4motion,Golf/GTI,volkswagen,golf/gti,10:volkswagen|golf/gti,base_model
41207,Volkswagen,Golf Alltrack,Golf/GTI,volkswagen,golf/gti,10:volkswagen|golf/gti,base_model
41221,Kia,Soul Eco dynamics,Soul,kia,soul,3:kia|soul,base_model
41229,Kia,Telluride FWD,Telluride,kia,telluride,3:kia|telluride,base_model
41232,Kia,Telluride AWD,Telluride,kia,telluride,3:kia|telluride,base_model
41237,Jaguar,F-Type Convertible,F-Type,jaguar,f-type,6:jaguar|f-type,base_model
41239,Jaguar,XE 30t,XE,jaguar,xe,6:jaguar|xe,base_model
41241,Jaguar,XE AWD 30t,XE,jaguar,xe,6:jaguar|xe,base_model
41242,Jaguar,XF,XF,jaguar,xf,6:jaguar|xf,base_model
41245,Jaguar,XF AWD 30t,XF,jaguar,xf,6:jaguar|xf,base_model
41247,Jaguar,E-Pace,E-Pace,jaguar,e-pace,6:jaguar|e-pace,base_model
41250,Jaguar,F-Pace 30t,F-Pace,jaguar,f-pace,6:jaguar|f-pace,base_model
41251,Land Rover,Range Rover Velar,Range Rover,land rover,range rover,10:land rover|range rover,base_model
41256,RUF Automobile,RUF TURBO 12/CTR3,RUF TURBO 12/CTR3,ruf automobile,ruf turbo 12/ctr3,14:ruf automobile|ruf turbo 12/ctr3,base_model
41257,Lotus,Evora,Evora,lotus,evora,5:lotus|evora,base_model
41258,Lotus,Evora,Evora,lotus,evora,5:lotus|evora,base_model
41259,Mazda,3 4-Door,3,mazda,3,5:mazda|3,base_model
41260,Mazda,3 5-Door,3,mazda,3,5:mazda|3,base_model
41263,Mazda,6,6,mazda,6,5:mazda|6,base_model
41264,Mazda,6,6,mazda,6,5:mazda|6,base_model
41265,Mazda,6,6,mazda,6,5:mazda|6,base_model
41269,Porsche,Panamera Turbo Executive,Panamera,porsche,panamera,7:porsche|panamera,base_model
41271,Volkswagen,Arteon,Arteon,volkswagen,arteon,10:volkswagen|arteon,base_model
41272,Volkswagen,Arteon 4motion,Arteon,volkswagen,arteon,10:volkswagen|arteon,base_model
41279,Jaguar,F-Type Convertible,F-Type,jaguar,f-type,6:jaguar|f-type,base_model
41280,Jaguar,F-Type S Coupe,F-Type,jaguar,f-type,6:jaguar|f-type,base_model
41303,Jeep,Renegade 2WD,Renegade,jeep,renegade,4:jeep|renegade,base_model
41304,Fiat,500X AWD,500,fiat,500,4:fiat|500,audited_alias
41305,Jeep,Renegade 4WD,Renegade,jeep,renegade,4:jeep|renegade,base_model
41320,BMW,M240i Convertible,M,bmw,8 series,3:bmw|8 series,audited_alias
41321,BMW,M240i Convertible,M,bmw,8 series,3:bmw|8 series,audited_alias
41322,BMW,M240i xDrive Convertible,M,bmw,8 series,3:bmw|8 series,audited_alias
41334,Acura,TLX FWD A-SPEC,TLX,acura,tlx,5:acura|tlx,base_model
41336,Acura,TLX FWD A-SPEC,TLX,acura,tlx,5:acura|tlx,base_model
41338,Acura,TLX AWD A-SPEC,TLX,acura,tlx,5:acura|tlx,base_model
41342,BMW,430i Coupe,4 Series,bmw,4 series,3:bmw|4 series,base_model
41343,BMW,430i Coupe,4 Series,bmw,4 series,3:bmw|4 series,base_model
41355,BMW,M4 CS,M,bmw,8 series,3:bmw|8 series,audited_alias
41366,Mazda,3 5-Door 2WD,3,mazda,3,5:mazda|3,base_model
41375,Nissan,370Z,370Z,nissan,370z,6:nissan|370z,base_model
41376,Nissan,370Z,370Z,nissan,370z,6:nissan|370z,base_model
41379,Genesis,G70 RWD,G70,genesis,g70,7:genesis|g70,base_model
41380,Genesis,G70 RWD,G70,genesis,g70,7:genesis|g70,base_model
41381,Hyundai,Veloster,Veloster,hyundai,veloster,7:hyundai|veloster,base_model
41382,Hyundai,Veloster,Veloster,hyundai,veloster,7:hyundai|veloster,base_model
41383,Hyundai,Veloster,Veloster,hyundai,veloster,7:hyundai|veloster,base_model
41384,Hyundai,Veloster,Veloster,hyundai,veloster,7:hyundai|veloster,base_model
41394,Aston Martin,Vantage V8,Vantage,aston martin,vantage,12:aston martin|vantage,audited_alias
41396,Lamborghini,Huracan,Huracan,lamborghini,huracan,11:lamborghini|huracan,base_model
41397,Lamborghini,Huracan Spyder,Huracan,lamborghini,huracan,11:lamborghini|huracan,base_model
41400,Aston Martin,DB11 V12,DB11,aston martin,db11,12:aston martin|db11,base_model
41401,Aston Martin,DB11 V8,DB11,aston martin,db11,12:aston martin|db11,base_model
41403,Genesis,G70 RWD,G70,genesis,g70,7:genesis|g70,base_model
41409,Acura,RDX FWD A-SPEC,RDX,acura,rdx,5:acura|rdx,base_model
41410,Acura,RDX AWD,RDX,acura,rdx,5:acura|rdx,base_model
41420,Hyundai,Kona FWD,Kona,hyundai,kona,7:hyundai|kona,base_model
41421,Hyundai,Kona FWD,Kona,hyundai,kona,7:hyundai|kona,base_model
41423,Audi,RS 3,RS,audi,rs,4:audi|rs,audited_alias
41424,Audi,TT RS,TT RS,audi,tt rs,4:audi|tt rs,base_model
41427,Genesis,G80 RWD,G80,genesis,g80,7:genesis|g80,base_model
41429,Cadillac,XT6 AWD,XT6,cadillac,xt6,8:cadillac|xt6,base_model
41431,Subaru,Ascent Limited/Touring,Ascent,subaru,ascent,6:subaru|ascent,base_model
41438,Buick,Envision FWD,Envision,buick,envision,5:buick|envision,base_model
41439,Hyundai,Tucson FWD,Tucson,hyundai,tucson,7:hyundai|tucson,base_model
41440,Hyundai,Tucson FWD,Tucson,hyundai,tucson,7:hyundai|tucson,base_model
41441,Buick,Envision AWD,Envision,buick,envision,5:buick|envision,base_model
41442,Buick,Envision AWD,Envision,buick,envision,5:buick|envision,base_model
41453,Lexus,RC F,RC,lexus,rc,5:lexus|rc,audited_alias
41457,Kia,Forte FE,Forte,kia,forte,3:kia|forte,base_model
41461,Genesis,G80 RWD,G80,genesis,g80,7:genesis|g80,base_model
41462,Genesis,G80 AWD,G80,genesis,g80,7:genesis|g80,base_model
41463,Genesis,G80 RWD,G80,genesis,g80,7:genesis|g80,base_model
41478,Mitsubishi,Outlander 2WD,Outlander,mitsubishi,outlander,10:mitsubishi|outlander,base_model
41479,Hyundai,Santa Fe AWD,Santa Fe,hyundai,santa fe,7:hyundai|santa fe,base_model
41480,Hyundai,Santa Fe AWD,Santa Fe,hyundai,santa fe,7:hyundai|santa fe,base_model
41483,Lexus,NX 300 AWD F Sport,NX,lexus,nx,5:lexus|nx,base_model
41486,Lincoln,Aviator RWD,Aviator,lincoln,aviator,7:lincoln|aviator,base_model
41488,Lincoln,Aviator AWD,Aviator,lincoln,aviator,7:lincoln|aviator,base_model
41493,Volvo,S90 AWD,S90,volvo,s90,5:volvo|s90,base_model
41494,Volvo,V60 FWD,V60,volvo,v60,5:volvo|v60,base_model
41496,Volvo,V90 FWD,V90,volvo,v90,5:volvo|v90,base_model
41498,Volvo,V90 CC AWD,V90,volvo,v90,5:volvo|v90,base_model
41502,Volvo,XC60 FWD,XC60,volvo,xc60,5:volvo|xc60,base_model
41503,Volvo,XC40 FWD,XC40,volvo,xc40,5:volvo|xc40,base_model
41508,Volvo,XC60 AWD,XC60,volvo,xc60,5:volvo|xc60,base_model
41518,Buick,Encore FWD,Encore,buick,encore,5:buick|encore,base_model
41520,Buick,Encore AWD,Encore,buick,encore,5:buick|encore,base_model
41528,Volvo,XC90 AWD,XC90,volvo,xc90,5:volvo|xc90,base_model
41530,Alfa Romeo,4C,4C,alfa romeo,4c,10:alfa romeo|4c,base_model
41534,Nissan,Altima AWD,Altima,nissan,altima,6:nissan|altima,base_model
41542,Infiniti,QX60 AWD,QX60,infiniti,qx60,8:infiniti|qx60,base_model
41543,Subaru,BRZ,BRZ,subaru,brz,6:subaru|brz,base_model
41544,Subaru,BRZ,BRZ,subaru,brz,6:subaru|brz,base_model
41546,Chevrolet,Camaro,Camaro,chevrolet,camaro,9:chevrolet|camaro,base_model
41547,Chevrolet,Camaro,Camaro,chevrolet,camaro,9:chevrolet|camaro,base_model
41548,Chevrolet,Camaro,Camaro,chevrolet,camaro,9:chevrolet|camaro,base_model
41549,Chevrolet,Camaro,Camaro,chevrolet,camaro,9:chevrolet|camaro,base_model
41550,Chevrolet,Camaro,Camaro,chevrolet,camaro,9:chevrolet|camaro,base_model
41553,Kia,Rio,Rio,kia,rio,3:kia|rio,base_model
41556,Subaru,WRX,WRX,subaru,wrx,6:subaru|wrx,base_model
41558,Buick,Regal AWD,Regal,buick,regal,5:buick|regal,base_model
41564,Buick,Regal TourX AWD,Regal,buick,regal,5:buick|regal,base_model
41565,Mitsubishi,Eclipse Cross 2WD,Eclipse Cross,mitsubishi,eclipse cross,10:mitsubishi|eclipse cross,base_model
41566,Mitsubishi,Eclipse Cross ES 2WD,Eclipse Cross,mitsubishi,eclipse cross,10:mitsubishi|eclipse cross,base_model
41571,Cadillac,Escalade 2WD,Escalade,cadillac,escalade,8:cadillac|escalade,base_model
41574,Chevrolet,Tahoe C1500 2WD,Tahoe,chevrolet,tahoe,9:chevrolet|tahoe,base_model
41576,Chevrolet,Tahoe C1500 2WD,Tahoe,chevrolet,tahoe,9:chevrolet|tahoe,base_model
41580,GMC,Yukon C1500 XL 2WD,Yukon,gmc,yukon,3:gmc|yukon,base_model
41583,Cadillac,Escalade 4WD,Escalade,cadillac,escalade,8:cadillac|escalade,base_model
41595,Audi,R8 Spyder AWD,R8,audi,r8,4:audi|r8,base_model
41596,Mercedes-Benz,AMG GT C Coupe,AMG GT,mercedes-benz,amg gt,13:mercedes-benz|amg gt,base_model
41598,Kia,Stinger RWD,Stinger,kia,stinger,3:kia|stinger,base_model
41600,Kia,Stinger RWD,Stinger,kia,stinger,3:kia|stinger,base_model
41608,Fiat,124 Spider,124 Spider,fiat,124 spider,4:fiat|124 spider,base_model
41609,Fiat,124 Spider,124 Spider,fiat,124 spider,4:fiat|124 spider,base_model
41611,Genesis,G90 AWD,G90,genesis,g90,7:genesis|g90,base_model
41613,Genesis,G90 AWD,G90,genesis,g90,7:genesis|g90,base_model
41636,Land Rover,Range Rover,Range Rover,land rover,range rover,10:land rover|range rover,base_model
41639,Land Rover,Range Rover LWB SVA,Range Rover,land rover,range rover,10:land rover|range rover,base_model
41641,Land Rover,Range Rover Sport SVR,Range Rover,land rover,range rover,10:land rover|range rover,base_model
41645,Chevrolet,Camaro,Camaro,chevrolet,camaro,9:chevrolet|camaro,base_model
41647,Buick,Regal AWD,Regal,buick,regal,5:buick|regal,base_model
41650,Fiat,500 L,500,fiat,500,4:fiat|500,audited_alias
41662,Nissan,Rogue FWD,Rogue,nissan,rogue,6:nissan|rogue,audited_alias
41663,Acura,MDX AWD,MDX,acura,mdx,5:acura|mdx,base_model
41667,BMW,X3 M Competition,X3,bmw,x3,3:bmw|x3,base_model
41670,Jeep,Cherokee 4WD,Cherokee,jeep,cherokee,4:jeep|cherokee,base_model
41671,Jeep,Cherokee 4WD,Cherokee,jeep,cherokee,4:jeep|cherokee,base_model
41672,Jeep,Cherokee 4WD,Cherokee,jeep,cherokee,4:jeep|cherokee,base_model
41679,Jeep,Wrangler Unlimited 4WD,Wrangler,jeep,wrangler,4:jeep|wrangler,base_model
41683,Porsche,Macan S,Macan,porsche,macan,7:porsche|macan,base_model
41685,Porsche,Cayenne S,Cayenne,porsche,cayenne,7:porsche|cayenne,base_model
41686,Porsche,911 Speedster,911,porsche,911,7:porsche|911,base_model
41688,Ferrari,488 Pista,488 Pista,ferrari,488 pista,7:ferrari|488 pista,base_model
41689,Ferrari,488 Pista Spider,488 Pista Spider,ferrari,488 pista spider,7:ferrari|488 pista spider,base_model
41690,Ferrari,812 Superfast,812 Superfast,ferrari,812 superfast,7:ferrari|812 superfast,base_model
41691,Ferrari,GTC4Lusso,GTC4Lusso,ferrari,gtc4lusso,7:ferrari|gtc4lusso,base_model
41692,Ferrari,GTC4Lusso T,GTC4Lusso,ferrari,gtc4lusso,7:ferrari|gtc4lusso,base_model
41693,Ferrari,Portofino,Portofino,ferrari,portofino,7:ferrari|portofino,base_model
41694,MINI,Cooper Convertible,Cooper,mini,cooper,4:mini|cooper,base_model
41695,MINI,Cooper S Convertible,Cooper,mini,cooper,4:mini|cooper,base_model
41696,MINI,John Cooper Works Convertible,John Cooper Works,mini,countryman,4:mini|countryman,audited_alias
41706,MINI,Cooper Hardtop 4 door,Cooper,mini,cooper,4:mini|cooper,base_model
41709,MINI,John Cooper Works Hardtop,John Cooper Works,mini,countryman,4:mini|countryman,audited_alias
41729,Maserati,Ghibli SQ4,Ghibli,maserati,ghibli,8:maserati|ghibli,base_model
41730,Maserati,Ghibli,Ghibli,maserati,ghibli,8:maserati|ghibli,base_model
41731,Maserati,Ghibli S,Ghibli,maserati,ghibli,8:maserati|ghibli,base_model
41732,Mazda,3 5-Door 2WD,3,mazda,3,5:mazda|3,base_model
41733,Mazda,3 5-Door 2WD,3,mazda,3,5:mazda|3,base_model
41737,MINI,Cooper Countryman All4,Countryman,mini,countryman,4:mini|countryman,audited_alias
41738,MINI,Cooper S Clubman,Clubman,mini,clubman,4:mini|clubman,base_model
41747,Honda,Civic 5Dr,Civic,honda,civic,5:honda|civic,base_model
41748,Honda,Civic 5Dr,Civic,honda,civic,5:honda|civic,base_model
41750,Maserati,Quattroporte GTS,Quattroporte,maserati,quattroporte,8:maserati|quattroporte,base_model
41751,Maserati,Quattroporte SQ4,Quattroporte,maserati,quattroporte,8:maserati|quattroporte,base_model
41752,Maserati,Quattroporte S,Quattroporte,maserati,quattroporte,8:maserati|quattroporte,base_model
41754,Honda,Pilot FWD,Pilot,honda,pilot,5:honda|pilot,base_model
41755,Honda,Pilot FWD,Pilot,honda,pilot,5:honda|pilot,base_model
41756,Mitsubishi,Outlander Sport 2WD,Outlander,mitsubishi,outlander,10:mitsubishi|outlander,base_model
41763,Jeep,Wrangler 4WD,Wrangler,jeep,wrangler,4:jeep|wrangler,base_model
41764,Jeep,Wrangler 4WD,Wrangler,jeep,wrangler,4:jeep|wrangler,base_model
41766,Jeep,Wrangler Unlimited 4WD,Wrangler,jeep,wrangler,4:jeep|wrangler,base_model
41767,Jeep,Wrangler Unlimited 4WD,Wrangler,jeep,wrangler,4:jeep|wrangler,base_model
41768,Mitsubishi,Outlander Sport 4WD,Outlander,mitsubishi,outlander,10:mitsubishi|outlander,base_model
41769,Mitsubishi,Eclipse Cross 4WD,Eclipse Cross,mitsubishi,eclipse cross,10:mitsubishi|eclipse cross,base_model
41770,Dodge,Durango RWD,Durango,dodge,durango,5:dodge|durango,base_model
41778,Dodge,Durango AWD,Durango,dodge,durango,5:dodge|durango,base_model
41779,Dodge,Durango AWD,Durango,dodge,durango,5:dodge|durango,base_model
41784,Maserati,Levante S,Levante,maserati,levante,8:maserati|levante,base_model
41785,Maserati,Levante,Levante,maserati,levante,8:maserati|levante,base_model
41786,Maserati,Levante GTS,Levante,maserati,levante,8:maserati|levante,base_model
41787,Maserati,Levante Trofeo,Levante,maserati,levante,8:maserati|levante,base_model
41804,Lincoln,MKZ AWD,MKZ,lincoln,mkz,7:lincoln|mkz,base_model
41805,Lincoln,MKZ FWD,MKZ,lincoln,mkz,7:lincoln|mkz,base_model
41806,Lincoln,MKZ AWD,MKZ,lincoln,mkz,7:lincoln|mkz,base_model
41807,Lincoln,MKZ FWD,MKZ,lincoln,mkz,7:lincoln|mkz,base_model
41815,Mercedes-Benz,S450,S-Class,mercedes-benz,s-class,13:mercedes-benz|s-class,base_model
41868,Cadillac,XT5 FWD,XT5,cadillac,xt5,8:cadillac|xt5,base_model
41874,Cadillac,XT5 AWD,XT5,cadillac,xt5,8:cadillac|xt5,base_model
41880,Toyota,Sequoia 2WD,Sequoia,toyota,sequoia,6:toyota|sequoia,base_model
41883,Ferrari,F8 Tributo,F8 Tributo,ferrari,f8 tributo,7:ferrari|f8 tributo,base_model
41890,MINI,Cooper S Clubman All4,Clubman,mini,clubman,4:mini|clubman,base_model
41897,Volvo,XC90 AWD,XC90,volvo,xc90,5:volvo|xc90,base_model
41902,Aston Martin,DBS,DBS,aston martin,dbs,12:aston martin|dbs,base_model
41903,Lotus,Evora,Evora,lotus,evora,5:lotus|evora,base_model
41904,Lotus,Evora,Evora,lotus,evora,5:lotus|evora,base_model
41905,Lotus,Evora GT,Evora,lotus,evora,5:lotus|evora,base_model
41906,Lotus,Evora GT,Evora,lotus,evora,5:lotus|evora,base_model
41909,Mercedes-Benz,C300 4matic Convertible,C-Class,mercedes-benz,c-class,13:mercedes-benz|c-class,base_model
41911,Lexus,ES 350,ES,lexus,es,5:lexus|es,base_model
41914,Nissan,Maxima,Maxima,nissan,maxima,6:nissan|maxima,base_model
41923,Porsche,Panamera 4S Executive,Panamera,porsche,panamera,7:porsche|panamera,base_model
41925,Porsche,Panamera GTS,Panamera,porsche,panamera,7:porsche|panamera,base_model
41940,Toyota,4Runner 4WD,4Runner,toyota,4runner,6:toyota|4runner,base_model
41949,Toyota,86,86,toyota,86,6:toyota|86,base_model
41950,Toyota,86,86,toyota,86,6:toyota|86,base_model
41966,Lexus,RX 350,RX,lexus,rx,5:lexus|rx,base_model
41967,Chevrolet,Blazer AWD,Blazer,chevrolet,blazer,9:chevrolet|blazer,base_model
41968,Land Rover,Discovery Sport,Discovery,land rover,discovery,10:land rover|discovery,base_model
41971,Dodge,Durango SRT AWD,Durango,dodge,durango,5:dodge|durango,base_model
41976,Lexus,LX 570,LX,lexus,lx,5:lexus|lx,base_model
41980,Bentley,Continental GT Convertible,Continental GT Convertible,bentley,continental,7:bentley|continental,audited_alias
41982,Porsche,911 Carrera S Cabriolet,911,porsche,911,7:porsche|911,base_model
41988,Audi,TTS Coupe,TTS,audi,tts,4:audi|tts,audited_alias
41989,Bentley,Continental GT,Continental,bentley,continental,7:bentley|continental,audited_alias
41998,Rolls-Royce,Dawn,Dawn,rolls-royce,dawn,11:rolls-royce|dawn,base_model
42003,BMW,M5 Competition,M,bmw,8 series,3:bmw|8 series,audited_alias
42006,Rolls-Royce,Wraith,Wraith,rolls-royce,wraith,11:rolls-royce|wraith,base_model
42007,Subaru,Impreza 4-Door,Impreza,subaru,impreza,6:subaru|impreza,audited_alias
42008,Subaru,Impreza 4-Door,Impreza,subaru,impreza,6:subaru|impreza,audited_alias
42012,Toyota,Camry XSE,Camry,toyota,camry,6:toyota|camry,base_model
42019,BMW,X1 sDrive28i,X1,bmw,x1,3:bmw|x1,base_model
42020,Rolls-Royce,Phantom,Phantom,rolls-royce,phantom,11:rolls-royce|phantom,base_model
42021,Rolls-Royce,Phantom EWB,Phantom,rolls-royce,phantom,11:rolls-royce|phantom,base_model
42022,Rolls-Royce,Ghost,Ghost,rolls-royce,ghost,11:rolls-royce|ghost,base_model
42023,Rolls-Royce,Ghost EWB,Ghost,rolls-royce,ghost,11:rolls-royce|ghost,base_model
42024,Subaru,Impreza 5-Door,Impreza,subaru,impreza,6:subaru|impreza,audited_alias
42025,Subaru,Impreza 5-Door,Impreza,subaru,impreza,6:subaru|impreza,audited_alias
42028,Rolls-Royce,Cullinan,Cullinan,rolls-royce,cullinan,11:rolls-royce|cullinan,base_model
42040,Mitsubishi,Outlander Sport 2WD,Outlander,mitsubishi,outlander,10:mitsubishi|outlander,base_model
42048,Mitsubishi,Outlander Sport 4WD,Outlander,mitsubishi,outlander,10:mitsubishi|outlander,base_model
42052,Bentley,Bentayga,Bentayga,bentley,bentayga,7:bentley|bentayga,base_model
42058,Lamborghini,Urus,Urus,lamborghini,urus,11:lamborghini|urus,base_model
42064,Honda,Accord 2.0T Sport/Touring,Accord,honda,accord,5:honda|accord,base_model
42066,Infiniti,Q50 AWD,Q50,infiniti,q50,8:infiniti|q50,base_model
42067,Infiniti,Q50 Red Sport,Q50,infiniti,q50,8:infiniti|q50,base_model
42068,Infiniti,Q50 Red Sport  AWD,Q50,infiniti,q50,8:infiniti|q50,base_model
42076,Lincoln,Corsair FWD,Corsair,lincoln,corsair,7:lincoln|corsair,base_model
42081,Lincoln,Nautilus AWD,Nautilus,lincoln,nautilus,7:lincoln|nautilus,base_model
42082,Lincoln,Nautilus AWD,Nautilus,lincoln,nautilus,7:lincoln|nautilus,base_model
42097,Nissan,Murano FWD,Murano,nissan,murano,6:nissan|murano,base_model
42099,Infiniti,QX50,QX50,infiniti,qx50,8:infiniti|qx50,base_model
42101,Volkswagen,Tiguan,Tiguan,volkswagen,tiguan,10:volkswagen|tiguan,base_model
42104,Volkswagen,Tiguan 4motion,Tiguan,volkswagen,tiguan,10:volkswagen|tiguan,base_model
42107,Cadillac,CT6 AWD,CT6,cadillac,ct6,8:cadillac|ct6,base_model
42117,Lexus,IS 300 AWD,IS,lexus,is,5:lexus|is,base_model
42121,Lexus,IS 300,IS,lexus,is,5:lexus|is,base_model
42124,Volkswagen,GTI,Golf/GTI,volkswagen,golf/gti,10:volkswagen|golf/gti,base_model
42127,BMW,540i,5 Series,bmw,5 series,3:bmw|5 series,base_model
42136,Alfa Romeo,Stelvio AWD,Stelvio,alfa romeo,stelvio,10:alfa romeo|stelvio,base_model
42138,STI,S209,S209,sti,s209,3:sti|s209,base_model
42146,Alfa Romeo,Giulia,Giulia,alfa romeo,giulia,10:alfa romeo|giulia,base_model
42147,Alfa Romeo,Giulia AWD,Giulia,alfa romeo,giulia,10:alfa romeo|giulia,base_model
42148,Alfa Romeo,Giulia,Giulia,alfa romeo,giulia,10:alfa romeo|giulia,base_model
42157,Alfa Romeo,Stelvio,Stelvio,alfa romeo,stelvio,10:alfa romeo|stelvio,base_model
42158,Alfa Romeo,Stelvio AWD,Stelvio,alfa romeo,stelvio,10:alfa romeo|stelvio,base_model
42159,Volkswagen,Atlas Cross Sport 4motion,Atlas,volkswagen,atlas,10:volkswagen|atlas,base_model
42160,Lamborghini,Aventador Coupe,Aventador,lamborghini,aventador,11:lamborghini|aventador,base_model
42161,Lamborghini,Aventador Roadster,Aventador,lamborghini,aventador,11:lamborghini|aventador,base_model
42163,Infiniti,Q60 Red Sport,Q60,infiniti,q60,8:infiniti|q60,base_model
42165,Infiniti,Q60 AWD,Q60,infiniti,q60,8:infiniti|q60,base_model
42166,Acura,ILX,ILX,acura,ilx,5:acura|ilx,base_model
42181,Toyota,RAV4,RAV4,toyota,rav4,6:toyota|rav4,base_model
42182,Toyota,RAV4,RAV4,toyota,rav4,6:toyota|rav4,base_model
42183,Volkswagen,Atlas,Atlas,volkswagen,atlas,10:volkswagen|atlas,base_model
42190,Mercedes-Benz,AMG G63,G-Class,mercedes-benz,g-class,13:mercedes-benz|g-class,base_model
42194,Mercedes-Benz,AMG S63 4matic Plus Convertible,S-Class,mercedes-benz,s-class,13:mercedes-benz|s-class,base_model
42200,Mercedes-Benz,S560 4matic Maybach,S-Class,mercedes-benz,s-class,13:mercedes-benz|s-class,base_model
42205,Fiat,500X AWD,500,fiat,500,4:fiat|500,audited_alias
42210,Bugatti,Chiron,Chiron,bugatti,chiron,7:bugatti|chiron,base_model
42212,Audi,S5,S5,audi,s5,4:audi|s5,base_model
42216,Mercedes-Benz,AMG C63 S Coupe,C-Class,mercedes-benz,c-class,13:mercedes-benz|c-class,base_model
42219,Mercedes-Benz,AMG C43 4matic Convertible,C-Class,mercedes-benz,c-class,13:mercedes-benz|c-class,base_model
42227,Mitsubishi,Mirage,Mirage,mitsubishi,mirage,10:mitsubishi|mirage,base_model
42228,Mitsubishi,Mirage,Mirage,mitsubishi,mirage,10:mitsubishi|mirage,base_model
42229,Mitsubishi,Mirage G4,Mirage,mitsubishi,mirage,10:mitsubishi|mirage,base_model
42230,Mitsubishi,Mirage G4,Mirage,mitsubishi,mirage,10:mitsubishi|mirage,base_model
42231,Volkswagen,GTI,Golf/GTI,volkswagen,golf/gti,10:volkswagen|golf/gti,base_model
42248,Lincoln,Continental  FWD,Continental,lincoln,continental,7:lincoln|continental,base_model
42251,Lincoln,Continental  FWD,Continental,lincoln,continental,7:lincoln|continental,base_model
42256,Ford,Escape AWD,Escape,ford,escape,4:ford|escape,base_model
42257,Ford,Escape AWD,Escape,ford,escape,4:ford|escape,base_model
42262,Lincoln,Corsair AWD,Corsair,lincoln,corsair,7:lincoln|corsair,base_model
42263,Mercedes-Benz,AMG GLC43 4matic,GLC-Class,mercedes-benz,glc-class,13:mercedes-benz|glc-class,base_model
42265,Ford,Expedition 2WD,Expedition,ford,expedition,4:ford|expedition,base_model
42270,Ford,Expedition MAX 4WD,Expedition,ford,expedition,4:ford|expedition,base_model
42293,RUF Automobile,RUFTURBO12/CTR3/CTR2017,RUFTURBO12/CTR3/CTR2017,ruf automobile,rufturbo12/ctr3/ctr2017,14:ruf automobile|rufturbo12/ctr3/ctr2017,base_model
42300,Infiniti,QX80 2WD,QX80,infiniti,qx80,8:infiniti|qx80,base_model
42301,Infiniti,QX80 4WD,QX80,infiniti,qx80,8:infiniti|qx80,base_model
42312,Lamborghini,Huracan 2WD,Huracan,lamborghini,huracan,11:lamborghini|huracan,base_model
42313,Lamborghini,Huracan Spyder 2WD,Huracan,lamborghini,huracan,11:lamborghini|huracan,base_model
42318,Roush Performance,Stage 3 Mustang,Stage 3 Mustang,roush performance,mustang,17:roush performance|mustang,audited_alias
42319,Dodge,Challenger SRT,Challenger,dodge,challenger,5:dodge|challenger,base_model
42320,Dodge,Challenger SRT,Challenger,dodge,challenger,5:dodge|challenger,base_model
42326,Dodge,Challenger Widebody,Challenger,dodge,challenger,5:dodge|challenger,base_model
42327,Dodge,Challenger Widebody,Challenger,dodge,challenger,5:dodge|challenger,base_model
42328,Dodge,Challenger AWD,Challenger,dodge,challenger,5:dodge|challenger,base_model
42329,Chrysler,300,300,chrysler,300,8:chrysler|300,base_model
42330,Chrysler,300 AWD,300,chrysler,300,8:chrysler|300,base_model
42336,Nissan,Rogue Sport,Rogue Sport,nissan,rogue,6:nissan|rogue,audited_alias
42337,Nissan,Rogue Sport AWD,Rogue Sport,nissan,rogue,6:nissan|rogue,audited_alias
42346,Chevrolet,Blazer AWD,Blazer,chevrolet,blazer,9:chevrolet|blazer,base_model
42359,Audi,A5 Cabriolet quattro,A5,audi,a5,4:audi|a5,base_model
42362,Mazda,CX-3 4WD,CX-3,mazda,cx-3,5:mazda|cx-3,base_model
42364,Audi,A4 allroad quattro,A4,audi,a4,4:audi|a4,base_model
42365,Cadillac,XT5 FWD,XT5,cadillac,xt5,8:cadillac|xt5,base_model
42366,Mazda,CX-30 2WD,CX-30,mazda,cx-30,5:mazda|cx-30,base_model
42367,Mazda,CX-30 2WD,CX-30,mazda,cx-30,5:mazda|cx-30,base_model
42368,Cadillac,XT5 AWD,XT5,cadillac,xt5,8:cadillac|xt5,base_model
42382,Bentley,Bentayga,Bentayga,bentley,bentayga,7:bentley|bentayga,base_model
42386,Roush Performance,Stage 3 Mustang,Stage 3 Mustang,roush performance,mustang,17:roush performance|mustang,audited_alias
42390,Chrysler,300,300,chrysler,300,8:chrysler|300,base_model
42392,Mercedes-Benz,Maybach S650,S-Class,mercedes-benz,s-class,13:mercedes-benz|s-class,base_model
42403,Buick,Encore GX FWD,Encore,buick,encore,5:buick|encore,base_model
42404,Buick,Encore GX AWD,Encore,buick,encore,5:buick|encore,base_model
42407,Bentley,Continental GT Convertible,Continental,bentley,continental,7:bentley|continental,audited_alias
42409,Porsche,911 Carrera Cabriolet,911,porsche,911,7:porsche|911,base_model
42416,Bentley,Continental GT,Continental,bentley,continental,7:bentley|continental,audited_alias
42418,Bentley,Flying Spur,Flying Spur,bentley,flying spur,7:bentley|flying spur,base_model
42425,Mazda,CX-30 4WD,CX-30,mazda,cx-30,5:mazda|cx-30,base_model
42433,Volkswagen,Golf,Golf/GTI,volkswagen,golf/gti,10:volkswagen|golf/gti,base_model
42434,Volkswagen,Golf,Golf/GTI,volkswagen,golf/gti,10:volkswagen|golf/gti,base_model
42438,Mazda,MX-5,MX-5,mazda,mx-5,5:mazda|mx-5,base_model
42439,Mazda,MX-5,MX-5,mazda,mx-5,5:mazda|mx-5,base_model
42441,Buick,Encore GX FWD,Encore,buick,encore,5:buick|encore,base_model
42449,Mazda,2,2,mazda,2,5:mazda|2,base_model
42450,Mazda,2,2,mazda,2,5:mazda|2,base_model
42454,Volkswagen,Atlas,Atlas,volkswagen,atlas,10:volkswagen|atlas,base_model
42457,Volkswagen,Atlas Cross Sport 4motion,Atlas,volkswagen,atlas,10:volkswagen|atlas,base_model
42464,Cadillac,CT4 AWD,CT4,cadillac,ct4,8:cadillac|ct4,base_model
42465,Cadillac,CT4 V AWD,CT4,cadillac,ct4,8:cadillac|ct4,base_model
42466,Cadillac,CT4 AWD,CT4,cadillac,ct4,8:cadillac|ct4,base_model
42469,Cadillac,CT5 V AWD,CT5,cadillac,ct5,8:cadillac|ct5,base_model
42471,Cadillac,CT5 V,CT5,cadillac,ct5,8:cadillac|ct5,base_model
42473,Nissan,Sentra SR,Sentra,nissan,sentra,6:nissan|sentra,base_model
42481,Cadillac,CT4 V,CT4,cadillac,ct4,8:cadillac|ct4,base_model
42482,Jaguar,F-Type S Coupe,F-Type,jaguar,f-type,6:jaguar|f-type,base_model
42485,Jaguar,F-Type S AWD Convertible,F-Type,jaguar,f-type,6:jaguar|f-type,base_model
42487,Jaguar,F-Type R AWD Convertible,F-Type,jaguar,f-type,6:jaguar|f-type,base_model
42493,Genesis,G70 AWD,G70,genesis,g70,7:genesis|g70,base_model
42494,Genesis,G70 RWD,G70,genesis,g70,7:genesis|g70,base_model
42495,Genesis,G70 RWD,G70,genesis,g70,7:genesis|g70,base_model
42501,Honda,Civic 5Dr,Civic,honda,civic,5:honda|civic,base_model
42515,Genesis,G70 AWD,G70,genesis,g70,7:genesis|g70,base_model
42516,Genesis,G70 RWD,G70,genesis,g70,7:genesis|g70,base_model
42521,Buick,Encore GX FWD,Encore,buick,encore,5:buick|encore,base_model
42530,MINI,Cooper Hardtop 2 door,Cooper,mini,cooper,4:mini|cooper,base_model
42533,MINI,Cooper S Hardtop 4 door,Cooper,mini,cooper,4:mini|cooper,base_model
42534,MINI,John Cooper Works Hardtop,John Cooper Works,mini,countryman,4:mini|countryman,audited_alias
42535,MINI,John Cooper Works Hardtop,John Cooper Works,mini,countryman,4:mini|countryman,audited_alias
42566,MINI,Cooper S Hardtop 4 door,Cooper,mini,cooper,4:mini|cooper,base_model
42575,Honda,Pilot FWD,Pilot,honda,pilot,5:honda|pilot,base_model
42579,Bentley,Mulsanne,Mulsanne,bentley,mulsanne,7:bentley|mulsanne,base_model
42603,Kia,Sportage AWD,Sportage,kia,sportage,3:kia|sportage,base_model
42604,Kia,Sportage AWD,Sportage,kia,sportage,3:kia|sportage,base_model
42605,Subaru,Crosstrek AWD,Crosstrek,subaru,crosstrek,6:subaru|crosstrek,base_model
42606,Subaru,Crosstrek AWD,Crosstrek,subaru,crosstrek,6:subaru|crosstrek,base_model
42607,Subaru,Crosstrek AWD,Crosstrek,subaru,crosstrek,6:subaru|crosstrek,base_model
42608,Volkswagen,Atlas Cross Sport 4motion,Atlas,volkswagen,atlas,10:volkswagen|atlas,base_model
42610,Hyundai,Palisade AWD,Palisade,hyundai,palisade,7:hyundai|palisade,base_model
42611,Bugatti,Divo,Divo,bugatti,divo,7:bugatti|divo,base_model
42616,Cadillac,Escalade 2WD,Escalade,cadillac,escalade,8:cadillac|escalade,base_model
42619,Chevrolet,Tahoe 2WD,Tahoe,chevrolet,tahoe,9:chevrolet|tahoe,base_model
42621,GMC,Yukon 2WD,Yukon,gmc,yukon,3:gmc|yukon,base_model
42622,GMC,Yukon XL 2WD,Yukon,gmc,yukon,3:gmc|yukon,base_model
42623,GMC,Yukon 2WD,Yukon,gmc,yukon,3:gmc|yukon,base_model
42624,GMC,Yukon XL 2WD,Yukon,gmc,yukon,3:gmc|yukon,base_model
42625,Cadillac,Escalade 4WD,Escalade,cadillac,escalade,8:cadillac|escalade,base_model
42626,Chevrolet,Tahoe 4WD,Tahoe,chevrolet,tahoe,9:chevrolet|tahoe,base_model
42628,Chevrolet,Tahoe 4WD,Tahoe,chevrolet,tahoe,9:chevrolet|tahoe,base_model
42635,Kia,K5,K5,kia,k5,3:kia|k5,base_model
42636,Kia,K5,K5,kia,k5,3:kia|k5,base_model
42637,Buick,Encore FWD,Encore,buick,encore,5:buick|encore,base_model
42639,Buick,Encore AWD,Encore,buick,encore,5:buick|encore,base_model
42643,Land Rover,Range Rover SVA,Range Rover,land rover,range rover,10:land rover|range rover,base_model
42646,Land Rover,Range Rover Sport SVR,Range Rover,land rover,range rover,10:land rover|range rover,base_model
42648,McLaren Automotive,720S Coupe,720S Coupe,mclaren automotive,720s coupe,18:mclaren automotive|720s coupe,base_model
42649,McLaren Automotive,720S Spider,720S Spider,mclaren automotive,720s spider,18:mclaren automotive|720s spider,base_model
42650,McLaren Automotive,GT,GT,mclaren automotive,gt,18:mclaren automotive|gt,base_model
42652,Land Rover,Defender 110,Defender,land rover,defender,10:land rover|defender,base_model
42669,McLaren Automotive,570S Coupe,570S Coupe,mclaren automotive,570s coupe,18:mclaren automotive|570s coupe,base_model
42670,McLaren Automotive,570S Spider,570S Spider,mclaren automotive,570s spider,18:mclaren automotive|570s spider,base_model
42671,McLaren Automotive,600LT Spider,600LT Spider,mclaren automotive,600lt spider,18:mclaren automotive|600lt spider,base_model
42672,McLaren Automotive,620R Coupe,620R Coupe,mclaren automotive,620r coupe,18:mclaren automotive|620r coupe,base_model
42678,Volvo,V60 FWD,V60,volvo,v60,5:volvo|v60,base_model
42680,Volvo,V90 FWD,V90,volvo,v90,5:volvo|v90,base_model
42682,Volvo,V90 CC AWD,V90,volvo,v90,5:volvo|v90,base_model
42686,Buick,Encore GX AWD,Encore,buick,encore,5:buick|encore,base_model
42687,Volvo,XC60 AWD,XC60,volvo,xc60,5:volvo|xc60,base_model
42688,Volvo,XC60 AWD,XC60,volvo,xc60,5:volvo|xc60,base_model
42690,Volvo,XC90 FWD,XC90,volvo,xc90,5:volvo|xc90,base_model
42695,Volvo,XC90 AWD,XC90,volvo,xc90,5:volvo|xc90,base_model
42696,Volvo,XC90 AWD,XC90,volvo,xc90,5:volvo|xc90,base_model
42698,McLaren Automotive,650S Can-Am,650S Can-Am,mclaren automotive,650s can-am,18:mclaren automotive|650s can-am,base_model
42702,McLaren Automotive,675LT Spider,675LT Spider,mclaren automotive,675lt spider,18:mclaren automotive|675lt spider,base_model
42703,McLaren Automotive,MSO HS,MSO HS,mclaren automotive,mso hs,18:mclaren automotive|mso hs,base_model
42706,McLaren Automotive,540C Coupe,540C Coupe,mclaren automotive,540c coupe,18:mclaren automotive|540c coupe,base_model
42707,McLaren Automotive,570GT,570GT,mclaren automotive,570gt,18:mclaren automotive|570gt,base_model
42709,McLaren Automotive,570S Spider,570S Spider,mclaren automotive,570s spider,18:mclaren automotive|570s spider,base_model
42710,McLaren Automotive,720S Coupe,720S Coupe,mclaren automotive,720s coupe,18:mclaren automotive|720s coupe,base_model
42711,McLaren Automotive,570GT,570GT,mclaren automotive,570gt,18:mclaren automotive|570gt,base_model
42712,McLaren Automotive,570S Coupe,570S Coupe,mclaren automotive,570s coupe,18:mclaren automotive|570s coupe,base_model
42713,McLaren Automotive,570S Spider,570S Spider,mclaren automotive,570s spider,18:mclaren automotive|570s spider,base_model
42714,McLaren Automotive,600LT Coupe,600LT Coupe,mclaren automotive,600lt coupe,18:mclaren automotive|600lt coupe,base_model
42715,McLaren Automotive,720S Coupe,720S Coupe,mclaren automotive,720s coupe,18:mclaren automotive|720s coupe,base_model
42716,McLaren Automotive,720S Spider,720S Spider,mclaren automotive,720s spider,18:mclaren automotive|720s spider,base_model
42717,McLaren Automotive,Senna,Senna,mclaren automotive,senna,18:mclaren automotive|senna,base_model
42719,MINI,Cooper Hardtop 2 door,Cooper,mini,cooper,4:mini|cooper,base_model
42737,Porsche,Cayman S,Cayman,porsche,cayman,7:porsche|cayman,base_model
42738,Porsche,Cayman S,Cayman,porsche,cayman,7:porsche|cayman,base_model
42753,Infiniti,QX80 4WD,QX80,infiniti,qx80,8:infiniti|qx80,base_model
42754,Infiniti,QX80 4WD,QX80,infiniti,qx80,8:infiniti|qx80,base_model
42761,Ferrari,812 Superfast,812 Superfast,ferrari,812 superfast,7:ferrari|812 superfast,base_model
42762,Ferrari,F8 Tributo,F8 Tributo,ferrari,f8 tributo,7:ferrari|f8 tributo,base_model
42763,Ferrari,F8 Spider,F8 Spider,ferrari,f8 spider,7:ferrari|f8 spider,base_model
42764,Ferrari,812 GTS,812 GTS,ferrari,812 gts,7:ferrari|812 gts,base_model
42765,Lamborghini,Huracan,Huracan,lamborghini,huracan,11:lamborghini|huracan,base_model
42766,Lamborghini,Huracan Spyder,Huracan,lamborghini,huracan,11:lamborghini|huracan,base_model
42767,Lamborghini,Huracan 2WD,Huracan,lamborghini,huracan,11:lamborghini|huracan,base_model
42768,Lamborghini,Huracan Spyder 2WD,Huracan,lamborghini,huracan,11:lamborghini|huracan,base_model
42769,Bentley,Continental GT Convertible,Continental,bentley,continental,7:bentley|continental,audited_alias
42770,Ferrari,Portofino,Portofino,ferrari,portofino,7:ferrari|portofino,base_model
42771,Ferrari,Portofino M,Portofino,ferrari,portofino,7:ferrari|portofino,base_model
42772,Audi,RS 5,RS,audi,rs,4:audi|rs,audited_alias
42773,Ferrari,Roma,Roma,ferrari,roma,7:ferrari|roma,base_model
42776,Audi,RS 5 Sportback,RS,audi,rs,4:audi|rs,audited_alias
42783,Kia,Forte FE,Forte,kia,forte,3:kia|forte,base_model
42792,Subaru,Forester AWD,Forester,subaru,forester,6:subaru|forester,base_model
42798,Acura,RDX FWD,RDX,acura,rdx,5:acura|rdx,base_model
42799,Acura,RDX FWD A-SPEC,RDX,acura,rdx,5:acura|rdx,base_model
42800,Infiniti,QX50,QX50,infiniti,qx50,8:infiniti|qx50,base_model
42801,Acura,RDX AWD,RDX,acura,rdx,5:acura|rdx,base_model
42802,Acura,RDX AWD A-SPEC,RDX,acura,rdx,5:acura|rdx,base_model
42803,Infiniti,QX50 AWD,QX50,infiniti,qx50,8:infiniti|qx50,base_model
42813,Volkswagen,Atlas Cross Sport,Atlas,volkswagen,atlas,10:volkswagen|atlas,base_model
42815,Aston Martin,Vantage Manual,Vantage,aston martin,vantage,12:aston martin|vantage,audited_alias
42820,Rolls-Royce,Dawn,Dawn,rolls-royce,dawn,11:rolls-royce|dawn,base_model
42821,Rolls-Royce,Dawn Black Badge,Dawn,rolls-royce,dawn,11:rolls-royce|dawn,base_model
42822,Chevrolet,Malibu,Malibu,chevrolet,malibu,9:chevrolet|malibu,base_model
42825,MINI,Cooper S Clubman,Clubman,mini,clubman,4:mini|clubman,base_model
42827,MINI,Cooper S Countryman All4,Countryman,mini,countryman,4:mini|countryman,audited_alias
42828,MINI,Cooper S Clubman All4,Clubman,mini,clubman,4:mini|clubman,base_model
42831,Rolls-Royce,Wraith,Wraith,rolls-royce,wraith,11:rolls-royce|wraith,base_model
42832,Rolls-Royce,Wraith Black Badge,Wraith,rolls-royce,wraith,11:rolls-royce|wraith,base_model
42834,Genesis,G90 AWD,G90,genesis,g90,7:genesis|g90,base_model
42839,Genesis,G80 RWD,G80,genesis,g80,7:genesis|g80,base_model
42841,Genesis,G80 RWD,G80,genesis,g80,7:genesis|g80,base_model
42842,Rolls-Royce,Phantom,Phantom,rolls-royce,phantom,11:rolls-royce|phantom,base_model
42843,Rolls-Royce,Phantom EWB,Phantom,rolls-royce,phantom,11:rolls-royce|phantom,base_model
42846,Rolls-Royce,Cullinan,Cullinan,rolls-royce,cullinan,11:rolls-royce|cullinan,base_model
42847,Rolls-Royce,Cullinan Black Badge,Cullinan,rolls-royce,cullinan,11:rolls-royce|cullinan,base_model
42857,Mazda,CX-30 4WD,CX-30,mazda,cx-30,5:mazda|cx-30,base_model
42858,Subaru,Outback AWD,Outback,subaru,legacy,6:subaru|legacy,audited_alias
42859,Subaru,Outback AWD,Outback,subaru,legacy,6:subaru|legacy,audited_alias
42874,BMW,230i Coupe,2 Series,bmw,2 series,3:bmw|2 series,base_model
42892,MINI,Cooper S Clubman,Clubman,mini,clubman,4:mini|clubman,base_model
42909,Jeep,Wrangler 4dr 4WD,Wrangler,jeep,wrangler,4:jeep|wrangler,base_model
42911,Jeep,Wrangler 4dr 4WD,Wrangler,jeep,wrangler,4:jeep|wrangler,base_model
42917,BMW,Z4 M40i,Z4,bmw,z4,3:bmw|z4,base_model
42924,Nissan,GT-R,GT-R,nissan,gt-r,6:nissan|gt-r,base_model
42927,Hyundai,Veloster N,Veloster,hyundai,veloster,7:hyundai|veloster,base_model
42928,Hyundai,Veloster N,Veloster,hyundai,veloster,7:hyundai|veloster,base_model
42929,Mercedes-Benz,AMG CLA35 4matic,CLA-Class,mercedes-benz,cla-class,13:mercedes-benz|cla-class,base_model
42938,BMW,840i xDrive Gran Coupe,8 Series,bmw,8 series,3:bmw|8 series,audited_alias
42941,Chevrolet,Malibu,Malibu,chevrolet,malibu,9:chevrolet|malibu,base_model
42948,Rolls-Royce,Ghost,Ghost,rolls-royce,ghost,11:rolls-royce|ghost,base_model
42949,Rolls-Royce,Ghost EWB,Ghost,rolls-royce,ghost,11:rolls-royce|ghost,base_model
42958,Lexus,RX 350 L,RX,lexus,rx,5:lexus|rx,base_model
42968,Toyota,RAV4 AWD,RAV4,toyota,rav4,6:toyota|rav4,base_model
42969,Toyota,RAV4 AWD,RAV4,toyota,rav4,6:toyota|rav4,base_model
42975,Bentley,Bentayga,Bentayga,bentley,bentayga,7:bentley|bentayga,base_model
42987,Aston Martin,Vantage V8,Vantage,aston martin,vantage,12:aston martin|vantage,audited_alias
42990,Aston Martin,DBS,DBS,aston martin,dbs,12:aston martin|dbs,base_model
42991,Aston Martin,DB11 V12,DB11,aston martin,db11,12:aston martin|db11,base_model
42992,Aston Martin,DB11 V8,DB11,aston martin,db11,12:aston martin|db11,base_model
42993,Audi,S5,S5,audi,s5,4:audi|s5,base_model
42995,BMW,230i Coupe,2 Series,bmw,2 series,3:bmw|2 series,base_model
42997,Audi,S4,S4,audi,s4,4:audi|s4,base_model
43020,Audi,Q3 S-line quattro,Q3,audi,q3,4:audi|q3,base_model
43023,Volkswagen,Tiguan 4motion,Tiguan,volkswagen,tiguan,10:volkswagen|tiguan,base_model
43030,Lamborghini,Urus,Urus,lamborghini,urus,11:lamborghini|urus,base_model
43041,Mazda,CX-3 4WD,CX-3,mazda,cx-3,5:mazda|cx-3,base_model
43042,Mazda,3 4-Door 2WD,3,mazda,3,5:mazda|3,base_model
43043,Mazda,3 4-Door 2WD,3,mazda,3,5:mazda|3,base_model
43046,Hyundai,Elantra,Elantra,hyundai,elantra,7:hyundai|elantra,base_model
43047,Hyundai,Elantra,Elantra,hyundai,elantra,7:hyundai|elantra,base_model
43048,Infiniti,Q50,Q50,infiniti,q50,8:infiniti|q50,base_model
43049,Infiniti,Q50 AWD,Q50,infiniti,q50,8:infiniti|q50,base_model
43050,Infiniti,Q50 Red Sport,Q50,infiniti,q50,8:infiniti|q50,base_model
43051,Infiniti,Q50 Red Sport  AWD,Q50,infiniti,q50,8:infiniti|q50,base_model
43052,Mazda,3 5-Door 2WD,3,mazda,3,5:mazda|3,base_model
43053,Mazda,3 5-Door 2WD,3,mazda,3,5:mazda|3,base_model
43055,Honda,Civic 5Dr,Civic,honda,civic,5:honda|civic,base_model
43056,Honda,Civic 5Dr,Civic,honda,civic,5:honda|civic,base_model
43057,Honda,Civic 5Dr,Civic,honda,civic,5:honda|civic,base_model
43061,Genesis,GV80 RWD,GV80,genesis,gv80,7:genesis|gv80,base_model
43071,Land Rover,Range Rover Velar,Range Rover,land rover,range rover,10:land rover|range rover,base_model
43077,Lexus,ES 350 F Sport,ES,lexus,es,5:lexus|es,base_model
43127,Mazda,CX-9 2WD,CX-9,mazda,cx-9,5:mazda|cx-9,base_model
43132,Lexus,RX 350 AWD,RX,lexus,rx,5:lexus|rx,base_model
43133,Mazda,CX-5 4WD,CX-5,mazda,cx-5,5:mazda|cx-5,base_model
43134,Mazda,CX-5 4WD,CX-5,mazda,cx-5,5:mazda|cx-5,base_model
43137,Toyota,Highlander AWD,Highlander,toyota,highlander,6:toyota|highlander,base_model
43147,BMW,M850i xDrive Convertible,M,bmw,8 series,3:bmw|8 series,audited_alias
43149,Cadillac,CT4,CT4,cadillac,ct4,8:cadillac|ct4,base_model
43151,Cadillac,CT4 AWD,CT4,cadillac,ct4,8:cadillac|ct4,base_model
43153,Mazda,3 4-Door 2WD,3,mazda,3,5:mazda|3,base_model
43158,Honda,Passport FWD,Passport,honda,passport,5:honda|passport,base_model
43162,Jeep,Renegade Trailhawk 4WD,Renegade,jeep,renegade,4:jeep|renegade,base_model
43163,Mazda,CX-30 4WD,CX-30,mazda,cx-30,5:mazda|cx-30,base_model
43164,Dodge,Durango RWD,Durango,dodge,durango,5:dodge|durango,base_model
43166,Dodge,Durango AWD,Durango,dodge,durango,5:dodge|durango,base_model
43167,Jeep,Grand Cherokee 4WD,Grand Cherokee,jeep,grand cherokee,4:jeep|grand cherokee,base_model
43168,Jeep,Grand Cherokee 4WD,Grand Cherokee,jeep,grand cherokee,4:jeep|grand cherokee,base_model
43171,Pagani,Huayra Roadster BC,Huayra,pagani,huayra,6:pagani|huayra,base_model
43172,Bentley,Continental GT Convertible,Continental,bentley,continental,7:bentley|continental,audited_alias
43173,Bentley,Continental GT,Continental,bentley,continental,7:bentley|continental,audited_alias
43176,Bentley,Flying Spur,Flying Spur,bentley,flying spur,7:bentley|flying spur,base_model
43177,Maserati,Ghibli Trofeo,Ghibli,maserati,ghibli,8:maserati|ghibli,base_model
43178,Maserati,Ghibli SQ4,Ghibli,maserati,ghibli,8:maserati|ghibli,base_model
43179,Maserati,Ghibli,Ghibli,maserati,ghibli,8:maserati|ghibli,base_model
43180,Maserati,Ghibli S,Ghibli,maserati,ghibli,8:maserati|ghibli,base_model
43182,Maserati,Quattroporte Trofeo,Quattroporte,maserati,quattroporte,8:maserati|quattroporte,base_model
43183,Maserati,Quattroporte SQ4,Quattroporte,maserati,quattroporte,8:maserati|quattroporte,base_model
43184,Maserati,Quattroporte S,Quattroporte,maserati,quattroporte,8:maserati|quattroporte,base_model
43200,Chevrolet,Equinox FWD,Equinox,chevrolet,equinox,9:chevrolet|equinox,base_model
43201,Buick,Envision AWD,Envision,buick,envision,5:buick|envision,base_model
43202,Buick,Enclave FWD,Enclave,buick,enclave,5:buick|enclave,base_model
43203,Chevrolet,Traverse FWD,Traverse,chevrolet,traverse,9:chevrolet|traverse,base_model
43205,Buick,Enclave AWD,Enclave,buick,enclave,5:buick|enclave,base_model
43208,Maserati,Levante S,Levante,maserati,levante,8:maserati|levante,base_model
43209,Maserati,Levante,Levante,maserati,levante,8:maserati|levante,base_model
43210,Maserati,Levante GTS,Levante,maserati,levante,8:maserati|levante,base_model
43212,Toyota,Sequoia 4WD,Sequoia,toyota,sequoia,6:toyota|sequoia,base_model
43215,Aston Martin,Vantage Manual,Vantage Manual,aston martin,vantage,12:aston martin|vantage,audited_alias
43224,Porsche,718 Boxster T,718,porsche,718,7:porsche|718,base_model
43225,Porsche,718 Boxster T,718,porsche,718,7:porsche|718,base_model
43231,Lexus,RC 350,RC,lexus,rc,5:lexus|rc,audited_alias
43233,Lexus,RC 300,RC,lexus,rc,5:lexus|rc,audited_alias
43235,Acura,TLX AWD A-SPEC,TLX,acura,tlx,5:acura|tlx,base_model
43237,Acura,TLX FWD A-SPEC,TLX,acura,tlx,5:acura|tlx,base_model
43240,Cadillac,CT4,CT4,cadillac,ct4,8:cadillac|ct4,base_model
43241,Cadillac,CT4 AWD,CT4,cadillac,ct4,8:cadillac|ct4,base_model
43248,Volkswagen,Jetta,Jetta,volkswagen,jetta,10:volkswagen|jetta,base_model
43250,Volkswagen,Golf,Golf/GTI,volkswagen,golf/gti,10:volkswagen|golf/gti,base_model
43251,Volkswagen,Golf,Golf/GTI,volkswagen,golf/gti,10:volkswagen|golf/gti,base_model
43253,Cadillac,CT5,CT5,cadillac,ct5,8:cadillac|ct5,base_model
43257,Cadillac,CT5,CT5,cadillac,ct5,8:cadillac|ct5,base_model
43260,Volkswagen,Arteon,Arteon,volkswagen,arteon,10:volkswagen|arteon,base_model
43272,Kia,Sorento FWD,Sorento,kia,sorento,3:kia|sorento,base_model
43273,Kia,Sorento FWD,Sorento,kia,sorento,3:kia|sorento,base_model
43275,Volkswagen,Atlas Cross Sport,Atlas,volkswagen,atlas,10:volkswagen|atlas,base_model
43281,Mercedes-Benz,GLC300 4matic Coupe,GLC-Class,mercedes-benz,glc-class,13:mercedes-benz|glc-class,base_model
43282,Volkswagen,Atlas Cross Sport 4motion,Atlas,volkswagen,atlas,10:volkswagen|atlas,base_model
43286,Lincoln,Aviator RWD,Aviator,lincoln,aviator,7:lincoln|aviator,base_model
43287,Aston Martin,DBX V8,DBX V8,aston martin,dbx v8,12:aston martin|dbx v8,base_model
43293,Lincoln,Aviator AWD,Aviator,lincoln,aviator,7:lincoln|aviator,base_model
43297,Acura,ILX,ILX,acura,ilx,5:acura|ilx,base_model
43298,Toyota,Corolla APEX,Corolla,toyota,corolla,6:toyota|corolla,base_model
43299,Toyota,Corolla APEX,Corolla,toyota,corolla,6:toyota|corolla,base_model
43304,Toyota,Camry XSE,Camry,toyota,camry,6:toyota|camry,base_model
43306,Toyota,Camry XLE/XSE,Camry,toyota,camry,6:toyota|camry,base_model
43316,Lincoln,Corsair FWD,Corsair,lincoln,corsair,7:lincoln|corsair,base_model
43317,Lincoln,Corsair AWD,Corsair,lincoln,corsair,7:lincoln|corsair,base_model
43318,Lincoln,Corsair AWD,Corsair,lincoln,corsair,7:lincoln|corsair,base_model
43319,Dodge,Durango RWD,Durango,dodge,durango,5:dodge|durango,base_model
43326,Audi,TT Coupe quattro,TT,audi,tt,4:audi|tt,audited_alias
43328,Infiniti,Q60,Q60,infiniti,q60,8:infiniti|q60,base_model
43330,Infiniti,Q60 Red Sport AWD,Q60,infiniti,q60,8:infiniti|q60,base_model
43352,Alfa Romeo,Giulia,Giulia,alfa romeo,giulia,10:alfa romeo|giulia,base_model
43353,Alfa Romeo,Giulia AWD,Giulia,alfa romeo,giulia,10:alfa romeo|giulia,base_model
43367,Alfa Romeo,Stelvio,Stelvio,alfa romeo,stelvio,10:alfa romeo|stelvio,base_model
43368,Buick,Envision FWD,Envision,buick,envision,5:buick|envision,base_model
43372,Alfa Romeo,Stelvio AWD,Stelvio,alfa romeo,stelvio,10:alfa romeo|stelvio,base_model
43373,Fiat,500X AWD,500,fiat,500,4:fiat|500,audited_alias
43375,Nissan,Rogue AWD,Rogue,nissan,rogue,6:nissan|rogue,audited_alias
43379,Porsche,Cayenne,Cayenne,porsche,cayenne,7:porsche|cayenne,base_model
43386,Porsche,Cayenne Turbo Coupe,Cayenne,porsche,cayenne,7:porsche|cayenne,base_model
43389,Lexus,UX 200,UX,lexus,ux,5:lexus|ux,base_model
43390,Nissan,Altima,Altima,nissan,altima,6:nissan|altima,base_model
43394,Nissan,Altima SV/SL,Altima,nissan,altima,6:nissan|altima,base_model
43399,Dodge,Durango SRT AWD,Durango,dodge,durango,5:dodge|durango,base_model
43409,Lamborghini,Aventador Sian Roadster,Aventador,lamborghini,aventador,11:lamborghini|aventador,base_model
43410,Lamborghini,Aventador Sian Coupe,Aventador,lamborghini,aventador,11:lamborghini|aventador,base_model
43411,RUF Automobile,TURBO12/CTR3/CTR ANNIVERSARY,TURBO12/CTR3/CTR ANNIVERSARY,ruf automobile,turbo12/ctr3/ctr anniversary,14:ruf automobile|turbo12/ctr3/ctr anniversary,base_model
43414,Bentley,Continental GT,Continental,bentley,continental,7:bentley|continental,audited_alias
43426,Lotus,Evora GT,Evora,lotus,evora,5:lotus|evora,base_model
43427,Lotus,Evora GT,Evora,lotus,evora,5:lotus|evora,base_model
43431,Porsche,911 Turbo S Cabriolet,911,porsche,911,7:porsche|911,base_model
43441,Dodge,Challenger Widebody,Challenger,dodge,challenger,5:dodge|challenger,base_model
43442,Dodge,Challenger Widebody,Challenger,dodge,challenger,5:dodge|challenger,base_model
43443,Dodge,Challenger AWD,Challenger,dodge,challenger,5:dodge|challenger,base_model
43446,Hyundai,Elantra,Elantra,hyundai,elantra,7:hyundai|elantra,base_model
43447,Hyundai,Elantra,Elantra,hyundai,elantra,7:hyundai|elantra,base_model
43448,Chrysler,300,300,chrysler,300,8:chrysler|300,base_model
43449,Chrysler,300,300,chrysler,300,8:chrysler|300,base_model
43450,Chrysler,300 AWD,300,chrysler,300,8:chrysler|300,base_model
43453,Dodge,Charger AWD,Charger,dodge,charger,5:dodge|charger,base_model
43454,Dodge,Charger SRT Widebody,Charger,dodge,charger,5:dodge|charger,base_model
43473,Mitsubishi,Outlander Sport 2WD,Outlander,mitsubishi,outlander,10:mitsubishi|outlander,base_model
43474,Mitsubishi,Outlander Sport 2WD,Outlander,mitsubishi,outlander,10:mitsubishi|outlander,base_model
43477,Mitsubishi,Outlander Sport 4WD,Outlander,mitsubishi,outlander,10:mitsubishi|outlander,base_model
43478,Mitsubishi,Outlander Sport 4WD,Outlander,mitsubishi,outlander,10:mitsubishi|outlander,base_model
43479,Porsche,Macan S,Macan,porsche,macan,7:porsche|macan,base_model
43483,Bugatti,Chiron,Chiron,bugatti,chiron,7:bugatti|chiron,base_model
43484,Bugatti,Chiron Pur Sport,Chiron,bugatti,chiron,7:bugatti|chiron,base_model
43485,Lamborghini,Aventador Coupe,Aventador,lamborghini,aventador,11:lamborghini|aventador,base_model
43486,Lamborghini,Aventador Roadster,Aventador,lamborghini,aventador,11:lamborghini|aventador,base_model
43487,Audi,TTS Coupe,TTS,audi,tts,4:audi|tts,audited_alias
43491,Kia,K5,K5,kia,k5,3:kia|k5,base_model
43501,Porsche,911 Carrera Cabriolet,911,porsche,911,7:porsche|911,base_model
43530,Mercedes-Benz,AMG S63 4matic Plus Convertible,S-Class,mercedes-benz,s-class,13:mercedes-benz|s-class,base_model
43541,Mercedes-Benz,AMG E63 S 4matic Plus (SW),E-Class,mercedes-benz,e-class,13:mercedes-benz|e-class,base_model
43545,Land Rover,Evoque,Evoque,land rover,evoque,10:land rover|evoque,base_model
43547,Mercedes-Benz,AMG GLC43 4matic,GLC-Class,mercedes-benz,glc-class,13:mercedes-benz|glc-class,base_model
43566,Mitsubishi,Mirage,Mirage,mitsubishi,mirage,10:mitsubishi|mirage,base_model
43567,Mitsubishi,Mirage,Mirage,mitsubishi,mirage,10:mitsubishi|mirage,base_model
43568,Mitsubishi,Mirage G4,Mirage,mitsubishi,mirage,10:mitsubishi|mirage,base_model
43569,Mitsubishi,Mirage G4,Mirage,mitsubishi,mirage,10:mitsubishi|mirage,base_model
43572,Mercedes-Benz,AMG GLA45 4matic,GLA-Class,mercedes-benz,gla-class,13:mercedes-benz|gla-class,base_model
43573,Mercedes-Benz,AMG GLB35 4matic,GLB-Class,mercedes-benz,glb-class,13:mercedes-benz|glb-class,base_model
43574,Buick,Encore FWD,Encore,buick,encore,5:buick|encore,base_model
43576,Buick,Encore AWD,Encore,buick,encore,5:buick|encore,base_model
43578,Mazda,CX-30 4WD,CX-30,mazda,cx-30,5:mazda|cx-30,base_model
43590,Ford,Expedition MAX 2WD,Expedition,ford,expedition,4:ford|expedition,base_model
43591,Lincoln,Navigator 2WD,Navigator,lincoln,navigator,7:lincoln|navigator,base_model
43592,Lincoln,Navigator L 2WD,Navigator,lincoln,navigator,7:lincoln|navigator,base_model
43597,Ford,Expedition 4WD,Expedition,ford,expedition,4:ford|expedition,base_model
43601,Lincoln,Navigator 4WD,Navigator,lincoln,navigator,7:lincoln|navigator,base_model
43611,Alfa Romeo,Giulia,Giulia,alfa romeo,giulia,10:alfa romeo|giulia,base_model
43622,Alfa Romeo,Stelvio AWD,Stelvio,alfa romeo,stelvio,10:alfa romeo|stelvio,base_model
43628,Subaru,WRX,WRX,subaru,wrx,6:subaru|wrx,base_model
43629,Subaru,WRX,WRX,subaru,wrx,6:subaru|wrx,base_model
43630,Subaru,WRX,WRX,subaru,wrx,6:subaru|wrx,base_model
43639,Land Rover,Defender 90,Defender,land rover,defender,10:land rover|defender,base_model
43642,Bentley,Flying Spur,Flying Spur,bentley,flying spur,7:bentley|flying spur,base_model
43643,Honda,Civic 5Dr,Civic,honda,civic,5:honda|civic,base_model
43654,Jaguar,F-Pace SVR,F-Pace,jaguar,f-pace,6:jaguar|f-pace,base_model
43659,Bentley,Bentayga,Bentayga,bentley,bentayga,7:bentley|bentayga,base_model
43660,Dodge,Durango SRT AWD,Durango,dodge,durango,5:dodge|durango,base_model
43661,Jeep,Grand Cherokee Trackhawk 4WD,Grand Cherokee,jeep,grand cherokee,4:jeep|grand cherokee,base_model
43668,Ford,Mustang HO Coupe,Mustang,ford,mustang,4:ford|mustang,base_model
43670,Ford,Mustang HO Coupe,Mustang,ford,mustang,4:ford|mustang,base_model
43682,Jeep,Wrangler 4dr 4WD,Wrangler,jeep,wrangler,4:jeep|wrangler,base_model
43695,Nissan,Armada 4WD,Armada,nissan,armada,6:nissan|armada,base_model
43696,Nissan,Armada 4WD,Armada,nissan,armada,6:nissan|armada,base_model
43703,Acura,MDX FWD,MDX,acura,mdx,5:acura|mdx,base_model
43706,Mitsubishi,Eclipse Cross ES 2WD,Eclipse Cross,mitsubishi,eclipse cross,10:mitsubishi|eclipse cross,base_model
43707,Acura,MDX AWD,MDX,acura,mdx,5:acura|mdx,base_model
43709,Mitsubishi,Eclipse Cross ES 4WD,Eclipse Cross,mitsubishi,eclipse cross,10:mitsubishi|eclipse cross,base_model
43717,Lincoln,Nautilus AWD,Nautilus,lincoln,nautilus,7:lincoln|nautilus,base_model
43718,Lincoln,Nautilus AWD,Nautilus,lincoln,nautilus,7:lincoln|nautilus,base_model
43719,Lincoln,Nautilus AWD,Nautilus,lincoln,nautilus,7:lincoln|nautilus,base_model
43735,Porsche,Panamera Turbo S ST,Panamera,porsche,panamera,7:porsche|panamera,base_model
43737,Nissan,Rogue Sport,Rogue Sport,nissan,rogue,6:nissan|rogue,audited_alias
43748,Genesis,G70 RWD,G70,genesis,g70,7:genesis|g70,base_model
43749,Kia,Sportage FWD,Sportage,kia,sportage,3:kia|sportage,base_model
43750,Kia,Sportage FWD,Sportage,kia,sportage,3:kia|sportage,base_model
43751,Mitsubishi,Outlander 2WD,Outlander,mitsubishi,outlander,10:mitsubishi|outlander,base_model
43757,Lamborghini,Aventador Sian Coupe,Aventador,lamborghini,aventador,11:lamborghini|aventador,base_model
43758,Lamborghini,Aventador Sian Roadster,Aventador,lamborghini,aventador,11:lamborghini|aventador,base_model
43759,BMW,M8 Convertible,M,bmw,8 series,3:bmw|8 series,audited_alias
43760,Jaguar,E-Pace,E-Pace,jaguar,e-pace,6:jaguar|e-pace,base_model
43763,Hyundai,Kona FWD,Kona,hyundai,kona,7:hyundai|kona,base_model
43764,Hyundai,Kona FWD,Kona,hyundai,kona,7:hyundai|kona,base_model
43767,Porsche,Panamera 4S Executive,Panamera,porsche,panamera,7:porsche|panamera,base_model
43772,Nissan,Rogue AWD,Rogue,nissan,rogue,6:nissan|rogue,audited_alias
43773,Nissan,Rogue AWD SL/Platinum,Rogue,nissan,rogue,6:nissan|rogue,audited_alias
43781,MINI,Cooper S Convertible,Cooper,mini,cooper,4:mini|cooper,base_model
43784,MINI,Cooper Hardtop 2 door,Cooper,mini,cooper,4:mini|cooper,base_model
43785,MINI,Cooper Hardtop 2 door,Cooper,mini,cooper,4:mini|cooper,base_model
43790,MINI,John Cooper Works Hardtop 2 door,John Cooper Works,mini,countryman,4:mini|countryman,audited_alias
43791,Genesis,G70 AWD,G70,genesis,g70,7:genesis|g70,base_model
43798,MINI,Cooper S Clubman,Clubman,mini,clubman,4:mini|clubman,base_model
43805,BMW,M850i xDrive Convertible,8 Series,bmw,8 series,3:bmw|8 series,audited_alias
43810,Buick,Encore FWD,Encore,buick,encore,5:buick|encore,base_model
43812,Buick,Encore AWD,Encore,buick,encore,5:buick|encore,base_model
43822,MINI,Cooper S Convertible,Cooper,mini,cooper,4:mini|cooper,base_model
43830,MINI,John Cooper Works Hardtop 2 door,John Cooper Works,mini,countryman,4:mini|countryman,audited_alias
43833,BMW,X2 sDrive28i,X2,bmw,x2,3:bmw|x2,base_model
43837,MINI,Cooper S Countryman,Countryman,mini,countryman,4:mini|countryman,audited_alias
43838,MINI,Cooper S Countryman All4,Countryman,mini,countryman,4:mini|countryman,audited_alias
43839,MINI,Cooper S Clubman All4,Clubman,mini,clubman,4:mini|clubman,base_model
43844,Genesis,G90 AWD,G90,genesis,g90,7:genesis|g90,base_model
43845,Genesis,G90 RWD,G90,genesis,g90,7:genesis|g90,base_model
43846,Genesis,G90 AWD,G90,genesis,g90,7:genesis|g90,base_model
43847,Genesis,G90 RWD,G90,genesis,g90,7:genesis|g90,base_model
43854,Buick,Encore GX FWD,Encore,buick,encore,5:buick|encore,base_model
43855,Buick,Encore GX FWD,Encore,buick,encore,5:buick|encore,base_model
43859,Buick,Encore GX AWD,Encore,buick,encore,5:buick|encore,base_model
43863,Kia,Seltos AWD,Seltos,kia,seltos,3:kia|seltos,base_model
43864,Kia,Seltos AWD,Seltos,kia,seltos,3:kia|seltos,base_model
43890,McLaren Automotive,Sabre,Sabre,mclaren automotive,sabre,18:mclaren automotive|sabre,base_model
43891,Rolls-Royce,Dawn Black Badge,Dawn,rolls-royce,dawn,11:rolls-royce|dawn,base_model
43892,Rolls-Royce,Wraith Black Badge,Wraith,rolls-royce,wraith,11:rolls-royce|wraith,base_model
43893,Rolls-Royce,Ghost Black Badge,Ghost,rolls-royce,ghost,11:rolls-royce|ghost,base_model
43897,Kia,K5,K5,kia,k5,3:kia|k5,base_model
43898,Kia,K5,K5,kia,k5,3:kia|k5,base_model
43900,Kia,K5,K5,kia,k5,3:kia|k5,base_model
43901,Volkswagen,Taos,Taos,volkswagen,taos,10:volkswagen|taos,base_model
43902,Volkswagen,Taos 4motion,Taos,volkswagen,taos,10:volkswagen|taos,base_model
43903,Land Rover,Range Rover Sport,Range Rover,land rover,range rover,10:land rover|range rover,base_model
43904,Land Rover,Range Rover Sport SVR,Range Rover,land rover,range rover,10:land rover|range rover,base_model
43926,Genesis,G70 AWD,G70,genesis,g70,7:genesis|g70,base_model
43927,Genesis,G70 RWD,G70,genesis,g70,7:genesis|g70,base_model
43950,Nissan,Pathfinder 4WD,Pathfinder,nissan,pathfinder,6:nissan|pathfinder,base_model
43958,Buick,Envision FWD,Envision,buick,envision,5:buick|envision,base_model
43961,Buick,Envision AWD,Envision,buick,envision,5:buick|envision,base_model
43962,Cadillac,XT4 AWD,XT4,cadillac,xt4,8:cadillac|xt4,base_model
43963,Hyundai,Palisade FWD,Palisade,hyundai,palisade,7:hyundai|palisade,base_model
43966,Acura,TLX Type-S,TLX,acura,tlx,5:acura|tlx,base_model
43967,Acura,TLX Type-S Perf Tire,TLX,acura,tlx,5:acura|tlx,base_model
43973,Genesis,G80 AWD,G80,genesis,g80,7:genesis|g80,base_model
43975,Hyundai,Sonata,Sonata,hyundai,sonata,7:hyundai|sonata,base_model
43976,Hyundai,Sonata,Sonata,hyundai,sonata,7:hyundai|sonata,base_model
43977,Hyundai,Sonata,Sonata,hyundai,sonata,7:hyundai|sonata,base_model
43978,Hyundai,Sonata,Sonata,hyundai,sonata,7:hyundai|sonata,base_model
43983,Hyundai,Santa Cruz AWD,Santa Cruz,hyundai,santa cruz,7:hyundai|santa cruz,base_model
43984,Hyundai,Santa Cruz AWD,Santa Cruz,hyundai,santa cruz,7:hyundai|santa cruz,base_model
44006,Cadillac,CT4 V,CT4,cadillac,ct4,8:cadillac|ct4,base_model
44007,Cadillac,CT4 V,CT4,cadillac,ct4,8:cadillac|ct4,base_model
44033,Cadillac,Escalade 2WD,Escalade,cadillac,escalade,8:cadillac|escalade,base_model
44034,Chevrolet,Tahoe 2WD,Tahoe,chevrolet,tahoe,9:chevrolet|tahoe,base_model
44038,GMC,Yukon 2WD,Yukon,gmc,yukon,3:gmc|yukon,base_model
44039,GMC,Yukon XL 2WD,Yukon,gmc,yukon,3:gmc|yukon,base_model
44040,GMC,Yukon 2WD,Yukon,gmc,yukon,3:gmc|yukon,base_model
44041,GMC,Yukon XL 2WD,Yukon,gmc,yukon,3:gmc|yukon,base_model
44042,Cadillac,Escalade 4WD,Escalade,cadillac,escalade,8:cadillac|escalade,base_model
44043,Chevrolet,Tahoe 4WD,Tahoe,chevrolet,tahoe,9:chevrolet|tahoe,base_model
44045,Chevrolet,Tahoe 4WD,Tahoe,chevrolet,tahoe,9:chevrolet|tahoe,base_model
44053,Jaguar,F-Type R AWD Coupe,F-Type,jaguar,f-type,6:jaguar|f-type,base_model
44064,Subaru,Impreza Sport 5-Door,Impreza,subaru,impreza,6:subaru|impreza,audited_alias
44065,Subaru,Impreza Sport 5-Door,Impreza,subaru,impreza,6:subaru|impreza,audited_alias
44067,Jeep,Grand Wagoneer 2WD,Grand Wagoneer,jeep,grand wagoneer,4:jeep|grand wagoneer,base_model
44068,Jeep,Grand Wagoneer 4WD,Grand Wagoneer,jeep,grand wagoneer,4:jeep|grand wagoneer,base_model
44085,Buick,Enclave FWD,Enclave,buick,enclave,5:buick|enclave,base_model
44087,Buick,Enclave AWD,Enclave,buick,enclave,5:buick|enclave,base_model
44089,Roush Performance,Mustang,Mustang,roush performance,mustang,17:roush performance|mustang,audited_alias
44092,Jeep,Wrangler 4dr 4WD,Wrangler,jeep,wrangler,4:jeep|wrangler,base_model
44097,Audi,TT Roadster quattro,TT,audi,tt,4:audi|tt,audited_alias
44098,Lamborghini,Huracan Spyder,Huracan,lamborghini,huracan,11:lamborghini|huracan,base_model
44099,Lamborghini,Huracan Coupe,Huracan,lamborghini,huracan,11:lamborghini|huracan,base_model
44100,Lamborghini,Huracan Spyder RWD,Huracan,lamborghini,huracan,11:lamborghini|huracan,base_model
44101,Lamborghini,Huracan Coupe RWD,Huracan,lamborghini,huracan,11:lamborghini|huracan,base_model
44102,Bentley,Continental GT V8 Convertible,Continental,bentley,continental,7:bentley|continental,audited_alias
44109,Bentley,Continental GT,Continental,bentley,continental,7:bentley|continental,audited_alias
44126,Bentley,Flying Spur,Flying Spur,bentley,flying spur,7:bentley|flying spur,base_model
44127,Cadillac,CT5 AWD,CT5,cadillac,ct5,8:cadillac|ct5,base_model
44129,Cadillac,CT5,CT5,cadillac,ct5,8:cadillac|ct5,base_model
44131,Honda,Civic 4Dr,Civic,honda,civic,5:honda|civic,base_model
44132,Honda,Civic 4Dr,Civic,honda,civic,5:honda|civic,base_model
44133,Honda,Civic 4Dr,Civic,honda,civic,5:honda|civic,base_model
44134,Honda,Civic 4Dr,Civic,honda,civic,5:honda|civic,base_model
44136,Volkswagen,Passat,Passat,volkswagen,passat,10:volkswagen|passat,base_model
44142,Volkswagen,Tiguan,Tiguan,volkswagen,tiguan,10:volkswagen|tiguan,base_model
44147,Audi,Q3 S line quattro,Q3,audi,q3,4:audi|q3,base_model
44149,Volkswagen,Tiguan 4motion,Tiguan,volkswagen,tiguan,10:volkswagen|tiguan,base_model
44156,Bentley,Bentayga,Bentayga,bentley,bentayga,7:bentley|bentayga,base_model
44157,Lamborghini,Urus,Urus,lamborghini,urus,11:lamborghini|urus,base_model
44161,Roush Performance,Mustang,Mustang,roush performance,mustang,17:roush performance|mustang,audited_alias
44167,Jaguar,F-Type P450 RWD Coupe,F-Type,jaguar,f-type,6:jaguar|f-type,base_model
44168,Jaguar,F-Type P450 RWD Convertible,F-Type,jaguar,f-type,6:jaguar|f-type,base_model
44171,BMW,430i xDrive Coupe,4 Series,bmw,4 series,3:bmw|4 series,base_model
44178,Acura,ILX,ILX,acura,ilx,5:acura|ilx,base_model
44184,BMW,M3 Competition Sedan,M,bmw,8 series,3:bmw|8 series,audited_alias
44200,Volkswagen,Atlas 4motion,Atlas,volkswagen,atlas,10:volkswagen|atlas,base_model
44203,Volkswagen,Atlas 4motion,Atlas,volkswagen,atlas,10:volkswagen|atlas,base_model
44204,Volvo,XC40 T5 AWD,XC40,volvo,xc40,5:volvo|xc40,base_model
44209,Volvo,XC90 T5 AWD,XC90,volvo,xc90,5:volvo|xc90,base_model
44215,Cadillac,CT5,CT5,cadillac,ct5,8:cadillac|ct5,base_model
44216,Cadillac,CT5 AWD,CT5,cadillac,ct5,8:cadillac|ct5,base_model
44226,Jaguar,F-Type P450 AWD R-Dynamic Coupe,F-Type,jaguar,f-type,6:jaguar|f-type,base_model
44227,Jaguar,F-Type P450 AWD R-Dynamic Convertible,F-Type,jaguar,f-type,6:jaguar|f-type,base_model
44236,Cadillac,CT4 V AWD,CT4,cadillac,ct4,8:cadillac|ct4,base_model
44237,Toyota,Corolla Hatchback,Corolla,toyota,corolla,6:toyota|corolla,base_model
44238,Toyota,Corolla Hatchback,Corolla,toyota,corolla,6:toyota|corolla,base_model
44243,Alfa Romeo,Giulia,Giulia,alfa romeo,giulia,10:alfa romeo|giulia,base_model
44247,BMW,M5 Competition Sedan,M,bmw,8 series,3:bmw|8 series,audited_alias
44248,Rolls-Royce,Phantom,Phantom,rolls-royce,phantom,11:rolls-royce|phantom,base_model
44249,Rolls-Royce,Phantom Extended,Phantom,rolls-royce,phantom,11:rolls-royce|phantom,base_model
44250,Honda,HR-V AWD,HR-V,honda,hr-v,5:honda|hr-v,base_model
44251,Honda,HR-V AWD,HR-V,honda,hr-v,5:honda|hr-v,base_model
44254,Rolls-Royce,Cullinan,Cullinan,rolls-royce,cullinan,11:rolls-royce|cullinan,base_model
44255,Rolls-Royce,Cullinan Black Badge,Cullinan,rolls-royce,cullinan,11:rolls-royce|cullinan,base_model
44259,Alfa Romeo,Stelvio AWD,Stelvio,alfa romeo,stelvio,10:alfa romeo|stelvio,base_model
44260,Jaguar,E-Pace,E-Pace,jaguar,e-pace,6:jaguar|e-pace,base_model
44264,Subaru,Ascent,Ascent,subaru,ascent,6:subaru|ascent,base_model
44265,Subaru,Ascent Limited/Touring/Onyx AWD,Ascent,subaru,ascent,6:subaru|ascent,base_model
44270,Maserati,MC20,MC20,maserati,mc20,8:maserati|mc20,base_model
44271,Subaru,BRZ,BRZ,subaru,brz,6:subaru|brz,base_model
44272,Subaru,BRZ,BRZ,subaru,brz,6:subaru|brz,base_model
44273,Audi,TTS Coupe quattro,TTS Coupe,audi,tts,4:audi|tts,audited_alias
44275,BMW,230i Coupe,2 Series,bmw,2 series,3:bmw|2 series,base_model
44277,BMW,430i Coupe,4 Series,bmw,4 series,3:bmw|4 series,base_model
44290,Mitsubishi,Mirage G4,Mirage,mitsubishi,mirage,10:mitsubishi|mirage,base_model
44291,Mitsubishi,Mirage G4,Mirage,mitsubishi,mirage,10:mitsubishi|mirage,base_model
44295,Maserati,Ghibli Modena AWD,Ghibli,maserati,ghibli,8:maserati|ghibli,base_model
44296,Maserati,Ghibli GT,Ghibli,maserati,ghibli,8:maserati|ghibli,base_model
44298,Genesis,G80 AWD,G80,genesis,g80,7:genesis|g80,base_model
44300,Maserati,Quattroporte Modena AWD,Quattroporte,maserati,quattroporte,8:maserati|quattroporte,base_model
44301,Maserati,Quattroporte Modena RWD,Quattroporte,maserati,quattroporte,8:maserati|quattroporte,base_model
44302,Maserati,Quattroporte GT,Quattroporte,maserati,quattroporte,8:maserati|quattroporte,base_model
44303,Rolls-Royce,Ghost,Ghost,rolls-royce,ghost,11:rolls-royce|ghost,base_model
44304,Rolls-Royce,Ghost Extended,Ghost,rolls-royce,ghost,11:rolls-royce|ghost,base_model
44305,Rolls-Royce,Ghost Black Badge,Ghost,rolls-royce,ghost,11:rolls-royce|ghost,base_model
44307,Genesis,GV80 RWD,GV80,genesis,gv80,7:genesis|gv80,base_model
44309,Mitsubishi,Outlander Sport 2WD,Outlander,mitsubishi,outlander,10:mitsubishi|outlander,base_model
44310,Mitsubishi,Outlander Sport 2WD,Outlander,mitsubishi,outlander,10:mitsubishi|outlander,base_model
44317,BMW,X4 M,X4,bmw,x4,3:bmw|x4,base_model
44320,Mitsubishi,Outlander Sport 4WD,Outlander,mitsubishi,outlander,10:mitsubishi|outlander,base_model
44321,Mitsubishi,Outlander Sport 4WD,Outlander,mitsubishi,outlander,10:mitsubishi|outlander,base_model
44330,BMW,X6 M,X6,bmw,x6,3:bmw|x6,base_model
44334,BMW,Alpina XB7,X7,bmw,x7,3:bmw|x7,base_model
44336,Genesis,GV80 AWD,GV80,genesis,gv80,7:genesis|gv80,base_model
44338,Maserati,Levante Modena,Levante,maserati,levante,8:maserati|levante,base_model
44339,Maserati,Levante GT,Levante,maserati,levante,8:maserati|levante,base_model
44340,Maserati,Levante Modena V8,Levante,maserati,levante,8:maserati|levante,base_model
44341,Maserati,Levante Trofeo,Levante,maserati,levante,8:maserati|levante,base_model
44345,Toyota,Camry XSE,Camry,toyota,camry,6:toyota|camry,base_model
44408,Land Rover,Range Rover LWB SVA,Range Rover,land rover,range rover,10:land rover|range rover,base_model
44413,Ferrari,F8 Spider,F8 Spider,ferrari,f8 spider,7:ferrari|f8 spider,base_model
44414,Ferrari,812 GTS,812 GTS,ferrari,812 gts,7:ferrari|812 gts,base_model
44417,Porsche,911 Carrera S,911,porsche,911,7:porsche|911,base_model
44418,Porsche,911 Carrera S,911,porsche,911,7:porsche|911,base_model
44428,Porsche,911 Targa 4S,911,porsche,911,7:porsche|911,base_model
44429,Porsche,911 Targa 4,911,porsche,911,7:porsche|911,base_model
44430,Ferrari,Roma,Roma,ferrari,roma,7:ferrari|roma,base_model
44440,Toyota,4Runner 4WD,4Runner,toyota,4runner,6:toyota|4runner,base_model
44441,Toyota,4Runner 4WD,4Runner,toyota,4runner,6:toyota|4runner,base_model
44452,Ferrari,F8 Tributo,F8 Tributo,ferrari,f8 tributo,7:ferrari|f8 tributo,base_model
44453,Ferrari,812 Competizione,812 Competizione,ferrari,812 competizione,7:ferrari|812 competizione,base_model
44454,Lexus,ES 350,ES,lexus,es,5:lexus|es,base_model
44463,Ferrari,Portofino M,Portofino,ferrari,portofino,7:ferrari|portofino,base_model
44484,Subaru,Forester AWD,Forester,subaru,forester,6:subaru|forester,base_model
44485,Subaru,Forester Wilderness AWD,Forester,subaru,forester,6:subaru|forester,base_model
44486,Infiniti,QX80 2WD,QX80,infiniti,qx80,8:infiniti|qx80,base_model
44487,Lincoln,Aviator RWD,Aviator,lincoln,aviator,7:lincoln|aviator,base_model
44490,Lincoln,Aviator AWD,Aviator,lincoln,aviator,7:lincoln|aviator,base_model
44498,Bugatti,Chiron,Chiron,bugatti,chiron,7:bugatti|chiron,base_model
44499,Bugatti,Chiron Super Sport,Chiron,bugatti,chiron,7:bugatti|chiron,base_model
44500,Bugatti,Chiron Pur Sport,Chiron,bugatti,chiron,7:bugatti|chiron,base_model
44511,Porsche,718 Spyder,718,porsche,718,7:porsche|718,base_model
44512,Porsche,718 Spyder,718,porsche,718,7:porsche|718,base_model
44523,Bentley,Continental GT Speed Convertible,Continental,bentley,continental,7:bentley|continental,audited_alias
44524,Bentley,Continental GT Speed,Continental,bentley,continental,7:bentley|continental,audited_alias
44525,Infiniti,Q60,Q60,infiniti,q60,8:infiniti|q60,base_model
44526,Infiniti,Q60 Red Sport,Q60,infiniti,q60,8:infiniti|q60,base_model
44527,Infiniti,Q60 Red Sport AWD,Q60,infiniti,q60,8:infiniti|q60,base_model
44528,Infiniti,Q60 AWD,Q60,infiniti,q60,8:infiniti|q60,base_model
44533,Lexus,RC 300,RC,lexus,rc,5:lexus|rc,audited_alias
44534,Lexus,IS 300 AWD,IS,lexus,is,5:lexus|is,base_model
44535,Lexus,IS 350,IS,lexus,is,5:lexus|is,base_model
44540,Bentley,Flying Spur,Flying Spur,bentley,flying spur,7:bentley|flying spur,base_model
44544,Infiniti,Q50 Red Sport  AWD,Q50,infiniti,q50,8:infiniti|q50,base_model
44555,Infiniti,QX60 FWD,QX60,infiniti,qx60,8:infiniti|qx60,base_model
44556,Bentley,Bentayga Speed,Bentayga,bentley,bentayga,7:bentley|bentayga,base_model
44557,Infiniti,QX60 AWD,QX60,infiniti,qx60,8:infiniti|qx60,base_model
44559,Kia,Rio,Rio,kia,rio,3:kia|rio,base_model
44560,Kia,Forte,Forte,kia,forte,3:kia|forte,base_model
44561,Kia,Forte,Forte,kia,forte,3:kia|forte,base_model
44563,Kia,Forte,Forte,kia,forte,3:kia|forte,base_model
44570,Porsche,Panamera,Panamera,porsche,panamera,7:porsche|panamera,base_model
44589,Jeep,Compass 4WD,Compass,jeep,compass,4:jeep|compass,base_model
44593,Toyota,Corolla Cross 4WD,Corolla Cross,toyota,corolla cross,6:toyota|corolla cross,base_model
44610,McLaren Automotive,720S Coupe,720S Coupe,mclaren automotive,720s coupe,18:mclaren automotive|720s coupe,base_model
44611,McLaren Automotive,720S Spider,720S Spider,mclaren automotive,720s spider,18:mclaren automotive|720s spider,base_model
44620,Acura,TLX FWD A-SPEC,TLX,acura,tlx,5:acura|tlx,base_model
44621,Acura,TLX Type-S,TLX,acura,tlx,5:acura|tlx,base_model
44622,Acura,TLX Type-S Perf Tire,TLX,acura,tlx,5:acura|tlx,base_model
44648,Lexus,NX 250,NX,lexus,nx,5:lexus|nx,base_model
44655,Mercedes-Benz,GLA250 4matic,GLA-Class,mercedes-benz,gla-class,13:mercedes-benz|gla-class,base_model
44656,Toyota,Highlander AWD,Highlander,toyota,highlander,6:toyota|highlander,base_model
44677,Porsche,Cayenne S,Cayenne,porsche,cayenne,7:porsche|cayenne,base_model
44686,McLaren Automotive,GT,GT,mclaren automotive,gt,18:mclaren automotive|gt,base_model
44687,McLaren Automotive,720S Coupe,720S Coupe,mclaren automotive,720s coupe,18:mclaren automotive|720s coupe,base_model
44688,McLaren Automotive,720S Spider,720S Spider,mclaren automotive,720s spider,18:mclaren automotive|720s spider,base_model
44689,McLaren Automotive,720S Coupe LM,720S Coupe,mclaren automotive,720s coupe,18:mclaren automotive|720s coupe,base_model
44690,McLaren Automotive,Elva,Elva,mclaren automotive,elva,18:mclaren automotive|elva,base_model
44692,Lexus,LC 500,LC,lexus,lc,5:lexus|lc,base_model
44699,Jaguar,XF P250 AWD,XF,jaguar,xf,6:jaguar|xf,base_model
44700,Jaguar,XF P300 AWD,XF,jaguar,xf,6:jaguar|xf,base_model
44701,Mercedes-Benz,E350 4matic,E-Class,mercedes-benz,e-class,13:mercedes-benz|e-class,base_model
44708,Fiat,500X AWD,500,fiat,500,4:fiat|500,audited_alias
44714,Land Rover,Range Rover Velar,Range Rover,land rover,range rover,10:land rover|range rover,base_model
44715,Lincoln,Nautilus AWD,Nautilus,lincoln,nautilus,7:lincoln|nautilus,base_model
44716,Lincoln,Nautilus AWD,Nautilus,lincoln,nautilus,7:lincoln|nautilus,base_model
44717,Lincoln,Nautilus AWD,Nautilus,lincoln,nautilus,7:lincoln|nautilus,base_model
44756,Volkswagen,Jetta SE/SEL,Jetta,volkswagen,jetta,10:volkswagen|jetta,base_model
44766,Acura,RDX FWD,RDX,acura,rdx,5:acura|rdx,base_model
44768,Acura,RDX AWD,RDX,acura,rdx,5:acura|rdx,base_model
44773,Jeep,Grand Cherokee L 2WD,Grand Cherokee,jeep,grand cherokee,4:jeep|grand cherokee,base_model
44774,Jeep,Grand Cherokee L 4WD,Grand Cherokee,jeep,grand cherokee,4:jeep|grand cherokee,base_model
44775,Jeep,Grand Cherokee L 4WD,Grand Cherokee,jeep,grand cherokee,4:jeep|grand cherokee,base_model
44803,Nissan,Altima,Altima,nissan,altima,6:nissan|altima,base_model
44805,Nissan,Altima AWD,Altima,nissan,altima,6:nissan|altima,base_model
44807,Nissan,Altima SV/SL,Altima,nissan,altima,6:nissan|altima,base_model
44810,Ford,Escape FWD,Escape,ford,escape,4:ford|escape,base_model
44812,Lincoln,Corsair FWD,Corsair,lincoln,corsair,7:lincoln|corsair,base_model
44818,Jeep,Renegade 4WD,Renegade,jeep,renegade,4:jeep|renegade,base_model
44819,Lincoln,Corsair AWD,Corsair,lincoln,corsair,7:lincoln|corsair,base_model
44820,Lincoln,Corsair AWD,Corsair,lincoln,corsair,7:lincoln|corsair,base_model
44823,Ford,Explorer AWD,Explorer,ford,explorer,4:ford|explorer,base_model
44826,Ford,Explorer AWD,Explorer,ford,explorer,4:ford|explorer,base_model
44835,Jaguar,F-Type Coupe,F-Type,jaguar,f-type,6:jaguar|f-type,base_model
44836,Jaguar,F-Type Convertible,F-Type,jaguar,f-type,6:jaguar|f-type,base_model
44837,Jaguar,XE P250,XE,jaguar,xe,6:jaguar|xe,base_model
44838,Jaguar,XE P250 AWD,XE,jaguar,xe,6:jaguar|xe,base_model
44839,Jaguar,XE P300 AWD,XE,jaguar,xe,6:jaguar|xe,base_model
44840,Jaguar,XF P250 AWD,XF,jaguar,xf,6:jaguar|xf,base_model
44843,Land Rover,Range Rover Velar,Range Rover,land rover,range rover,10:land rover|range rover,base_model
44845,Mercedes-Benz,C300 4matic Convertible,C-Class,mercedes-benz,c-class,13:mercedes-benz|c-class,base_model
44846,Honda,Civic 4Dr,Civic,honda,civic,5:honda|civic,base_model
44850,Nissan,Murano AWD,Murano,nissan,murano,6:nissan|murano,base_model
44853,Jeep,Renegade 2WD,Renegade,jeep,renegade,4:jeep|renegade,base_model
44854,Jeep,Renegade Trailhawk 4WD,Renegade,jeep,renegade,4:jeep|renegade,base_model
44885,McLaren Automotive,765LT Coupe,765LT Coupe,mclaren automotive,765lt coupe,18:mclaren automotive|765lt coupe,base_model
44886,Aston Martin,DB11 V8,DB11,aston martin,db11,12:aston martin|db11,base_model
44891,Nissan,Sentra SR,Sentra,nissan,sentra,6:nissan|sentra,base_model
44935,Aston Martin,Vantage V8,Vantage,aston martin,vantage,12:aston martin|vantage,audited_alias
44936,Aston Martin,DBS,DBS,aston martin,dbs,12:aston martin|dbs,base_model
44937,Aston Martin,DB11 V12,DB11,aston martin,db11,12:aston martin|db11,base_model
44938,Alfa Romeo,Giulia,Giulia,alfa romeo,giulia,10:alfa romeo|giulia,base_model
44939,Alfa Romeo,Giulia AWD,Giulia,alfa romeo,giulia,10:alfa romeo|giulia,base_model
44941,Infiniti,QX50,QX50,infiniti,qx50,8:infiniti|qx50,base_model
44942,Nissan,Rogue FWD,Rogue,nissan,rogue,6:nissan|rogue,audited_alias
44943,Nissan,Rogue FWD SL/Platinum,Rogue,nissan,rogue,6:nissan|rogue,audited_alias
44944,Alfa Romeo,Stelvio AWD,Stelvio,alfa romeo,stelvio,10:alfa romeo|stelvio,base_model
44946,Infiniti,QX50 AWD,QX50,infiniti,qx50,8:infiniti|qx50,base_model
44949,Aston Martin,DBX V8,DBX V8,aston martin,dbx v8,12:aston martin|dbx v8,base_model
44950,Lamborghini,Aventador Coupe,Aventador,lamborghini,aventador,11:lamborghini|aventador,base_model
44974,Ford,Explorer AWD,Explorer,ford,explorer,4:ford|explorer,base_model
44977,Ford,Explorer AWD,Explorer,ford,explorer,4:ford|explorer,base_model
45024,Lamborghini,Aventador Roadster,Aventador,lamborghini,aventador,11:lamborghini|aventador,base_model
45025,Lamborghini,Aventador Countach,Aventador,lamborghini,aventador,11:lamborghini|aventador,base_model
45026,Mazda,MX-5,MX-5,mazda,mx-5,5:mazda|mx-5,base_model
45027,Mazda,MX-5,MX-5,mazda,mx-5,5:mazda|mx-5,base_model
45028,Mazda,3 4-Door 2WD,3,mazda,3,5:mazda|3,base_model
45029,Mazda,3 4-Door 2WD,3,mazda,3,5:mazda|3,base_model
45030,Mazda,3 4-Door 4WD,3,mazda,3,5:mazda|3,base_model
45031,Mazda,3 4-Door 4WD,3,mazda,3,5:mazda|3,base_model
45032,Mazda,3 5-Door 2WD,3,mazda,3,5:mazda|3,base_model
45033,Mazda,3 5-Door 2WD,3,mazda,3,5:mazda|3,base_model
45034,Mazda,3 5-Door 4WD,3,mazda,3,5:mazda|3,base_model
45035,Mazda,3 5-Door 4WD,3,mazda,3,5:mazda|3,base_model
45036,Nissan,Kicks,Kicks,nissan,kicks,6:nissan|kicks,base_model
45037,Alfa Romeo,Stelvio,Stelvio,alfa romeo,stelvio,10:alfa romeo|stelvio,base_model
45038,Dodge,Durango RWD,Durango,dodge,durango,5:dodge|durango,base_model
45040,Acura,MDX AWD Type-S,MDX,acura,mdx,5:acura|mdx,base_model
45059,Subaru,WRX,WRX,subaru,wrx,6:subaru|wrx,base_model
45060,Subaru,WRX,WRX,subaru,wrx,6:subaru|wrx,base_model
45065,Dodge,Challenger,Challenger,dodge,challenger,5:dodge|challenger,base_model
45066,Dodge,Challenger,Challenger,dodge,challenger,5:dodge|challenger,base_model
45067,Dodge,Challenger,Challenger,dodge,challenger,5:dodge|challenger,base_model
45068,Dodge,Challenger,Challenger,dodge,challenger,5:dodge|challenger,base_model
45070,Dodge,Challenger SRT,Challenger,dodge,challenger,5:dodge|challenger,base_model
45071,Dodge,Challenger SRT,Challenger,dodge,challenger,5:dodge|challenger,base_model
45077,Chrysler,300,300,chrysler,300,8:chrysler|300,base_model
45078,Chrysler,300,300,chrysler,300,8:chrysler|300,base_model
45079,Chrysler,300 AWD,300,chrysler,300,8:chrysler|300,base_model
45083,Dodge,Charger SRT Widebody,Charger,dodge,charger,5:dodge|charger,base_model
45084,Dodge,Charger Widebody,Charger,dodge,charger,5:dodge|charger,base_model
45086,Mercedes-Benz,AMG GLA45 4matic,GLA-Class,mercedes-benz,gla-class,13:mercedes-benz|gla-class,base_model
45096,Jeep,Cherokee Trailhawk 4WD,Cherokee,jeep,cherokee,4:jeep|cherokee,base_model
45097,Dodge,Durango RWD,Durango,dodge,durango,5:dodge|durango,base_model
45105,Land Rover,Defender 110,Defender,land rover,defender,10:land rover|defender,base_model
45109,Land Rover,Defender 110,Defender,land rover,defender,10:land rover|defender,base_model
45114,Mazda,CX-30 4WD,CX-30,mazda,cx-30,5:mazda|cx-30,base_model
45115,Mazda,CX-30 4WD,CX-30,mazda,cx-30,5:mazda|cx-30,base_model
45123,Porsche,911 Carrera 4 GTS Cabriolet,911,porsche,911,7:porsche|911,base_model
45124,Porsche,911 Carrera 4 GTS Cabriolet,911,porsche,911,7:porsche|911,base_model
45127,Volkswagen,Arteon,Arteon,volkswagen,arteon,10:volkswagen|arteon,base_model
45128,Volkswagen,Arteon 4motion,Arteon,volkswagen,arteon,10:volkswagen|arteon,base_model
45158,Land Rover,Discovery Sport,Discovery,land rover,discovery,10:land rover|discovery,base_model
45182,Jaguar,F-Type P450 RWD Coupe,F-Type,jaguar,f-type,6:jaguar|f-type,base_model
45183,Jaguar,F-Type P450 RWD Convertible,F-Type,jaguar,f-type,6:jaguar|f-type,base_model
45184,Jaguar,F-Type P450 AWD R-Dynamic Coupe,F-Type,jaguar,f-type,6:jaguar|f-type,base_model
45185,Jaguar,F-Type P450 AWD R-Dynamic Convertible,F-Type,jaguar,f-type,6:jaguar|f-type,base_model
45186,Genesis,G70 AWD,G70,genesis,g70,7:genesis|g70,base_model
45193,McLaren Automotive,765LT Spider,765LT Spider,mclaren automotive,765lt spider,18:mclaren automotive|765lt spider,base_model
45194,McLaren Automotive,GT,GT,mclaren automotive,gt,18:mclaren automotive|gt,base_model
45202,Genesis,G70 AWD,G70,genesis,g70,7:genesis|g70,base_model
45204,Genesis,GV70 AWD,GV70,genesis,gv70,7:genesis|gv70,base_model
45205,Genesis,GV70 AWD,GV70,genesis,gv70,7:genesis|gv70,base_model
45206,Genesis,GV70 AWD,GV70,genesis,gv70,7:genesis|gv70,base_model
45221,MINI,Cooper Convertible,Cooper,mini,cooper,4:mini|cooper,base_model
45222,MINI,Cooper Convertible,Cooper,mini,cooper,4:mini|cooper,base_model
45227,MINI,Cooper Hardtop 2 door,Cooper,mini,cooper,4:mini|cooper,base_model
45228,MINI,Cooper Hardtop 2 door,Cooper,mini,cooper,4:mini|cooper,base_model
45241,MINI,John Cooper Works Clubman All4,John Cooper Works,mini,countryman,4:mini|countryman,audited_alias
45243,Genesis,G90 AWD,G90,genesis,g90,7:genesis|g90,base_model
45245,Mitsubishi,Eclipse Cross 2WD,Eclipse Cross,mitsubishi,eclipse cross,10:mitsubishi|eclipse cross,base_model
45246,Mitsubishi,Eclipse Cross ES 2WD,Eclipse Cross,mitsubishi,eclipse cross,10:mitsubishi|eclipse cross,base_model
45250,Mazda,CX-50 4WD,CX-50,mazda,cx-50,5:mazda|cx-50,base_model
45251,Mazda,CX-50 4WD,CX-50,mazda,cx-50,5:mazda|cx-50,base_model
45252,Mitsubishi,Eclipse Cross 4WD,Eclipse Cross,mitsubishi,eclipse cross,10:mitsubishi|eclipse cross,base_model
45253,Mitsubishi,Eclipse Cross ES 4WD,Eclipse Cross,mitsubishi,eclipse cross,10:mitsubishi|eclipse cross,base_model
45255,Land Rover,New Range Rover,Range Rover,land rover,range rover,10:land rover|range rover,base_model
45256,Land Rover,New Range Rover LWB,Range Rover,land rover,range rover,10:land rover|range rover,base_model
45262,MINI,John Cooper Works Convertible,John Cooper Works,mini,countryman,4:mini|countryman,audited_alias
45264,BMW,840i xDrive Coupe,8 Series,bmw,8 series,3:bmw|8 series,audited_alias
45271,MINI,John Cooper Works Hardtop 2 door,John Cooper Works,mini,countryman,4:mini|countryman,audited_alias
45272,MINI,John Cooper Works Hardtop 2 door,John Cooper Works,mini,countryman,4:mini|countryman,audited_alias
45277,BMW,840i xDrive Gran Coupe,8 Series,bmw,8 series,3:bmw|8 series,audited_alias
45280,MINI,Cooper S Countryman,Countryman,mini,countryman,4:mini|countryman,audited_alias
45281,MINI,Cooper S Countryman All4,Countryman,mini,countryman,4:mini|countryman,audited_alias
45291,Jeep,Grand Wagoneer 2WD,Grand Wagoneer,jeep,grand wagoneer,4:jeep|grand wagoneer,base_model
45292,Jeep,Grand Wagoneer 4WD,Grand Wagoneer,jeep,grand wagoneer,4:jeep|grand wagoneer,base_model
45294,Hyundai,Elantra,Elantra,hyundai,elantra,7:hyundai|elantra,base_model
45295,Hyundai,Elantra,Elantra,hyundai,elantra,7:hyundai|elantra,base_model
45296,Hyundai,Elantra,Elantra,hyundai,elantra,7:hyundai|elantra,base_model
45299,Genesis,G80 AWD,G80,genesis,g80,7:genesis|g80,base_model
45301,Genesis,G80 AWD,G80,genesis,g80,7:genesis|g80,base_model
45305,Buick,Encore GX FWD,Encore,buick,encore,5:buick|encore,base_model
45306,Buick,Encore GX FWD,Encore,buick,encore,5:buick|encore,base_model
45310,Buick,Encore GX AWD,Encore,buick,encore,5:buick|encore,base_model
45319,Aston Martin,Vantage V8,Vantage,aston martin,vantage,12:aston martin|vantage,audited_alias
45320,Aston Martin,DB11 V8,DB11,aston martin,db11,12:aston martin|db11,base_model
45321,Aston Martin,DBX V8,DBX V8,aston martin,dbx v8,12:aston martin|dbx v8,base_model
45333,Lamborghini,Huracan Coupe,Huracan,lamborghini,huracan,11:lamborghini|huracan,base_model
45334,Lamborghini,Huracan Coupe 2WD,Huracan,lamborghini,huracan,11:lamborghini|huracan,base_model
45335,Lamborghini,Huracan Spyder,Huracan,lamborghini,huracan,11:lamborghini|huracan,base_model
45336,Lamborghini,Huracan Spyder 2WD,Huracan,lamborghini,huracan,11:lamborghini|huracan,base_model
45337,Acura,Integra,Integra,acura,integra,5:acura|integra,base_model
45338,Acura,Integra A-Spec,Integra,acura,integra,5:acura|integra,base_model
45339,Acura,Integra A-Spec,Integra,acura,integra,5:acura|integra,base_model
45341,Subaru,Crosstrek AWD,Crosstrek,subaru,crosstrek,6:subaru|crosstrek,base_model
45342,Subaru,Crosstrek AWD,Crosstrek,subaru,crosstrek,6:subaru|crosstrek,base_model
45351,Kia,Forte FE,Forte,kia,forte,3:kia|forte,base_model
45354,Maserati,Ghibli GT,Ghibli,maserati,ghibli,8:maserati|ghibli,base_model
45357,Kia,K5 AWD,K5,kia,k5,3:kia|k5,base_model
45359,Maserati,Quattroporte Trofeo,Quattroporte,maserati,quattroporte,8:maserati|quattroporte,base_model
45368,Buick,Envision FWD,Envision,buick,envision,5:buick|envision,base_model
45376,Buick,Envision AWD,Envision,buick,envision,5:buick|envision,base_model
45383,Buick,Enclave FWD,Enclave,buick,enclave,5:buick|enclave,base_model
45386,Aston Martin,DBX 707,DBX 707,aston martin,dbx 707,12:aston martin|dbx 707,base_model
45387,Buick,Enclave AWD,Enclave,buick,enclave,5:buick|enclave,base_model
45392,Maserati,Levante GT,Levante,maserati,levante,8:maserati|levante,base_model
45394,Maserati,Levante Trofeo,Levante,maserati,levante,8:maserati|levante,base_model
45396,Mercedes-Benz,AMG SL63 4matic Plus,SL-Class,mercedes-benz,sl-class,13:mercedes-benz|sl-class,base_model
45397,Mercedes-Benz,AMG SL55 4matic Plus,SL-Class,mercedes-benz,sl-class,13:mercedes-benz|sl-class,base_model
45399,Nissan,Z,Z,nissan,z,6:nissan|z,base_model
45400,Nissan,Z,Z,nissan,z,6:nissan|z,base_model
45414,Volkswagen,Golf-R,Golf/GTI,volkswagen,golf/gti,10:volkswagen|golf/gti,base_model
45421,Maserati,Quattroporte Modena AWD,Quattroporte,maserati,quattroporte,8:maserati|quattroporte,base_model
45423,Aston Martin,Vantage V12,Vantage,aston martin,vantage,12:aston martin|vantage,audited_alias
45424,Aston Martin,DBS,DBS,aston martin,dbs,12:aston martin|dbs,base_model
45425,Aston Martin,DB11 V12,DB11,aston martin,db11,12:aston martin|db11,base_model
45429,Volkswagen,Golf-R,Golf/GTI,volkswagen,golf/gti,10:volkswagen|golf/gti,base_model
45430,Alfa Romeo,Giulia,Giulia,alfa romeo,giulia,10:alfa romeo|giulia,base_model
45431,Alfa Romeo,Giulia,Giulia,alfa romeo,giulia,10:alfa romeo|giulia,base_model
45432,Alfa Romeo,Giulia AWD,Giulia,alfa romeo,giulia,10:alfa romeo|giulia,base_model
45433,Jaguar,XF P250,XF,jaguar,xf,6:jaguar|xf,base_model
45434,Jaguar,XF P250 AWD,XF,jaguar,xf,6:jaguar|xf,base_model
45435,Jaguar,XF P300 AWD,XF,jaguar,xf,6:jaguar|xf,base_model
45436,Subaru,Impreza 4-Door,Impreza,subaru,impreza,6:subaru|impreza,audited_alias
45437,Subaru,Impreza 4-Door,Impreza,subaru,impreza,6:subaru|impreza,audited_alias
45438,Subaru,Impreza Sport 4-Door,Impreza,subaru,impreza,6:subaru|impreza,audited_alias
45442,Subaru,Impreza Sport 5-Door,Impreza,subaru,impreza,6:subaru|impreza,audited_alias
45443,Subaru,Impreza Sport 5-Door,Impreza,subaru,impreza,6:subaru|impreza,audited_alias
45445,Alfa Romeo,Stelvio,Stelvio,alfa romeo,stelvio,10:alfa romeo|stelvio,base_model
45446,Acura,MDX AWD,MDX,acura,mdx,5:acura|mdx,base_model
45447,Alfa Romeo,Stelvio AWD,Stelvio,alfa romeo,stelvio,10:alfa romeo|stelvio,base_model
45448,Alfa Romeo,Stelvio AWD,Stelvio,alfa romeo,stelvio,10:alfa romeo|stelvio,base_model
45449,Infiniti,QX55 AWD,QX55,infiniti,qx55,8:infiniti|qx55,base_model
45450,Jaguar,F-Pace,F-Pace,jaguar,f-pace,6:jaguar|f-pace,base_model
45453,Land Rover,Range Rover Velar,Range Rover,land rover,range rover,10:land rover|range rover,base_model
45465,Ferrari,F8 Spider,F8 Spider,ferrari,f8 spider,7:ferrari|f8 spider,base_model
45466,Ferrari,812 GTS,812 GTS,ferrari,812 gts,7:ferrari|812 gts,base_model
45468,Ferrari,812 Competizione A,812 Competizione,ferrari,812 competizione,7:ferrari|812 competizione,base_model
45469,Ferrari,Portofino M,Portofino,ferrari,portofino,7:ferrari|portofino,base_model
45471,Audi,S5 Cabriolet,S5,audi,s5,4:audi|s5,base_model
45477,BMW,M240i Coupe,2 Series,bmw,2 series,3:bmw|2 series,base_model
45478,BMW,M240i xDrive Coupe,2 Series,bmw,2 series,3:bmw|2 series,base_model
45485,BMW,M4 Coupe,M,bmw,8 series,3:bmw|8 series,audited_alias
45499,Cadillac,CT4,CT4,cadillac,ct4,8:cadillac|ct4,base_model
45500,Cadillac,CT4 AWD,CT4,cadillac,ct4,8:cadillac|ct4,base_model
45501,Cadillac,CT4,CT4,cadillac,ct4,8:cadillac|ct4,base_model
45502,Cadillac,CT4 V,CT4,cadillac,ct4,8:cadillac|ct4,base_model
45503,Cadillac,CT4 AWD,CT4,cadillac,ct4,8:cadillac|ct4,base_model
45505,Cadillac,CT4 V,CT4,cadillac,ct4,8:cadillac|ct4,base_model
45506,Cadillac,CT4 V,CT4,cadillac,ct4,8:cadillac|ct4,base_model
45507,Mitsubishi,Mirage,Mirage,mitsubishi,mirage,10:mitsubishi|mirage,base_model
45508,Mitsubishi,Mirage,Mirage,mitsubishi,mirage,10:mitsubishi|mirage,base_model
45509,Mitsubishi,Mirage G4,Mirage,mitsubishi,mirage,10:mitsubishi|mirage,base_model
45510,Mitsubishi,Mirage G4,Mirage,mitsubishi,mirage,10:mitsubishi|mirage,base_model
45517,Audi,RS 5 Sportback,RS,audi,rs,4:audi|rs,audited_alias
45536,Hyundai,Kona N,Kona,hyundai,kona,7:hyundai|kona,base_model
45537,Hyundai,Santa Cruz FWD,Santa Cruz,hyundai,santa cruz,7:hyundai|santa cruz,base_model
45542,Audi,SQ5 Sportback,SQ5,audi,sq5,4:audi|sq5,base_model
45544,BMW,X3 xDrive30i,X3,bmw,x3,3:bmw|x3,base_model
45556,Maserati,Grecale Trofeo,Grecale,maserati,grecale,8:maserati|grecale,base_model
45566,Dodge,Durango RWD,Durango,dodge,durango,5:dodge|durango,base_model
45586,Jeep,Grand Cherokee 4WD,Grand Cherokee,jeep,grand cherokee,4:jeep|grand cherokee,base_model
45600,Toyota,GR Supra,GR Supra,toyota,gr supra,6:toyota|gr supra,base_model
45609,Infiniti,Q50,Q50,infiniti,q50,8:infiniti|q50,base_model
45610,Infiniti,Q50 AWD,Q50,infiniti,q50,8:infiniti|q50,base_model
45611,Infiniti,Q50 Red Sport,Q50,infiniti,q50,8:infiniti|q50,base_model
45618,Hyundai,Santa Fe AWD,Santa Fe,hyundai,santa fe,7:hyundai|santa fe,base_model
45619,Hyundai,Santa Fe AWD,Santa Fe,hyundai,santa fe,7:hyundai|santa fe,base_model
45621,Chevrolet,Tahoe 2WD,Tahoe,chevrolet,tahoe,9:chevrolet|tahoe,base_model
45622,Chevrolet,Suburban 2WD,Suburban,chevrolet,suburban,9:chevrolet|suburban,base_model
45623,Chevrolet,Tahoe 2WD,Tahoe,chevrolet,tahoe,9:chevrolet|tahoe,base_model
45624,Chevrolet,Suburban 2WD,Suburban,chevrolet,suburban,9:chevrolet|suburban,base_model
45633,Cadillac,Escalade 4WD,Escalade,cadillac,escalade,8:cadillac|escalade,base_model
45634,Chevrolet,Tahoe 4WD,Tahoe,chevrolet,tahoe,9:chevrolet|tahoe,base_model
45645,Audi,R8 Coupe RWD,R8,audi,r8,4:audi|r8,base_model
45653,Volkswagen,GLI,GLI,volkswagen,gli,10:volkswagen|gli,base_model
45654,Volkswagen,GLI,GLI,volkswagen,gli,10:volkswagen|gli,base_model
45665,Rolls-Royce,Phantom,Phantom,rolls-royce,phantom,11:rolls-royce|phantom,base_model
45666,Rolls-Royce,Phantom Extended,Phantom,rolls-royce,phantom,11:rolls-royce|phantom,base_model
45667,Rolls-Royce,Ghost,Ghost,rolls-royce,ghost,11:rolls-royce|ghost,base_model
45668,Rolls-Royce,Ghost Extended,Ghost,rolls-royce,ghost,11:rolls-royce|ghost,base_model
45669,Rolls-Royce,Ghost Black Badge,Ghost,rolls-royce,ghost,11:rolls-royce|ghost,base_model
45676,Rolls-Royce,Cullinan,Cullinan,rolls-royce,cullinan,11:rolls-royce|cullinan,base_model
45677,Rolls-Royce,Cullinan Black Badge,Cullinan,rolls-royce,cullinan,11:rolls-royce|cullinan,base_model
45694,Jeep,Wrangler 4dr 4WD,Wrangler,jeep,wrangler,4:jeep|wrangler,base_model
45696,Jeep,Wrangler 4dr 4WD,Wrangler,jeep,wrangler,4:jeep|wrangler,base_model
45697,Jeep,Wrangler 4dr 4WD,Wrangler,jeep,wrangler,4:jeep|wrangler,base_model
45703,Volkswagen,Tiguan 4motion,Tiguan,volkswagen,tiguan,10:volkswagen|tiguan,base_model
45711,Porsche,Cayenne Turbo GT,Cayenne,porsche,cayenne,7:porsche|cayenne,base_model
45721,Toyota,Camry XSE,Camry,toyota,camry,6:toyota|camry,base_model
45746,Chevrolet,Tahoe 4WD,Tahoe,chevrolet,tahoe,9:chevrolet|tahoe,base_model
45747,Chevrolet,Tahoe 4WD,Tahoe,chevrolet,tahoe,9:chevrolet|tahoe,base_model
45762,Maserati,MC20,MC20,maserati,mc20,8:maserati|mc20,base_model
45763,Maserati,MC20 Spyder,MC20,maserati,mc20,8:maserati|mc20,base_model
45764,BMW,M235i xDrive Gran Coupe,2 Series,bmw,2 series,3:bmw|2 series,base_model
45766,Nissan,Kicks,Kicks,nissan,kicks,6:nissan|kicks,base_model
45767,Lamborghini,Urus Performante,Urus,lamborghini,urus,11:lamborghini|urus,base_model
45768,Nissan,Murano FWD,Murano,nissan,murano,6:nissan|murano,base_model
45826,Nissan,Rogue FWD SL/Platinum,Rogue,nissan,rogue,6:nissan|rogue,audited_alias
45843,Infiniti,QX60 AWD,QX60,infiniti,qx60,8:infiniti|qx60,base_model
45852,Lexus,GX 460,GX,lexus,gx,5:lexus|gx,base_model
45855,Subaru,Ascent Limited/Touring/Onyx AWD,Ascent,subaru,ascent,6:subaru|ascent,base_model
45856,Toyota,4Runner 4WD,4Runner,toyota,4runner,6:toyota|4runner,base_model
45857,Toyota,4Runner 4WD,4Runner,toyota,4runner,6:toyota|4runner,base_model
45859,Bentley,Continental GT Convertible,Continental,bentley,continental,7:bentley|continental,audited_alias
45860,Bentley,Continental GT,Continental,bentley,continental,7:bentley|continental,audited_alias
45880,Infiniti,QX50,QX50,infiniti,qx50,8:infiniti|qx50,base_model
45881,Mitsubishi,Outlander 2WD,Outlander,mitsubishi,outlander,10:mitsubishi|outlander,base_model
45882,Nissan,Pathfinder 2WD,Pathfinder,nissan,pathfinder,6:nissan|pathfinder,base_model
45883,Volkswagen,Tiguan,Tiguan,volkswagen,tiguan,10:volkswagen|tiguan,base_model
45884,Volkswagen,Tiguan S,Tiguan,volkswagen,tiguan,10:volkswagen|tiguan,base_model
45885,Infiniti,QX50 AWD,QX50,infiniti,qx50,8:infiniti|qx50,base_model
45889,Dodge,Durango RWD,Durango,dodge,durango,5:dodge|durango,base_model
45890,Dodge,Durango AWD,Durango,dodge,durango,5:dodge|durango,base_model
45891,Dodge,Durango AWD,Durango,dodge,durango,5:dodge|durango,base_model
45895,Bugatti,Chiron Pur Sport,Chiron,bugatti,chiron,7:bugatti|chiron,base_model
45896,Bugatti,Chiron Super Sport,Chiron,bugatti,chiron,7:bugatti|chiron,base_model
45897,Bentley,Continental GT Convertible Speed,Continental,bentley,continental,7:bentley|continental,audited_alias
45898,Bentley,Continental GT Speed,Continental,bentley,continental,7:bentley|continental,audited_alias
45901,Bentley,Flying Spur,Flying Spur,bentley,flying spur,7:bentley|flying spur,base_model
45902,Bentley,Flying Spur,Flying Spur,bentley,flying spur,7:bentley|flying spur,base_model
45905,Bentley,Bentayga,Bentayga,bentley,bentayga,7:bentley|bentayga,base_model
45906,Bentley,Bentayga EWB,Bentayga,bentley,bentayga,7:bentley|bentayga,base_model
45907,Bentley,Bentayga Speed,Bentayga,bentley,bentayga,7:bentley|bentayga,base_model
45924,Lexus,IS 300 AWD,IS,lexus,is,5:lexus|is,base_model
45928,Lexus,IS 300,IS,lexus,is,5:lexus|is,base_model
45936,Lexus,ES 350 F Sport,ES,lexus,es,5:lexus|es,base_model
45939,Mazda,3 5-Door 4WD,3,mazda,3,5:mazda|3,base_model
45940,Mazda,3 5-Door 4WD,3,mazda,3,5:mazda|3,base_model
45941,Mercedes-Benz,E350,E-Class,mercedes-benz,e-class,13:mercedes-benz|e-class,base_model
45947,Nissan,Altima SR,Altima,nissan,altima,6:nissan|altima,base_model
45954,Jeep,Wrangler 4dr 4WD,Wrangler,jeep,wrangler,4:jeep|wrangler,base_model
45956,Mazda,CX-9 4WD,CX-9,mazda,cx-9,5:mazda|cx-9,base_model
45960,Infiniti,QX80 4WD,QX80,infiniti,qx80,8:infiniti|qx80,base_model
45961,Infiniti,QX80 4WD,QX80,infiniti,qx80,8:infiniti|qx80,base_model
45962,Bugatti,Chiron,Chiron,bugatti,chiron,7:bugatti|chiron,base_model
45963,Ferrari,Monza SP1,Monza SP1,ferrari,monza sp1,7:ferrari|monza sp1,base_model
45965,Ferrari,Daytona SP3,Daytona SP3,ferrari,daytona sp3,7:ferrari|daytona sp3,base_model
45980,Lamborghini,Urus S,Urus,lamborghini,urus,11:lamborghini|urus,base_model
46039,Lexus,LC 500 Convertible,LC,lexus,lc,5:lexus|lc,base_model
46053,Honda,Civic 4Dr,Civic,honda,civic,5:honda|civic,base_model
46054,Honda,Civic 4Dr,Civic,honda,civic,5:honda|civic,base_model
46062,Acura,RDX FWD,RDX,acura,rdx,5:acura|rdx,base_model
46063,Acura,RDX FWD A-SPEC,RDX,acura,rdx,5:acura|rdx,base_model
46065,Kia,Sorento FWD,Sorento,kia,sorento,3:kia|sorento,base_model
46066,Kia,Sorento FWD,Sorento,kia,sorento,3:kia|sorento,base_model
46072,Kia,Sorento AWD,Sorento,kia,sorento,3:kia|sorento,base_model
46081,BMW,Z4 sDrive30i,Z4,bmw,z4,3:bmw|z4,base_model
46083,Porsche,911 GT3,911,porsche,911,7:porsche|911,base_model
46084,Porsche,911 GT3,911,porsche,911,7:porsche|911,base_model
46088,Toyota,GR Supra,GR Supra,toyota,gr supra,6:toyota|gr supra,base_model
46089,Toyota,GR Supra,GR Supra,toyota,gr supra,6:toyota|gr supra,base_model
46091,Porsche,911 Carrera Cabriolet,911,porsche,911,7:porsche|911,base_model
46101,Porsche,911 Carrera 4 Cabriolet,911,porsche,911,7:porsche|911,base_model
46102,Porsche,911 Targa 4S,911,porsche,911,7:porsche|911,base_model
46103,Porsche,911 Targa 4S,911,porsche,911,7:porsche|911,base_model
46113,Porsche,911 Targa 4 GTS,911,porsche,911,7:porsche|911,base_model
46114,Porsche,911 Targa 4 GTS,911,porsche,911,7:porsche|911,base_model
46124,Acura,TLX AWD,TLX,acura,tlx,5:acura|tlx,base_model
46125,Acura,TLX FWD,TLX,acura,tlx,5:acura|tlx,base_model
46128,Acura,TLX Type-S,TLX,acura,tlx,5:acura|tlx,base_model
46129,Acura,TLX Type-S Perf Tire,TLX,acura,tlx,5:acura|tlx,base_model
46130,BMW,330i xDrive Sedan,3 Series,bmw,3 series,3:bmw|3 series,base_model
46136,Lexus,LS 500 AWD,LS,lexus,ls,5:lexus|ls,base_model
46137,Honda,Civic 5Dr,Civic,honda,civic,5:honda|civic,base_model
46138,Honda,Civic 5Dr,Civic,honda,civic,5:honda|civic,base_model
46139,Honda,Civic 5Dr,Civic,honda,civic,5:honda|civic,base_model
46140,Honda,Civic 5Dr,Civic,honda,civic,5:honda|civic,base_model
46141,Honda,Civic 5Dr,Civic,honda,civic,5:honda|civic,base_model
46142,Honda,Civic 5Dr,Civic,honda,civic,5:honda|civic,base_model
46144,Mitsubishi,Outlander Sport 2WD,Outlander,mitsubishi,outlander,10:mitsubishi|outlander,base_model
46146,Toyota,Highlander,Highlander,toyota,highlander,6:toyota|highlander,base_model
46147,Toyota,Highlander,Highlander,toyota,highlander,6:toyota|highlander,base_model
46154,Mitsubishi,Outlander Sport 4WD,Outlander,mitsubishi,outlander,10:mitsubishi|outlander,base_model
46155,Toyota,Highlander AWD,Highlander,toyota,highlander,6:toyota|highlander,base_model
46201,Lincoln,Aviator RWD,Aviator,lincoln,aviator,7:lincoln|aviator,base_model
46230,Lexus,RX 350,RX,lexus,rx,5:lexus|rx,base_model
46234,Mazda,CX-30 4WD,CX-30,mazda,cx-30,5:mazda|cx-30,base_model
46235,Mazda,CX-30 4WD,CX-30,mazda,cx-30,5:mazda|cx-30,base_model
46242,Jeep,Wagoneer L 4WD,Wagoneer,jeep,wagoneer,4:jeep|wagoneer,base_model
46273,Dodge,Challenger SRT Widebody,Challenger,dodge,challenger,5:dodge|challenger,base_model
46276,Chrysler,300 AWD,300,chrysler,300,8:chrysler|300,base_model
46277,Chrysler,300,300,chrysler,300,8:chrysler|300,base_model
46278,Chrysler,300,300,chrysler,300,8:chrysler|300,base_model
46279,Chrysler,300,300,chrysler,300,8:chrysler|300,base_model
46283,Dodge,Charger SRT Widebody,Charger,dodge,charger,5:dodge|charger,base_model
46285,Dodge,Charger Widebody,Charger,dodge,charger,5:dodge|charger,base_model
46326,Fiat,500X AWD,500,fiat,500,4:fiat|500,audited_alias
46343,Ford,Mustang,Mustang,ford,mustang,4:ford|mustang,base_model
46350,Lexus,RC F,RC,lexus,rc,5:lexus|rc,audited_alias
46351,Nissan,GT-R,GT-R,nissan,gt-r,6:nissan|gt-r,base_model
46352,Mazda,3 4-Door 2WD,3,mazda,3,5:mazda|3,base_model
46353,Mazda,3 4-Door 2WD,3,mazda,3,5:mazda|3,base_model
46354,Mazda,3 4-Door 4WD,3,mazda,3,5:mazda|3,base_model
46355,Mazda,3 4-Door 4WD,3,mazda,3,5:mazda|3,base_model
46375,Hyundai,Tucson FWD,Tucson,hyundai,tucson,7:hyundai|tucson,base_model
46376,Lincoln,Nautilus FWD,Nautilus,lincoln,nautilus,7:lincoln|nautilus,base_model
46377,Lincoln,Nautilus FWD,Nautilus,lincoln,nautilus,7:lincoln|nautilus,base_model
46378,Lincoln,Corsair FWD,Corsair,lincoln,corsair,7:lincoln|corsair,base_model
46381,Dodge,Hornet AWD,Hornet,dodge,hornet,5:dodge|hornet,base_model
46382,Ford,Edge AWD,Edge,ford,edge,4:ford|edge,base_model
46383,Ford,Edge AWD,Edge,ford,edge,4:ford|edge,base_model
46384,Ford,Edge AWD,Edge,ford,edge,4:ford|edge,base_model
46393,Lincoln,Nautilus AWD,Nautilus,lincoln,nautilus,7:lincoln|nautilus,base_model
46394,Lincoln,Nautilus AWD,Nautilus,lincoln,nautilus,7:lincoln|nautilus,base_model
46395,Lincoln,Nautilus AWD,Nautilus,lincoln,nautilus,7:lincoln|nautilus,base_model
46396,Lincoln,Corsair AWD,Corsair,lincoln,corsair,7:lincoln|corsair,base_model
46407,Lincoln,Navigator 2WD,Navigator,lincoln,navigator,7:lincoln|navigator,base_model
46408,Lincoln,Navigator 2WD,Navigator,lincoln,navigator,7:lincoln|navigator,base_model
46426,Lincoln,Navigator 4WD,Navigator,lincoln,navigator,7:lincoln|navigator,base_model
46434,Nissan,Sentra SR,Sentra,nissan,sentra,6:nissan|sentra,base_model
46444,Jaguar,F-Type R AWD Coupe,F-Type,jaguar,f-type,6:jaguar|f-type,base_model
46445,Jaguar,F-Type R AWD Convertible,F-Type,jaguar,f-type,6:jaguar|f-type,base_model
46447,Jaguar,F-Type P450 RWD Convertible,F-Type,jaguar,f-type,6:jaguar|f-type,base_model
46448,Jaguar,F-Type P450 AWD R-Dynamic Coupe,F-Type,jaguar,f-type,6:jaguar|f-type,base_model
46451,Jaguar,E-Pace,E-Pace,jaguar,e-pace,6:jaguar|e-pace,base_model
46454,Kia,Seltos FWD,Seltos,kia,seltos,3:kia|seltos,base_model
46455,Kia,Seltos AWD,Seltos,kia,seltos,3:kia|seltos,base_model
46456,Kia,Seltos AWD,Seltos,kia,seltos,3:kia|seltos,base_model
46458,Mercedes-Benz,Maybach S680 4matic,S-Class,mercedes-benz,s-class,13:mercedes-benz|s-class,base_model
46463,MINI,Cooper S Convertible,Cooper,mini,cooper,4:mini|cooper,base_model
46464,MINI,Cooper S Convertible,Cooper,mini,cooper,4:mini|cooper,base_model
46465,MINI,John Cooper Works Convertible,John Cooper Works,mini,countryman,4:mini|countryman,audited_alias
46471,BMW,M4 Competition Coupe,M,bmw,8 series,3:bmw|8 series,audited_alias
46474,BMW,840i Coupe,8 Series,bmw,8 series,3:bmw|8 series,audited_alias
46482,MINI,Cooper Hardtop 2 door,Cooper,mini,cooper,4:mini|cooper,base_model
46483,MINI,Cooper Hardtop 2 door,Cooper,mini,cooper,4:mini|cooper,base_model
46486,MINI,Cooper S Hardtop 2 door,Cooper,mini,cooper,4:mini|cooper,base_model
46487,MINI,Cooper S Hardtop 2 door,Cooper,mini,cooper,4:mini|cooper,base_model
46488,MINI,Cooper S Hardtop 4 door,Cooper,mini,cooper,4:mini|cooper,base_model
46489,MINI,Cooper S Hardtop 4 door,Cooper,mini,cooper,4:mini|cooper,base_model
46493,BMW,430i xDrive Gran Coupe,4 Series,bmw,4 series,3:bmw|4 series,base_model
46500,MINI,Cooper Countryman All4,Countryman,mini,countryman,4:mini|countryman,audited_alias
46502,MINI,JCW Countryman All4,John Cooper Works,mini,countryman,4:mini|countryman,audited_alias
46506,Honda,Civic 4Dr,Civic,honda,civic,5:honda|civic,base_model
46509,Honda,Civic 5Dr,Civic,honda,civic,5:honda|civic,base_model
46510,Jeep,Grand Cherokee 2WD,Grand Cherokee,jeep,grand cherokee,4:jeep|grand cherokee,base_model
46511,Jeep,Grand Cherokee 4WD,Grand Cherokee,jeep,grand cherokee,4:jeep|grand cherokee,base_model
46528,Subaru,Legacy AWD,Legacy,subaru,legacy,6:subaru|legacy,audited_alias
46529,Subaru,Legacy AWD,Legacy,subaru,legacy,6:subaru|legacy,audited_alias
46530,Subaru,Impreza,Impreza,subaru,impreza,6:subaru|impreza,audited_alias
46531,Subaru,Impreza,Impreza,subaru,impreza,6:subaru|impreza,audited_alias
46532,Buick,Encore GX FWD,Encore,buick,encore,5:buick|encore,base_model
46534,Buick,Encore GX AWD,Encore,buick,encore,5:buick|encore,base_model
46536,Lexus,NX 250 AWD,NX,lexus,nx,5:lexus|nx,base_model
46541,Subaru,Outback AWD,Outback,subaru,legacy,6:subaru|legacy,audited_alias
46542,Subaru,Outback AWD,Outback,subaru,legacy,6:subaru|legacy,audited_alias
46558,Dodge,Challenger SRT Widebody,Challenger,dodge,challenger,5:dodge|challenger,base_model
46574,MINI,Cooper S Clubman All4,Clubman,mini,clubman,4:mini|clubman,base_model
46577,Acura,Integra A-Spec,Integra,acura,integra,5:acura|integra,base_model
46581,Buick,Encore GX FWD,Encore,buick,encore,5:buick|encore,base_model
46585,Alfa Romeo,Giulia,Giulia,alfa romeo,giulia,10:alfa romeo|giulia,base_model
46586,Alfa Romeo,Giulia AWD,Giulia,alfa romeo,giulia,10:alfa romeo|giulia,base_model
46587,Honda,HR-V AWD,HR-V,honda,hr-v,5:honda|hr-v,base_model
46588,Honda,HR-V FWD,HR-V,honda,hr-v,5:honda|hr-v,base_model
46590,Alfa Romeo,Stelvio,Stelvio,alfa romeo,stelvio,10:alfa romeo|stelvio,base_model
46592,GMC,Terrain FWD,Terrain,gmc,terrain,3:gmc|terrain,base_model
46593,Volkswagen,Atlas,Atlas,volkswagen,atlas,10:volkswagen|atlas,base_model
46594,Volkswagen,Atlas Cross Sport,Atlas,volkswagen,atlas,10:volkswagen|atlas,base_model
46595,Acura,MDX AWD,MDX,acura,mdx,5:acura|mdx,base_model
46596,Alfa Romeo,Stelvio AWD,Stelvio,alfa romeo,stelvio,10:alfa romeo|stelvio,base_model
46602,Volkswagen,Atlas SE 4motion,Atlas,volkswagen,atlas,10:volkswagen|atlas,base_model
46604,Volkswagen,Atlas SEL 4motion,Atlas,volkswagen,atlas,10:volkswagen|atlas,base_model
46612,Maserati,GranTurismo Trofeo,GranTurismo,maserati,granturismo,8:maserati|granturismo,base_model
46633,Lamborghini,Huracan Spyder,Huracan,lamborghini,huracan,11:lamborghini|huracan,base_model
46634,Lamborghini,Huracan Sterrato,Huracan,lamborghini,huracan,11:lamborghini|huracan,base_model
46635,Lamborghini,Huracan Coupe 2WD,Huracan,lamborghini,huracan,11:lamborghini|huracan,base_model
46636,Toyota,GR Supra,GR Supra,toyota,gr supra,6:toyota|gr supra,base_model
46638,Audi,RS 3,RS,audi,rs,4:audi|rs,audited_alias
46665,Jaguar,XF P250,XF,jaguar,xf,6:jaguar|xf,base_model
46668,Maserati,Ghibli Modena RWD,Ghibli,maserati,ghibli,8:maserati|ghibli,base_model
46671,Genesis,G80 AWD,G80,genesis,g80,7:genesis|g80,base_model
46672,Genesis,G80 AWD,G80,genesis,g80,7:genesis|g80,base_model
46676,Maserati,Quattroporte Modena AWD,Quattroporte,maserati,quattroporte,8:maserati|quattroporte,base_model
46679,Buick,Envista,Envista,buick,envista,5:buick|envista,base_model
46680,Lamborghini,Urus Performante,Urus,lamborghini,urus,11:lamborghini|urus,base_model
46687,BMW,X3 sDrive30i,X3,bmw,x3,3:bmw|x3,base_model
46696,Hyundai,Kona FWD,Kona,hyundai,kona,7:hyundai|kona,base_model
46700,Mitsubishi,Eclipse Cross 2WD,Eclipse Cross,mitsubishi,eclipse cross,10:mitsubishi|eclipse cross,base_model
46706,Cadillac,XT5 AWD,XT5,cadillac,xt5,8:cadillac|xt5,base_model
46708,Cadillac,XT5 AWD,XT5,cadillac,xt5,8:cadillac|xt5,base_model
46709,Cadillac,XT6 AWD,XT6,cadillac,xt6,8:cadillac|xt6,base_model
46712,Genesis,GV70 AWD,GV70,genesis,gv70,7:genesis|gv70,base_model
46713,Genesis,GV70 AWD,GV70,genesis,gv70,7:genesis|gv70,base_model
46714,Genesis,GV70 AWD,GV70,genesis,gv70,7:genesis|gv70,base_model
46715,Honda,CR-V AWD,CR-V,honda,cr-v,5:honda|cr-v,base_model
46717,Hyundai,Palisade AWD,Palisade,hyundai,palisade,7:hyundai|palisade,base_model
46718,Hyundai,Kona AWD,Kona,hyundai,kona,7:hyundai|kona,base_model
46724,Jaguar,F-Pace,F-Pace,jaguar,f-pace,6:jaguar|f-pace,base_model
46735,Mitsubishi,Eclipse Cross 4WD,Eclipse Cross,mitsubishi,eclipse cross,10:mitsubishi|eclipse cross,base_model
46736,Mitsubishi,Eclipse Cross ES 4WD,Eclipse Cross,mitsubishi,eclipse cross,10:mitsubishi|eclipse cross,base_model
46740,Buick,Enclave FWD,Enclave,buick,enclave,5:buick|enclave,base_model
46745,Buick,Enclave AWD,Enclave,buick,enclave,5:buick|enclave,base_model
46746,Lamborghini,Urus S,Urus,lamborghini,urus,11:lamborghini|urus,base_model
46747,Maserati,Levante Modena,Levante,maserati,levante,8:maserati|levante,base_model
46748,Maserati,Levante GT,Levante,maserati,levante,8:maserati|levante,base_model
46760,Chevrolet,Corvette Z06 Carbon Aero,Corvette,chevrolet,corvette,9:chevrolet|corvette,base_model
46761,Toyota,GR Supra,GR Supra,toyota,gr supra,6:toyota|gr supra,base_model
46762,Toyota,GR Supra,GR Supra,toyota,gr supra,6:toyota|gr supra,base_model
46778,Mitsubishi,Mirage,Mirage,mitsubishi,mirage,10:mitsubishi|mirage,base_model
46779,Mitsubishi,Mirage G4,Mirage,mitsubishi,mirage,10:mitsubishi|mirage,base_model
46780,Volkswagen,GTI,Golf/GTI,volkswagen,golf/gti,10:volkswagen|golf/gti,base_model
46781,Volkswagen,GTI,Golf/GTI,volkswagen,golf/gti,10:volkswagen|golf/gti,base_model
46783,Alfa Romeo,Giulia,Giulia,alfa romeo,giulia,10:alfa romeo|giulia,base_model
46787,Cadillac,CT5 V,CT5,cadillac,ct5,8:cadillac|ct5,base_model
46788,Cadillac,CT5 V,CT5,cadillac,ct5,8:cadillac|ct5,base_model
46791,Cadillac,CT5 V,CT5,cadillac,ct5,8:cadillac|ct5,base_model
46793,Lexus,ES 350 F Sport,ES,lexus,es,5:lexus|es,base_model
46796,Mazda,3 5-Door 2WD,3,mazda,3,5:mazda|3,base_model
46797,Mazda,3 5-Door 2WD,3,mazda,3,5:mazda|3,base_model
46798,Mazda,3 5-Door 4WD,3,mazda,3,5:mazda|3,base_model
46799,Mazda,3 5-Door 4WD,3,mazda,3,5:mazda|3,base_model
46802,Rolls-Royce,Phantom,Phantom,rolls-royce,phantom,11:rolls-royce|phantom,base_model
46803,Rolls-Royce,Phantom Extended,Phantom,rolls-royce,phantom,11:rolls-royce|phantom,base_model
46804,Rolls-Royce,Ghost,Ghost,rolls-royce,ghost,11:rolls-royce|ghost,base_model
46805,Rolls-Royce,Ghost Extended,Ghost,rolls-royce,ghost,11:rolls-royce|ghost,base_model
46806,Rolls-Royce,Ghost Black Badge,Ghost,rolls-royce,ghost,11:rolls-royce|ghost,base_model
46809,Rolls-Royce,Cullinan,Cullinan,rolls-royce,cullinan,11:rolls-royce|cullinan,base_model
46810,Rolls-Royce,Cullinan Black Badge,Cullinan,rolls-royce,cullinan,11:rolls-royce|cullinan,base_model
46861,Chevrolet,Blazer FWD,Blazer,chevrolet,blazer,9:chevrolet|blazer,base_model
46862,Chevrolet,Blazer FWD,Blazer,chevrolet,blazer,9:chevrolet|blazer,base_model
46863,Hyundai,Kona FWD,Kona,hyundai,kona,7:hyundai|kona,base_model
46865,Hyundai,Kona FWD,Kona,hyundai,kona,7:hyundai|kona,base_model
46866,Kia,Sportage FWD,Sportage,kia,sportage,3:kia|sportage,base_model
46869,Mitsubishi,Outlander 2WD,Outlander,mitsubishi,outlander,10:mitsubishi|outlander,base_model
46870,Alfa Romeo,Stelvio AWD,Stelvio,alfa romeo,stelvio,10:alfa romeo|stelvio,base_model
46883,Hyundai,Kona AWD,Kona,hyundai,kona,7:hyundai|kona,base_model
46884,Hyundai,Kona AWD,Kona,hyundai,kona,7:hyundai|kona,base_model
46888,Jeep,Wrangler Rubicon 2dr 4WD,Wrangler,jeep,wrangler,4:jeep|wrangler,base_model
46889,Kia,Sportage AWD,Sportage,kia,sportage,3:kia|sportage,base_model
46892,Mazda,CX-50 4WD,CX-50,mazda,cx-50,5:mazda|cx-50,base_model
46893,Mazda,CX-50 4WD,CX-50,mazda,cx-50,5:mazda|cx-50,base_model
46894,Mitsubishi,Outlander 4WD,Outlander,mitsubishi,outlander,10:mitsubishi|outlander,base_model
46896,Infiniti,QX80 2WD,QX80,infiniti,qx80,8:infiniti|qx80,base_model
46897,Infiniti,QX80 4WD,QX80,infiniti,qx80,8:infiniti|qx80,base_model
46904,Porsche,Cayenne,Cayenne,porsche,cayenne,7:porsche|cayenne,base_model
47006,Bugatti,Chiron Super Sport,Chiron,bugatti,chiron,7:bugatti|chiron,base_model
47008,Ferrari,812 Competizione,812 Competizione,ferrari,812 competizione,7:ferrari|812 competizione,base_model
47009,Ferrari,812 Competizione A,812 Competizione,ferrari,812 competizione,7:ferrari|812 competizione,base_model
47010,Ferrari,Daytona SP3,Daytona SP3,ferrari,daytona sp3,7:ferrari|daytona sp3,base_model
47041,Audi,S5 Cabriolet,S5,audi,s5,4:audi|s5,base_model
47048,Ferrari,Roma,Roma,ferrari,roma,7:ferrari|roma,base_model
47050,Audi,S4,S4,audi,s4,4:audi|s4,base_model
47076,Jaguar,XF P300 AWD,XF,jaguar,xf,6:jaguar|xf,base_model
47083,Nissan,Altima SL/SR,Altima,nissan,altima,6:nissan|altima,base_model
47084,Nissan,Altima SR,Altima,nissan,altima,6:nissan|altima,base_model
47108,Nissan,Murano FWD,Murano,nissan,murano,6:nissan|murano,base_model
47109,Nissan,Murano AWD,Murano,nissan,murano,6:nissan|murano,base_model
47138,Mitsubishi,Outlander Sport 2WD,Outlander,mitsubishi,outlander,10:mitsubishi|outlander,base_model
47139,Nissan,Pathfinder 2WD,Pathfinder,nissan,pathfinder,6:nissan|pathfinder,base_model
47141,Volkswagen,Tiguan,Tiguan,volkswagen,tiguan,10:volkswagen|tiguan,base_model
47146,Audi,Q3 quattro,Q3,audi,q3,4:audi|q3,base_model
47154,Mitsubishi,Outlander Sport 4WD,Outlander,mitsubishi,outlander,10:mitsubishi|outlander,base_model
47155,Mitsubishi,Outlander Sport 4WD,Outlander,mitsubishi,outlander,10:mitsubishi|outlander,base_model
47157,Nissan,Pathfinder 4WD Rock Creek,Pathfinder,nissan,pathfinder,6:nissan|pathfinder,base_model
47162,Subaru,Crosstrek Wilderness AWD,Crosstrek,subaru,crosstrek,6:subaru|crosstrek,base_model
47166,Volkswagen,Taos 4motion,Taos,volkswagen,taos,10:volkswagen|taos,base_model
47168,Infiniti,QX60 FWD,QX60,infiniti,qx60,8:infiniti|qx60,base_model
47171,Jeep,Grand Cherokee 2WD,Grand Cherokee,jeep,grand cherokee,4:jeep|grand cherokee,base_model
47177,Audi,Q7 quattro,Q7,audi,q7,4:audi|q7,base_model
47184,Honda,Pilot AWD TrailSport,Pilot,honda,pilot,5:honda|pilot,base_model
47185,Infiniti,QX60 AWD,QX60,infiniti,qx60,8:infiniti|qx60,base_model
47186,Jeep,Wagoneer 4WD,Wagoneer,jeep,wagoneer,4:jeep|wagoneer,base_model
47189,Jeep,Grand Wagoneer L 4WD,Grand Wagoneer,jeep,grand wagoneer,4:jeep|grand wagoneer,base_model
47190,Jeep,Grand Cherokee L 4WD,Grand Cherokee,jeep,grand cherokee,4:jeep|grand cherokee,base_model
47198,Land Rover,Defender 110,Defender,land rover,defender,10:land rover|defender,base_model
47203,Land Rover,Defender 110,Defender,land rover,defender,10:land rover|defender,base_model
47207,Lincoln,Navigator 4WD,Navigator,lincoln,navigator,7:lincoln|navigator,base_model
47211,Subaru,Ascent Limited/Touring/Onyx AWD,Ascent,subaru,ascent,6:subaru|ascent,base_model
47232,Bentley,Continental GTC,Continental,bentley,continental,7:bentley|continental,audited_alias
47233,Ferrari,Roma Spider,Roma,ferrari,roma,7:ferrari|roma,base_model
47238,Bentley,Flying Spur,Flying Spur,bentley,flying spur,7:bentley|flying spur,base_model
47239,Maserati,Ghibli Modena AWD,Ghibli,maserati,ghibli,8:maserati|ghibli,base_model
47242,Nissan,Sentra SR,Sentra,nissan,sentra,6:nissan|sentra,base_model
47255,Infiniti,QX50,QX50,infiniti,qx50,8:infiniti|qx50,base_model
47257,Acura,RDX AWD,RDX,acura,rdx,5:acura|rdx,base_model
47258,Acura,RDX AWD A-SPEC,RDX,acura,rdx,5:acura|rdx,base_model
47259,Infiniti,QX50 AWD,QX50,infiniti,qx50,8:infiniti|qx50,base_model
47260,Infiniti,QX55 AWD,QX55,infiniti,qx55,8:infiniti|qx55,base_model
47263,Lexus,TX 350,TX,lexus,tx,5:lexus|tx,base_model
47264,Ferrari,Purosangue,Purosangue,ferrari,purosangue,7:ferrari|purosangue,base_model
47286,Maserati,MC20,MC20,maserati,mc20,8:maserati|mc20,base_model
47287,Maserati,MC20 Spyder,MC20,maserati,mc20,8:maserati|mc20,base_model
47288,Aston Martin,DB12 V8,DB12 V8,aston martin,db12 v8,12:aston martin|db12 v8,base_model
47289,Bentley,Continental GTC,Continental,bentley,continental,7:bentley|continental,audited_alias
47292,Porsche,911 Carrera S,911,porsche,911,7:porsche|911,base_model
47293,Porsche,911 Carrera S,911,porsche,911,7:porsche|911,base_model
47294,Porsche,911 Carrera S Cabriolet,911,porsche,911,7:porsche|911,base_model
47295,Porsche,911 Carrera S Cabriolet,911,porsche,911,7:porsche|911,base_model
47300,Porsche,911 Carrera 4,911,porsche,911,7:porsche|911,base_model
47315,Porsche,911 Targa 4 GTS,911,porsche,911,7:porsche|911,base_model
47316,Bentley,Continental GT,Continental,bentley,continental,7:bentley|continental,audited_alias
47317,Bentley,Continental GT,Continental,bentley,continental,7:bentley|continental,audited_alias
47320,Lexus,RC 350 AWD,RC,lexus,rc,5:lexus|rc,audited_alias
47321,Lexus,RC 300,RC,lexus,rc,5:lexus|rc,audited_alias
47322,Lexus,RC F,RC,lexus,rc,5:lexus|rc,audited_alias
47323,Genesis,G70 AWD,G70,genesis,g70,7:genesis|g70,base_model
47324,Genesis,G70 RWD,G70,genesis,g70,7:genesis|g70,base_model
47331,Mazda,3 4-Door 4WD,3,mazda,3,5:mazda|3,base_model
47332,Mazda,3 4-Door 4WD,3,mazda,3,5:mazda|3,base_model
47347,Bentley,Flying Spur,Flying Spur,bentley,flying spur,7:bentley|flying spur,base_model
47356,Hyundai,Sonata AWD,Sonata,hyundai,sonata,7:hyundai|sonata,base_model
47359,Volkswagen,Arteon 4motion,Arteon,volkswagen,arteon,10:volkswagen|arteon,base_model
47377,Honda,Passport AWD,Passport,honda,passport,5:honda|passport,base_model
47412,Aston Martin,DBX V8,DBX V8,aston martin,dbx v8,12:aston martin|dbx v8,base_model
47413,Aston Martin,DBX 707,DBX 707,aston martin,dbx 707,12:aston martin|dbx 707,base_model
47424,Dodge,Durango AWD,Durango,dodge,durango,5:dodge|durango,base_model
47425,Dodge,Durango AWD,Durango,dodge,durango,5:dodge|durango,base_model
47426,Dodge,Durango SRT AWD,Durango,dodge,durango,5:dodge|durango,base_model
47427,Dodge,Durango SRT AWD,Durango,dodge,durango,5:dodge|durango,base_model
47428,GMC,Yukon 4WD,Yukon,gmc,yukon,3:gmc|yukon,base_model
47430,GMC,Yukon 4WD,Yukon,gmc,yukon,3:gmc|yukon,base_model
47434,Jeep,Grand Cherokee L 4WD,Grand Cherokee,jeep,grand cherokee,4:jeep|grand cherokee,base_model
47435,Lexus,LX 600,LX,lexus,lx,5:lexus|lx,base_model
47506,Pagani,Huayra,Huayra,pagani,huayra,6:pagani|huayra,base_model
47508,RUF Automobile,T12/CTR3/CTR Anniversary,T12/CTR3/CTR Anniversary,ruf automobile,t12/ctr3/ctr anniversary,14:ruf automobile|t12/ctr3/ctr anniversary,base_model
47511,Ferrari,F175 AHA,F175 AHA,ferrari,f175 aha,7:ferrari|f175 aha,base_model
47517,Mitsubishi,Outlander Sport 2WD,Outlander,mitsubishi,outlander,10:mitsubishi|outlander,base_model
47520,INEOS Automotive,Grenadier,Grenadier,ineos automotive,grenadier,16:ineos automotive|grenadier,base_model
47521,INEOS Automotive,Grenadier Trialmaster Edition,Grenadier,ineos automotive,grenadier,16:ineos automotive|grenadier,base_model
47549,Aston Martin,Valour,Valour,aston martin,valour,12:aston martin|valour,base_model
47550,Lotus,Emira,Emira,lotus,emira,5:lotus|emira,base_model
47560,Maserati,Grancabrio Trofeo,Grancabrio,maserati,grancabrio,8:maserati|grancabrio,base_model
47566,Acura,TLX FWD,TLX,acura,tlx,5:acura|tlx,base_model
47567,Acura,TLX AWD A-SPEC,TLX,acura,tlx,5:acura|tlx,base_model
47568,Acura,TLX Type-S,TLX,acura,tlx,5:acura|tlx,base_model
47573,Infiniti,Q50,Q50,infiniti,q50,8:infiniti|q50,base_model
47574,Infiniti,Q50 AWD,Q50,infiniti,q50,8:infiniti|q50,base_model
47575,Infiniti,Q50 Red Sport,Q50,infiniti,q50,8:infiniti|q50,base_model
47632,Lincoln,Corsair FWD,Corsair,lincoln,corsair,7:lincoln|corsair,base_model
47634,Nissan,Rogue FWD SL/Platinum,Rogue,nissan,rogue,6:nissan|rogue,audited_alias
47644,Ford,Bronco 4WD,Bronco,ford,bronco,4:ford|bronco,base_model
47645,Ford,Bronco 4WD,Bronco,ford,bronco,4:ford|bronco,base_model
47651,Ford,Bronco 4WD,Bronco,ford,bronco,4:ford|bronco,base_model
47656,Hyundai,Santa Fe AWD XRT,Santa Fe,hyundai,santa fe,7:hyundai|santa fe,base_model
47657,Hyundai,Santa Fe AWD,Santa Fe,hyundai,santa fe,7:hyundai|santa fe,base_model
47660,Lincoln,Corsair AWD,Corsair,lincoln,corsair,7:lincoln|corsair,base_model
47661,Lincoln,Nautilus AWD,Nautilus,lincoln,nautilus,7:lincoln|nautilus,base_model
47674,Lincoln,Aviator RWD,Aviator,lincoln,aviator,7:lincoln|aviator,base_model
47675,Bentley,Bentayga,Bentayga,bentley,bentayga,7:bentley|bentayga,base_model
47676,Bentley,Bentayga EWB,Bentayga,bentley,bentayga,7:bentley|bentayga,base_model
47684,INEOS Automotive,Grenadier,Grenadier,ineos automotive,grenadier,16:ineos automotive|grenadier,base_model
47685,INEOS Automotive,Grenadier Trialmaster Edition,Grenadier,ineos automotive,grenadier,16:ineos automotive|grenadier,base_model
47687,Lincoln,Aviator AWD,Aviator,lincoln,aviator,7:lincoln|aviator,base_model
47689,Mercedes-Benz,AMG G63 4x4 Squared,G-Class,mercedes-benz,g-class,13:mercedes-benz|g-class,base_model
47703,BMW,M8 Competition Convertible,M,bmw,8 series,3:bmw|8 series,audited_alias
47705,Genesis,G70 RWD,G70,genesis,g70,7:genesis|g70,base_model
47707,Genesis,G70 RWD,G70,genesis,g70,7:genesis|g70,base_model
47728,Honda,Pilot FWD,Pilot,honda,pilot,5:honda|pilot,base_model
47733,Jaguar,F-Pace,F-Pace,jaguar,f-pace,6:jaguar|f-pace,base_model
47734,Jaguar,F-Pace SVR,F-Pace,jaguar,f-pace,6:jaguar|f-pace,base_model
47737,Land Rover,Range Rover Velar,Range Rover,land rover,range rover,10:land rover|range rover,base_model
47741,Subaru,Forester Sport/Touring AWD,Forester,subaru,forester,6:subaru|forester,base_model
47751,Genesis,GV80 AWD,GV80,genesis,gv80,7:genesis|gv80,base_model
47752,Genesis,GV80 AWD,GV80,genesis,gv80,7:genesis|gv80,base_model
47753,Honda,Pilot AWD,Pilot,honda,pilot,5:honda|pilot,base_model
47759,Porsche,718 Spyder RS,718,porsche,718,7:porsche|718,base_model
47773,BMW,M4 Coupe,M,bmw,8 series,3:bmw|8 series,audited_alias
47777,MINI,Cooper S Hardtop 2 door,Cooper,mini,cooper,4:mini|cooper,base_model
47780,Buick,Envista,Envista,buick,envista,5:buick|envista,base_model
47782,Honda,HR-V AWD,HR-V,honda,hr-v,5:honda|hr-v,base_model
47785,Buick,Encore GX FWD,Encore,buick,encore,5:buick|encore,base_model
47789,Hyundai,Tucson FWD,Tucson,hyundai,tucson,7:hyundai|tucson,base_model
47791,Buick,Encore GX AWD,Encore,buick,encore,5:buick|encore,base_model
47793,Hyundai,Tucson AWD,Tucson,hyundai,tucson,7:hyundai|tucson,base_model
47799,MINI,Countryman S All4,Countryman,mini,countryman,4:mini|countryman,audited_alias
47800,MINI,JCW Countryman All4,John Cooper Works,mini,countryman,4:mini|countryman,audited_alias
47925,Aston Martin,Vantage,Vantage,aston martin,vantage,12:aston martin|vantage,audited_alias
47926,Aston Martin,DB12 V8,DB12 V8,aston martin,db12 v8,12:aston martin|db12 v8,base_model
47933,Cadillac,CT5 AWD,CT5,cadillac,ct5,8:cadillac|ct5,base_model
47935,Cadillac,CT5 AWD,CT5,cadillac,ct5,8:cadillac|ct5,base_model
47938,Acura,Integra,Integra,acura,integra,5:acura|integra,base_model
47939,Acura,Integra A-Spec,Integra,acura,integra,5:acura|integra,base_model
47940,Acura,Integra A-Spec,Integra,acura,integra,5:acura|integra,base_model
47943,Kia,Soul Eco dynamics,Soul,kia,soul,3:kia|soul,base_model
47955,Dodge,Hornet AWD,Hornet,dodge,hornet,5:dodge|hornet,base_model
47956,Honda,CR-V AWD,CR-V,honda,cr-v,5:honda|cr-v,base_model
47958,Hyundai,Palisade AWD,Palisade,hyundai,palisade,7:hyundai|palisade,base_model
47961,Kia,Seltos AWD,Seltos,kia,seltos,3:kia|seltos,base_model
47962,Kia,Seltos AWD,Seltos,kia,seltos,3:kia|seltos,base_model
47965,Aston Martin,DBX 707,DBX 707,aston martin,dbx 707,12:aston martin|dbx 707,base_model
47970,BMW,M2 Coupe,M,bmw,8 series,3:bmw|8 series,audited_alias
47972,MINI,Cooper Hardtop 2 door,Cooper,mini,cooper,4:mini|cooper,base_model
47980,Cadillac,CT4 AWD,CT4,cadillac,ct4,8:cadillac|ct4,base_model
47982,Cadillac,CT4 V,CT4,cadillac,ct4,8:cadillac|ct4,base_model
47983,Cadillac,CT4 AWD,CT4,cadillac,ct4,8:cadillac|ct4,base_model
47984,Cadillac,CT4 V AWD,CT4,cadillac,ct4,8:cadillac|ct4,base_model
47985,Cadillac,CT4 V,CT4,cadillac,ct4,8:cadillac|ct4,base_model
47986,Cadillac,CT4 V,CT4,cadillac,ct4,8:cadillac|ct4,base_model
47995,MINI,Cooper S Hardtop 4 door,Cooper,mini,cooper,4:mini|cooper,base_model
48003,Alfa Romeo,Giulia,Giulia,alfa romeo,giulia,10:alfa romeo|giulia,base_model
48004,Alfa Romeo,Giulia AWD,Giulia,alfa romeo,giulia,10:alfa romeo|giulia,base_model
48038,Genesis,G80 AWD,G80,genesis,g80,7:genesis|g80,base_model
48039,Genesis,G80 AWD,G80,genesis,g80,7:genesis|g80,base_model
48040,Genesis,G90 AWD,G90,genesis,g90,7:genesis|g90,base_model
48044,Hyundai,Sonata FWD,Sonata,hyundai,sonata,7:hyundai|sonata,base_model
48045,Hyundai,Sonata FWD,Sonata,hyundai,sonata,7:hyundai|sonata,base_model
48046,Hyundai,Sonata FWD,Sonata,hyundai,sonata,7:hyundai|sonata,base_model
48055,Acura,MDX FWD,MDX,acura,mdx,5:acura|mdx,base_model
48061,Chevrolet,Equinox FWD,Equinox,chevrolet,equinox,9:chevrolet|equinox,base_model
48065,Kia,Sportage FWD,Sportage,kia,sportage,3:kia|sportage,base_model
48070,Acura,MDX AWD,MDX,acura,mdx,5:acura|mdx,base_model
48071,Alfa Romeo,Stelvio AWD,Stelvio,alfa romeo,stelvio,10:alfa romeo|stelvio,base_model
48073,Audi,SQ5 Sportback,SQ5,audi,sq5,4:audi|sq5,base_model
48083,Buick,Envision AWD,Envision,buick,envision,5:buick|envision,base_model
48094,Infiniti,QX55 AWD,QX55,infiniti,qx55,8:infiniti|qx55,base_model
48102,Kia,Sportage X-pro,Sportage,kia,sportage,3:kia|sportage,base_model
48109,Buick,Enclave FWD,Enclave,buick,enclave,5:buick|enclave,base_model
48111,GMC,Acadia FWD,Acadia,gmc,acadia,3:gmc|acadia,base_model
48112,Lincoln,Aviator RWD,Aviator,lincoln,aviator,7:lincoln|aviator,base_model
48113,Acura,MDX AWD Type-S,MDX,acura,mdx,5:acura|mdx,base_model
48116,Buick,Enclave AWD,Enclave,buick,enclave,5:buick|enclave,base_model
48117,Chevrolet,Traverse AWD,Traverse,chevrolet,traverse,9:chevrolet|traverse,base_model
48118,Ford,Explorer AWD,Explorer,ford,explorer,4:ford|explorer,base_model
48119,Ford,Explorer AWD,Explorer,ford,explorer,4:ford|explorer,base_model
48120,Ford,Explorer AWD,Explorer,ford,explorer,4:ford|explorer,base_model
48131,Land Rover,Defender 90,Defender,land rover,defender,10:land rover|defender,base_model
48132,Lincoln,Aviator AWD,Aviator,lincoln,aviator,7:lincoln|aviator,base_model
48148,Maserati,MC20,MC20,maserati,mc20,8:maserati|mc20,base_model
48149,Maserati,MC20 Spyder,MC20,maserati,mc20,8:maserati|mc20,base_model
48155,BMW,M2 Coupe,M,bmw,8 series,3:bmw|8 series,audited_alias
48160,Acura,TLX FWD,TLX,acura,tlx,5:acura|tlx,base_model
48162,Acura,TLX Type-S,TLX,acura,tlx,5:acura|tlx,base_model
48189,Acura,Integra,Integra,acura,integra,5:acura|integra,base_model
48266,Hyundai,Santa Cruz AWD,Santa Cruz,hyundai,santa cruz,7:hyundai|santa cruz,base_model
48267,Hyundai,Santa Cruz AWD,Santa Cruz,hyundai,santa cruz,7:hyundai|santa cruz,base_model
48273,Mazda,CX-50 4WD,CX-50,mazda,cx-50,5:mazda|cx-50,base_model
48274,Mazda,CX-50 4WD,CX-50,mazda,cx-50,5:mazda|cx-50,base_model
48278,Volkswagen,Atlas 4motion Peak Edition,Atlas,volkswagen,atlas,10:volkswagen|atlas,base_model
48284,Infiniti,QX60 FWD,QX60,infiniti,qx60,8:infiniti|qx60,base_model
48285,Infiniti,QX80 2WD,QX80,infiniti,qx80,8:infiniti|qx80,base_model
48287,Dodge,Durango AWD,Durango,dodge,durango,5:dodge|durango,base_model
48288,Dodge,Durango AWD,Durango,dodge,durango,5:dodge|durango,base_model
48290,Infiniti,QX60 AWD,QX60,infiniti,qx60,8:infiniti|qx60,base_model
48291,Infiniti,QX80 4WD,QX80,infiniti,qx80,8:infiniti|qx80,base_model
48294,Rolls-Royce,Cullinan,Cullinan,rolls-royce,cullinan,11:rolls-royce|cullinan,base_model
48295,Rolls-Royce,Cullinan Black Badge,Cullinan,rolls-royce,cullinan,11:rolls-royce|cullinan,base_model
48453,Lotus,Emira,Emira,lotus,emira,5:lotus|emira,base_model
48456,Chevrolet,Malibu,Malibu,chevrolet,malibu,9:chevrolet|malibu,base_model
48463,Buick,Envision AWD,Envision,buick,envision,5:buick|envision,base_model
48465,Chevrolet,Traverse FWD,Traverse,chevrolet,traverse,9:chevrolet|traverse,base_model
48483,Mercedes-Benz,AMG SL55 4matic Plus,SL-Class,mercedes-benz,sl-class,13:mercedes-benz|sl-class,base_model
48496,Toyota,Corolla FX,Corolla,toyota,corolla,6:toyota|corolla,base_model
48504,Honda,Accord,Accord,honda,accord,5:honda|accord,base_model
48507,Subaru,Impreza,Impreza,subaru,impreza,6:subaru|impreza,audited_alias
48508,Subaru,Impreza,Impreza,subaru,impreza,6:subaru|impreza,audited_alias
48520,Infiniti,QX50,QX50,infiniti,qx50,8:infiniti|qx50,base_model
48521,Kia,Telluride FWD,Telluride,kia,telluride,3:kia|telluride,base_model
48524,Volkswagen,Atlas,Atlas,volkswagen,atlas,10:volkswagen|atlas,base_model
48526,Acura,RDX AWD,RDX,acura,rdx,5:acura|rdx,base_model
48527,Acura,RDX AWD A-SPEC,RDX,acura,rdx,5:acura|rdx,base_model
48529,Infiniti,QX50 AWD,QX50,infiniti,qx50,8:infiniti|qx50,base_model
48532,Jeep,Wrangler 4dr 4WD,Wrangler,jeep,wrangler,4:jeep|wrangler,base_model
48533,Jeep,Wrangler 4dr 4WD,Wrangler,jeep,wrangler,4:jeep|wrangler,base_model
48536,Lincoln,Nautilus AWD,Nautilus,lincoln,nautilus,7:lincoln|nautilus,base_model
48542,Nissan,Rogue AWD Rock Creek,Rogue,nissan,rogue,6:nissan|rogue,audited_alias
48543,Subaru,Crosstrek AWD,Crosstrek,subaru,crosstrek,6:subaru|crosstrek,base_model
48544,Subaru,Crosstrek AWD,Crosstrek,subaru,crosstrek,6:subaru|crosstrek,base_model
48547,Volkswagen,Atlas SE 4motion,Atlas,volkswagen,atlas,10:volkswagen|atlas,base_model
48548,Volkswagen,Atlas Cross Sport 4motion,Atlas,volkswagen,atlas,10:volkswagen|atlas,base_model
48552,Jeep,Grand Cherokee 2WD,Grand Cherokee,jeep,grand cherokee,4:jeep|grand cherokee,base_model
48554,Bentley,Bentayga,Bentayga,bentley,bentayga,7:bentley|bentayga,base_model
48555,Bentley,Bentayga EWB,Bentayga,bentley,bentayga,7:bentley|bentayga,base_model
48557,INEOS Automotive,Grenadier,Grenadier,ineos automotive,grenadier,16:ineos automotive|grenadier,base_model
48558,INEOS Automotive,Grenadier Trialmaster Edition,Grenadier,ineos automotive,grenadier,16:ineos automotive|grenadier,base_model
48560,Jeep,Grand Wagoneer L 4WD,Grand Wagoneer,jeep,grand wagoneer,4:jeep|grand wagoneer,base_model
48562,Jeep,Wagoneer L 4WD,Wagoneer,jeep,wagoneer,4:jeep|wagoneer,base_model
48563,Jeep,Grand Cherokee L 4WD,Grand Cherokee,jeep,grand cherokee,4:jeep|grand cherokee,base_model
48565,Land Rover,Defender 90,Defender,land rover,defender,10:land rover|defender,base_model
48567,Land Rover,Defender 130,Defender,land rover,defender,10:land rover|defender,base_model
48572,Porsche,Cayenne Coupe,Cayenne,porsche,cayenne,7:porsche|cayenne,base_model
48573,Subaru,Ascent,Ascent,subaru,ascent,6:subaru|ascent,base_model
48578,Bugatti,Mistral,Mistral,bugatti,mistral,7:bugatti|mistral,base_model
48579,Ferrari,F167 ABA,F167 ABA,ferrari,f167 aba,7:ferrari|f167 aba,base_model
48580,Ferrari,Daytona SP3,Daytona SP3,ferrari,daytona sp3,7:ferrari|daytona sp3,base_model
48588,Ferrari,Roma Spider,Roma,ferrari,roma,7:ferrari|roma,base_model
48605,Lincoln,Corsair FWD,Corsair,lincoln,corsair,7:lincoln|corsair,base_model
48606,Nissan,Pathfinder 2WD,Pathfinder,nissan,pathfinder,6:nissan|pathfinder,base_model
48611,Lincoln,Corsair AWD,Corsair,lincoln,corsair,7:lincoln|corsair,base_model
48612,Mazda,CX-30 4WD,CX-30,mazda,cx-30,5:mazda|cx-30,base_model
48613,Mazda,CX-30 4WD,CX-30,mazda,cx-30,5:mazda|cx-30,base_model
48615,Nissan,Pathfinder 4WD,Pathfinder,nissan,pathfinder,6:nissan|pathfinder,base_model
48617,Porsche,Macan,Macan,porsche,macan,7:porsche|macan,base_model
48618,Porsche,Macan S,Macan,porsche,macan,7:porsche|macan,base_model
48625,GMC,Yukon 2WD,Yukon,gmc,yukon,3:gmc|yukon,base_model
48627,GMC,Yukon 2WD,Yukon,gmc,yukon,3:gmc|yukon,base_model
48634,Ferrari,Purosangue,Purosangue,ferrari,purosangue,7:ferrari|purosangue,base_model
48648,Nissan,Pathfinder 4WD Platinum,Pathfinder,nissan,pathfinder,6:nissan|pathfinder,base_model
48650,Porsche,Cayenne GTS,Cayenne,porsche,cayenne,7:porsche|cayenne,base_model
48801,Aston Martin,Vanquish,Vanquish,aston martin,vanquish,12:aston martin|vanquish,base_model
48802,Mazda,MX-5,MX-5,mazda,mx-5,5:mazda|mx-5,base_model
48803,Mazda,MX-5,MX-5,mazda,mx-5,5:mazda|mx-5,base_model
48816,Porsche,718 GT4 RS,718,porsche,718,7:porsche|718,base_model
48818,MINI,Cooper Convertible,Cooper,mini,cooper,4:mini|cooper,base_model
48819,MINI,Cooper S Convertible,Cooper,mini,cooper,4:mini|cooper,base_model
48820,MINI,JCW Convertible,John Cooper Works,mini,countryman,4:mini|countryman,audited_alias
48821,Toyota,GR 86,GR 86,toyota,gr 86,6:toyota|gr 86,base_model
48822,Toyota,GR 86,GR 86,toyota,gr 86,6:toyota|gr 86,base_model
48837,Maserati,Granturismo Modena,Granturismo,maserati,granturismo,8:maserati|granturismo,base_model
48838,Maserati,Grancabrio Trofeo,Grancabrio,maserati,grancabrio,8:maserati|grancabrio,base_model
48839,Maserati,Grancabrio Modena,Grancabrio,maserati,grancabrio,8:maserati|grancabrio,base_model
48840,MINI,JCW Hardtop 2 Door,John Cooper Works,mini,countryman,4:mini|countryman,audited_alias
48845,Lexus,IS 350 AWD,IS,lexus,is,5:lexus|is,base_model
48849,MINI,Cooper Hardtop 4 door,Cooper,mini,cooper,4:mini|cooper,base_model
48851,Volkswagen,GTI,Golf/GTI,volkswagen,golf/gti,10:volkswagen|golf/gti,base_model
48856,Subaru,WRX,WRX,subaru,wrx,6:subaru|wrx,base_model
48857,Subaru,WRX,WRX,subaru,wrx,6:subaru|wrx,base_model
48862,Rolls-Royce,Phantom,Phantom,rolls-royce,phantom,11:rolls-royce|phantom,base_model
48863,Rolls-Royce,Phantom Extended,Phantom,rolls-royce,phantom,11:rolls-royce|phantom,base_model
48864,Rolls-Royce,Ghost,Ghost,rolls-royce,ghost,11:rolls-royce|ghost,base_model
48865,Rolls-Royce,Ghost Extended,Ghost,rolls-royce,ghost,11:rolls-royce|ghost,base_model
48866,Rolls-Royce,Ghost Black Badge,Ghost,rolls-royce,ghost,11:rolls-royce|ghost,base_model
48906,Lexus,RX 350,RX,lexus,rx,5:lexus|rx,base_model
48907,Mitsubishi,Outlander 2WD,Outlander,mitsubishi,outlander,10:mitsubishi|outlander,base_model
48908,Mitsubishi,Eclipse Cross 2WD,Eclipse Cross,mitsubishi,eclipse cross,10:mitsubishi|eclipse cross,base_model
48910,Toyota,RAV4,RAV4,toyota,rav4,6:toyota|rav4,base_model
48914,Volkswagen,Taos,Taos,volkswagen,taos,10:volkswagen|taos,base_model
48915,Alfa Romeo,Tonale AWD,Tonale,alfa romeo,tonale,10:alfa romeo|tonale,base_model
48918,Jeep,Wrangler 4dr 4WD,Wrangler,jeep,wrangler,4:jeep|wrangler,base_model
48919,Jeep,Wrangler 4dr 4WD,Wrangler,jeep,wrangler,4:jeep|wrangler,base_model
48921,Lexus,RX 350 AWD,RX,lexus,rx,5:lexus|rx,base_model
48925,Mitsubishi,Outlander 4WD,Outlander,mitsubishi,outlander,10:mitsubishi|outlander,base_model
48926,Mitsubishi,Outlander Sport 4WD,Outlander,mitsubishi,outlander,10:mitsubishi|outlander,base_model
48927,Mitsubishi,Outlander Sport 4WD,Outlander,mitsubishi,outlander,10:mitsubishi|outlander,base_model
48928,Mitsubishi,Eclipse Cross 4WD,Eclipse Cross,mitsubishi,eclipse cross,10:mitsubishi|eclipse cross,base_model
48929,Mitsubishi,Eclipse Cross ES 4WD,Eclipse Cross,mitsubishi,eclipse cross,10:mitsubishi|eclipse cross,base_model
48947,Nissan,Armada 2WD,Armada,nissan,armada,6:nissan|armada,base_model
48958,Ford,Bronco Outer Banks 4WD,Bronco,ford,bronco,4:ford|bronco,base_model
48967,Lincoln,Navigator 4WD,Navigator,lincoln,navigator,7:lincoln|navigator,base_model
48968,Nissan,Armada 4WD,Armada,nissan,armada,6:nissan|armada,base_model
48982,Toyota,4Runner 4WD,4Runner,toyota,4runner,6:toyota|4runner,base_model
49037,Porsche,911 Carrera 4 GTS,911,porsche,911,7:porsche|911,base_model
49039,Porsche,911 Targa 4 GTS,911,porsche,911,7:porsche|911,base_model
49041,Audi,S5,S5,audi,s5,4:audi|s5,base_model
49044,Acura,ADX AWD,ADX,acura,adx,5:acura|adx,base_model
49045,Acura,ADX FWD,ADX,acura,adx,5:acura|adx,base_model
49047,Volkswagen,Tiguan,Tiguan,volkswagen,tiguan,10:volkswagen|tiguan,base_model
49050,Audi,SQ5 Sportback,SQ5,audi,sq5,4:audi|sq5,base_model
49130,Lotus,Emira,Emira,lotus,emira,5:lotus|emira,base_model
49131,Lotus,Emira,Emira,lotus,emira,5:lotus|emira,base_model
49132,Maserati,GT2 Stradale,GT2 Stradale,maserati,gt2 stradale,8:maserati|gt2 stradale,base_model
49134,Porsche,911 Carrera S Cabriolet,911,porsche,911,7:porsche|911,base_model
49146,Ford,Bronco Sasquatch 4WD,Bronco,ford,bronco,4:ford|bronco,base_model
49147,Ford,Bronco Sasquatch 4WD,Bronco,ford,bronco,4:ford|bronco,base_model
