vehicle_id,raw_file,accepted,reasons,audit_flags
34686,vehicles/34686.json,False,secondary_fuel_present|alternative_technology_present,
34779,vehicles/34779.json,False,alternative_technology_present|electric_motor_present,missing_optional:engine_description
34782,vehicles/34782.json,False,alternative_technology_present|electric_motor_present,missing_optional:engine_description
34922,vehicles/34922.json,False,secondary_fuel_present|alternative_technology_present,
34923,vehicles/34923.json,False,secondary_fuel_present|alternative_technology_present,
34927,vehicles/34927.json,False,secondary_fuel_present|alternative_technology_present,
34948,vehicles/34948.json,False,secondary_fuel_present|alternative_technology_present,
35001,vehicles/35001.json,False,alternative_technology_present|electric_motor_present|hybrid_text_signal,
35002,vehicles/35002.json,False,alternative_technology_present|electric_motor_present|hybrid_text_signal,
35024,vehicles/35024.json,False,secondary_fuel_present|alternative_technology_present,
35031,vehicles/35031.json,False,secondary_fuel_present|alternative_technology_present,
35039,vehicles/35039.json,False,vehicle_class_out_of_scope,
35068,vehicles/35068.json,False,secondary_fuel_present|alternative_technology_present,
35090,vehicles/35090.json,False,secondary_fuel_present|alternative_technology_present,
35095,vehicles/35095.json,False,primary_fuel_out_of_scope|alternative_technology_present,missing_optional:engine_description
35112,vehicles/35112.json,False,primary_fuel_out_of_scope|alternative_technology_present,missing_optional:engine_description
35114,vehicles/35114.json,False,secondary_fuel_present|alternative_technology_present,
35120,vehicles/35120.json,False,primary_fuel_out_of_scope|alternative_technology_present|electric_motor_present|insufficient_engine_specs,missing_optional:displacement_l|missing_optional:cylinders|missing_optional:engine_description
35206,vehicles/35206.json,False,primary_fuel_out_of_scope|alternative_technology_present|electric_motor_present|insufficient_engine_specs,missing_optional:displacement_l|missing_optional:cylinders|missing_optional:engine_description
35310,vehicles/35310.json,False,secondary_fuel_present|alternative_technology_present,
35359,vehicles/35359.json,False,secondary_fuel_present|alternative_technology_present,
35360,vehicles/35360.json,False,secondary_fuel_present|alternative_technology_present,
35361,vehicles/35361.json,False,secondary_fuel_present|alternative_technology_present,
35377,vehicles/35377.json,False,secondary_fuel_present|alternative_technology_present|vehicle_class_out_of_scope,
35379,vehicles/35379.json,False,vehicle_class_out_of_scope,missing_optional:engine_description
35381,vehicles/35381.json,False,vehicle_class_out_of_scope,missing_optional:engine_description
35391,vehicles/35391.json,False,secondary_fuel_present|alternative_technology_present,
35453,vehicles/35453.json,False,vehicle_class_out_of_scope,missing_optional:engine_description
35454,vehicles/35454.json,False,vehicle_class_out_of_scope,missing_optional:engine_description
35455,vehicles/35455.json,False,vehicle_class_out_of_scope,missing_optional:engine_description
35456,vehicles/35456.json,False,vehicle_class_out_of_scope,missing_optional:engine_description
35461,vehicles/35461.json,False,vehicle_class_out_of_scope,missing_optional:engine_description
35464,vehicles/35464.json,False,vehicle_class_out_of_scope,missing_optional:engine_description
35465,vehicles/35465.json,False,secondary_fuel_present|alternative_technology_present|vehicle_class_out_of_scope,
35508,vehicles/35508.json,False,secondary_fuel_present|alternative_technology_present|vehicle_class_out_of_scope,
35526,vehicles/35526.json,False,alternative_technology_present|electric_motor_present|hybrid_text_signal,missing_optional:engine_description
35556,vehicles/35556.json,False,alternative_technology_present|electric_motor_present,missing_optional:engine_description
35614,vehicles/35614.json,False,alternative_technology_present|electric_motor_present,missing_optional:engine_description
35639,vehicles/35639.json,False,vehicle_class_out_of_scope,
35652,vehicles/35652.json,False,secondary_fuel_present|alternative_technology_present|electric_motor_present|phev_blended|hybrid_text_signal,
35673,vehicles/35673.json,False,alternative_technology_present|electric_motor_present|hybrid_text_signal,
35676,vehicles/35676.json,False,vehicle_class_out_of_scope,
35679,vehicles/35679.json,False,vehicle_class_out_of_scope,missing_optional:engine_description
35680,vehicles/35680.json,False,vehicle_class_out_of_scope,missing_optional:engine_description
35682,vehicles/35682.json,False,secondary_fuel_present|alternative_technology_present|vehicle_class_out_of_scope,
35730,vehicles/35730.json,False,primary_fuel_out_of_scope|alternative_technology_present,missing_optional:engine_description
35739,vehicles/35739.json,False,vehicle_class_out_of_scope,missing_optional:engine_description
35740,vehicles/35740.json,False,vehicle_class_out_of_scope,missing_optional:engine_description
35741,vehicles/35741.json,False,vehicle_class_out_of_scope,missing_optional:engine_description
35742,vehicles/35742.json,False,secondary_fuel_present|alternative_technology_present|vehicle_class_out_of_scope,
35743,vehicles/35743.json,False,vehicle_class_out_of_scope,missing_optional:engine_description
35744,vehicles/35744.json,False,vehicle_class_out_of_scope,missing_optional:engine_description
35745,vehicles/35745.json,False,secondary_fuel_present|alternative_technology_present|vehicle_class_out_of_scope,
35746,vehicles/35746.json,False,vehicle_class_out_of_scope,missing_optional:engine_description
35747,vehicles/35747.json,False,vehicle_class_out_of_scope,missing_optional:engine_description
35758,vehicles/35758.json,False,secondary_fuel_present|alternative_technology_present,
35760,vehicles/35760.json,False,secondary_fuel_present|alternative_technology_present,
35761,vehicles/35761.json,False,secondary_fuel_present|alternative_technology_present,
35762,vehicles/35762.json,False,secondary_fuel_present|alternative_technology_present,
35791,vehicles/35791.json,False,alternative_technology_present|electric_motor_present|hybrid_text_signal,missing_optional:engine_description
35819,vehicles/35819.json,False,primary_fuel_out_of_scope|alternative_technology_present|vehicle_class_out_of_scope,missing_optional:engine_description
35849,vehicles/35849.json,False,primary_fuel_out_of_scope|alternative_technology_present|electric_motor_present|insufficient_engine_specs,missing_optional:displacement_l|missing_optional:cylinders|missing_optional:engine_description
35858,vehicles/35858.json,False,primary_fuel_out_of_scope|alternative_technology_present|electric_motor_present|insufficient_engine_specs,missing_optional:displacement_l|missing_optional:cylinders|missing_optional:engine_description
35859,vehicles/35859.json,False,primary_fuel_out_of_scope|alternative_technology_present|electric_motor_present|insufficient_engine_specs,missing_optional:displacement_l|missing_optional:cylinders|missing_optional:engine_description
35864,vehicles/35864.json,False,secondary_fuel_present|alternative_technology_present,
35865,vehicles/35865.json,False,secondary_fuel_present|alternative_technology_present,
35873,vehicles/35873.json,False,secondary_fuel_present|alternative_technology_present,
35890,vehicles/35890.json,False,alternative_technology_present|electric_motor_present|hybrid_text_signal,
35904,vehicles/35904.json,False,alternative_technology_present|electric_motor_present,
35924,vehicles/35924.json,False,secondary_fuel_present|alternative_technology_present|vehicle_class_out_of_scope,
35925,vehicles/35925.json,False,secondary_fuel_present|alternative_technology_present|vehicle_class_out_of_scope,
35947,vehicles/35947.json,False,vehicle_class_out_of_scope,
35948,vehicles/35948.json,False,vehicle_class_out_of_scope,missing_optional:engine_description
35980,vehicles/35980.json,False,primary_fuel_out_of_scope|alternative_technology_present|electric_motor_present|insufficient_engine_specs,missing_optional:displacement_l|missing_optional:cylinders|missing_optional:engine_description
36004,vehicles/36004.json,False,primary_fuel_out_of_scope|alternative_technology_present|vehicle_class_out_of_scope,missing_optional:engine_description
36008,vehicles/36008.json,False,primary_fuel_out_of_scope|alternative_technology_present|electric_motor_present|insufficient_engine_specs,missing_optional:displacement_l|missing_optional:cylinders|missing_optional:engine_description
36009,vehicles/36009.json,False,primary_fuel_out_of_scope|alternative_technology_present|electric_motor_present|insufficient_engine_specs,missing_optional:displacement_l|missing_optional:cylinders|missing_optional:engine_description
36017,vehicles/36017.json,False,primary_fuel_out_of_scope|alternative_technology_present|electric_motor_present|insufficient_engine_specs,missing_optional:displacement_l|missing_optional:cylinders|missing_optional:engine_description
36023,vehicles/36023.json,False,primary_fuel_out_of_scope|alternative_technology_present|electric_motor_present|nonpositive_engine_spec:displacement_l,missing_optional:cylinders|missing_optional:engine_description
36047,vehicles/36047.json,False,alternative_technology_present|electric_motor_present|hybrid_text_signal,
36057,vehicles/36057.json,False,vehicle_class_out_of_scope,
36059,vehicles/36059.json,False,vehicle_class_out_of_scope,
36126,vehicles/36126.json,False,primary_fuel_out_of_scope|alternative_technology_present|electric_motor_present|insufficient_engine_specs,missing_optional:displacement_l|missing_optional:cylinders|missing_optional:engine_description
36160,vehicles/36160.json,False,alternative_technology_present|electric_motor_present|hybrid_text_signal,missing_optional:engine_description
36161,vehicles/36161.json,False,alternative_technology_present|electric_motor_present|hybrid_text_signal,missing_optional:engine_description
36374,vehicles/36374.json,False,secondary_fuel_present|alternative_technology_present,
36381,vehicles/36381.json,False,secondary_fuel_present|alternative_technology_present,
36382,vehicles/36382.json,False,secondary_fuel_present|alternative_technology_present,
36453,vehicles/36453.json,False,secondary_fuel_present|alternative_technology_present,
36457,vehicles/36457.json,False,secondary_fuel_present|alternative_technology_present,
36460,vehicles/36460.json,False,alternative_technology_present|electric_motor_present|hybrid_text_signal,
36470,vehicles/36470.json,False,alternative_technology_present|electric_motor_present|hybrid_text_signal,missing_optional:engine_description
36486,vehicles/36486.json,False,vehicle_class_out_of_scope,missing_optional:engine_description
36487,vehicles/36487.json,False,vehicle_class_out_of_scope,missing_optional:engine_description
36495,vehicles/36495.json,False,secondary_fuel_present|alternative_technology_present,
36500,vehicles/36500.json,False,secondary_fuel_present|alternative_technology_present,
36542,vehicles/36542.json,False,vehicle_class_out_of_scope,missing_optional:engine_description
36543,vehicles/36543.json,False,vehicle_class_out_of_scope,missing_optional:engine_description
36544,vehicles/36544.json,False,secondary_fuel_present|alternative_technology_present|vehicle_class_out_of_scope,
36545,vehicles/36545.json,False,primary_fuel_out_of_scope|alternative_technology_present|vehicle_class_out_of_scope,missing_optional:engine_description
36546,vehicles/36546.json,False,vehicle_class_out_of_scope,missing_optional:engine_description
36547,vehicles/36547.json,False,primary_fuel_out_of_scope|alternative_technology_present|vehicle_class_out_of_scope,missing_optional:engine_description
36548,vehicles/36548.json,False,vehicle_class_out_of_scope,missing_optional:engine_description
36582,vehicles/36582.json,False,secondary_fuel_present|alternative_technology_present,
36583,vehicles/36583.json,False,secondary_fuel_present|alternative_technology_present,
36597,vehicles/36597.json,False,primary_fuel_out_of_scope|alternative_technology_present|vehicle_class_out_of_scope,missing_optional:engine_description
36600,vehicles/36600.json,False,vehicle_class_out_of_scope,
36605,vehicles/36605.json,False,vehicle_class_out_of_scope,
36606,vehicles/36606.json,False,vehicle_class_out_of_scope,
36624,vehicles/36624.json,False,secondary_fuel_present|alternative_technology_present,
36684,vehicles/36684.json,False,secondary_fuel_present|alternative_technology_present,
36766,vehicles/36766.json,False,vehicle_class_out_of_scope,
36786,vehicles/36786.json,False,primary_fuel_out_of_scope|alternative_technology_present|electric_motor_present|insufficient_engine_specs,missing_optional:displacement_l|missing_optional:cylinders|missing_optional:engine_description
36787,vehicles/36787.json,False,primary_fuel_out_of_scope|alternative_technology_present|electric_motor_present|insufficient_engine_specs,missing_optional:displacement_l|missing_optional:cylinders|missing_optional:engine_description
36797,vehicles/36797.json,False,alternative_technology_present|electric_motor_present|hybrid_text_signal,missing_optional:engine_description
36808,vehicles/36808.json,False,vehicle_class_out_of_scope,missing_optional:engine_description
36809,vehicles/36809.json,False,vehicle_class_out_of_scope,missing_optional:engine_description
36815,vehicles/36815.json,False,secondary_fuel_present|alternative_technology_present,
36860,vehicles/36860.json,False,primary_fuel_out_of_scope|alternative_technology_present|electric_motor_present|insufficient_engine_specs,missing_optional:displacement_l|missing_optional:cylinders|missing_optional:engine_description
36861,vehicles/36861.json,False,primary_fuel_out_of_scope|alternative_technology_present|electric_motor_present|insufficient_engine_specs,missing_optional:displacement_l|missing_optional:cylinders|missing_optional:engine_description
36898,vehicles/36898.json,False,secondary_fuel_present|alternative_technology_present,missing_optional:engine_description
36912,vehicles/36912.json,False,primary_fuel_out_of_scope|alternative_technology_present,missing_optional:engine_description
36916,vehicles/36916.json,False,vehicle_class_out_of_scope,missing_optional:engine_description
36917,vehicles/36917.json,False,vehicle_class_out_of_scope,missing_optional:engine_description
36938,vehicles/36938.json,False,vehicle_class_out_of_scope,missing_optional:engine_description
36939,vehicles/36939.json,False,vehicle_class_out_of_scope,missing_optional:engine_description
36965,vehicles/36965.json,False,secondary_fuel_present|alternative_technology_present,
36968,vehicles/36968.json,False,secondary_fuel_present|alternative_technology_present,
36971,vehicles/36971.json,False,secondary_fuel_present|alternative_technology_present,
36979,vehicles/36979.json,False,primary_fuel_out_of_scope|alternative_technology_present|electric_motor_present|insufficient_engine_specs,missing_optional:displacement_l|missing_optional:cylinders|missing_optional:engine_description
36980,vehicles/36980.json,False,primary_fuel_out_of_scope|alternative_technology_present|electric_motor_present|insufficient_engine_specs,missing_optional:displacement_l|missing_optional:cylinders|missing_optional:engine_description
36989,vehicles/36989.json,False,secondary_fuel_present|alternative_technology_present,
36991,vehicles/36991.json,False,vehicle_class_out_of_scope,
37004,vehicles/37004.json,False,secondary_fuel_present|alternative_technology_present|vehicle_class_out_of_scope,
37005,vehicles/37005.json,False,secondary_fuel_present|alternative_technology_present|vehicle_class_out_of_scope,
37006,vehicles/37006.json,False,vehicle_class_out_of_scope,
37007,vehicles/37007.json,False,vehicle_class_out_of_scope,
37008,vehicles/37008.json,False,vehicle_class_out_of_scope,
37010,vehicles/37010.json,False,secondary_fuel_present|alternative_technology_present|vehicle_class_out_of_scope,
37039,vehicles/37039.json,False,vehicle_class_out_of_scope,
37040,vehicles/37040.json,False,vehicle_class_out_of_scope,
37047,vehicles/37047.json,False,vehicle_class_out_of_scope,
37048,vehicles/37048.json,False,vehicle_class_out_of_scope,
37061,vehicles/37061.json,False,alternative_technology_present|electric_motor_present,missing_optional:engine_description
37082,vehicles/37082.json,False,alternative_technology_present|electric_motor_present,
37092,vehicles/37092.json,False,alternative_technology_present|electric_motor_present,missing_optional:engine_description
37122,vehicles/37122.json,False,vehicle_class_out_of_scope,
37125,vehicles/37125.json,False,primary_fuel_out_of_scope|alternative_technology_present|vehicle_class_out_of_scope,missing_optional:engine_description
37130,vehicles/37130.json,False,secondary_fuel_present|alternative_technology_present|electric_motor_present|phev_blended|hybrid_text_signal,
37156,vehicles/37156.json,False,primary_fuel_out_of_scope|alternative_technology_present|electric_motor_present|insufficient_engine_specs,missing_optional:displacement_l|missing_optional:cylinders|missing_optional:engine_description
37158,vehicles/37158.json,False,vehicle_class_out_of_scope,missing_optional:engine_description
37178,vehicles/37178.json,False,vehicle_class_out_of_scope,
37208,vehicles/37208.json,False,primary_fuel_out_of_scope|alternative_technology_present,missing_optional:engine_description
37234,vehicles/37234.json,False,primary_fuel_out_of_scope|alternative_technology_present|electric_motor_present|insufficient_engine_specs,missing_optional:displacement_l|missing_optional:cylinders|missing_optional:engine_description
37235,vehicles/37235.json,False,primary_fuel_out_of_scope|alternative_technology_present|electric_motor_present|insufficient_engine_specs,missing_optional:displacement_l|missing_optional:cylinders|missing_optional:engine_description
37236,vehicles/37236.json,False,primary_fuel_out_of_scope|alternative_technology_present|electric_motor_present|insufficient_engine_specs,missing_optional:displacement_l|missing_optional:cylinders|missing_optional:engine_description
37237,vehicles/37237.json,False,vehicle_class_out_of_scope,missing_optional:engine_description
37238,vehicles/37238.json,False,primary_fuel_out_of_scope|alternative_technology_present|electric_motor_present|insufficient_engine_specs,missing_optional:displacement_l|missing_optional:cylinders|missing_optional:engine_description
37239,vehicles/37239.json,False,primary_fuel_out_of_scope|alternative_technology_present|electric_motor_present|insufficient_engine_specs,missing_optional:displacement_l|missing_optional:cylinders|missing_optional:engine_description
37241,vehicles/37241.json,False,primary_fuel_out_of_scope|alternative_technology_present|electric_motor_present|insufficient_engine_specs,missing_optional:displacement_l|missing_optional:cylinders|missing_optional:engine_description
37242,vehicles/37242.json,False,primary_fuel_out_of_scope|alternative_technology_present|electric_motor_present|insufficient_engine_specs,missing_optional:displacement_l|missing_optional:cylinders|missing_optional:engine_description
37251,vehicles/37251.json,False,alternative_technology_present|electric_motor_present|hybrid_text_signal,missing_optional:engine_description
37293,vehicles/37293.json,False,primary_fuel_out_of_scope|alternative_technology_present|electric_motor_present|insufficient_engine_specs,missing_optional:displacement_l|missing_optional:cylinders|missing_optional:engine_description
37360,vehicles/37360.json,False,secondary_fuel_present|alternative_technology_present,
37383,vehicles/37383.json,False,alternative_technology_present|electric_motor_present|hybrid_text_signal,missing_optional:engine_description
37385,vehicles/37385.json,False,alternative_technology_present|electric_motor_present|hybrid_text_signal,missing_optional:engine_description
37403,vehicles/37403.json,False,vehicle_class_out_of_scope,
37410,vehicles/37410.json,False,vehicle_class_out_of_scope,missing_optional:engine_description
37411,vehicles/37411.json,False,vehicle_class_out_of_scope,missing_optional:engine_description
37422,vehicles/37422.json,False,primary_fuel_out_of_scope|alternative_technology_present|electric_motor_present|insufficient_engine_specs,missing_optional:displacement_l|missing_optional:cylinders|missing_optional:engine_description
37423,vehicles/37423.json,False,primary_fuel_out_of_scope|alternative_technology_present|electric_motor_present|insufficient_engine_specs,missing_optional:displacement_l|missing_optional:cylinders|missing_optional:engine_description
37436,vehicles/37436.json,False,alternative_technology_present|electric_motor_present|hybrid_text_signal,
37470,vehicles/37470.json,False,secondary_fuel_present|alternative_technology_present|electric_motor_present|phev_blended|hybrid_text_signal,
37504,vehicles/37504.json,False,secondary_fuel_present|alternative_technology_present,
37540,vehicles/37540.json,False,vehicle_class_out_of_scope,missing_optional:engine_description
37600,vehicles/37600.json,False,secondary_fuel_present|alternative_technology_present,
37619,vehicles/37619.json,False,alternative_technology_present|electric_motor_present,missing_optional:engine_description
37640,vehicles/37640.json,False,alternative_technology_present|electric_motor_present|hybrid_text_signal|vehicle_class_out_of_scope,
37663,vehicles/37663.json,False,vehicle_class_out_of_scope,missing_optional:engine_description
37664,vehicles/37664.json,False,vehicle_class_out_of_scope,missing_optional:engine_description
37667,vehicles/37667.json,False,vehicle_class_out_of_scope,
37668,vehicles/37668.json,False,vehicle_class_out_of_scope,
37669,vehicles/37669.json,False,vehicle_class_out_of_scope,
37698,vehicles/37698.json,False,secondary_fuel_present|alternative_technology_present,
37733,vehicles/37733.json,False,secondary_fuel_present|alternative_technology_present,
37786,vehicles/37786.json,False,secondary_fuel_present|alternative_technology_present,
37800,vehicles/37800.json,False,primary_fuel_out_of_scope|alternative_technology_present|electric_motor_present|insufficient_engine_specs,missing_optional:displacement_l|missing_optional:cylinders|missing_optional:engine_description
37991,vehicles/37991.json,False,vehicle_class_out_of_scope,missing_optional:engine_description
37992,vehicles/37992.json,False,secondary_fuel_present|alternative_technology_present|vehicle_class_out_of_scope,
37993,vehicles/37993.json,False,vehicle_class_out_of_scope,missing_optional:engine_description
37994,vehicles/37994.json,False,vehicle_class_out_of_scope,missing_optional:engine_description
37995,vehicles/37995.json,False,secondary_fuel_present|alternative_technology_present|vehicle_class_out_of_scope,
37996,vehicles/37996.json,False,vehicle_class_out_of_scope,
37997,vehicles/37997.json,False,vehicle_class_out_of_scope,
38002,vehicles/38002.json,False,primary_fuel_out_of_scope|alternative_technology_present|electric_motor_present|insufficient_engine_specs,missing_optional:displacement_l|missing_optional:cylinders|missing_optional:engine_description
38047,vehicles/38047.json,False,alternative_technology_present|electric_motor_present,
38061,vehicles/38061.json,False,alternative_technology_present|electric_motor_present,missing_optional:engine_description
38090,vehicles/38090.json,False,primary_fuel_out_of_scope|alternative_technology_present,missing_optional:engine_description
38099,vehicles/38099.json,False,secondary_fuel_present|alternative_technology_present,
38100,vehicles/38100.json,False,secondary_fuel_present|alternative_technology_present,
38101,vehicles/38101.json,False,secondary_fuel_present|alternative_technology_present,
38108,vehicles/38108.json,False,primary_fuel_out_of_scope|alternative_technology_present,missing_optional:engine_description
38111,vehicles/38111.json,False,alternative_technology_present|electric_motor_present,missing_optional:engine_description
38122,vehicles/38122.json,False,secondary_fuel_present|alternative_technology_present|vehicle_class_out_of_scope,
38124,vehicles/38124.json,False,vehicle_class_out_of_scope,
38164,vehicles/38164.json,False,primary_fuel_out_of_scope|alternative_technology_present,missing_optional:engine_description
38169,vehicles/38169.json,False,secondary_fuel_present|alternative_technology_present|electric_motor_present|phev_blended|hybrid_text_signal,
38170,vehicles/38170.json,False,primary_fuel_out_of_scope|alternative_technology_present|electric_motor_present|insufficient_engine_specs,missing_optional:displacement_l|missing_optional:cylinders|missing_optional:engine_description
38172,vehicles/38172.json,False,primary_fuel_out_of_scope|alternative_technology_present|electric_motor_present|insufficient_engine_specs,missing_optional:displacement_l|missing_optional:cylinders|missing_optional:engine_description
38227,vehicles/38227.json,False,alternative_technology_present|electric_motor_present|hybrid_text_signal,missing_optional:engine_description
38262,vehicles/38262.json,False,secondary_fuel_present|alternative_technology_present|vehicle_class_out_of_scope,
38268,vehicles/38268.json,False,vehicle_class_out_of_scope,
38269,vehicles/38269.json,False,vehicle_class_out_of_scope,
38275,vehicles/38275.json,False,vehicle_class_out_of_scope,
38287,vehicles/38287.json,False,alternative_technology_present|electric_motor_present,missing_optional:engine_description
38291,vehicles/38291.json,False,secondary_fuel_present|alternative_technology_present,
38292,vehicles/38292.json,False,alternative_technology_present|electric_motor_present|hybrid_text_signal,missing_optional:engine_description
38347,vehicles/38347.json,False,vehicle_class_out_of_scope,
38378,vehicles/38378.json,False,primary_fuel_out_of_scope|alternative_technology_present,missing_optional:engine_description
38380,vehicles/38380.json,False,vehicle_class_out_of_scope,
38381,vehicles/38381.json,False,vehicle_class_out_of_scope,
38382,vehicles/38382.json,False,primary_fuel_out_of_scope|alternative_technology_present|vehicle_class_out_of_scope,missing_optional:engine_description
38383,vehicles/38383.json,False,vehicle_class_out_of_scope,
38444,vehicles/38444.json,False,secondary_fuel_present|alternative_technology_present,
38484,vehicles/38484.json,False,alternative_technology_present|electric_motor_present,
38486,vehicles/38486.json,False,alternative_technology_present|electric_motor_present,
38490,vehicles/38490.json,False,primary_fuel_out_of_scope|alternative_technology_present,missing_optional:engine_description
38491,vehicles/38491.json,False,secondary_fuel_present|alternative_technology_present|electric_motor_present|phev_blended|hybrid_text_signal|vehicle_class_out_of_scope,
38493,vehicles/38493.json,False,secondary_fuel_present|alternative_technology_present,
38495,vehicles/38495.json,False,alternative_technology_present|electric_motor_present|hybrid_text_signal,missing_optional:engine_description
38496,vehicles/38496.json,False,alternative_technology_present|electric_motor_present,
38497,vehicles/38497.json,False,alternative_technology_present|electric_motor_present,
38500,vehicles/38500.json,False,primary_fuel_out_of_scope|alternative_technology_present|electric_motor_present|insufficient_engine_specs,missing_optional:displacement_l|missing_optional:cylinders|missing_optional:engine_description
38511,vehicles/38511.json,False,alternative_technology_present|electric_motor_present|hybrid_text_signal,
38519,vehicles/38519.json,False,primary_fuel_out_of_scope|alternative_technology_present,missing_optional:engine_description
38520,vehicles/38520.json,False,primary_fuel_out_of_scope|alternative_technology_present,missing_optional:engine_description
38523,vehicles/38523.json,False,primary_fuel_out_of_scope|alternative_technology_present|electric_motor_present|insufficient_engine_specs,missing_optional:displacement_l|missing_optional:cylinders|missing_optional:engine_description
38525,vehicles/38525.json,False,primary_fuel_out_of_scope|alternative_technology_present|electric_motor_present|insufficient_engine_specs,missing_optional:displacement_l|missing_optional:cylinders|missing_optional:engine_description
38527,vehicles/38527.json,False,primary_fuel_out_of_scope|alternative_technology_present|electric_motor_present|insufficient_engine_specs,missing_optional:displacement_l|missing_optional:cylinders|missing_optional:engine_description
38529,vehicles/38529.json,False,primary_fuel_out_of_scope|alternative_technology_present|electric_motor_present|insufficient_engine_specs,missing_optional:displacement_l|missing_optional:cylinders|missing_optional:engine_description
38530,vehicles/38530.json,False,primary_fuel_out_of_scope|alternative_technology_present|electric_motor_present|insufficient_engine_specs,missing_optional:displacement_l|missing_optional:cylinders|missing_optional:engine_description
38537,vehicles/38537.json,False,primary_fuel_out_of_scope|alternative_technology_present|electric_motor_present|insufficient_engine_specs,missing_optional:displacement_l|missing_optional:cylinders|missing_optional:engine_description
38558,vehicles/38558.json,False,primary_fuel_out_of_scope|alternative_technology_present|electric_motor_present|insufficient_engine_specs,missing_optional:displacement_l|missing_optional:cylinders|missing_optional:engine_description
38564,vehicles/38564.json,False,vehicle_class_out_of_scope,missing_optional:engine_description
38565,vehicles/38565.json,False,vehicle_class_out_of_scope,missing_optional:engine_description
38591,vehicles/38591.json,False,primary_fuel_out_of_scope|alternative_technology_present|electric_motor_present|insufficient_engine_specs,missing_optional:displacement_l|missing_optional:cylinders|missing_optional:engine_description
38650,vehicles/38650.json,False,secondary_fuel_present|alternative_technology_present|electric_motor_present|phev_blended|hybrid_text_signal,
38698,vehicles/38698.json,False,vehicle_class_out_of_scope,missing_optional:engine_description
38699,vehicles/38699.json,False,vehicle_class_out_of_scope,missing_optional:engine_description
38715,vehicles/38715.json,False,primary_fuel_out_of_scope|alternative_technology_present,missing_optional:engine_description
38768,vehicles/38768.json,False,secondary_fuel_present|alternative_technology_present,
38993,vehicles/38993.json,False,vehicle_class_out_of_scope,missing_optional:engine_description
38996,vehicles/38996.json,False,vehicle_class_out_of_scope,
39013,vehicles/39013.json,False,secondary_fuel_present|alternative_technology_present,
39019,vehicles/39019.json,False,secondary_fuel_present|alternative_technology_present,
39030,vehicles/39030.json,False,secondary_fuel_present|alternative_technology_present,
39051,vehicles/39051.json,False,secondary_fuel_present|alternative_technology_present,
39054,vehicles/39054.json,False,secondary_fuel_present|alternative_technology_present,
39056,vehicles/39056.json,False,secondary_fuel_present|alternative_technology_present,
39062,vehicles/39062.json,False,secondary_fuel_present|alternative_technology_present,
39067,vehicles/39067.json,False,vehicle_class_out_of_scope,
39068,vehicles/39068.json,False,vehicle_class_out_of_scope,
39085,vehicles/39085.json,False,vehicle_class_out_of_scope,
39086,vehicles/39086.json,False,vehicle_class_out_of_scope,
39087,vehicles/39087.json,False,vehicle_class_out_of_scope,
39093,vehicles/39093.json,False,secondary_fuel_present|alternative_technology_present,
39159,vehicles/39159.json,False,alternative_technology_present|electric_motor_present|hybrid_text_signal,missing_optional:engine_description
39192,vehicles/39192.json,False,primary_fuel_out_of_scope|alternative_technology_present|electric_motor_present|insufficient_engine_specs,missing_optional:displacement_l|missing_optional:cylinders|missing_optional:engine_description
39264,vehicles/39264.json,False,secondary_fuel_present|alternative_technology_present|vehicle_class_out_of_scope,
39266,vehicles/39266.json,False,vehicle_class_out_of_scope,missing_optional:engine_description
39292,vehicles/39292.json,False,alternative_technology_present|electric_motor_present|hybrid_text_signal,
39315,vehicles/39315.json,False,primary_fuel_out_of_scope|alternative_technology_present,missing_optional:engine_description
39320,vehicles/39320.json,False,secondary_fuel_present|alternative_technology_present,
39358,vehicles/39358.json,False,vehicle_class_out_of_scope,missing_optional:engine_description
39361,vehicles/39361.json,False,vehicle_class_out_of_scope,missing_optional:engine_description
39362,vehicles/39362.json,False,vehicle_class_out_of_scope,missing_optional:engine_description
39382,vehicles/39382.json,False,secondary_fuel_present|alternative_technology_present|electric_motor_present|phev_blended|hybrid_text_signal,
39383,vehicles/39383.json,False,secondary_fuel_present|alternative_technology_present|electric_motor_present|phev_blended|hybrid_text_signal,
39384,vehicles/39384.json,False,primary_fuel_out_of_scope|alternative_technology_present|vehicle_class_out_of_scope,missing_optional:engine_description
39385,vehicles/39385.json,False,primary_fuel_out_of_scope|alternative_technology_present|vehicle_class_out_of_scope,missing_optional:engine_description
39409,vehicles/39409.json,False,secondary_fuel_present|alternative_technology_present|electric_motor_present|hybrid_text_signal,
39431,vehicles/39431.json,False,alternative_technology_present|electric_motor_present|hybrid_text_signal,missing_optional:engine_description
39453,vehicles/39453.json,False,secondary_fuel_present|alternative_technology_present|vehicle_class_out_of_scope,
39483,vehicles/39483.json,False,secondary_fuel_present|alternative_technology_present|electric_motor_present|phev_blended|hybrid_text_signal|vehicle_class_out_of_scope,
39513,vehicles/39513.json,False,secondary_fuel_present|alternative_technology_present|vehicle_class_out_of_scope,
39516,vehicles/39516.json,False,secondary_fuel_present|alternative_technology_present|vehicle_class_out_of_scope,
39601,vehicles/39601.json,False,secondary_fuel_present|alternative_technology_present|vehicle_class_out_of_scope,
39603,vehicles/39603.json,False,primary_fuel_out_of_scope|alternative_technology_present|electric_motor_present|insufficient_engine_specs,missing_optional:displacement_l|missing_optional:cylinders|missing_optional:engine_description
39617,vehicles/39617.json,False,alternative_technology_present|electric_motor_present,
39618,vehicles/39618.json,False,alternative_technology_present|electric_motor_present,
39619,vehicles/39619.json,False,secondary_fuel_present|alternative_technology_present|vehicle_class_out_of_scope,
39620,vehicles/39620.json,False,secondary_fuel_present|alternative_technology_present|vehicle_class_out_of_scope,
39666,vehicles/39666.json,False,secondary_fuel_present|alternative_technology_present,
39671,vehicles/39671.json,False,vehicle_class_out_of_scope,missing_optional:engine_description
39714,vehicles/39714.json,False,alternative_technology_present|electric_motor_present|hybrid_text_signal,
39726,vehicles/39726.json,False,vehicle_class_out_of_scope,
39743,vehicles/39743.json,False,vehicle_class_out_of_scope,
39752,vehicles/39752.json,False,alternative_technology_present|electric_motor_present,missing_optional:engine_description
39767,vehicles/39767.json,False,secondary_fuel_present|alternative_technology_present|electric_motor_present|phev_blended|hybrid_text_signal,
39768,vehicles/39768.json,False,secondary_fuel_present|alternative_technology_present|electric_motor_present|phev_blended|hybrid_text_signal,
39769,vehicles/39769.json,False,primary_fuel_out_of_scope|alternative_technology_present|electric_motor_present|insufficient_engine_specs,missing_optional:displacement_l|missing_optional:cylinders|missing_optional:engine_description
39775,vehicles/39775.json,False,secondary_fuel_present|alternative_technology_present,
39783,vehicles/39783.json,False,secondary_fuel_present|alternative_technology_present|electric_motor_present|phev_blended|hybrid_text_signal,
39784,vehicles/39784.json,False,primary_fuel_out_of_scope|alternative_technology_present|electric_motor_present|insufficient_engine_specs,missing_optional:displacement_l|missing_optional:cylinders|missing_optional:engine_description
39785,vehicles/39785.json,False,primary_fuel_out_of_scope|alternative_technology_present|electric_motor_present|insufficient_engine_specs,missing_optional:displacement_l|missing_optional:cylinders|missing_optional:engine_description
39787,vehicles/39787.json,False,alternative_technology_present|electric_motor_present|hybrid_text_signal,
39830,vehicles/39830.json,False,secondary_fuel_present|alternative_technology_present|electric_motor_present|phev_blended|hybrid_text_signal,
39831,vehicles/39831.json,False,primary_fuel_out_of_scope|alternative_technology_present|electric_motor_present|insufficient_engine_specs,missing_optional:displacement_l|missing_optional:cylinders|missing_optional:engine_description
39836,vehicles/39836.json,False,primary_fuel_out_of_scope|alternative_technology_present|electric_motor_present|insufficient_engine_specs,missing_optional:displacement_l|missing_optional:cylinders|missing_optional:engine_description
39837,vehicles/39837.json,False,primary_fuel_out_of_scope|alternative_technology_present|electric_motor_present|insufficient_engine_specs,missing_optional:displacement_l|missing_optional:cylinders|missing_optional:engine_description
39838,vehicles/39838.json,False,primary_fuel_out_of_scope|alternative_technology_present|electric_motor_present|insufficient_engine_specs,missing_optional:displacement_l|missing_optional:cylinders|missing_optional:engine_description
39839,vehicles/39839.json,False,primary_fuel_out_of_scope|alternative_technology_present|electric_motor_present|insufficient_engine_specs,missing_optional:displacement_l|missing_optional:cylinders|missing_optional:engine_description
39840,vehicles/39840.json,False,primary_fuel_out_of_scope|alternative_technology_present|electric_motor_present|insufficient_engine_specs,missing_optional:displacement_l|missing_optional:cylinders|missing_optional:engine_description
39842,vehicles/39842.json,False,primary_fuel_out_of_scope|alternative_technology_present|electric_motor_present|insufficient_engine_specs,missing_optional:displacement_l|missing_optional:cylinders|missing_optional:engine_description
39843,vehicles/39843.json,False,primary_fuel_out_of_scope|alternative_technology_present|electric_motor_present|insufficient_engine_specs,missing_optional:displacement_l|missing_optional:cylinders|missing_optional:engine_description
39853,vehicles/39853.json,False,secondary_fuel_present|alternative_technology_present|electric_motor_present|phev_blended|hybrid_text_signal,
39859,vehicles/39859.json,False,vehicle_class_out_of_scope,
39868,vehicles/39868.json,False,primary_fuel_out_of_scope|alternative_technology_present|vehicle_class_out_of_scope,missing_optional:engine_description
39869,vehicles/39869.json,False,primary_fuel_out_of_scope|alternative_technology_present|vehicle_class_out_of_scope,missing_optional:engine_description
39870,vehicles/39870.json,False,alternative_technology_present|electric_motor_present|hybrid_text_signal,missing_optional:engine_description
39871,vehicles/39871.json,False,primary_fuel_out_of_scope|alternative_technology_present|electric_motor_present|insufficient_engine_specs,missing_optional:displacement_l|missing_optional:cylinders|missing_optional:engine_description
39880,vehicles/39880.json,False,primary_fuel_out_of_scope|alternative_technology_present|electric_motor_present|insufficient_engine_specs,missing_optional:displacement_l|missing_optional:cylinders|missing_optional:engine_description
39902,vehicles/39902.json,False,primary_fuel_out_of_scope|alternative_technology_present,missing_optional:engine_description
39925,vehicles/39925.json,False,primary_fuel_out_of_scope|alternative_technology_present,missing_optional:engine_description
39928,vehicles/39928.json,False,secondary_fuel_present|alternative_technology_present|electric_motor_present|hybrid_text_signal,
39940,vehicles/39940.json,False,vehicle_class_out_of_scope,missing_optional:engine_description
39941,vehicles/39941.json,False,vehicle_class_out_of_scope,missing_optional:engine_description
39959,vehicles/39959.json,False,primary_fuel_out_of_scope|alternative_technology_present|electric_motor_present|insufficient_engine_specs,missing_optional:displacement_l|missing_optional:cylinders|missing_optional:engine_description
40089,vehicles/40089.json,False,alternative_technology_present|electric_motor_present|hybrid_text_signal,
40210,vehicles/40210.json,False,vehicle_class_out_of_scope,
40211,vehicles/40211.json,False,vehicle_class_out_of_scope,
40237,vehicles/40237.json,False,alternative_technology_present|electric_motor_present|hybrid_text_signal,
40240,vehicles/40240.json,False,primary_fuel_out_of_scope|alternative_technology_present,missing_optional:engine_description
40261,vehicles/40261.json,False,vehicle_class_out_of_scope,
40313,vehicles/40313.json,False,secondary_fuel_present|alternative_technology_present,
40384,vehicles/40384.json,False,primary_fuel_out_of_scope|alternative_technology_present|electric_motor_present|insufficient_engine_specs,missing_optional:displacement_l|missing_optional:cylinders|missing_optional:engine_description
40385,vehicles/40385.json,False,primary_fuel_out_of_scope|alternative_technology_present|electric_motor_present|insufficient_engine_specs,missing_optional:displacement_l|missing_optional:cylinders|missing_optional:engine_description
40386,vehicles/40386.json,False,primary_fuel_out_of_scope|alternative_technology_present|electric_motor_present|insufficient_engine_specs,missing_optional:displacement_l|missing_optional:cylinders|missing_optional:engine_description
40388,vehicles/40388.json,False,vehicle_class_out_of_scope,
40392,vehicles/40392.json,False,vehicle_class_out_of_scope,
40394,vehicles/40394.json,False,alternative_technology_present|electric_motor_present|hybrid_text_signal|vehicle_class_out_of_scope,
40396,vehicles/40396.json,False,vehicle_class_out_of_scope,missing_optional:engine_description
40398,vehicles/40398.json,False,secondary_fuel_present|alternative_technology_present|vehicle_class_out_of_scope,
40405,vehicles/40405.json,False,secondary_fuel_present|alternative_technology_present|electric_motor_present|phev_blended|hybrid_text_signal,
40473,vehicles/40473.json,False,primary_fuel_out_of_scope|alternative_technology_present,missing_optional:engine_description
40502,vehicles/40502.json,False,primary_fuel_out_of_scope|alternative_technology_present|vehicle_class_out_of_scope,missing_optional:engine_description
40508,vehicles/40508.json,False,secondary_fuel_present|alternative_technology_present|vehicle_class_out_of_scope,
40514,vehicles/40514.json,False,primary_fuel_out_of_scope|alternative_technology_present,missing_optional:engine_description
40521,vehicles/40521.json,False,primary_fuel_out_of_scope|alternative_technology_present,missing_optional:engine_description
40544,vehicles/40544.json,False,vehicle_class_out_of_scope,missing_optional:engine_description
40545,vehicles/40545.json,False,vehicle_class_out_of_scope,
40554,vehicles/40554.json,False,secondary_fuel_present|alternative_technology_present,
40582,vehicles/40582.json,False,primary_fuel_out_of_scope|alternative_technology_present,missing_optional:engine_description
40611,vehicles/40611.json,False,secondary_fuel_present|alternative_technology_present,
40614,vehicles/40614.json,False,secondary_fuel_present|alternative_technology_present,
40616,vehicles/40616.json,False,secondary_fuel_present|alternative_technology_present,
40653,vehicles/40653.json,False,primary_fuel_out_of_scope|alternative_technology_present|vehicle_class_out_of_scope,missing_optional:engine_description
40654,vehicles/40654.json,False,vehicle_class_out_of_scope,
40655,vehicles/40655.json,False,vehicle_class_out_of_scope,missing_optional:engine_description
40713,vehicles/40713.json,False,alternative_technology_present|electric_motor_present|hybrid_text_signal,
40718,vehicles/40718.json,False,alternative_technology_present|electric_motor_present|hybrid_text_signal,
40730,vehicles/40730.json,False,vehicle_class_out_of_scope,
40731,vehicles/40731.json,False,vehicle_class_out_of_scope,missing_optional:engine_description
40736,vehicles/40736.json,False,alternative_technology_present|electric_motor_present|hybrid_text_signal|vehicle_class_out_of_scope,
40737,vehicles/40737.json,False,alternative_technology_present|electric_motor_present|hybrid_text_signal|vehicle_class_out_of_scope,
40812,vehicles/40812.json,False,primary_fuel_out_of_scope|alternative_technology_present|electric_motor_present|insufficient_engine_specs,missing_optional:displacement_l|missing_optional:cylinders|missing_optional:engine_description
40830,vehicles/40830.json,False,secondary_fuel_present|alternative_technology_present|electric_motor_present|phev_blended|hybrid_text_signal|vehicle_class_out_of_scope,
40851,vehicles/40851.json,False,vehicle_class_out_of_scope,missing_optional:engine_description
40906,vehicles/40906.json,False,vehicle_class_out_of_scope,missing_optional:engine_description
40934,vehicles/40934.json,False,alternative_technology_present|electric_motor_present|hybrid_text_signal,
40960,vehicles/40960.json,False,vehicle_class_out_of_scope,missing_optional:engine_description
40964,vehicles/40964.json,False,vehicle_class_out_of_scope,
41008,vehicles/41008.json,False,alternative_technology_present|electric_motor_present|hybrid_text_signal,
41026,vehicles/41026.json,False,vehicle_class_out_of_scope,
41032,vehicles/41032.json,False,vehicle_class_out_of_scope,
41033,vehicles/41033.json,False,vehicle_class_out_of_scope,
41036,vehicles/41036.json,False,secondary_fuel_present|alternative_technology_present|vehicle_class_out_of_scope,
41049,vehicles/41049.json,False,alternative_technology_present|electric_motor_present|hybrid_text_signal,
41060,vehicles/41060.json,False,primary_fuel_out_of_scope|alternative_technology_present|electric_motor_present|insufficient_engine_specs,missing_optional:displacement_l|missing_optional:cylinders|missing_optional:engine_description
41109,vehicles/41109.json,False,vehicle_class_out_of_scope,missing_optional:engine_description
41116,vehicles/41116.json,False,vehicle_class_out_of_scope,missing_optional:engine_description
41120,vehicles/41120.json,False,vehicle_class_out_of_scope,
41133,vehicles/41133.json,False,secondary_fuel_present|alternative_technology_present|electric_motor_present|phev_blended|hybrid_text_signal,
41143,vehicles/41143.json,False,primary_fuel_out_of_scope|alternative_technology_present|electric_motor_present|insufficient_engine_specs,missing_optional:displacement_l|missing_optional:cylinders|missing_optional:engine_description
41163,vehicles/41163.json,False,alternative_technology_present|electric_motor_present|hybrid_text_signal,
41168,vehicles/41168.json,False,vehicle_class_out_of_scope,
41183,vehicles/41183.json,False,secondary_fuel_present|alternative_technology_present|electric_motor_present|phev_blended|hybrid_text_signal,
41184,vehicles/41184.json,False,secondary_fuel_present|alternative_technology_present|electric_motor_present|phev_blended|hybrid_text_signal,
41186,vehicles/41186.json,False,primary_fuel_out_of_scope|alternative_technology_present|electric_motor_present|insufficient_engine_specs,missing_optional:displacement_l|missing_optional:cylinders|missing_optional:engine_description
41187,vehicles/41187.json,False,primary_fuel_out_of_scope|alternative_technology_present|electric_motor_present|insufficient_engine_specs,missing_optional:displacement_l|missing_optional:cylinders|missing_optional:engine_description
41189,vehicles/41189.json,False,primary_fuel_out_of_scope|alternative_technology_present|electric_motor_present|insufficient_engine_specs,missing_optional:displacement_l|missing_optional:cylinders|missing_optional:engine_description
41190,vehicles/41190.json,False,primary_fuel_out_of_scope|alternative_technology_present|electric_motor_present|insufficient_engine_specs,missing_optional:displacement_l|missing_optional:cylinders|missing_optional:engine_description
41191,vehicles/41191.json,False,primary_fuel_out_of_scope|alternative_technology_present|electric_motor_present|insufficient_engine_specs,missing_optional:displacement_l|missing_optional:cylinders|missing_optional:engine_description
41193,vehicles/41193.json,False,primary_fuel_out_of_scope|alternative_technology_present|electric_motor_present|insufficient_engine_specs,missing_optional:displacement_l|missing_optional:cylinders|missing_optional:engine_description
41194,vehicles/41194.json,False,primary_fuel_out_of_scope|alternative_technology_present|electric_motor_present|insufficient_engine_specs,missing_optional:displacement_l|missing_optional:cylinders|missing_optional:engine_description
41195,vehicles/41195.json,False,primary_fuel_out_of_scope|alternative_technology_present|electric_motor_present|insufficient_engine_specs,missing_optional:displacement_l|missing_optional:cylinders|missing_optional:engine_description
41211,vehicles/41211.json,False,secondary_fuel_present|alternative_technology_present|electric_motor_present|hybrid_text_signal,
41261,vehicles/41261.json,False,vehicle_class_out_of_scope,missing_optional:engine_description
41262,vehicles/41262.json,False,vehicle_class_out_of_scope,missing_optional:engine_description
41273,vehicles/41273.json,False,alternative_technology_present|electric_motor_present|hybrid_text_signal|vehicle_class_out_of_scope,
41277,vehicles/41277.json,False,primary_fuel_out_of_scope|alternative_technology_present|electric_motor_present|insufficient_engine_specs,missing_optional:displacement_l|missing_optional:cylinders|missing_optional:engine_description
41393,vehicles/41393.json,False,primary_fuel_out_of_scope|alternative_technology_present|electric_motor_present|insufficient_engine_specs,missing_optional:displacement_l|missing_optional:cylinders|missing_optional:engine_description
41407,vehicles/41407.json,False,vehicle_class_out_of_scope,
41413,vehicles/41413.json,False,primary_fuel_out_of_scope|alternative_technology_present|electric_motor_present|insufficient_engine_specs,missing_optional:displacement_l|missing_optional:cylinders|missing_optional:engine_description
41415,vehicles/41415.json,False,primary_fuel_out_of_scope|alternative_technology_present|electric_motor_present|insufficient_engine_specs,missing_optional:displacement_l|missing_optional:cylinders|missing_optional:engine_description
41416,vehicles/41416.json,False,primary_fuel_out_of_scope|alternative_technology_present|electric_motor_present|insufficient_engine_specs,missing_optional:displacement_l|missing_optional:cylinders|missing_optional:engine_description
41418,vehicles/41418.json,False,primary_fuel_out_of_scope|alternative_technology_present|electric_motor_present|insufficient_engine_specs,missing_optional:displacement_l|missing_optional:cylinders|missing_optional:engine_description
41419,vehicles/41419.json,False,primary_fuel_out_of_scope|alternative_technology_present|electric_motor_present|insufficient_engine_specs,missing_optional:displacement_l|missing_optional:cylinders|missing_optional:engine_description
41434,vehicles/41434.json,False,primary_fuel_out_of_scope|alternative_technology_present|vehicle_class_out_of_scope,missing_optional:engine_description
41435,vehicles/41435.json,False,primary_fuel_out_of_scope|alternative_technology_present,missing_optional:engine_description
41468,vehicles/41468.json,False,vehicle_class_out_of_scope,
41471,vehicles/41471.json,False,secondary_fuel_present|alternative_technology_present|vehicle_class_out_of_scope,
41472,vehicles/41472.json,False,vehicle_class_out_of_scope,missing_optional:engine_description
41474,vehicles/41474.json,False,vehicle_class_out_of_scope,missing_optional:engine_description
41481,vehicles/41481.json,False,alternative_technology_present|electric_motor_present|hybrid_text_signal,
41572,vehicles/41572.json,False,secondary_fuel_present|alternative_technology_present,
41593,vehicles/41593.json,False,primary_fuel_out_of_scope|alternative_technology_present,missing_optional:engine_description
41634,vehicles/41634.json,False,primary_fuel_out_of_scope|alternative_technology_present,missing_optional:engine_description
41652,vehicles/41652.json,False,alternative_technology_present|electric_motor_present|hybrid_text_signal|vehicle_class_out_of_scope,
41654,vehicles/41654.json,False,alternative_technology_present|electric_motor_present|hybrid_text_signal|vehicle_class_out_of_scope,
41655,vehicles/41655.json,False,alternative_technology_present|electric_motor_present|hybrid_text_signal|vehicle_class_out_of_scope,
41656,vehicles/41656.json,False,alternative_technology_present|electric_motor_present|hybrid_text_signal|vehicle_class_out_of_scope,
41657,vehicles/41657.json,False,vehicle_class_out_of_scope,missing_optional:engine_description
41665,vehicles/41665.json,False,alternative_technology_present|electric_motor_present|hybrid_text_signal,
41678,vehicles/41678.json,False,alternative_technology_present|electric_motor_present|hybrid_text_signal,
41704,vehicles/41704.json,False,alternative_technology_present|electric_motor_present|hybrid_text_signal,
41714,vehicles/41714.json,False,alternative_technology_present|electric_motor_present|hybrid_text_signal,
41765,vehicles/41765.json,False,alternative_technology_present|electric_motor_present|hybrid_text_signal,
41846,vehicles/41846.json,False,vehicle_class_out_of_scope,
41848,vehicles/41848.json,False,vehicle_class_out_of_scope,
41850,vehicles/41850.json,False,vehicle_class_out_of_scope,
41851,vehicles/41851.json,False,vehicle_class_out_of_scope,
41853,vehicles/41853.json,False,vehicle_class_out_of_scope,
41855,vehicles/41855.json,False,primary_fuel_out_of_scope|alternative_technology_present|vehicle_class_out_of_scope,missing_optional:engine_description
41857,vehicles/41857.json,False,vehicle_class_out_of_scope,
41858,vehicles/41858.json,False,vehicle_class_out_of_scope,
41893,vehicles/41893.json,False,vehicle_class_out_of_scope,missing_optional:engine_description
41894,vehicles/41894.json,False,vehicle_class_out_of_scope,missing_optional:engine_description
41943,vehicles/41943.json,False,secondary_fuel_present|alternative_technology_present|electric_motor_present|phev_blended|hybrid_text_signal|vehicle_class_out_of_scope,
41945,vehicles/41945.json,False,secondary_fuel_present|alternative_technology_present|electric_motor_present|phev_blended|hybrid_text_signal,
41946,vehicles/41946.json,False,secondary_fuel_present|alternative_technology_present|electric_motor_present|phev_blended|hybrid_text_signal,
41947,vehicles/41947.json,False,secondary_fuel_present|alternative_technology_present|electric_motor_present|phev_blended|hybrid_text_signal,
41963,vehicles/41963.json,False,secondary_fuel_present|alternative_technology_present|vehicle_class_out_of_scope,
41978,vehicles/41978.json,False,secondary_fuel_present|alternative_technology_present|electric_motor_present|hybrid_text_signal,
42001,vehicles/42001.json,False,alternative_technology_present|electric_motor_present|hybrid_text_signal,
42032,vehicles/42032.json,False,vehicle_class_out_of_scope,
42033,vehicles/42033.json,False,vehicle_class_out_of_scope,
42034,vehicles/42034.json,False,vehicle_class_out_of_scope,missing_optional:engine_description
42088,vehicles/42088.json,False,primary_fuel_out_of_scope|alternative_technology_present|electric_motor_present|insufficient_engine_specs,missing_optional:displacement_l|missing_optional:cylinders|missing_optional:engine_description
42111,vehicles/42111.json,False,secondary_fuel_present|alternative_technology_present|electric_motor_present|hybrid_text_signal,
42113,vehicles/42113.json,False,secondary_fuel_present|alternative_technology_present|electric_motor_present|hybrid_text_signal,
42132,vehicles/42132.json,False,alternative_technology_present|electric_motor_present|hybrid_text_signal,
42155,vehicles/42155.json,False,primary_fuel_out_of_scope|alternative_technology_present|vehicle_class_out_of_scope,missing_optional:engine_description
42192,vehicles/42192.json,False,alternative_technology_present|electric_motor_present|hybrid_text_signal,
42209,vehicles/42209.json,False,secondary_fuel_present|alternative_technology_present|electric_motor_present|phev_blended|hybrid_text_signal,
42222,vehicles/42222.json,False,alternative_technology_present|electric_motor_present|hybrid_text_signal,
42234,vehicles/42234.json,False,alternative_technology_present|electric_motor_present|hybrid_text_signal,
42235,vehicles/42235.json,False,alternative_technology_present|electric_motor_present|hybrid_text_signal,
42276,vehicles/42276.json,False,primary_fuel_out_of_scope|alternative_technology_present|electric_motor_present|insufficient_engine_specs,missing_optional:displacement_l|missing_optional:cylinders|missing_optional:engine_description
42277,vehicles/42277.json,False,primary_fuel_out_of_scope|alternative_technology_present|electric_motor_present|insufficient_engine_specs,missing_optional:displacement_l|missing_optional:cylinders|missing_optional:engine_description
42278,vehicles/42278.json,False,primary_fuel_out_of_scope|alternative_technology_present|electric_motor_present|insufficient_engine_specs,missing_optional:displacement_l|missing_optional:cylinders|missing_optional:engine_description
42279,vehicles/42279.json,False,primary_fuel_out_of_scope|alternative_technology_present|electric_motor_present|insufficient_engine_specs,missing_optional:displacement_l|missing_optional:cylinders|missing_optional:engine_description
42288,vehicles/42288.json,False,primary_fuel_out_of_scope|alternative_technology_present|electric_motor_present|insufficient_engine_specs,missing_optional:displacement_l|missing_optional:cylinders|missing_optional:engine_description
42291,vehicles/42291.json,False,secondary_fuel_present|alternative_technology_present|electric_motor_present|hybrid_text_signal,
42292,vehicles/42292.json,False,secondary_fuel_present|alternative_technology_present|electric_motor_present|phev_blended|hybrid_text_signal,
42294,vehicles/42294.json,False,alternative_technology_present|electric_motor_present|hybrid_text_signal,
42307,vehicles/42307.json,False,alternative_technology_present|electric_motor_present|hybrid_text_signal,
42308,vehicles/42308.json,False,alternative_technology_present|electric_motor_present|hybrid_text_signal,
42311,vehicles/42311.json,False,alternative_technology_present|electric_motor_present|hybrid_text_signal,
42354,vehicles/42354.json,False,secondary_fuel_present|alternative_technology_present|electric_motor_present|phev_blended|hybrid_text_signal,
42357,vehicles/42357.json,False,secondary_fuel_present|alternative_technology_present|electric_motor_present|hybrid_text_signal,
42371,vehicles/42371.json,False,secondary_fuel_present|alternative_technology_present|electric_motor_present|phev_blended|hybrid_text_signal,
42374,vehicles/42374.json,False,secondary_fuel_present|alternative_technology_present|electric_motor_present|phev_blended|hybrid_text_signal,
42376,vehicles/42376.json,False,secondary_fuel_present|alternative_technology_present|electric_motor_present|phev_blended|hybrid_text_signal,
42377,vehicles/42377.json,False,secondary_fuel_present|alternative_technology_present|electric_motor_present|phev_blended|hybrid_text_signal,
42397,vehicles/42397.json,False,vehicle_class_out_of_scope,
42398,vehicles/42398.json,False,vehicle_class_out_of_scope,missing_optional:engine_description
42399,vehicles/42399.json,False,vehicle_class_out_of_scope,missing_optional:engine_description
42400,vehicles/42400.json,False,vehicle_class_out_of_scope,
42401,vehicles/42401.json,False,vehicle_class_out_of_scope,missing_optional:engine_description
42402,vehicles/42402.json,False,vehicle_class_out_of_scope,missing_optional:engine_description
42405,vehicles/42405.json,False,primary_fuel_out_of_scope|alternative_technology_present,missing_optional:engine_description
42421,vehicles/42421.json,False,vehicle_class_out_of_scope,missing_optional:engine_description
42423,vehicles/42423.json,False,vehicle_class_out_of_scope,missing_optional:engine_description
42452,vehicles/42452.json,False,vehicle_class_out_of_scope,
42456,vehicles/42456.json,False,alternative_technology_present|electric_motor_present|hybrid_text_signal,
42474,vehicles/42474.json,False,primary_fuel_out_of_scope|alternative_technology_present|electric_motor_present|insufficient_engine_specs,missing_optional:displacement_l|missing_optional:cylinders|missing_optional:engine_description
42502,vehicles/42502.json,False,alternative_technology_present|electric_motor_present|hybrid_text_signal,
42508,vehicles/42508.json,False,primary_fuel_out_of_scope|alternative_technology_present|electric_motor_present|insufficient_engine_specs,missing_optional:displacement_l|missing_optional:cylinders|missing_optional:engine_description
42514,vehicles/42514.json,False,primary_fuel_out_of_scope|alternative_technology_present|electric_motor_present|insufficient_engine_specs,missing_optional:displacement_l|missing_optional:cylinders|missing_optional:engine_description
42519,vehicles/42519.json,False,primary_fuel_out_of_scope|alternative_technology_present|vehicle_class_out_of_scope,missing_optional:engine_description
42537,vehicles/42537.json,False,alternative_technology_present|electric_motor_present|hybrid_text_signal,
42554,vehicles/42554.json,False,vehicle_class_out_of_scope,
42560,vehicles/42560.json,False,secondary_fuel_present|alternative_technology_present|electric_motor_present|phev_blended|hybrid_text_signal,
42561,vehicles/42561.json,False,primary_fuel_out_of_scope|alternative_technology_present|electric_motor_present|insufficient_engine_specs,missing_optional:displacement_l|missing_optional:cylinders|missing_optional:engine_description
42562,vehicles/42562.json,False,primary_fuel_out_of_scope|alternative_technology_present|electric_motor_present|insufficient_engine_specs,missing_optional:displacement_l|missing_optional:cylinders|missing_optional:engine_description
42570,vehicles/42570.json,False,secondary_fuel_present|alternative_technology_present|electric_motor_present|phev_blended|hybrid_text_signal,
42591,vehicles/42591.json,False,alternative_technology_present|electric_motor_present|hybrid_text_signal,
42615,vehicles/42615.json,False,alternative_technology_present|electric_motor_present|hybrid_text_signal,
42634,vehicles/42634.json,False,primary_fuel_out_of_scope|alternative_technology_present|electric_motor_present|insufficient_engine_specs,missing_optional:displacement_l|missing_optional:cylinders|missing_optional:engine_description
42673,vehicles/42673.json,False,alternative_technology_present|electric_motor_present|hybrid_text_signal,
42744,vehicles/42744.json,False,secondary_fuel_present|alternative_technology_present|electric_motor_present|phev_blended|hybrid_text_signal,
42755,vehicles/42755.json,False,primary_fuel_out_of_scope|alternative_technology_present|electric_motor_present|insufficient_engine_specs,missing_optional:displacement_l|missing_optional:cylinders|missing_optional:engine_description
42789,vehicles/42789.json,False,alternative_technology_present|electric_motor_present|hybrid_text_signal,
42805,vehicles/42805.json,False,secondary_fuel_present|alternative_technology_present|electric_motor_present|hybrid_text_signal,
42816,vehicles/42816.json,False,primary_fuel_out_of_scope|alternative_technology_present|electric_motor_present|insufficient_engine_specs,missing_optional:displacement_l|missing_optional:cylinders|missing_optional:engine_description
42866,vehicles/42866.json,False,alternative_technology_present|electric_motor_present|hybrid_text_signal,
42906,vehicles/42906.json,False,alternative_technology_present|electric_motor_present|hybrid_text_signal,
42908,vehicles/42908.json,False,alternative_technology_present|electric_motor_present|hybrid_text_signal,
42916,vehicles/42916.json,False,primary_fuel_out_of_scope|alternative_technology_present|electric_motor_present|insufficient_engine_specs,missing_optional:displacement_l|missing_optional:cylinders|missing_optional:engine_description
42926,vehicles/42926.json,False,alternative_technology_present|electric_motor_present|hybrid_text_signal,
42953,vehicles/42953.json,False,vehicle_class_out_of_scope,
42977,vehicles/42977.json,False,alternative_technology_present|electric_motor_present|hybrid_text_signal,
42986,vehicles/42986.json,False,vehicle_class_out_of_scope,missing_optional:engine_description
43006,vehicles/43006.json,False,alternative_technology_present|electric_motor_present|hybrid_text_signal|vehicle_class_out_of_scope,
43007,vehicles/43007.json,False,primary_fuel_out_of_scope|alternative_technology_present|vehicle_class_out_of_scope,missing_optional:engine_description
43008,vehicles/43008.json,False,alternative_technology_present|electric_motor_present|hybrid_text_signal|vehicle_class_out_of_scope,
43009,vehicles/43009.json,False,vehicle_class_out_of_scope,missing_optional:engine_description
43012,vehicles/43012.json,False,primary_fuel_out_of_scope|alternative_technology_present|vehicle_class_out_of_scope,missing_optional:engine_description
43013,vehicles/43013.json,False,primary_fuel_out_of_scope|alternative_technology_present|vehicle_class_out_of_scope,missing_optional:engine_description
43014,vehicles/43014.json,False,alternative_technology_present|electric_motor_present|hybrid_text_signal|vehicle_class_out_of_scope,
43015,vehicles/43015.json,False,primary_fuel_out_of_scope|alternative_technology_present|vehicle_class_out_of_scope,missing_optional:engine_description
43016,vehicles/43016.json,False,alternative_technology_present|electric_motor_present|hybrid_text_signal|vehicle_class_out_of_scope,
43017,vehicles/43017.json,False,vehicle_class_out_of_scope,missing_optional:engine_description
43027,vehicles/43027.json,False,alternative_technology_present|electric_motor_present|hybrid_text_signal,
43029,vehicles/43029.json,False,reviewed_powertrain_uncertain:audi_sq7_sq8_4l_technology_uncertain,
43143,vehicles/43143.json,False,secondary_fuel_present|alternative_technology_present|electric_motor_present|phev_blended|hybrid_text_signal,
43144,vehicles/43144.json,False,secondary_fuel_present|alternative_technology_present|electric_motor_present|phev_blended|hybrid_text_signal,
43145,vehicles/43145.json,False,secondary_fuel_present|alternative_technology_present|electric_motor_present|phev_blended|hybrid_text_signal,
43207,vehicles/43207.json,False,alternative_technology_present|electric_motor_present|hybrid_text_signal,
43214,vehicles/43214.json,False,secondary_fuel_present|alternative_technology_present|electric_motor_present|phev_blended|hybrid_text_signal,
43229,vehicles/43229.json,False,alternative_technology_present|electric_motor_present|hybrid_text_signal|reviewed_powertrain_hybrid:audi_2021_2022_a4_a5_q5_2l_mild_hybrid,
43264,vehicles/43264.json,False,vehicle_class_out_of_scope,missing_optional:engine_description
43265,vehicles/43265.json,False,vehicle_class_out_of_scope,missing_optional:engine_description
43269,vehicles/43269.json,False,vehicle_class_out_of_scope,
43294,vehicles/43294.json,False,primary_fuel_out_of_scope|alternative_technology_present|electric_motor_present|insufficient_engine_specs,missing_optional:displacement_l|missing_optional:cylinders|missing_optional:engine_description
43295,vehicles/43295.json,False,primary_fuel_out_of_scope|alternative_technology_present|electric_motor_present|insufficient_engine_specs,missing_optional:displacement_l|missing_optional:cylinders|missing_optional:engine_description
43296,vehicles/43296.json,False,secondary_fuel_present|alternative_technology_present|electric_motor_present|phev_blended|hybrid_text_signal,
43308,vehicles/43308.json,False,alternative_technology_present|electric_motor_present|hybrid_text_signal,
43322,vehicles/43322.json,False,secondary_fuel_present|alternative_technology_present|electric_motor_present|phev_blended|hybrid_text_signal,
43351,vehicles/43351.json,False,alternative_technology_present|electric_motor_present|hybrid_text_signal,
43364,vehicles/43364.json,False,alternative_technology_present|electric_motor_present|hybrid_text_signal,
43387,vehicles/43387.json,False,alternative_technology_present|electric_motor_present|hybrid_text_signal,
43388,vehicles/43388.json,False,alternative_technology_present|electric_motor_present|hybrid_text_signal,
43401,vehicles/43401.json,False,primary_fuel_out_of_scope|alternative_technology_present|electric_motor_present|insufficient_engine_specs,missing_optional:displacement_l|missing_optional:cylinders|missing_optional:engine_description
43402,vehicles/43402.json,False,primary_fuel_out_of_scope|alternative_technology_present|electric_motor_present|insufficient_engine_specs,missing_optional:displacement_l|missing_optional:cylinders|missing_optional:engine_description
43404,vehicles/43404.json,False,primary_fuel_out_of_scope|alternative_technology_present|electric_motor_present|insufficient_engine_specs,missing_optional:displacement_l|missing_optional:cylinders|missing_optional:engine_description
43405,vehicles/43405.json,False,primary_fuel_out_of_scope|alternative_technology_present|electric_motor_present|insufficient_engine_specs,missing_optional:displacement_l|missing_optional:cylinders|missing_optional:engine_description
43406,vehicles/43406.json,False,primary_fuel_out_of_scope|alternative_technology_present|electric_motor_present|insufficient_engine_specs,missing_optional:displacement_l|missing_optional:cylinders|missing_optional:engine_description
43412,vehicles/43412.json,False,primary_fuel_out_of_scope|alternative_technology_present|electric_motor_present|insufficient_engine_specs,missing_optional:displacement_l|missing_optional:cylinders|missing_optional:engine_description
43415,vehicles/43415.json,False,alternative_technology_present|electric_motor_present|hybrid_text_signal|vehicle_class_out_of_scope,
43417,vehicles/43417.json,False,vehicle_class_out_of_scope,missing_optional:engine_description
43418,vehicles/43418.json,False,vehicle_class_out_of_scope,missing_optional:engine_description
43419,vehicles/43419.json,False,vehicle_class_out_of_scope,missing_optional:engine_description
43468,vehicles/43468.json,False,vehicle_class_out_of_scope,missing_optional:engine_description
43469,vehicles/43469.json,False,vehicle_class_out_of_scope,missing_optional:engine_description
43476,vehicles/43476.json,False,alternative_technology_present|electric_motor_present|hybrid_text_signal,
43492,vehicles/43492.json,False,primary_fuel_out_of_scope|alternative_technology_present,missing_optional:engine_description
43493,vehicles/43493.json,False,primary_fuel_out_of_scope|alternative_technology_present,missing_optional:engine_description
43495,vehicles/43495.json,False,primary_fuel_out_of_scope|alternative_technology_present,missing_optional:engine_description
43496,vehicles/43496.json,False,primary_fuel_out_of_scope|alternative_technology_present,missing_optional:engine_description
43497,vehicles/43497.json,False,secondary_fuel_present|alternative_technology_present|electric_motor_present|phev_blended|hybrid_text_signal|vehicle_class_out_of_scope,
43517,vehicles/43517.json,False,primary_fuel_out_of_scope|alternative_technology_present|electric_motor_present|insufficient_engine_specs,missing_optional:displacement_l|missing_optional:cylinders|missing_optional:engine_description
43571,vehicles/43571.json,False,alternative_technology_present|electric_motor_present|hybrid_text_signal,
43593,vehicles/43593.json,False,primary_fuel_out_of_scope|alternative_technology_present,missing_optional:engine_description
43595,vehicles/43595.json,False,primary_fuel_out_of_scope|alternative_technology_present,missing_optional:engine_description
43606,vehicles/43606.json,False,secondary_fuel_present|alternative_technology_present|electric_motor_present|hybrid_text_signal,
43607,vehicles/43607.json,False,secondary_fuel_present|alternative_technology_present|electric_motor_present|hybrid_text_signal,
43624,vehicles/43624.json,False,alternative_technology_present|electric_motor_present|hybrid_text_signal,
43631,vehicles/43631.json,False,alternative_technology_present|electric_motor_present|hybrid_text_signal,
43640,vehicles/43640.json,False,primary_fuel_out_of_scope|alternative_technology_present|electric_motor_present|insufficient_engine_specs,missing_optional:displacement_l|missing_optional:cylinders
43644,vehicles/43644.json,False,alternative_technology_present|electric_motor_present|hybrid_text_signal,
43649,vehicles/43649.json,False,alternative_technology_present|electric_motor_present|hybrid_text_signal,
43658,vehicles/43658.json,False,alternative_technology_present|electric_motor_present|hybrid_text_signal,
43664,vehicles/43664.json,False,primary_fuel_out_of_scope|alternative_technology_present|electric_motor_present|insufficient_engine_specs,missing_optional:displacement_l|missing_optional:cylinders|missing_optional:engine_description
43666,vehicles/43666.json,False,primary_fuel_out_of_scope|alternative_technology_present|electric_motor_present|insufficient_engine_specs,missing_optional:displacement_l|missing_optional:cylinders|missing_optional:engine_description
43687,vehicles/43687.json,False,secondary_fuel_present|alternative_technology_present|electric_motor_present|phev_blended|hybrid_text_signal,
43688,vehicles/43688.json,False,vehicle_class_out_of_scope,
43710,vehicles/43710.json,False,alternative_technology_present|electric_motor_present|hybrid_text_signal,
43722,vehicles/43722.json,False,primary_fuel_out_of_scope|alternative_technology_present|vehicle_class_out_of_scope,missing_optional:engine_description
43724,vehicles/43724.json,False,secondary_fuel_present|alternative_technology_present|electric_motor_present|phev_blended|hybrid_text_signal,
43726,vehicles/43726.json,False,secondary_fuel_present|alternative_technology_present|electric_motor_present|phev_blended|hybrid_text_signal,
43774,vehicles/43774.json,False,secondary_fuel_present|alternative_technology_present|electric_motor_present|phev_blended|hybrid_text_signal,
43821,vehicles/43821.json,False,primary_fuel_out_of_scope|alternative_technology_present|electric_motor_present|insufficient_engine_specs,missing_optional:displacement_l|missing_optional:cylinders|missing_optional:engine_description
43879,vehicles/43879.json,False,primary_fuel_out_of_scope|alternative_technology_present|electric_motor_present|insufficient_engine_specs,missing_optional:displacement_l|missing_optional:cylinders|missing_optional:engine_description
43880,vehicles/43880.json,False,primary_fuel_out_of_scope|alternative_technology_present|electric_motor_present|insufficient_engine_specs,missing_optional:displacement_l|missing_optional:cylinders|missing_optional:engine_description
43889,vehicles/43889.json,False,primary_fuel_out_of_scope|alternative_technology_present|electric_motor_present|insufficient_engine_specs,missing_optional:displacement_l|missing_optional:cylinders|missing_optional:engine_description
43894,vehicles/43894.json,False,vehicle_class_out_of_scope,missing_optional:engine_description
43905,vehicles/43905.json,False,alternative_technology_present|electric_motor_present|hybrid_text_signal,
43906,vehicles/43906.json,False,alternative_technology_present|electric_motor_present|hybrid_text_signal,
43912,vehicles/43912.json,False,secondary_fuel_present|alternative_technology_present|electric_motor_present|phev_blended|hybrid_text_signal,
43948,vehicles/43948.json,False,alternative_technology_present|electric_motor_present|hybrid_text_signal,
43957,vehicles/43957.json,False,alternative_technology_present|electric_motor_present|hybrid_text_signal,
43980,vehicles/43980.json,False,alternative_technology_present|electric_motor_present|hybrid_text_signal,
44051,vehicles/44051.json,False,primary_fuel_out_of_scope|alternative_technology_present|electric_motor_present|insufficient_engine_specs,missing_optional:displacement_l|missing_optional:cylinders|missing_optional:engine_description
44069,vehicles/44069.json,False,primary_fuel_out_of_scope|alternative_technology_present|electric_motor_present|insufficient_engine_specs,missing_optional:displacement_l|missing_optional:cylinders|missing_optional:engine_description
44073,vehicles/44073.json,False,alternative_technology_present|electric_motor_present|hybrid_text_signal,
44083,vehicles/44083.json,False,vehicle_class_out_of_scope,
44084,vehicles/44084.json,False,vehicle_class_out_of_scope,
44090,vehicles/44090.json,False,alternative_technology_present|electric_motor_present|hybrid_text_signal,
44113,vehicles/44113.json,False,alternative_technology_present|electric_motor_present|hybrid_text_signal|reviewed_powertrain_hybrid:audi_2021_2022_a4_a5_q5_2l_mild_hybrid,
44118,vehicles/44118.json,False,alternative_technology_present|electric_motor_present|hybrid_text_signal|reviewed_powertrain_hybrid:audi_2021_2022_a4_a5_q5_2l_mild_hybrid,
44138,vehicles/44138.json,False,alternative_technology_present|electric_motor_present|hybrid_text_signal,
44139,vehicles/44139.json,False,alternative_technology_present|electric_motor_present|hybrid_text_signal|reviewed_powertrain_hybrid:audi_2021_2022_a4_a5_q5_2l_mild_hybrid,
44141,vehicles/44141.json,False,alternative_technology_present|electric_motor_present|hybrid_text_signal,
44162,vehicles/44162.json,False,alternative_technology_present|electric_motor_present|hybrid_text_signal,
44185,vehicles/44185.json,False,alternative_technology_present|electric_motor_present|hybrid_text_signal,
44187,vehicles/44187.json,False,reviewed_powertrain_hybrid:volvo_b_badge_mild_hybrid,
44205,vehicles/44205.json,False,reviewed_powertrain_hybrid:volvo_b_badge_mild_hybrid,
44212,vehicles/44212.json,False,secondary_fuel_present|alternative_technology_present|electric_motor_present|phev_blended|hybrid_text_signal,
44224,vehicles/44224.json,False,alternative_technology_present|electric_motor_present|hybrid_text_signal,
44225,vehicles/44225.json,False,alternative_technology_present|electric_motor_present|hybrid_text_signal,
44228,vehicles/44228.json,False,alternative_technology_present|electric_motor_present|hybrid_text_signal,
44261,vehicles/44261.json,False,alternative_technology_present|electric_motor_present|hybrid_text_signal,
44268,vehicles/44268.json,False,secondary_fuel_present|alternative_technology_present|electric_motor_present|phev_blended|hybrid_text_signal,
44269,vehicles/44269.json,False,secondary_fuel_present|alternative_technology_present|electric_motor_present|phev_blended|hybrid_text_signal,
44293,vehicles/44293.json,False,alternative_technology_present|electric_motor_present|hybrid_text_signal,
44353,vehicles/44353.json,False,vehicle_class_out_of_scope,
44354,vehicles/44354.json,False,vehicle_class_out_of_scope,
44385,vehicles/44385.json,False,primary_fuel_out_of_scope|alternative_technology_present|vehicle_class_out_of_scope,missing_optional:engine_description
44386,vehicles/44386.json,False,vehicle_class_out_of_scope,
44387,vehicles/44387.json,False,vehicle_class_out_of_scope,
44393,vehicles/44393.json,False,primary_fuel_out_of_scope|alternative_technology_present|vehicle_class_out_of_scope,missing_optional:engine_description
44394,vehicles/44394.json,False,alternative_technology_present|electric_motor_present|hybrid_text_signal|vehicle_class_out_of_scope,
44396,vehicles/44396.json,False,vehicle_class_out_of_scope,missing_optional:engine_description
44397,vehicles/44397.json,False,primary_fuel_out_of_scope|alternative_technology_present|vehicle_class_out_of_scope,missing_optional:engine_description
44398,vehicles/44398.json,False,alternative_technology_present|electric_motor_present|hybrid_text_signal|vehicle_class_out_of_scope,
44399,vehicles/44399.json,False,primary_fuel_out_of_scope|alternative_technology_present|vehicle_class_out_of_scope,missing_optional:engine_description
44400,vehicles/44400.json,False,alternative_technology_present|electric_motor_present|hybrid_text_signal|vehicle_class_out_of_scope,
44401,vehicles/44401.json,False,alternative_technology_present|electric_motor_present|hybrid_text_signal|vehicle_class_out_of_scope,
44402,vehicles/44402.json,False,vehicle_class_out_of_scope,missing_optional:engine_description
44409,vehicles/44409.json,False,alternative_technology_present|electric_motor_present|hybrid_text_signal,
44410,vehicles/44410.json,False,alternative_technology_present|electric_motor_present|hybrid_text_signal,
44431,vehicles/44431.json,False,vehicle_class_out_of_scope,
44444,vehicles/44444.json,False,primary_fuel_out_of_scope|alternative_technology_present|electric_motor_present|insufficient_engine_specs,missing_optional:displacement_l|missing_optional:cylinders|missing_optional:engine_description
44447,vehicles/44447.json,False,primary_fuel_out_of_scope|alternative_technology_present|electric_motor_present|insufficient_engine_specs,missing_optional:displacement_l|missing_optional:cylinders|missing_optional:engine_description
44448,vehicles/44448.json,False,primary_fuel_out_of_scope|alternative_technology_present|electric_motor_present|insufficient_engine_specs,missing_optional:displacement_l|missing_optional:cylinders|missing_optional:engine_description
44449,vehicles/44449.json,False,primary_fuel_out_of_scope|alternative_technology_present|electric_motor_present|insufficient_engine_specs,missing_optional:displacement_l|missing_optional:cylinders|missing_optional:engine_description
44450,vehicles/44450.json,False,primary_fuel_out_of_scope|alternative_technology_present|electric_motor_present|insufficient_engine_specs,missing_optional:displacement_l|missing_optional:cylinders|missing_optional:engine_description
44459,vehicles/44459.json,False,vehicle_class_out_of_scope,
44460,vehicles/44460.json,False,secondary_fuel_present|alternative_technology_present|electric_motor_present|phev_blended|hybrid_text_signal,
44461,vehicles/44461.json,False,primary_fuel_out_of_scope|alternative_technology_present|electric_motor_present|insufficient_engine_specs,missing_optional:displacement_l|missing_optional:cylinders|missing_optional:engine_description
44462,vehicles/44462.json,False,primary_fuel_out_of_scope|alternative_technology_present|electric_motor_present|vehicle_class_out_of_scope|insufficient_engine_specs,missing_optional:displacement_l|missing_optional:cylinders|missing_optional:engine_description
44466,vehicles/44466.json,False,alternative_technology_present|electric_motor_present|hybrid_text_signal,
44481,vehicles/44481.json,False,reviewed_powertrain_hybrid:volvo_b_badge_mild_hybrid,
44491,vehicles/44491.json,False,primary_fuel_out_of_scope|alternative_technology_present|electric_motor_present|insufficient_engine_specs,missing_optional:displacement_l|missing_optional:cylinders|missing_optional:engine_description
44492,vehicles/44492.json,False,primary_fuel_out_of_scope|alternative_technology_present|electric_motor_present|insufficient_engine_specs,missing_optional:displacement_l|missing_optional:cylinders|missing_optional:engine_description
44493,vehicles/44493.json,False,primary_fuel_out_of_scope|alternative_technology_present|electric_motor_present|insufficient_engine_specs,missing_optional:displacement_l|missing_optional:cylinders|missing_optional:engine_description
44494,vehicles/44494.json,False,primary_fuel_out_of_scope|alternative_technology_present|electric_motor_present|insufficient_engine_specs,missing_optional:displacement_l|missing_optional:cylinders|missing_optional:engine_description
44495,vehicles/44495.json,False,primary_fuel_out_of_scope|alternative_technology_present|electric_motor_present|insufficient_engine_specs,missing_optional:displacement_l|missing_optional:cylinders|missing_optional:engine_description
44496,vehicles/44496.json,False,primary_fuel_out_of_scope|alternative_technology_present|electric_motor_present|insufficient_engine_specs,missing_optional:displacement_l|missing_optional:cylinders|missing_optional:engine_description
44580,vehicles/44580.json,False,primary_fuel_out_of_scope|alternative_technology_present|vehicle_class_out_of_scope,missing_optional:engine_description
44608,vehicles/44608.json,False,secondary_fuel_present|alternative_technology_present|electric_motor_present|phev_blended|hybrid_text_signal,
44628,vehicles/44628.json,False,secondary_fuel_present|alternative_technology_present|vehicle_class_out_of_scope,
44639,vehicles/44639.json,False,vehicle_class_out_of_scope,
44645,vehicles/44645.json,False,vehicle_class_out_of_scope,missing_optional:engine_description
44646,vehicles/44646.json,False,vehicle_class_out_of_scope,missing_optional:engine_description
44647,vehicles/44647.json,False,vehicle_class_out_of_scope,missing_optional:engine_description
44675,vehicles/44675.json,False,alternative_technology_present|electric_motor_present|hybrid_text_signal,
44694,vehicles/44694.json,False,alternative_technology_present|electric_motor_present|hybrid_text_signal,
44727,vehicles/44727.json,False,vehicle_class_out_of_scope,
44728,vehicles/44728.json,False,vehicle_class_out_of_scope,
44729,vehicles/44729.json,False,vehicle_class_out_of_scope,
44730,vehicles/44730.json,False,vehicle_class_out_of_scope,
44747,vehicles/44747.json,False,vehicle_class_out_of_scope,
44749,vehicles/44749.json,False,vehicle_class_out_of_scope,
44750,vehicles/44750.json,False,vehicle_class_out_of_scope,
44751,vehicles/44751.json,False,vehicle_class_out_of_scope,
44762,vehicles/44762.json,False,vehicle_class_out_of_scope,missing_optional:engine_description
44763,vehicles/44763.json,False,vehicle_class_out_of_scope,missing_optional:engine_description
44776,vehicles/44776.json,False,primary_fuel_out_of_scope|alternative_technology_present|electric_motor_present|insufficient_engine_specs,missing_optional:displacement_l|missing_optional:cylinders|missing_optional:engine_description
44778,vehicles/44778.json,False,primary_fuel_out_of_scope|alternative_technology_present|electric_motor_present|insufficient_engine_specs,missing_optional:displacement_l|missing_optional:cylinders|missing_optional:engine_description
44780,vehicles/44780.json,False,primary_fuel_out_of_scope|alternative_technology_present|electric_motor_present|insufficient_engine_specs,missing_optional:displacement_l|missing_optional:cylinders|missing_optional:engine_description
44790,vehicles/44790.json,False,primary_fuel_out_of_scope|alternative_technology_present|electric_motor_present|insufficient_engine_specs,missing_optional:displacement_l|missing_optional:cylinders|missing_optional:engine_description
44829,vehicles/44829.json,False,vehicle_class_out_of_scope,
44833,vehicles/44833.json,False,alternative_technology_present|electric_motor_present|hybrid_text_signal,
44862,vehicles/44862.json,False,alternative_technology_present|electric_motor_present|hybrid_text_signal,
44875,vehicles/44875.json,False,vehicle_class_out_of_scope,
44881,vehicles/44881.json,False,vehicle_class_out_of_scope,
44893,vehicles/44893.json,False,alternative_technology_present|electric_motor_present|hybrid_text_signal,
44898,vehicles/44898.json,False,primary_fuel_out_of_scope|alternative_technology_present|vehicle_class_out_of_scope,missing_optional:engine_description
44928,vehicles/44928.json,False,primary_fuel_out_of_scope|alternative_technology_present|electric_motor_present|insufficient_engine_specs,missing_optional:displacement_l|missing_optional:cylinders|missing_optional:engine_description
44930,vehicles/44930.json,False,secondary_fuel_present|alternative_technology_present|electric_motor_present|phev_blended|hybrid_text_signal|vehicle_class_out_of_scope,
44933,vehicles/44933.json,False,secondary_fuel_present|alternative_technology_present|electric_motor_present|phev_blended,
44934,vehicles/44934.json,False,secondary_fuel_present|alternative_technology_present|electric_motor_present|phev_blended|hybrid_text_signal,
44983,vehicles/44983.json,False,secondary_fuel_present|alternative_technology_present|electric_motor_present|phev_blended|hybrid_text_signal,
44984,vehicles/44984.json,False,secondary_fuel_present|alternative_technology_present|electric_motor_present|phev_blended,
45011,vehicles/45011.json,False,primary_fuel_out_of_scope|alternative_technology_present|electric_motor_present|insufficient_engine_specs,missing_optional:displacement_l|missing_optional:cylinders|missing_optional:engine_description
45012,vehicles/45012.json,False,primary_fuel_out_of_scope|alternative_technology_present|electric_motor_present|insufficient_engine_specs,missing_optional:displacement_l|missing_optional:cylinders|missing_optional:engine_description
45013,vehicles/45013.json,False,primary_fuel_out_of_scope|alternative_technology_present|electric_motor_present|insufficient_engine_specs,missing_optional:displacement_l|missing_optional:cylinders|missing_optional:engine_description
45014,vehicles/45014.json,False,primary_fuel_out_of_scope|alternative_technology_present|electric_motor_present|insufficient_engine_specs,missing_optional:displacement_l|missing_optional:cylinders|missing_optional:engine_description
45015,vehicles/45015.json,False,primary_fuel_out_of_scope|alternative_technology_present|electric_motor_present|insufficient_engine_specs,missing_optional:displacement_l|missing_optional:cylinders|missing_optional:engine_description
45016,vehicles/45016.json,False,primary_fuel_out_of_scope|alternative_technology_present|electric_motor_present|insufficient_engine_specs,missing_optional:displacement_l|missing_optional:cylinders|missing_optional:engine_description
45017,vehicles/45017.json,False,primary_fuel_out_of_scope|alternative_technology_present|electric_motor_present|insufficient_engine_specs,missing_optional:displacement_l|missing_optional:cylinders|missing_optional:engine_description
45018,vehicles/45018.json,False,primary_fuel_out_of_scope|alternative_technology_present|electric_motor_present|insufficient_engine_specs,missing_optional:displacement_l|missing_optional:cylinders|missing_optional:engine_description
45019,vehicles/45019.json,False,primary_fuel_out_of_scope|alternative_technology_present|electric_motor_present|insufficient_engine_specs,missing_optional:displacement_l|missing_optional:cylinders|missing_optional:engine_description
45020,vehicles/45020.json,False,primary_fuel_out_of_scope|alternative_technology_present|electric_motor_present|insufficient_engine_specs,missing_optional:displacement_l|missing_optional:cylinders|missing_optional:engine_description
45021,vehicles/45021.json,False,primary_fuel_out_of_scope|alternative_technology_present|electric_motor_present|insufficient_engine_specs,missing_optional:displacement_l|missing_optional:cylinders|missing_optional:engine_description
45022,vehicles/45022.json,False,primary_fuel_out_of_scope|alternative_technology_present|electric_motor_present|insufficient_engine_specs,missing_optional:displacement_l|missing_optional:cylinders|missing_optional:engine_description
45043,vehicles/45043.json,False,alternative_technology_present|electric_motor_present|hybrid_text_signal,
45092,vehicles/45092.json,False,alternative_technology_present|electric_motor_present|hybrid_text_signal,
45106,vehicles/45106.json,False,alternative_technology_present|electric_motor_present|hybrid_text_signal,
45107,vehicles/45107.json,False,alternative_technology_present|electric_motor_present|hybrid_text_signal,
45140,vehicles/45140.json,False,primary_fuel_out_of_scope|alternative_technology_present|electric_motor_present|insufficient_engine_specs,missing_optional:displacement_l|missing_optional:cylinders|missing_optional:engine_description
45141,vehicles/45141.json,False,primary_fuel_out_of_scope|alternative_technology_present|electric_motor_present|insufficient_engine_specs,missing_optional:displacement_l|missing_optional:cylinders|missing_optional:engine_description
45159,vehicles/45159.json,False,vehicle_class_out_of_scope,
45160,vehicles/45160.json,False,vehicle_class_out_of_scope,
45169,vehicles/45169.json,False,vehicle_class_out_of_scope,
45170,vehicles/45170.json,False,vehicle_class_out_of_scope,
45179,vehicles/45179.json,False,secondary_fuel_present|alternative_technology_present|electric_motor_present|phev_blended|hybrid_text_signal,
45189,vehicles/45189.json,False,alternative_technology_present|electric_motor_present|hybrid_text_signal,
45196,vehicles/45196.json,False,primary_fuel_out_of_scope|alternative_technology_present|electric_motor_present|insufficient_engine_specs,missing_optional:displacement_l|missing_optional:cylinders|missing_optional:engine_description
45199,vehicles/45199.json,False,secondary_fuel_present|alternative_technology_present|electric_motor_present|phev_blended|hybrid_text_signal,
45207,vehicles/45207.json,False,alternative_technology_present|electric_motor_present|hybrid_text_signal,
45258,vehicles/45258.json,False,primary_fuel_out_of_scope|alternative_technology_present|electric_motor_present|insufficient_engine_specs,missing_optional:displacement_l|missing_optional:cylinders|missing_optional:engine_description
45287,vehicles/45287.json,False,secondary_fuel_present|alternative_technology_present|electric_motor_present|phev_blended|hybrid_text_signal,
45314,vehicles/45314.json,False,alternative_technology_present|electric_motor_present|hybrid_text_signal,
45329,vehicles/45329.json,False,primary_fuel_out_of_scope|alternative_technology_present|electric_motor_present|insufficient_engine_specs,missing_optional:displacement_l|missing_optional:cylinders|missing_optional:engine_description
45395,vehicles/45395.json,False,secondary_fuel_present|alternative_technology_present|electric_motor_present|phev_blended|hybrid_text_signal,
45398,vehicles/45398.json,False,secondary_fuel_present|alternative_technology_present|electric_motor_present|phev_blended|hybrid_text_signal,
45413,vehicles/45413.json,False,primary_fuel_out_of_scope|alternative_technology_present|electric_motor_present|insufficient_engine_specs,missing_optional:displacement_l|missing_optional:cylinders|missing_optional:engine_description
45452,vehicles/45452.json,False,alternative_technology_present|electric_motor_present|hybrid_text_signal,
45459,vehicles/45459.json,False,alternative_technology_present|electric_motor_present|hybrid_text_signal,
45461,vehicles/45461.json,False,alternative_technology_present|electric_motor_present|hybrid_text_signal,
45515,vehicles/45515.json,False,alternative_technology_present|electric_motor_present|hybrid_text_signal|reviewed_powertrain_hybrid:volvo_b_badge_mild_hybrid,
45530,vehicles/45530.json,False,alternative_technology_present|electric_motor_present|hybrid_text_signal|reviewed_powertrain_hybrid:volvo_b_badge_mild_hybrid,
45532,vehicles/45532.json,False,alternative_technology_present|electric_motor_present|hybrid_text_signal,
45533,vehicles/45533.json,False,alternative_technology_present|electric_motor_present|hybrid_text_signal|reviewed_powertrain_hybrid:volvo_b_badge_mild_hybrid,
45534,vehicles/45534.json,False,alternative_technology_present|electric_motor_present|hybrid_text_signal|reviewed_powertrain_hybrid:volvo_b_badge_mild_hybrid,
45538,vehicles/45538.json,False,alternative_technology_present|electric_motor_present|hybrid_text_signal,
45539,vehicles/45539.json,False,alternative_technology_present|electric_motor_present|hybrid_text_signal|reviewed_powertrain_hybrid:volvo_b_badge_mild_hybrid,
45540,vehicles/45540.json,False,alternative_technology_present|electric_motor_present|hybrid_text_signal|reviewed_powertrain_hybrid:volvo_b_badge_mild_hybrid,
45557,vehicles/45557.json,False,alternative_technology_present|electric_motor_present|hybrid_text_signal,
45559,vehicles/45559.json,False,alternative_technology_present|electric_motor_present|hybrid_text_signal|reviewed_powertrain_hybrid:volvo_b_badge_mild_hybrid,
45560,vehicles/45560.json,False,alternative_technology_present|electric_motor_present|hybrid_text_signal|reviewed_powertrain_hybrid:volvo_b_badge_mild_hybrid,
45564,vehicles/45564.json,False,primary_fuel_out_of_scope|alternative_technology_present,missing_optional:engine_description
45565,vehicles/45565.json,False,primary_fuel_out_of_scope|alternative_technology_present,missing_optional:engine_description
45580,vehicles/45580.json,False,primary_fuel_out_of_scope|alternative_technology_present,missing_optional:engine_description
45582,vehicles/45582.json,False,primary_fuel_out_of_scope|alternative_technology_present,missing_optional:engine_description
45589,vehicles/45589.json,False,alternative_technology_present|electric_motor_present|hybrid_text_signal|reviewed_powertrain_hybrid:volvo_b_badge_mild_hybrid,
45593,vehicles/45593.json,False,alternative_technology_present|electric_motor_present|hybrid_text_signal,
45614,vehicles/45614.json,False,alternative_technology_present|electric_motor_present|hybrid_text_signal,
45641,vehicles/45641.json,False,alternative_technology_present|electric_motor_present|hybrid_text_signal,
45642,vehicles/45642.json,False,alternative_technology_present|electric_motor_present|hybrid_text_signal,
45655,vehicles/45655.json,False,alternative_technology_present|electric_motor_present|hybrid_text_signal,
45657,vehicles/45657.json,False,alternative_technology_present|electric_motor_present|hybrid_text_signal,
45659,vehicles/45659.json,False,alternative_technology_present|electric_motor_present|hybrid_text_signal,
45684,vehicles/45684.json,False,alternative_technology_present|electric_motor_present|hybrid_text_signal,
45685,vehicles/45685.json,False,alternative_technology_present|electric_motor_present|hybrid_text_signal,
45695,vehicles/45695.json,False,alternative_technology_present|electric_motor_present|hybrid_text_signal,
45742,vehicles/45742.json,False,vehicle_class_out_of_scope,
45752,vehicles/45752.json,False,primary_fuel_out_of_scope|alternative_technology_present|electric_motor_present|insufficient_engine_specs,missing_optional:displacement_l|missing_optional:cylinders|missing_optional:engine_description
45753,vehicles/45753.json,False,primary_fuel_out_of_scope|alternative_technology_present|electric_motor_present|insufficient_engine_specs,missing_optional:displacement_l|missing_optional:cylinders|missing_optional:engine_description
45754,vehicles/45754.json,False,primary_fuel_out_of_scope|alternative_technology_present|electric_motor_present|insufficient_engine_specs,missing_optional:displacement_l|missing_optional:cylinders|missing_optional:engine_description
45755,vehicles/45755.json,False,primary_fuel_out_of_scope|alternative_technology_present|electric_motor_present|insufficient_engine_specs,missing_optional:displacement_l|missing_optional:cylinders|missing_optional:engine_description
45760,vehicles/45760.json,False,primary_fuel_out_of_scope|alternative_technology_present|electric_motor_present|insufficient_engine_specs,missing_optional:displacement_l|missing_optional:cylinders|missing_optional:engine_description
45761,vehicles/45761.json,False,primary_fuel_out_of_scope|alternative_technology_present|electric_motor_present|insufficient_engine_specs,missing_optional:displacement_l|missing_optional:cylinders|missing_optional:engine_description
45802,vehicles/45802.json,False,primary_fuel_out_of_scope|alternative_technology_present|vehicle_class_out_of_scope,missing_optional:engine_description
45804,vehicles/45804.json,False,vehicle_class_out_of_scope,
45805,vehicles/45805.json,False,vehicle_class_out_of_scope,
45806,vehicles/45806.json,False,vehicle_class_out_of_scope,
45808,vehicles/45808.json,False,vehicle_class_out_of_scope,
45810,vehicles/45810.json,False,vehicle_class_out_of_scope,
45814,vehicles/45814.json,False,vehicle_class_out_of_scope,
45822,vehicles/45822.json,False,vehicle_class_out_of_scope,
45870,vehicles/45870.json,False,vehicle_class_out_of_scope,
45987,vehicles/45987.json,False,primary_fuel_out_of_scope|alternative_technology_present|electric_motor_present|insufficient_engine_specs,missing_optional:displacement_l|missing_optional:cylinders|missing_optional:engine_description
45999,vehicles/45999.json,False,primary_fuel_out_of_scope|alternative_technology_present|electric_motor_present|insufficient_engine_specs,missing_optional:displacement_l|missing_optional:cylinders|missing_optional:engine_description
46002,vehicles/46002.json,False,primary_fuel_out_of_scope|alternative_technology_present|electric_motor_present|insufficient_engine_specs,missing_optional:displacement_l|missing_optional:cylinders|missing_optional:engine_description
46013,vehicles/46013.json,False,primary_fuel_out_of_scope|alternative_technology_present|electric_motor_present|insufficient_engine_specs,missing_optional:displacement_l|missing_optional:cylinders|missing_optional:engine_description
46031,vehicles/46031.json,False,primary_fuel_out_of_scope|alternative_technology_present|electric_motor_present|insufficient_engine_specs,missing_optional:displacement_l|missing_optional:cylinders|missing_optional:engine_description
46034,vehicles/46034.json,False,primary_fuel_out_of_scope|alternative_technology_present|electric_motor_present|insufficient_engine_specs,missing_optional:displacement_l|missing_optional:cylinders|missing_optional:engine_description
46036,vehicles/46036.json,False,primary_fuel_out_of_scope|alternative_technology_present|electric_motor_present|insufficient_engine_specs,missing_optional:displacement_l|missing_optional:cylinders|missing_optional:engine_description
46037,vehicles/46037.json,False,primary_fuel_out_of_scope|alternative_technology_present|electric_motor_present|insufficient_engine_specs,missing_optional:displacement_l|missing_optional:cylinders|missing_optional:engine_description
46046,vehicles/46046.json,False,alternative_technology_present|electric_motor_present|hybrid_text_signal,
46047,vehicles/46047.json,False,alternative_technology_present|electric_motor_present|hybrid_text_signal,
46057,vehicles/46057.json,False,alternative_technology_present|electric_motor_present|hybrid_text_signal,
46145,vehicles/46145.json,False,alternative_technology_present|electric_motor_present|hybrid_text_signal,
46162,vehicles/46162.json,False,secondary_fuel_present|alternative_technology_present|vehicle_class_out_of_scope,
46163,vehicles/46163.json,False,secondary_fuel_present|alternative_technology_present|vehicle_class_out_of_scope,
46164,vehicles/46164.json,False,secondary_fuel_present|alternative_technology_present|vehicle_class_out_of_scope,
46165,vehicles/46165.json,False,secondary_fuel_present|alternative_technology_present|vehicle_class_out_of_scope,
46204,vehicles/46204.json,False,primary_fuel_out_of_scope|alternative_technology_present|electric_motor_present|insufficient_engine_specs,missing_optional:displacement_l|missing_optional:cylinders|missing_optional:engine_description
46205,vehicles/46205.json,False,primary_fuel_out_of_scope|alternative_technology_present|electric_motor_present|insufficient_engine_specs,missing_optional:displacement_l|missing_optional:cylinders|missing_optional:engine_description
46206,vehicles/46206.json,False,primary_fuel_out_of_scope|alternative_technology_present|electric_motor_present|insufficient_engine_specs,missing_optional:displacement_l|missing_optional:cylinders|missing_optional:engine_description
46207,vehicles/46207.json,False,primary_fuel_out_of_scope|alternative_technology_present|electric_motor_present|insufficient_engine_specs,missing_optional:displacement_l|missing_optional:cylinders|missing_optional:engine_description
46208,vehicles/46208.json,False,primary_fuel_out_of_scope|alternative_technology_present|electric_motor_present|insufficient_engine_specs,missing_optional:displacement_l|missing_optional:cylinders|missing_optional:engine_description
46209,vehicles/46209.json,False,primary_fuel_out_of_scope|alternative_technology_present|electric_motor_present|insufficient_engine_specs,missing_optional:displacement_l|missing_optional:cylinders|missing_optional:engine_description
46210,vehicles/46210.json,False,primary_fuel_out_of_scope|alternative_technology_present|electric_motor_present|insufficient_engine_specs,missing_optional:displacement_l|missing_optional:cylinders|missing_optional:engine_description
46211,vehicles/46211.json,False,primary_fuel_out_of_scope|alternative_technology_present|electric_motor_present|insufficient_engine_specs,missing_optional:displacement_l|missing_optional:cylinders|missing_optional:engine_description
46212,vehicles/46212.json,False,primary_fuel_out_of_scope|alternative_technology_present|electric_motor_present|insufficient_engine_specs,missing_optional:displacement_l|missing_optional:cylinders|missing_optional:engine_description
46213,vehicles/46213.json,False,primary_fuel_out_of_scope|alternative_technology_present|electric_motor_present|insufficient_engine_specs,missing_optional:displacement_l|missing_optional:cylinders|missing_optional:engine_description
46221,vehicles/46221.json,False,alternative_technology_present|electric_motor_present|hybrid_text_signal,
46224,vehicles/46224.json,False,alternative_technology_present|electric_motor_present|hybrid_text_signal|vehicle_class_out_of_scope,
46225,vehicles/46225.json,False,alternative_technology_present|electric_motor_present|hybrid_text_signal|vehicle_class_out_of_scope,
46226,vehicles/46226.json,False,primary_fuel_out_of_scope|alternative_technology_present|vehicle_class_out_of_scope,missing_optional:engine_description
46227,vehicles/46227.json,False,alternative_technology_present|electric_motor_present|hybrid_text_signal|vehicle_class_out_of_scope,
46228,vehicles/46228.json,False,alternative_technology_present|electric_motor_present|hybrid_text_signal|vehicle_class_out_of_scope,
46229,vehicles/46229.json,False,vehicle_class_out_of_scope,missing_optional:engine_description
46245,vehicles/46245.json,False,secondary_fuel_present|alternative_technology_present|electric_motor_present|phev_blended|hybrid_text_signal,
46249,vehicles/46249.json,False,secondary_fuel_present|alternative_technology_present|electric_motor_present|phev_blended|hybrid_text_signal|vehicle_class_out_of_scope,missing_optional:engine_description
46256,vehicles/46256.json,False,secondary_fuel_present|alternative_technology_present|electric_motor_present|phev_blended|hybrid_text_signal,missing_optional:engine_description
46262,vehicles/46262.json,False,secondary_fuel_present|alternative_technology_present|electric_motor_present|phev_blended,missing_optional:engine_description
46288,vehicles/46288.json,False,vehicle_class_out_of_scope,missing_optional:engine_description
46289,vehicles/46289.json,False,vehicle_class_out_of_scope,missing_optional:engine_description
46290,vehicles/46290.json,False,vehicle_class_out_of_scope,missing_optional:engine_description
46291,vehicles/46291.json,False,vehicle_class_out_of_scope,missing_optional:engine_description
46292,vehicles/46292.json,False,vehicle_class_out_of_scope,missing_optional:engine_description
46298,vehicles/46298.json,False,alternative_technology_present|electric_motor_present|hybrid_text_signal,
46302,vehicles/46302.json,False,alternative_technology_present|electric_motor_present|hybrid_text_signal,
46303,vehicles/46303.json,False,primary_fuel_out_of_scope|alternative_technology_present|electric_motor_present|insufficient_engine_specs,missing_optional:displacement_l|missing_optional:cylinders|missing_optional:engine_description
46304,vehicles/46304.json,False,primary_fuel_out_of_scope|alternative_technology_present|electric_motor_present|insufficient_engine_specs,missing_optional:displacement_l|missing_optional:cylinders|missing_optional:engine_description
46305,vehicles/46305.json,False,primary_fuel_out_of_scope|alternative_technology_present|electric_motor_present|insufficient_engine_specs,missing_optional:displacement_l|missing_optional:cylinders|missing_optional:engine_description
46306,vehicles/46306.json,False,primary_fuel_out_of_scope|alternative_technology_present|electric_motor_present|insufficient_engine_specs,missing_optional:displacement_l|missing_optional:cylinders|missing_optional:engine_description
46307,vehicles/46307.json,False,primary_fuel_out_of_scope|alternative_technology_present|electric_motor_present|insufficient_engine_specs,missing_optional:displacement_l|missing_optional:cylinders|missing_optional:engine_description
46308,vehicles/46308.json,False,primary_fuel_out_of_scope|alternative_technology_present|electric_motor_present|insufficient_engine_specs,missing_optional:displacement_l|missing_optional:cylinders|missing_optional:engine_description
46309,vehicles/46309.json,False,primary_fuel_out_of_scope|alternative_technology_present|electric_motor_present|insufficient_engine_specs,missing_optional:displacement_l|missing_optional:cylinders|missing_optional:engine_description
46310,vehicles/46310.json,False,primary_fuel_out_of_scope|alternative_technology_present|electric_motor_present|insufficient_engine_specs,missing_optional:displacement_l|missing_optional:cylinders|missing_optional:engine_description
46311,vehicles/46311.json,False,primary_fuel_out_of_scope|alternative_technology_present|electric_motor_present|insufficient_engine_specs,missing_optional:displacement_l|missing_optional:cylinders|missing_optional:engine_description
46312,vehicles/46312.json,False,primary_fuel_out_of_scope|alternative_technology_present|electric_motor_present|vehicle_class_out_of_scope|insufficient_engine_specs,missing_optional:displacement_l|missing_optional:cylinders|missing_optional:engine_description
46313,vehicles/46313.json,False,primary_fuel_out_of_scope|alternative_technology_present|electric_motor_present|vehicle_class_out_of_scope|insufficient_engine_specs,missing_optional:displacement_l|missing_optional:cylinders|missing_optional:engine_description
46316,vehicles/46316.json,False,primary_fuel_out_of_scope|alternative_technology_present|electric_motor_present|insufficient_engine_specs,missing_optional:displacement_l|missing_optional:cylinders|missing_optional:engine_description
46317,vehicles/46317.json,False,primary_fuel_out_of_scope|alternative_technology_present|electric_motor_present|insufficient_engine_specs,missing_optional:displacement_l|missing_optional:cylinders|missing_optional:engine_description
46359,vehicles/46359.json,False,alternative_technology_present|electric_motor_present|hybrid_text_signal,
46365,vehicles/46365.json,False,vehicle_class_out_of_scope,
46368,vehicles/46368.json,False,vehicle_class_out_of_scope,
46369,vehicles/46369.json,False,alternative_technology_present|electric_motor_present|hybrid_text_signal|vehicle_class_out_of_scope,
46372,vehicles/46372.json,False,vehicle_class_out_of_scope,missing_optional:engine_description
46373,vehicles/46373.json,False,vehicle_class_out_of_scope,missing_optional:engine_description
46435,vehicles/46435.json,False,vehicle_class_out_of_scope,
46503,vehicles/46503.json,False,vehicle_class_out_of_scope,
46507,vehicles/46507.json,False,alternative_technology_present|electric_motor_present|hybrid_text_signal,
46519,vehicles/46519.json,False,primary_fuel_out_of_scope|alternative_technology_present|electric_motor_present|vehicle_class_out_of_scope|insufficient_engine_specs,missing_optional:displacement_l|missing_optional:cylinders|missing_optional:engine_description
46527,vehicles/46527.json,False,alternative_technology_present|electric_motor_present|hybrid_text_signal,
46563,vehicles/46563.json,False,vehicle_class_out_of_scope,
46565,vehicles/46565.json,False,vehicle_class_out_of_scope,missing_optional:engine_description
46566,vehicles/46566.json,False,vehicle_class_out_of_scope,missing_optional:engine_description
46568,vehicles/46568.json,False,alternative_technology_present|electric_motor_present|hybrid_text_signal,
46607,vehicles/46607.json,False,alternative_technology_present|electric_motor_present|hybrid_text_signal,
46617,vehicles/46617.json,False,primary_fuel_out_of_scope|alternative_technology_present|electric_motor_present|insufficient_engine_specs,missing_optional:displacement_l|missing_optional:cylinders|missing_optional:engine_description
46624,vehicles/46624.json,False,primary_fuel_out_of_scope|alternative_technology_present|electric_motor_present|insufficient_engine_specs,missing_optional:displacement_l|missing_optional:cylinders|missing_optional:engine_description
46629,vehicles/46629.json,False,secondary_fuel_present|alternative_technology_present|electric_motor_present|phev_blended,missing_optional:engine_description
46650,vehicles/46650.json,False,alternative_technology_present|electric_motor_present|hybrid_text_signal,
46652,vehicles/46652.json,False,alternative_technology_present|electric_motor_present|hybrid_text_signal,
46661,vehicles/46661.json,False,alternative_technology_present|electric_motor_present|hybrid_text_signal|reviewed_powertrain_hybrid:volvo_b_badge_mild_hybrid,
46662,vehicles/46662.json,False,alternative_technology_present|electric_motor_present|hybrid_text_signal|reviewed_powertrain_hybrid:volvo_b_badge_mild_hybrid,
46669,vehicles/46669.json,False,alternative_technology_present|electric_motor_present|hybrid_text_signal|reviewed_powertrain_hybrid:volvo_b_badge_mild_hybrid,
46674,vehicles/46674.json,False,alternative_technology_present|electric_motor_present|hybrid_text_signal,
46683,vehicles/46683.json,False,vehicle_class_out_of_scope,
46684,vehicles/46684.json,False,vehicle_class_out_of_scope,
46685,vehicles/46685.json,False,vehicle_class_out_of_scope,
46716,vehicles/46716.json,False,alternative_technology_present|electric_motor_present|hybrid_text_signal,
46738,vehicles/46738.json,False,alternative_technology_present|electric_motor_present|hybrid_text_signal|reviewed_powertrain_hybrid:volvo_b_badge_mild_hybrid,
46739,vehicles/46739.json,False,alternative_technology_present|electric_motor_present|hybrid_text_signal|reviewed_powertrain_hybrid:volvo_b_badge_mild_hybrid,
46751,vehicles/46751.json,False,alternative_technology_present|electric_motor_present|hybrid_text_signal,
46757,vehicles/46757.json,False,alternative_technology_present|electric_motor_present|hybrid_text_signal|reviewed_powertrain_hybrid:volvo_b_badge_mild_hybrid,
46795,vehicles/46795.json,False,alternative_technology_present|electric_motor_present|hybrid_text_signal,
46821,vehicles/46821.json,False,alternative_technology_present|electric_motor_present|hybrid_text_signal|vehicle_class_out_of_scope,
46822,vehicles/46822.json,False,alternative_technology_present|electric_motor_present|hybrid_text_signal|vehicle_class_out_of_scope,
46831,vehicles/46831.json,False,vehicle_class_out_of_scope,
46833,vehicles/46833.json,False,vehicle_class_out_of_scope,
46843,vehicles/46843.json,False,vehicle_class_out_of_scope,
46850,vehicles/46850.json,False,primary_fuel_out_of_scope|alternative_technology_present|vehicle_class_out_of_scope,missing_optional:engine_description
46853,vehicles/46853.json,False,alternative_technology_present|electric_motor_present|hybrid_text_signal|vehicle_class_out_of_scope,
46855,vehicles/46855.json,False,vehicle_class_out_of_scope,missing_optional:engine_description
46868,vehicles/46868.json,False,alternative_technology_present|electric_motor_present|hybrid_text_signal,
46872,vehicles/46872.json,False,alternative_technology_present|electric_motor_present|hybrid_text_signal,
46903,vehicles/46903.json,False,alternative_technology_present|electric_motor_present|hybrid_text_signal,
46911,vehicles/46911.json,False,primary_fuel_out_of_scope|alternative_technology_present|electric_motor_present|insufficient_engine_specs,missing_optional:displacement_l|missing_optional:cylinders|missing_optional:engine_description
46913,vehicles/46913.json,False,primary_fuel_out_of_scope|alternative_technology_present|electric_motor_present|insufficient_engine_specs,missing_optional:displacement_l|missing_optional:cylinders|missing_optional:engine_description
46934,vehicles/46934.json,False,primary_fuel_out_of_scope|alternative_technology_present|electric_motor_present|insufficient_engine_specs,missing_optional:displacement_l|missing_optional:cylinders|missing_optional:engine_description
46936,vehicles/46936.json,False,primary_fuel_out_of_scope|alternative_technology_present|electric_motor_present|insufficient_engine_specs,missing_optional:displacement_l|missing_optional:cylinders|missing_optional:engine_description
46943,vehicles/46943.json,False,primary_fuel_out_of_scope|alternative_technology_present|electric_motor_present|insufficient_engine_specs,missing_optional:displacement_l|missing_optional:cylinders|missing_optional:engine_description
46947,vehicles/46947.json,False,primary_fuel_out_of_scope|alternative_technology_present|electric_motor_present|insufficient_engine_specs,missing_optional:displacement_l|missing_optional:cylinders|missing_optional:engine_description
46950,vehicles/46950.json,False,primary_fuel_out_of_scope|alternative_technology_present|electric_motor_present|insufficient_engine_specs,missing_optional:displacement_l|missing_optional:cylinders|missing_optional:engine_description
46951,vehicles/46951.json,False,primary_fuel_out_of_scope|alternative_technology_present|electric_motor_present|vehicle_class_out_of_scope|insufficient_engine_specs,missing_optional:displacement_l|missing_optional:cylinders|missing_optional:engine_description
46964,vehicles/46964.json,False,primary_fuel_out_of_scope|alternative_technology_present|electric_motor_present|insufficient_engine_specs,missing_optional:displacement_l|missing_optional:cylinders|missing_optional:engine_description
46967,vehicles/46967.json,False,primary_fuel_out_of_scope|alternative_technology_present|electric_motor_present|insufficient_engine_specs,missing_optional:displacement_l|missing_optional:cylinders|missing_optional:engine_description
46968,vehicles/46968.json,False,primary_fuel_out_of_scope|alternative_technology_present|electric_motor_present|insufficient_engine_specs,missing_optional:displacement_l|missing_optional:cylinders|missing_optional:engine_description
46971,vehicles/46971.json,False,primary_fuel_out_of_scope|alternative_technology_present|electric_motor_present|insufficient_engine_specs,missing_optional:displacement_l|missing_optional:cylinders|missing_optional:engine_description
46973,vehicles/46973.json,False,primary_fuel_out_of_scope|alternative_technology_present|electric_motor_present|insufficient_engine_specs,missing_optional:displacement_l|missing_optional:cylinders|missing_optional:engine_description
46975,vehicles/46975.json,False,primary_fuel_out_of_scope|alternative_technology_present|electric_motor_present|insufficient_engine_specs,missing_optional:displacement_l|missing_optional:cylinders|missing_optional:engine_description
46976,vehicles/46976.json,False,primary_fuel_out_of_scope|alternative_technology_present|electric_motor_present|insufficient_engine_specs,missing_optional:displacement_l|missing_optional:cylinders|missing_optional:engine_description
46977,vehicles/46977.json,False,primary_fuel_out_of_scope|alternative_technology_present|electric_motor_present|insufficient_engine_specs,missing_optional:displacement_l|missing_optional:cylinders|missing_optional:engine_description
46978,vehicles/46978.json,False,primary_fuel_out_of_scope|alternative_technology_present|electric_motor_present|insufficient_engine_specs,missing_optional:displacement_l|missing_optional:cylinders|missing_optional:engine_description
46979,vehicles/46979.json,False,primary_fuel_out_of_scope|alternative_technology_present|electric_motor_present|insufficient_engine_specs,missing_optional:displacement_l|missing_optional:cylinders|missing_optional:engine_description
46980,vehicles/46980.json,False,primary_fuel_out_of_scope|alternative_technology_present|electric_motor_present|insufficient_engine_specs,missing_optional:displacement_l|missing_optional:cylinders|missing_optional:engine_description
46982,vehicles/46982.json,False,primary_fuel_out_of_scope|alternative_technology_present|electric_motor_present|insufficient_engine_specs,missing_optional:displacement_l|missing_optional:cylinders|missing_optional:engine_description
46983,vehicles/46983.json,False,primary_fuel_out_of_scope|alternative_technology_present|electric_motor_present|insufficient_engine_specs,missing_optional:displacement_l|missing_optional:cylinders|missing_optional:engine_description
46984,vehicles/46984.json,False,primary_fuel_out_of_scope|alternative_technology_present|electric_motor_present|insufficient_engine_specs,missing_optional:displacement_l|missing_optional:cylinders|missing_optional:engine_description
46988,vehicles/46988.json,False,primary_fuel_out_of_scope|alternative_technology_present|electric_motor_present|insufficient_engine_specs,missing_optional:displacement_l|missing_optional:cylinders|missing_optional:engine_description
46992,vehicles/46992.json,False,primary_fuel_out_of_scope|alternative_technology_present|electric_motor_present|insufficient_engine_specs,missing_optional:displacement_l|missing_optional:cylinders|missing_optional:engine_description
46993,vehicles/46993.json,False,primary_fuel_out_of_scope|alternative_technology_present|electric_motor_present|insufficient_engine_specs,missing_optional:displacement_l|missing_optional:cylinders|missing_optional:engine_description
46994,vehicles/46994.json,False,primary_fuel_out_of_scope|alternative_technology_present|electric_motor_present|insufficient_engine_specs,missing_optional:displacement_l|missing_optional:cylinders|missing_optional:engine_description
46995,vehicles/46995.json,False,primary_fuel_out_of_scope|alternative_technology_present|electric_motor_present|insufficient_engine_specs,missing_optional:displacement_l|missing_optional:cylinders|missing_optional:engine_description
46996,vehicles/46996.json,False,primary_fuel_out_of_scope|alternative_technology_present|electric_motor_present|insufficient_engine_specs,missing_optional:displacement_l|missing_optional:cylinders|missing_optional:engine_description
46997,vehicles/46997.json,False,primary_fuel_out_of_scope|alternative_technology_present|electric_motor_present|insufficient_engine_specs,missing_optional:displacement_l|missing_optional:cylinders|missing_optional:engine_description
47000,vehicles/47000.json,False,primary_fuel_out_of_scope|alternative_technology_present|electric_motor_present|vehicle_class_out_of_scope|insufficient_engine_specs,missing_optional:displacement_l|missing_optional:cylinders|missing_optional:engine_description
47001,vehicles/47001.json,False,primary_fuel_out_of_scope|alternative_technology_present|electric_motor_present|vehicle_class_out_of_scope|insufficient_engine_specs,missing_optional:displacement_l|missing_optional:cylinders|missing_optional:engine_description
47003,vehicles/47003.json,False,primary_fuel_out_of_scope|alternative_technology_present|electric_motor_present|vehicle_class_out_of_scope|insufficient_engine_specs,missing_optional:displacement_l|missing_optional:cylinders|missing_optional:engine_description
47004,vehicles/47004.json,False,primary_fuel_out_of_scope|alternative_technology_present|electric_motor_present|vehicle_class_out_of_scope|insufficient_engine_specs,missing_optional:displacement_l|missing_optional:cylinders|missing_optional:engine_description
47005,vehicles/47005.json,False,primary_fuel_out_of_scope|alternative_technology_present|electric_motor_present|vehicle_class_out_of_scope|insufficient_engine_specs,missing_optional:displacement_l|missing_optional:cylinders|missing_optional:engine_description
47066,vehicles/47066.json,False,alternative_technology_present|electric_motor_present|hybrid_text_signal,
47073,vehicles/47073.json,False,alternative_technology_present|electric_motor_present|hybrid_text_signal,
47093,vehicles/47093.json,False,alternative_technology_present|electric_motor_present|hybrid_text_signal,
47117,vehicles/47117.json,False,vehicle_class_out_of_scope,
47133,vehicles/47133.json,False,vehicle_class_out_of_scope,missing_optional:engine_description
47134,vehicles/47134.json,False,vehicle_class_out_of_scope,missing_optional:engine_description
47145,vehicles/47145.json,False,alternative_technology_present|electric_motor_present|hybrid_text_signal,
47174,vehicles/47174.json,False,alternative_technology_present|electric_motor_present|hybrid_text_signal,
47178,vehicles/47178.json,False,reviewed_powertrain_uncertain:audi_sq7_sq8_4l_technology_uncertain,
47196,vehicles/47196.json,False,alternative_technology_present|electric_motor_present|hybrid_text_signal,
47197,vehicles/47197.json,False,alternative_technology_present|electric_motor_present|hybrid_text_signal,
47199,vehicles/47199.json,False,alternative_technology_present|electric_motor_present|hybrid_text_signal,
47213,vehicles/47213.json,False,secondary_fuel_present|alternative_technology_present|electric_motor_present|phev_blended|hybrid_text_signal,
47214,vehicles/47214.json,False,secondary_fuel_present|alternative_technology_present|electric_motor_present|phev_blended|hybrid_text_signal,
47218,vehicles/47218.json,False,secondary_fuel_present|alternative_technology_present|electric_motor_present|phev_blended|hybrid_text_signal,
47219,vehicles/47219.json,False,secondary_fuel_present|alternative_technology_present|electric_motor_present|phev_blended|hybrid_text_signal,
47221,vehicles/47221.json,False,secondary_fuel_present|alternative_technology_present|electric_motor_present|phev_blended|hybrid_text_signal,
47222,vehicles/47222.json,False,secondary_fuel_present|alternative_technology_present|electric_motor_present|phev_blended|hybrid_text_signal,
47225,vehicles/47225.json,False,secondary_fuel_present|alternative_technology_present|electric_motor_present|phev_blended|hybrid_text_signal,
47226,vehicles/47226.json,False,secondary_fuel_present|alternative_technology_present|electric_motor_present|phev_blended|hybrid_text_signal,
47235,vehicles/47235.json,False,alternative_technology_present|electric_motor_present|hybrid_text_signal,
47250,vehicles/47250.json,False,vehicle_class_out_of_scope,
47253,vehicles/47253.json,False,vehicle_class_out_of_scope,missing_optional:engine_description
47266,vehicles/47266.json,False,alternative_technology_present|electric_motor_present|hybrid_text_signal,
47267,vehicles/47267.json,False,alternative_technology_present|electric_motor_present|hybrid_text_signal,
47268,vehicles/47268.json,False,alternative_technology_present|electric_motor_present|hybrid_text_signal,
47270,vehicles/47270.json,False,alternative_technology_present|electric_motor_present|hybrid_text_signal,
47274,vehicles/47274.json,False,secondary_fuel_present|alternative_technology_present|electric_motor_present|phev_blended|hybrid_text_signal,
47276,vehicles/47276.json,False,secondary_fuel_present|alternative_technology_present|electric_motor_present|phev_blended|hybrid_text_signal|vehicle_class_out_of_scope,
47277,vehicles/47277.json,False,secondary_fuel_present|alternative_technology_present|electric_motor_present|phev_blended|hybrid_text_signal,
47278,vehicles/47278.json,False,secondary_fuel_present|alternative_technology_present|electric_motor_present|phev_blended|hybrid_text_signal,
47363,vehicles/47363.json,False,vehicle_class_out_of_scope,
47364,vehicles/47364.json,False,alternative_technology_present|electric_motor_present|hybrid_text_signal|vehicle_class_out_of_scope,
47369,vehicles/47369.json,False,alternative_technology_present|electric_motor_present|hybrid_text_signal|vehicle_class_out_of_scope,
47433,vehicles/47433.json,False,primary_fuel_out_of_scope|alternative_technology_present,missing_optional:engine_description
47453,vehicles/47453.json,False,primary_fuel_out_of_scope|alternative_technology_present|electric_motor_present|insufficient_engine_specs,missing_optional:displacement_l|missing_optional:cylinders|missing_optional:engine_description
47454,vehicles/47454.json,False,primary_fuel_out_of_scope|alternative_technology_present|electric_motor_present|insufficient_engine_specs,missing_optional:displacement_l|missing_optional:cylinders|missing_optional:engine_description
47455,vehicles/47455.json,False,primary_fuel_out_of_scope|alternative_technology_present|electric_motor_present|insufficient_engine_specs,missing_optional:displacement_l|missing_optional:cylinders|missing_optional:engine_description
47456,vehicles/47456.json,False,primary_fuel_out_of_scope|alternative_technology_present|electric_motor_present|insufficient_engine_specs,missing_optional:displacement_l|missing_optional:cylinders|missing_optional:engine_description
47470,vehicles/47470.json,False,primary_fuel_out_of_scope|alternative_technology_present|electric_motor_present|insufficient_engine_specs,missing_optional:displacement_l|missing_optional:cylinders|missing_optional:engine_description
47472,vehicles/47472.json,False,primary_fuel_out_of_scope|alternative_technology_present|electric_motor_present|insufficient_engine_specs,missing_optional:displacement_l|missing_optional:cylinders|missing_optional:engine_description
47477,vehicles/47477.json,False,primary_fuel_out_of_scope|alternative_technology_present|electric_motor_present|insufficient_engine_specs,missing_optional:displacement_l|missing_optional:cylinders|missing_optional:engine_description
47478,vehicles/47478.json,False,primary_fuel_out_of_scope|alternative_technology_present|electric_motor_present|insufficient_engine_specs,missing_optional:displacement_l|missing_optional:cylinders|missing_optional:engine_description
47479,vehicles/47479.json,False,primary_fuel_out_of_scope|alternative_technology_present|electric_motor_present|insufficient_engine_specs,missing_optional:displacement_l|missing_optional:cylinders|missing_optional:engine_description
47480,vehicles/47480.json,False,primary_fuel_out_of_scope|alternative_technology_present|electric_motor_present|insufficient_engine_specs,missing_optional:displacement_l|missing_optional:cylinders|missing_optional:engine_description
47481,vehicles/47481.json,False,primary_fuel_out_of_scope|alternative_technology_present|electric_motor_present|insufficient_engine_specs,missing_optional:displacement_l|missing_optional:cylinders|missing_optional:engine_description
47482,vehicles/47482.json,False,primary_fuel_out_of_scope|alternative_technology_present|electric_motor_present|insufficient_engine_specs,missing_optional:displacement_l|missing_optional:cylinders|missing_optional:engine_description
47484,vehicles/47484.json,False,primary_fuel_out_of_scope|alternative_technology_present|electric_motor_present|insufficient_engine_specs,missing_optional:displacement_l|missing_optional:cylinders|missing_optional:engine_description
47487,vehicles/47487.json,False,primary_fuel_out_of_scope|alternative_technology_present|electric_motor_present|vehicle_class_out_of_scope|insufficient_engine_specs,missing_optional:displacement_l|missing_optional:cylinders|missing_optional:engine_description
47488,vehicles/47488.json,False,primary_fuel_out_of_scope|alternative_technology_present|electric_motor_present|vehicle_class_out_of_scope|insufficient_engine_specs,missing_optional:displacement_l|missing_optional:cylinders|missing_optional:engine_description
47489,vehicles/47489.json,False,secondary_fuel_present|alternative_technology_present|electric_motor_present|phev_blended|hybrid_text_signal,
47493,vehicles/47493.json,False,secondary_fuel_present|alternative_technology_present|electric_motor_present|phev_blended|hybrid_text_signal,
47494,vehicles/47494.json,False,secondary_fuel_present|alternative_technology_present|electric_motor_present|phev_blended|hybrid_text_signal,
47496,vehicles/47496.json,False,secondary_fuel_present|alternative_technology_present|electric_motor_present|phev_blended|hybrid_text_signal,
47499,vehicles/47499.json,False,secondary_fuel_present|alternative_technology_present|electric_motor_present|phev_blended|hybrid_text_signal,
47500,vehicles/47500.json,False,secondary_fuel_present|alternative_technology_present|electric_motor_present|phev_blended|hybrid_text_signal,
47505,vehicles/47505.json,False,secondary_fuel_present|alternative_technology_present|electric_motor_present|phev_blended,missing_optional:engine_description
47507,vehicles/47507.json,False,alternative_technology_present|electric_motor_present|hybrid_text_signal,
47516,vehicles/47516.json,False,alternative_technology_present|electric_motor_present|hybrid_text_signal,
47524,vehicles/47524.json,False,primary_fuel_out_of_scope|alternative_technology_present|electric_motor_present|insufficient_engine_specs,missing_optional:displacement_l|missing_optional:cylinders
47525,vehicles/47525.json,False,primary_fuel_out_of_scope|alternative_technology_present|electric_motor_present|insufficient_engine_specs,missing_optional:displacement_l|missing_optional:cylinders
47528,vehicles/47528.json,False,primary_fuel_out_of_scope|alternative_technology_present|electric_motor_present|insufficient_engine_specs,missing_optional:displacement_l|missing_optional:cylinders
47534,vehicles/47534.json,False,primary_fuel_out_of_scope|alternative_technology_present|electric_motor_present|insufficient_engine_specs,missing_optional:displacement_l|missing_optional:cylinders
47541,vehicles/47541.json,False,primary_fuel_out_of_scope|alternative_technology_present|electric_motor_present|insufficient_engine_specs,missing_optional:displacement_l|missing_optional:cylinders
47544,vehicles/47544.json,False,primary_fuel_out_of_scope|alternative_technology_present|electric_motor_present|insufficient_engine_specs,missing_optional:displacement_l|missing_optional:cylinders
47551,vehicles/47551.json,False,alternative_technology_present|electric_motor_present|hybrid_text_signal,
47569,vehicles/47569.json,False,alternative_technology_present|electric_motor_present|hybrid_text_signal,
47593,vehicles/47593.json,False,vehicle_class_out_of_scope,
47596,vehicles/47596.json,False,vehicle_class_out_of_scope,
47597,vehicles/47597.json,False,vehicle_class_out_of_scope,
47606,vehicles/47606.json,False,vehicle_class_out_of_scope,missing_optional:engine_description
47607,vehicles/47607.json,False,vehicle_class_out_of_scope,missing_optional:engine_description
47611,vehicles/47611.json,False,vehicle_class_out_of_scope,
47614,vehicles/47614.json,False,vehicle_class_out_of_scope,
47615,vehicles/47615.json,False,vehicle_class_out_of_scope,
47616,vehicles/47616.json,False,vehicle_class_out_of_scope,
47618,vehicles/47618.json,False,vehicle_class_out_of_scope,
47619,vehicles/47619.json,False,vehicle_class_out_of_scope,
47622,vehicles/47622.json,False,vehicle_class_out_of_scope,missing_optional:engine_description
47623,vehicles/47623.json,False,vehicle_class_out_of_scope,missing_optional:engine_description
47636,vehicles/47636.json,False,alternative_technology_present|electric_motor_present|hybrid_text_signal,
47662,vehicles/47662.json,False,alternative_technology_present|electric_motor_present|hybrid_text_signal,
47663,vehicles/47663.json,False,alternative_technology_present|electric_motor_present|hybrid_text_signal,
47709,vehicles/47709.json,False,alternative_technology_present|electric_motor_present|hybrid_text_signal,
47711,vehicles/47711.json,False,alternative_technology_present|electric_motor_present|hybrid_text_signal,
47722,vehicles/47722.json,False,vehicle_class_out_of_scope,
47723,vehicles/47723.json,False,alternative_technology_present|electric_motor_present|hybrid_text_signal|vehicle_class_out_of_scope,
47724,vehicles/47724.json,False,alternative_technology_present|electric_motor_present|hybrid_text_signal|vehicle_class_out_of_scope,
47725,vehicles/47725.json,False,vehicle_class_out_of_scope,
47726,vehicles/47726.json,False,alternative_technology_present|electric_motor_present|hybrid_text_signal|vehicle_class_out_of_scope,
47727,vehicles/47727.json,False,vehicle_class_out_of_scope,
47735,vehicles/47735.json,False,alternative_technology_present|electric_motor_present|hybrid_text_signal,
47786,vehicles/47786.json,False,secondary_fuel_present|alternative_technology_present,
47795,vehicles/47795.json,False,alternative_technology_present|electric_motor_present|hybrid_text_signal,
47806,vehicles/47806.json,False,reviewed_powertrain_uncertain:audi_sq7_sq8_4l_technology_uncertain,
47807,vehicles/47807.json,False,alternative_technology_present|electric_motor_present|hybrid_text_signal,
47808,vehicles/47808.json,False,primary_fuel_out_of_scope|alternative_technology_present|electric_motor_present|insufficient_engine_specs,missing_optional:displacement_l|missing_optional:cylinders|missing_optional:engine_description
47809,vehicles/47809.json,False,primary_fuel_out_of_scope|alternative_technology_present|electric_motor_present|insufficient_engine_specs,missing_optional:displacement_l|missing_optional:cylinders|missing_optional:engine_description
47811,vehicles/47811.json,False,primary_fuel_out_of_scope|alternative_technology_present|electric_motor_present|insufficient_engine_specs,missing_optional:displacement_l|missing_optional:cylinders|missing_optional:engine_description
47814,vehicles/47814.json,False,primary_fuel_out_of_scope|alternative_technology_present|electric_motor_present|insufficient_engine_specs,missing_optional:displacement_l|missing_optional:cylinders|missing_optional:engine_description
47816,vehicles/47816.json,False,primary_fuel_out_of_scope|alternative_technology_present|electric_motor_present|insufficient_engine_specs,missing_optional:displacement_l|missing_optional:cylinders|missing_optional:engine_description
47817,vehicles/47817.json,False,primary_fuel_out_of_scope|alternative_technology_present|electric_motor_present|insufficient_engine_specs,missing_optional:displacement_l|missing_optional:cylinders|missing_optional:engine_description
47821,vehicles/47821.json,False,primary_fuel_out_of_scope|alternative_technology_present|electric_motor_present|vehicle_class_out_of_scope|insufficient_engine_specs,missing_optional:displacement_l|missing_optional:cylinders|missing_optional:engine_description
47827,vehicles/47827.json,False,primary_fuel_out_of_scope|alternative_technology_present|electric_motor_present|insufficient_engine_specs,missing_optional:displacement_l|missing_optional:cylinders|missing_optional:engine_description
47830,vehicles/47830.json,False,primary_fuel_out_of_scope|alternative_technology_present|electric_motor_present|insufficient_engine_specs,missing_optional:displacement_l|missing_optional:cylinders|missing_optional:engine_description
47836,vehicles/47836.json,False,primary_fuel_out_of_scope|alternative_technology_present|electric_motor_present|insufficient_engine_specs,missing_optional:displacement_l|missing_optional:cylinders|missing_optional:engine_description
47837,vehicles/47837.json,False,primary_fuel_out_of_scope|alternative_technology_present|electric_motor_present|insufficient_engine_specs,missing_optional:displacement_l|missing_optional:cylinders|missing_optional:engine_description
47838,vehicles/47838.json,False,primary_fuel_out_of_scope|alternative_technology_present|electric_motor_present|insufficient_engine_specs,missing_optional:displacement_l|missing_optional:cylinders|missing_optional:engine_description
47839,vehicles/47839.json,False,primary_fuel_out_of_scope|alternative_technology_present|electric_motor_present|insufficient_engine_specs,missing_optional:displacement_l|missing_optional:cylinders|missing_optional:engine_description
47840,vehicles/47840.json,False,primary_fuel_out_of_scope|alternative_technology_present|electric_motor_present|insufficient_engine_specs,missing_optional:displacement_l|missing_optional:cylinders|missing_optional:engine_description
47841,vehicles/47841.json,False,primary_fuel_out_of_scope|alternative_technology_present|electric_motor_present|insufficient_engine_specs,missing_optional:displacement_l|missing_optional:cylinders|missing_optional:engine_description
47842,vehicles/47842.json,False,primary_fuel_out_of_scope|alternative_technology_present|electric_motor_present|insufficient_engine_specs,missing_optional:displacement_l|missing_optional:cylinders|missing_optional:engine_description
47846,vehicles/47846.json,False,primary_fuel_out_of_scope|alternative_technology_present|electric_motor_present|insufficient_engine_specs,missing_optional:displacement_l|missing_optional:cylinders|missing_optional:engine_description
47853,vehicles/47853.json,False,primary_fuel_out_of_scope|alternative_technology_present|electric_motor_present|insufficient_engine_specs,missing_optional:displacement_l|missing_optional:cylinders|missing_optional:engine_description
47857,vehicles/47857.json,False,primary_fuel_out_of_scope|alternative_technology_present|electric_motor_present|insufficient_engine_specs,missing_optional:displacement_l|missing_optional:cylinders|missing_optional:engine_description
47861,vehicles/47861.json,False,primary_fuel_out_of_scope|alternative_technology_present|electric_motor_present|vehicle_class_out_of_scope|insufficient_engine_specs,missing_optional:displacement_l|missing_optional:cylinders|missing_optional:engine_description
47869,vehicles/47869.json,False,primary_fuel_out_of_scope|alternative_technology_present|electric_motor_present|vehicle_class_out_of_scope|insufficient_engine_specs,missing_optional:displacement_l|missing_optional:cylinders|missing_optional:engine_description
47870,vehicles/47870.json,False,primary_fuel_out_of_scope|alternative_technology_present|electric_motor_present|vehicle_class_out_of_scope|insufficient_engine_specs,missing_optional:displacement_l|missing_optional:cylinders|missing_optional:engine_description
47871,vehicles/47871.json,False,primary_fuel_out_of_scope|alternative_technology_present|electric_motor_present|vehicle_class_out_of_scope|insufficient_engine_specs,missing_optional:displacement_l|missing_optional:cylinders|missing_optional:engine_description
47876,vehicles/47876.json,False,primary_fuel_out_of_scope|alternative_technology_present|electric_motor_present|vehicle_class_out_of_scope|insufficient_engine_specs,missing_optional:displacement_l|missing_optional:cylinders|missing_optional:engine_description
47881,vehicles/47881.json,False,primary_fuel_out_of_scope|alternative_technology_present|electric_motor_present|vehicle_class_out_of_scope|insufficient_engine_specs,missing_optional:displacement_l|missing_optional:cylinders|missing_optional:engine_description
47882,vehicles/47882.json,False,primary_fuel_out_of_scope|alternative_technology_present|electric_motor_present|vehicle_class_out_of_scope|insufficient_engine_specs,missing_optional:displacement_l|missing_optional:cylinders|missing_optional:engine_description
47890,vehicles/47890.json,False,primary_fuel_out_of_scope|alternative_technology_present|electric_motor_present|insufficient_engine_specs,missing_optional:displacement_l|missing_optional:cylinders|missing_optional:engine_description
47898,vehicles/47898.json,False,primary_fuel_out_of_scope|alternative_technology_present|electric_motor_present|insufficient_engine_specs,missing_optional:displacement_l|missing_optional:cylinders|missing_optional:engine_description
47899,vehicles/47899.json,False,primary_fuel_out_of_scope|alternative_technology_present|electric_motor_present|insufficient_engine_specs,missing_optional:displacement_l|missing_optional:cylinders|missing_optional:engine_description
47903,vehicles/47903.json,False,primary_fuel_out_of_scope|alternative_technology_present|electric_motor_present|insufficient_engine_specs,missing_optional:displacement_l|missing_optional:cylinders|missing_optional:engine_description
47904,vehicles/47904.json,False,primary_fuel_out_of_scope|alternative_technology_present|electric_motor_present|insufficient_engine_specs,missing_optional:displacement_l|missing_optional:cylinders|missing_optional:engine_description
47909,vehicles/47909.json,False,primary_fuel_out_of_scope|alternative_technology_present|electric_motor_present|insufficient_engine_specs,missing_optional:displacement_l|missing_optional:cylinders|missing_optional:engine_description
47910,vehicles/47910.json,False,primary_fuel_out_of_scope|alternative_technology_present|electric_motor_present|insufficient_engine_specs,missing_optional:displacement_l|missing_optional:cylinders|missing_optional:engine_description
47911,vehicles/47911.json,False,primary_fuel_out_of_scope|alternative_technology_present|electric_motor_present|insufficient_engine_specs,missing_optional:displacement_l|missing_optional:cylinders|missing_optional:engine_description
47913,vehicles/47913.json,False,primary_fuel_out_of_scope|alternative_technology_present|electric_motor_present|insufficient_engine_specs,missing_optional:displacement_l|missing_optional:cylinders|missing_optional:engine_description
47914,vehicles/47914.json,False,primary_fuel_out_of_scope|alternative_technology_present|electric_motor_present|insufficient_engine_specs,missing_optional:displacement_l|missing_optional:cylinders|missing_optional:engine_description
47916,vehicles/47916.json,False,primary_fuel_out_of_scope|alternative_technology_present|electric_motor_present|insufficient_engine_specs,missing_optional:displacement_l|missing_optional:cylinders|missing_optional:engine_description
47917,vehicles/47917.json,False,primary_fuel_out_of_scope|alternative_technology_present|electric_motor_present|insufficient_engine_specs,missing_optional:displacement_l|missing_optional:cylinders|missing_optional:engine_description
47922,vehicles/47922.json,False,primary_fuel_out_of_scope|alternative_technology_present|electric_motor_present|insufficient_engine_specs,missing_optional:displacement_l|missing_optional:cylinders|missing_optional:engine_description
47924,vehicles/47924.json,False,primary_fuel_out_of_scope|alternative_technology_present|electric_motor_present|insufficient_engine_specs,missing_optional:displacement_l|missing_optional:cylinders|missing_optional:engine_description
47941,vehicles/47941.json,False,secondary_fuel_present|alternative_technology_present,
47944,vehicles/47944.json,False,alternative_technology_present|electric_motor_present|hybrid_text_signal,
47946,vehicles/47946.json,False,vehicle_class_out_of_scope,
47957,vehicles/47957.json,False,alternative_technology_present|electric_motor_present|hybrid_text_signal,
47963,vehicles/47963.json,False,alternative_technology_present|electric_motor_present|hybrid_text_signal,
48002,vehicles/48002.json,False,alternative_technology_present|electric_motor_present|hybrid_text_signal|reviewed_powertrain_hybrid:volvo_b_badge_mild_hybrid,
48008,vehicles/48008.json,False,alternative_technology_present|electric_motor_present|hybrid_text_signal,
48035,vehicles/48035.json,False,alternative_technology_present|electric_motor_present|hybrid_text_signal|reviewed_powertrain_hybrid:volvo_b_badge_mild_hybrid,
48041,vehicles/48041.json,False,alternative_technology_present|electric_motor_present|hybrid_text_signal,
48048,vehicles/48048.json,False,alternative_technology_present|electric_motor_present|hybrid_text_signal,
48050,vehicles/48050.json,False,alternative_technology_present|electric_motor_present|hybrid_text_signal|reviewed_powertrain_hybrid:volvo_b_badge_mild_hybrid,
48067,vehicles/48067.json,False,alternative_technology_present|electric_motor_present|hybrid_text_signal,
48097,vehicles/48097.json,False,alternative_technology_present|electric_motor_present|hybrid_text_signal,
48105,vehicles/48105.json,False,alternative_technology_present|electric_motor_present|hybrid_text_signal,
48107,vehicles/48107.json,False,alternative_technology_present|electric_motor_present|hybrid_text_signal|reviewed_powertrain_hybrid:volvo_b_badge_mild_hybrid,
48108,vehicles/48108.json,False,alternative_technology_present|electric_motor_present|hybrid_text_signal|reviewed_powertrain_hybrid:volvo_b_badge_mild_hybrid,
48121,vehicles/48121.json,False,alternative_technology_present|electric_motor_present|hybrid_text_signal,
48126,vehicles/48126.json,False,alternative_technology_present|electric_motor_present|hybrid_text_signal,
48129,vehicles/48129.json,False,alternative_technology_present|electric_motor_present|hybrid_text_signal,
48133,vehicles/48133.json,False,alternative_technology_present|electric_motor_present|hybrid_text_signal,
48146,vehicles/48146.json,False,alternative_technology_present|electric_motor_present|hybrid_text_signal|reviewed_powertrain_hybrid:volvo_b_badge_mild_hybrid,
48156,vehicles/48156.json,False,alternative_technology_present|electric_motor_present|hybrid_text_signal,
48158,vehicles/48158.json,False,alternative_technology_present|electric_motor_present|hybrid_text_signal,
48173,vehicles/48173.json,False,alternative_technology_present|electric_motor_present|hybrid_text_signal,
48184,vehicles/48184.json,False,alternative_technology_present|electric_motor_present|hybrid_text_signal,
48191,vehicles/48191.json,False,alternative_technology_present|electric_motor_present|hybrid_text_signal,
48192,vehicles/48192.json,False,alternative_technology_present|electric_motor_present|hybrid_text_signal,
48199,vehicles/48199.json,False,primary_fuel_out_of_scope|alternative_technology_present|vehicle_class_out_of_scope,missing_optional:engine_description
48200,vehicles/48200.json,False,vehicle_class_out_of_scope,
48201,vehicles/48201.json,False,vehicle_class_out_of_scope,
48202,vehicles/48202.json,False,vehicle_class_out_of_scope,
48203,vehicles/48203.json,False,vehicle_class_out_of_scope,
48230,vehicles/48230.json,False,primary_fuel_out_of_scope|alternative_technology_present|vehicle_class_out_of_scope,
48234,vehicles/48234.json,False,vehicle_class_out_of_scope,
48238,vehicles/48238.json,False,vehicle_class_out_of_scope,
48241,vehicles/48241.json,False,vehicle_class_out_of_scope,
48243,vehicles/48243.json,False,vehicle_class_out_of_scope,
48247,vehicles/48247.json,False,vehicle_class_out_of_scope,
48252,vehicles/48252.json,False,vehicle_class_out_of_scope,missing_optional:engine_description
48253,vehicles/48253.json,False,vehicle_class_out_of_scope,missing_optional:engine_description
48255,vehicles/48255.json,False,vehicle_class_out_of_scope,missing_optional:engine_description
48286,vehicles/48286.json,False,alternative_technology_present|electric_motor_present|hybrid_text_signal,
48292,vehicles/48292.json,False,alternative_technology_present|electric_motor_present|hybrid_text_signal,
48293,vehicles/48293.json,False,alternative_technology_present|electric_motor_present|hybrid_text_signal,
48296,vehicles/48296.json,False,primary_fuel_out_of_scope|alternative_technology_present|electric_motor_present|insufficient_engine_specs,missing_optional:displacement_l|missing_optional:cylinders|missing_optional:engine_description
48311,vehicles/48311.json,False,primary_fuel_out_of_scope|alternative_technology_present|electric_motor_present|insufficient_engine_specs,missing_optional:displacement_l|missing_optional:cylinders|missing_optional:engine_description
48315,vehicles/48315.json,False,primary_fuel_out_of_scope|alternative_technology_present|electric_motor_present|insufficient_engine_specs,missing_optional:displacement_l|missing_optional:cylinders|missing_optional:engine_description
48341,vehicles/48341.json,False,primary_fuel_out_of_scope|alternative_technology_present|electric_motor_present|insufficient_engine_specs,missing_optional:displacement_l|missing_optional:cylinders|missing_optional:engine_description
48351,vehicles/48351.json,False,primary_fuel_out_of_scope|alternative_technology_present|electric_motor_present|insufficient_engine_specs,missing_optional:displacement_l|missing_optional:cylinders|missing_optional:engine_description
48354,vehicles/48354.json,False,primary_fuel_out_of_scope|alternative_technology_present|electric_motor_present|insufficient_engine_specs,missing_optional:displacement_l|missing_optional:cylinders|missing_optional:engine_description
48355,vehicles/48355.json,False,primary_fuel_out_of_scope|alternative_technology_present|electric_motor_present|insufficient_engine_specs,missing_optional:displacement_l|missing_optional:cylinders|missing_optional:engine_description
48356,vehicles/48356.json,False,primary_fuel_out_of_scope|alternative_technology_present|electric_motor_present|insufficient_engine_specs,missing_optional:displacement_l|missing_optional:cylinders|missing_optional:engine_description
48357,vehicles/48357.json,False,primary_fuel_out_of_scope|alternative_technology_present|electric_motor_present|insufficient_engine_specs,missing_optional:displacement_l|missing_optional:cylinders|missing_optional:engine_description
48361,vehicles/48361.json,False,primary_fuel_out_of_scope|alternative_technology_present|electric_motor_present|insufficient_engine_specs,missing_optional:displacement_l|missing_optional:cylinders|missing_optional:engine_description
48365,vehicles/48365.json,False,primary_fuel_out_of_scope|alternative_technology_present|electric_motor_present|insufficient_engine_specs,missing_optional:displacement_l|missing_optional:cylinders|missing_optional:engine_description
48371,vehicles/48371.json,False,primary_fuel_out_of_scope|alternative_technology_present|electric_motor_present|insufficient_engine_specs,missing_optional:displacement_l|missing_optional:cylinders|missing_optional:engine_description
48372,vehicles/48372.json,False,primary_fuel_out_of_scope|alternative_technology_present|electric_motor_present|insufficient_engine_specs,missing_optional:displacement_l|missing_optional:cylinders|missing_optional:engine_description
48374,vehicles/48374.json,False,primary_fuel_out_of_scope|alternative_technology_present|electric_motor_present|insufficient_engine_specs,missing_optional:displacement_l|missing_optional:cylinders|missing_optional:engine_description
48375,vehicles/48375.json,False,primary_fuel_out_of_scope|alternative_technology_present|electric_motor_present|insufficient_engine_specs,missing_optional:displacement_l|missing_optional:cylinders|missing_optional:engine_description
48376,vehicles/48376.json,False,primary_fuel_out_of_scope|alternative_technology_present|electric_motor_present|insufficient_engine_specs,missing_optional:displacement_l|missing_optional:cylinders|missing_optional:engine_description
48377,vehicles/48377.json,False,primary_fuel_out_of_scope|alternative_technology_present|electric_motor_present|insufficient_engine_specs,missing_optional:displacement_l|missing_optional:cylinders|missing_optional:engine_description
48379,vehicles/48379.json,False,primary_fuel_out_of_scope|alternative_technology_present|electric_motor_present|insufficient_engine_specs,missing_optional:displacement_l|missing_optional:cylinders|missing_optional:engine_description
48380,vehicles/48380.json,False,primary_fuel_out_of_scope|alternative_technology_present|electric_motor_present|insufficient_engine_specs,missing_optional:displacement_l|missing_optional:cylinders|missing_optional:engine_description
48382,vehicles/48382.json,False,primary_fuel_out_of_scope|alternative_technology_present|electric_motor_present|insufficient_engine_specs,missing_optional:displacement_l|missing_optional:cylinders|missing_optional:engine_description
48395,vehicles/48395.json,False,primary_fuel_out_of_scope|alternative_technology_present|electric_motor_present|insufficient_engine_specs,missing_optional:displacement_l|missing_optional:cylinders|missing_optional:engine_description
48398,vehicles/48398.json,False,primary_fuel_out_of_scope|alternative_technology_present|electric_motor_present|insufficient_engine_specs,missing_optional:displacement_l|missing_optional:cylinders|missing_optional:engine_description
48399,vehicles/48399.json,False,primary_fuel_out_of_scope|alternative_technology_present|electric_motor_present|insufficient_engine_specs,missing_optional:displacement_l|missing_optional:cylinders|missing_optional:engine_description
48402,vehicles/48402.json,False,primary_fuel_out_of_scope|alternative_technology_present|electric_motor_present|insufficient_engine_specs,missing_optional:displacement_l|missing_optional:cylinders|missing_optional:engine_description
48403,vehicles/48403.json,False,primary_fuel_out_of_scope|alternative_technology_present|electric_motor_present|insufficient_engine_specs,missing_optional:displacement_l|missing_optional:cylinders|missing_optional:engine_description
48404,vehicles/48404.json,False,primary_fuel_out_of_scope|alternative_technology_present|electric_motor_present|insufficient_engine_specs,missing_optional:displacement_l|missing_optional:cylinders|missing_optional:engine_description
48405,vehicles/48405.json,False,primary_fuel_out_of_scope|alternative_technology_present|electric_motor_present|insufficient_engine_specs,missing_optional:displacement_l|missing_optional:cylinders|missing_optional:engine_description
48408,vehicles/48408.json,False,primary_fuel_out_of_scope|alternative_technology_present|electric_motor_present|insufficient_engine_specs,missing_optional:displacement_l|missing_optional:cylinders|missing_optional:engine_description
48409,vehicles/48409.json,False,primary_fuel_out_of_scope|alternative_technology_present|electric_motor_present|insufficient_engine_specs,missing_optional:displacement_l|missing_optional:cylinders|missing_optional:engine_description
48410,vehicles/48410.json,False,primary_fuel_out_of_scope|alternative_technology_present|electric_motor_present|insufficient_engine_specs,missing_optional:displacement_l|missing_optional:cylinders|missing_optional:engine_description
48412,vehicles/48412.json,False,primary_fuel_out_of_scope|alternative_technology_present|electric_motor_present|insufficient_engine_specs,missing_optional:displacement_l|missing_optional:cylinders|missing_optional:engine_description
48416,vehicles/48416.json,False,primary_fuel_out_of_scope|alternative_technology_present|electric_motor_present|vehicle_class_out_of_scope|insufficient_engine_specs,missing_optional:displacement_l|missing_optional:cylinders|missing_optional:engine_description
48424,vehicles/48424.json,False,primary_fuel_out_of_scope|alternative_technology_present|electric_motor_present|vehicle_class_out_of_scope|insufficient_engine_specs,missing_optional:displacement_l|missing_optional:cylinders|missing_optional:engine_description
48425,vehicles/48425.json,False,primary_fuel_out_of_scope|alternative_technology_present|electric_motor_present|vehicle_class_out_of_scope|insufficient_engine_specs,missing_optional:displacement_l|missing_optional:cylinders|missing_optional:engine_description
48429,vehicles/48429.json,False,primary_fuel_out_of_scope|alternative_technology_present|electric_motor_present|insufficient_engine_specs,missing_optional:displacement_l|missing_optional:cylinders|missing_optional:engine_description
48430,vehicles/48430.json,False,primary_fuel_out_of_scope|alternative_technology_present|electric_motor_present|insufficient_engine_specs,missing_optional:displacement_l|missing_optional:cylinders|missing_optional:engine_description
48440,vehicles/48440.json,False,primary_fuel_out_of_scope|alternative_technology_present|electric_motor_present|insufficient_engine_specs,missing_optional:displacement_l|missing_optional:cylinders|missing_optional:engine_description
48441,vehicles/48441.json,False,primary_fuel_out_of_scope|alternative_technology_present|electric_motor_present|insufficient_engine_specs,missing_optional:displacement_l|missing_optional:cylinders|missing_optional:engine_description
48442,vehicles/48442.json,False,primary_fuel_out_of_scope|alternative_technology_present|electric_motor_present|insufficient_engine_specs,missing_optional:displacement_l|missing_optional:cylinders|missing_optional:engine_description
48443,vehicles/48443.json,False,primary_fuel_out_of_scope|alternative_technology_present|electric_motor_present|insufficient_engine_specs,missing_optional:displacement_l|missing_optional:cylinders|missing_optional:engine_description
48446,vehicles/48446.json,False,primary_fuel_out_of_scope|alternative_technology_present|electric_motor_present|insufficient_engine_specs,missing_optional:displacement_l|missing_optional:cylinders|missing_optional:engine_description
48451,vehicles/48451.json,False,primary_fuel_out_of_scope|alternative_technology_present|electric_motor_present|insufficient_engine_specs,missing_optional:displacement_l|missing_optional:cylinders|missing_optional:engine_description
48452,vehicles/48452.json,False,alternative_technology_present|hybrid_text_signal,
48454,vehicles/48454.json,False,alternative_technology_present|electric_motor_present|hybrid_text_signal,
48460,vehicles/48460.json,False,alternative_technology_present|electric_motor_present|hybrid_text_signal|vehicle_class_out_of_scope,
48461,vehicles/48461.json,False,alternative_technology_present|electric_motor_present|hybrid_text_signal|vehicle_class_out_of_scope,
48469,vehicles/48469.json,False,primary_fuel_out_of_scope|alternative_technology_present|electric_motor_present|insufficient_engine_specs,missing_optional:displacement_l|missing_optional:cylinders|missing_optional:engine_description
48470,vehicles/48470.json,False,primary_fuel_out_of_scope|alternative_technology_present|electric_motor_present|insufficient_engine_specs,missing_optional:displacement_l|missing_optional:cylinders|missing_optional:engine_description
48471,vehicles/48471.json,False,primary_fuel_out_of_scope|alternative_technology_present|electric_motor_present|insufficient_engine_specs,missing_optional:displacement_l|missing_optional:cylinders|missing_optional:engine_description
48473,vehicles/48473.json,False,primary_fuel_out_of_scope|alternative_technology_present|electric_motor_present|insufficient_engine_specs,missing_optional:displacement_l|missing_optional:cylinders|missing_optional:engine_description
48475,vehicles/48475.json,False,primary_fuel_out_of_scope|alternative_technology_present|electric_motor_present|insufficient_engine_specs,missing_optional:displacement_l|missing_optional:cylinders|missing_optional:engine_description
48478,vehicles/48478.json,False,alternative_technology_present|electric_motor_present|hybrid_text_signal,
48486,vehicles/48486.json,False,alternative_technology_present|electric_motor_present|hybrid_text_signal,
48497,vehicles/48497.json,False,alternative_technology_present|electric_motor_present|hybrid_text_signal,
48509,vehicles/48509.json,False,vehicle_class_out_of_scope,
48513,vehicles/48513.json,False,vehicle_class_out_of_scope,missing_optional:engine_description
48535,vehicles/48535.json,False,alternative_technology_present|electric_motor_present|hybrid_text_signal,
48568,vehicles/48568.json,False,alternative_technology_present|electric_motor_present|hybrid_text_signal,
48569,vehicles/48569.json,False,alternative_technology_present|electric_motor_present|hybrid_text_signal,
48581,vehicles/48581.json,False,alternative_technology_present|electric_motor_present|hybrid_text_signal,
48601,vehicles/48601.json,False,alternative_technology_present|electric_motor_present|hybrid_text_signal,
48614,vehicles/48614.json,False,alternative_technology_present|electric_motor_present|hybrid_text_signal,
48645,vehicles/48645.json,False,alternative_technology_present|electric_motor_present|hybrid_text_signal,
48652,vehicles/48652.json,False,secondary_fuel_present|alternative_technology_present|electric_motor_present|phev_blended|hybrid_text_signal,
48654,vehicles/48654.json,False,secondary_fuel_present|alternative_technology_present|electric_motor_present|phev_blended|hybrid_text_signal,
48656,vehicles/48656.json,False,secondary_fuel_present|alternative_technology_present|electric_motor_present|phev_blended|hybrid_text_signal|vehicle_class_out_of_scope,
48657,vehicles/48657.json,False,secondary_fuel_present|alternative_technology_present|electric_motor_present|phev_blended|hybrid_text_signal,
48658,vehicles/48658.json,False,secondary_fuel_present|alternative_technology_present|electric_motor_present|phev_blended|hybrid_text_signal,
48659,vehicles/48659.json,False,secondary_fuel_present|alternative_technology_present|electric_motor_present|phev_blended|hybrid_text_signal,
48660,vehicles/48660.json,False,secondary_fuel_present|alternative_technology_present|electric_motor_present|phev_blended|hybrid_text_signal,
48661,vehicles/48661.json,False,secondary_fuel_present|alternative_technology_present|electric_motor_present|phev_blended|hybrid_text_signal,
48662,vehicles/48662.json,False,secondary_fuel_present|alternative_technology_present|electric_motor_present|phev_blended|hybrid_text_signal,
48667,vehicles/48667.json,False,secondary_fuel_present|alternative_technology_present|electric_motor_present|phev_blended|hybrid_text_signal,
48668,vehicles/48668.json,False,secondary_fuel_present|alternative_technology_present|electric_motor_present|phev_blended|hybrid_text_signal,
48671,vehicles/48671.json,False,secondary_fuel_present|alternative_technology_present|electric_motor_present|phev_blended|hybrid_text_signal,
48672,vehicles/48672.json,False,secondary_fuel_present|alternative_technology_present|electric_motor_present|phev_blended|hybrid_text_signal,
48676,vehicles/48676.json,False,secondary_fuel_present|alternative_technology_present|electric_motor_present|phev_blended|hybrid_text_signal,
48677,vehicles/48677.json,False,secondary_fuel_present|alternative_technology_present|electric_motor_present|phev_blended|hybrid_text_signal,
48678,vehicles/48678.json,False,secondary_fuel_present|alternative_technology_present|electric_motor_present|phev_blended|hybrid_text_signal,
48691,vehicles/48691.json,False,primary_fuel_out_of_scope|alternative_technology_present|electric_motor_present|insufficient_engine_specs,missing_optional:displacement_l|missing_optional:cylinders|missing_optional:engine_description
48699,vehicles/48699.json,False,primary_fuel_out_of_scope|alternative_technology_present|electric_motor_present|vehicle_class_out_of_scope|insufficient_engine_specs,missing_optional:displacement_l|missing_optional:cylinders|missing_optional:engine_description
48703,vehicles/48703.json,False,primary_fuel_out_of_scope|alternative_technology_present|electric_motor_present|insufficient_engine_specs,missing_optional:displacement_l|missing_optional:cylinders|missing_optional:engine_description
48704,vehicles/48704.json,False,primary_fuel_out_of_scope|alternative_technology_present|electric_motor_present|insufficient_engine_specs,missing_optional:displacement_l|missing_optional:cylinders|missing_optional:engine_description
48713,vehicles/48713.json,False,primary_fuel_out_of_scope|alternative_technology_present|electric_motor_present|insufficient_engine_specs,missing_optional:displacement_l|missing_optional:cylinders|missing_optional:engine_description
48715,vehicles/48715.json,False,primary_fuel_out_of_scope|alternative_technology_present|electric_motor_present|insufficient_engine_specs,missing_optional:displacement_l|missing_optional:cylinders|missing_optional:engine_description
48716,vehicles/48716.json,False,primary_fuel_out_of_scope|alternative_technology_present|electric_motor_present|insufficient_engine_specs,missing_optional:displacement_l|missing_optional:cylinders|missing_optional:engine_description
48717,vehicles/48717.json,False,primary_fuel_out_of_scope|alternative_technology_present|electric_motor_present|insufficient_engine_specs,missing_optional:displacement_l|missing_optional:cylinders|missing_optional:engine_description
48718,vehicles/48718.json,False,primary_fuel_out_of_scope|alternative_technology_present|electric_motor_present|insufficient_engine_specs,missing_optional:displacement_l|missing_optional:cylinders|missing_optional:engine_description
48719,vehicles/48719.json,False,primary_fuel_out_of_scope|alternative_technology_present|electric_motor_present|insufficient_engine_specs,missing_optional:displacement_l|missing_optional:cylinders|missing_optional:engine_description
48726,vehicles/48726.json,False,primary_fuel_out_of_scope|alternative_technology_present|electric_motor_present|insufficient_engine_specs,missing_optional:displacement_l|missing_optional:cylinders|missing_optional:engine_description
48730,vehicles/48730.json,False,primary_fuel_out_of_scope|alternative_technology_present|electric_motor_present|insufficient_engine_specs,missing_optional:displacement_l|missing_optional:cylinders|missing_optional:engine_description
48742,vehicles/48742.json,False,primary_fuel_out_of_scope|alternative_technology_present|electric_motor_present|insufficient_engine_specs,missing_optional:displacement_l|missing_optional:cylinders|missing_optional:engine_description
48745,vehicles/48745.json,False,primary_fuel_out_of_scope|alternative_technology_present|electric_motor_present|insufficient_engine_specs,missing_optional:displacement_l|missing_optional:cylinders|missing_optional:engine_description
48751,vehicles/48751.json,False,primary_fuel_out_of_scope|alternative_technology_present|electric_motor_present|insufficient_engine_specs,missing_optional:displacement_l|missing_optional:cylinders|missing_optional:engine_description
48756,vehicles/48756.json,False,primary_fuel_out_of_scope|alternative_technology_present|electric_motor_present|vehicle_class_out_of_scope|insufficient_engine_specs,missing_optional:displacement_l|missing_optional:cylinders|missing_optional:engine_description
48762,vehicles/48762.json,False,primary_fuel_out_of_scope|alternative_technology_present|electric_motor_present|insufficient_engine_specs,missing_optional:displacement_l|missing_optional:cylinders|missing_optional:engine_description
48763,vehicles/48763.json,False,primary_fuel_out_of_scope|alternative_technology_present|electric_motor_present|insufficient_engine_specs,missing_optional:displacement_l|missing_optional:cylinders|missing_optional:engine_description
48764,vehicles/48764.json,False,primary_fuel_out_of_scope|alternative_technology_present|electric_motor_present|insufficient_engine_specs,missing_optional:displacement_l|missing_optional:cylinders|missing_optional:engine_description
48765,vehicles/48765.json,False,primary_fuel_out_of_scope|alternative_technology_present|electric_motor_present|insufficient_engine_specs,missing_optional:displacement_l|missing_optional:cylinders|missing_optional:engine_description
48766,vehicles/48766.json,False,primary_fuel_out_of_scope|alternative_technology_present|electric_motor_present|insufficient_engine_specs,missing_optional:displacement_l|missing_optional:cylinders|missing_optional:engine_description
48769,vehicles/48769.json,False,primary_fuel_out_of_scope|alternative_technology_present|electric_motor_present|insufficient_engine_specs,missing_optional:displacement_l|missing_optional:cylinders|missing_optional:engine_description
48770,vehicles/48770.json,False,primary_fuel_out_of_scope|alternative_technology_present|electric_motor_present|insufficient_engine_specs,missing_optional:displacement_l|missing_optional:cylinders|missing_optional:engine_description
48772,vehicles/48772.json,False,primary_fuel_out_of_scope|alternative_technology_present|electric_motor_present|insufficient_engine_specs,missing_optional:displacement_l|missing_optional:cylinders|missing_optional:engine_description
48774,vehicles/48774.json,False,primary_fuel_out_of_scope|alternative_technology_present|electric_motor_present|insufficient_engine_specs,missing_optional:displacement_l|missing_optional:cylinders|missing_optional:engine_description
48775,vehicles/48775.json,False,primary_fuel_out_of_scope|alternative_technology_present|electric_motor_present|insufficient_engine_specs,missing_optional:displacement_l|missing_optional:cylinders|missing_optional:engine_description
48780,vehicles/48780.json,False,primary_fuel_out_of_scope|alternative_technology_present|electric_motor_present|insufficient_engine_specs,missing_optional:displacement_l|missing_optional:cylinders|missing_optional:engine_description
48782,vehicles/48782.json,False,primary_fuel_out_of_scope|alternative_technology_present|electric_motor_present|insufficient_engine_specs,missing_optional:displacement_l|missing_optional:cylinders|missing_optional:engine_description
48783,vehicles/48783.json,False,primary_fuel_out_of_scope|alternative_technology_present|electric_motor_present|insufficient_engine_specs,missing_optional:displacement_l|missing_optional:cylinders|missing_optional:engine_description
48784,vehicles/48784.json,False,primary_fuel_out_of_scope|alternative_technology_present|electric_motor_present|insufficient_engine_specs,missing_optional:displacement_l|missing_optional:cylinders|missing_optional:engine_description
48785,vehicles/48785.json,False,primary_fuel_out_of_scope|alternative_technology_present|electric_motor_present|insufficient_engine_specs,missing_optional:displacement_l|missing_optional:cylinders|missing_optional:engine_description
48786,vehicles/48786.json,False,primary_fuel_out_of_scope|alternative_technology_present|electric_motor_present|insufficient_engine_specs,missing_optional:displacement_l|missing_optional:cylinders|missing_optional:engine_description
48789,vehicles/48789.json,False,primary_fuel_out_of_scope|alternative_technology_present|electric_motor_present|insufficient_engine_specs,missing_optional:displacement_l|missing_optional:cylinders|missing_optional:engine_description
48791,vehicles/48791.json,False,primary_fuel_out_of_scope|alternative_technology_present|electric_motor_present|insufficient_engine_specs,missing_optional:displacement_l|missing_optional:cylinders|missing_optional:engine_description
48792,vehicles/48792.json,False,primary_fuel_out_of_scope|alternative_technology_present|electric_motor_present|insufficient_engine_specs,missing_optional:displacement_l|missing_optional:cylinders|missing_optional:engine_description
48796,vehicles/48796.json,False,primary_fuel_out_of_scope|alternative_technology_present|electric_motor_present|insufficient_engine_specs,missing_optional:displacement_l|missing_optional:cylinders|missing_optional:engine_description
48797,vehicles/48797.json,False,primary_fuel_out_of_scope|alternative_technology_present|electric_motor_present|insufficient_engine_specs,missing_optional:displacement_l|missing_optional:cylinders
48798,vehicles/48798.json,False,primary_fuel_out_of_scope|alternative_technology_present|electric_motor_present|insufficient_engine_specs,missing_optional:displacement_l|missing_optional:cylinders
48858,vehicles/48858.json,False,alternative_technology_present|electric_motor_present|hybrid_text_signal,
48869,vehicles/48869.json,False,alternative_technology_present|electric_motor_present|hybrid_text_signal|vehicle_class_out_of_scope,
48873,vehicles/48873.json,False,alternative_technology_present|electric_motor_present|hybrid_text_signal|vehicle_class_out_of_scope,
48888,vehicles/48888.json,False,vehicle_class_out_of_scope,
48897,vehicles/48897.json,False,alternative_technology_present|electric_motor_present|hybrid_text_signal|vehicle_class_out_of_scope,
48898,vehicles/48898.json,False,vehicle_class_out_of_scope,
48901,vehicles/48901.json,False,vehicle_class_out_of_scope,
48922,vehicles/48922.json,False,alternative_technology_present|electric_motor_present|hybrid_text_signal,
48924,vehicles/48924.json,False,alternative_technology_present|electric_motor_present|hybrid_text_signal,
48945,vehicles/48945.json,False,primary_fuel_out_of_scope|alternative_technology_present,missing_optional:engine_description
48948,vehicles/48948.json,False,alternative_technology_present|electric_motor_present|hybrid_text_signal,
48966,vehicles/48966.json,False,alternative_technology_present|electric_motor_present|hybrid_text_signal,
48994,vehicles/48994.json,False,primary_fuel_out_of_scope|alternative_technology_present|electric_motor_present|insufficient_engine_specs,missing_optional:displacement_l|missing_optional:cylinders|missing_optional:engine_description
48995,vehicles/48995.json,False,primary_fuel_out_of_scope|alternative_technology_present|electric_motor_present|insufficient_engine_specs,missing_optional:displacement_l|missing_optional:cylinders|missing_optional:engine_description
48996,vehicles/48996.json,False,primary_fuel_out_of_scope|alternative_technology_present|electric_motor_present|insufficient_engine_specs,missing_optional:displacement_l|missing_optional:cylinders|missing_optional:engine_description
48998,vehicles/48998.json,False,secondary_fuel_present|alternative_technology_present|electric_motor_present|phev_blended|hybrid_text_signal,
48999,vehicles/48999.json,False,secondary_fuel_present|alternative_technology_present|electric_motor_present|phev_blended|hybrid_text_signal,
49000,vehicles/49000.json,False,secondary_fuel_present|alternative_technology_present|electric_motor_present|phev_blended|hybrid_text_signal,
49001,vehicles/49001.json,False,secondary_fuel_present|alternative_technology_present|electric_motor_present|phev_blended|hybrid_text_signal,
49002,vehicles/49002.json,False,secondary_fuel_present|alternative_technology_present|electric_motor_present|phev_blended|hybrid_text_signal,
49003,vehicles/49003.json,False,secondary_fuel_present|alternative_technology_present|electric_motor_present|phev_blended|hybrid_text_signal,
49004,vehicles/49004.json,False,secondary_fuel_present|alternative_technology_present|electric_motor_present|phev_blended|hybrid_text_signal,
49014,vehicles/49014.json,False,secondary_fuel_present|alternative_technology_present|electric_motor_present|phev_blended|hybrid_text_signal,
49021,vehicles/49021.json,False,secondary_fuel_present|alternative_technology_present|electric_motor_present|phev_blended|hybrid_text_signal,
49024,vehicles/49024.json,False,secondary_fuel_present|alternative_technology_present|electric_motor_present|phev_blended|hybrid_text_signal,
49062,vehicles/49062.json,False,alternative_technology_present|electric_motor_present|hybrid_text_signal,
49063,vehicles/49063.json,False,alternative_technology_present|electric_motor_present|hybrid_text_signal,
49067,vehicles/49067.json,False,primary_fuel_out_of_scope|alternative_technology_present|electric_motor_present|insufficient_engine_specs,missing_optional:displacement_l|missing_optional:cylinders|missing_optional:engine_description
49073,vehicles/49073.json,False,primary_fuel_out_of_scope|alternative_technology_present|electric_motor_present|insufficient_engine_specs,missing_optional:displacement_l|missing_optional:cylinders|missing_optional:engine_description
49074,vehicles/49074.json,False,primary_fuel_out_of_scope|alternative_technology_present|electric_motor_present|insufficient_engine_specs,missing_optional:displacement_l|missing_optional:cylinders|missing_optional:engine_description
49076,vehicles/49076.json,False,primary_fuel_out_of_scope|alternative_technology_present|electric_motor_present|insufficient_engine_specs,missing_optional:displacement_l|missing_optional:cylinders|missing_optional:engine_description
49081,vehicles/49081.json,False,primary_fuel_out_of_scope|alternative_technology_present|electric_motor_present|insufficient_engine_specs,missing_optional:displacement_l|missing_optional:cylinders|missing_optional:engine_description
49084,vehicles/49084.json,False,primary_fuel_out_of_scope|alternative_technology_present|electric_motor_present|vehicle_class_out_of_scope|insufficient_engine_specs,missing_optional:displacement_l|missing_optional:cylinders|missing_optional:engine_description
49085,vehicles/49085.json,False,primary_fuel_out_of_scope|alternative_technology_present|electric_motor_present|vehicle_class_out_of_scope|insufficient_engine_specs,missing_optional:displacement_l|missing_optional:cylinders|missing_optional:engine_description
49086,vehicles/49086.json,False,primary_fuel_out_of_scope|alternative_technology_present|electric_motor_present|vehicle_class_out_of_scope|insufficient_engine_specs,missing_optional:displacement_l|missing_optional:cylinders|missing_optional:engine_description
49087,vehicles/49087.json,False,primary_fuel_out_of_scope|alternative_technology_present|electric_motor_present|vehicle_class_out_of_scope|insufficient_engine_specs,missing_optional:displacement_l|missing_optional:cylinders|missing_optional:engine_description
49088,vehicles/49088.json,False,primary_fuel_out_of_scope|alternative_technology_present|electric_motor_present|vehicle_class_out_of_scope|insufficient_engine_specs,missing_optional:displacement_l|missing_optional:cylinders|missing_optional:engine_description
49090,vehicles/49090.json,False,primary_fuel_out_of_scope|alternative_technology_present|electric_motor_present|insufficient_engine_specs,missing_optional:displacement_l|missing_optional:cylinders|missing_optional:engine_description
49097,vehicles/49097.json,False,primary_fuel_out_of_scope|alternative_technology_present|electric_motor_present|insufficient_engine_specs,missing_optional:displacement_l|missing_optional:cylinders|missing_optional:engine_description
49100,vehicles/49100.json,False,primary_fuel_out_of_scope|alternative_technology_present|electric_motor_present|insufficient_engine_specs,missing_optional:displacement_l|missing_optional:cylinders|missing_optional:engine_description
49101,vehicles/49101.json,False,primary_fuel_out_of_scope|alternative_technology_present|electric_motor_present|insufficient_engine_specs,missing_optional:displacement_l|missing_optional:cylinders|missing_optional:engine_description
49102,vehicles/49102.json,False,primary_fuel_out_of_scope|alternative_technology_present|electric_motor_present|insufficient_engine_specs,missing_optional:displacement_l|missing_optional:cylinders|missing_optional:engine_description
49110,vehicles/49110.json,False,primary_fuel_out_of_scope|alternative_technology_present|electric_motor_present|insufficient_engine_specs,missing_optional:displacement_l|missing_optional:cylinders|missing_optional:engine_description
49112,vehicles/49112.json,False,primary_fuel_out_of_scope|alternative_technology_present|electric_motor_present|insufficient_engine_specs,missing_optional:displacement_l|missing_optional:cylinders|missing_optional:engine_description
49113,vehicles/49113.json,False,primary_fuel_out_of_scope|alternative_technology_present|electric_motor_present|insufficient_engine_specs,missing_optional:displacement_l|missing_optional:cylinders|missing_optional:engine_description
49114,vehicles/49114.json,False,primary_fuel_out_of_scope|alternative_technology_present|electric_motor_present|insufficient_engine_specs,missing_optional:displacement_l|missing_optional:cylinders|missing_optional:engine_description
49115,vehicles/49115.json,False,primary_fuel_out_of_scope|alternative_technology_present|electric_motor_present|insufficient_engine_specs,missing_optional:displacement_l|missing_optional:cylinders|missing_optional:engine_description
49123,vehicles/49123.json,False,primary_fuel_out_of_scope|alternative_technology_present|electric_motor_present|vehicle_class_out_of_scope|insufficient_engine_specs,missing_optional:displacement_l|missing_optional:cylinders|missing_optional:engine_description
49124,vehicles/49124.json,False,primary_fuel_out_of_scope|alternative_technology_present|electric_motor_present|insufficient_engine_specs,missing_optional:displacement_l|missing_optional:cylinders|missing_optional:engine_description
49125,vehicles/49125.json,False,primary_fuel_out_of_scope|alternative_technology_present|electric_motor_present|insufficient_engine_specs,missing_optional:displacement_l|missing_optional:cylinders|missing_optional:engine_description
49150,vehicles/49150.json,False,primary_fuel_out_of_scope|alternative_technology_present|electric_motor_present|insufficient_engine_specs,missing_optional:displacement_l|missing_optional:cylinders|missing_optional:engine_description
49156,vehicles/49156.json,False,primary_fuel_out_of_scope|alternative_technology_present|electric_motor_present|insufficient_engine_specs,missing_optional:displacement_l|missing_optional:cylinders|missing_optional:engine_description
49157,vehicles/49157.json,False,primary_fuel_out_of_scope|alternative_technology_present|electric_motor_present|insufficient_engine_specs,missing_optional:displacement_l|missing_optional:cylinders|missing_optional:engine_description
50270,vehicles/50270.json,False,primary_fuel_out_of_scope|alternative_technology_present|electric_motor_present|insufficient_engine_specs,missing_optional:displacement_l|missing_optional:cylinders|missing_optional:engine_description
