vehicle_id,raw_file,accepted,reasons,audit_flags
34652,vehicles/34652.json,True,,
34653,vehicles/34653.json,True,,
34654,vehicles/34654.json,True,,
34659,vehicles/34659.json,True,,missing_optional:engine_description
34660,vehicles/34660.json,True,,missing_optional:engine_description
34664,vehicles/34664.json,True,,
34668,vehicles/34668.json,True,,
34669,vehicles/34669.json,True,,missing_optional:engine_description
34671,vehicles/34671.json,True,,missing_optional:engine_description
34672,vehicles/34672.json,True,,missing_optional:engine_description
34673,vehicles/34673.json,True,,missing_optional:engine_description
34679,vehicles/34679.json,True,,
34684,vehicles/34684.json,True,,
34686,vehicles/34686.json,False,secondary_fuel_present|alternative_technology_present,
34700,vehicles/34700.json,True,,
34704,vehicles/34704.json,True,,
34705,vehicles/34705.json,True,,
34711,vehicles/34711.json,True,,
34712,vehicles/34712.json,True,,
34713,vehicles/34713.json,True,,
34714,vehicles/34714.json,True,,
34767,vehicles/34767.json,True,,
34769,vehicles/34769.json,True,,
34777,vehicles/34777.json,True,,missing_optional:engine_description
34779,vehicles/34779.json,False,alternative_technology_present|electric_motor_present,missing_optional:engine_description
34782,vehicles/34782.json,False,alternative_technology_present|electric_motor_present,missing_optional:engine_description
34801,vehicles/34801.json,True,,missing_optional:engine_description
34804,vehicles/34804.json,True,,
34809,vehicles/34809.json,True,,
34810,vehicles/34810.json,True,,
34813,vehicles/34813.json,True,,
34814,vehicles/34814.json,True,,
34817,vehicles/34817.json,True,,
34818,vehicles/34818.json,True,,
34823,vehicles/34823.json,True,,
34824,vehicles/34824.json,True,,
34825,vehicles/34825.json,True,,
34826,vehicles/34826.json,True,,
34829,vehicles/34829.json,True,,
34830,vehicles/34830.json,True,,missing_optional:engine_description
34831,vehicles/34831.json,True,,missing_optional:engine_description
34838,vehicles/34838.json,True,,
34839,vehicles/34839.json,True,,missing_optional:engine_description
34841,vehicles/34841.json,True,,
34843,vehicles/34843.json,True,,missing_optional:engine_description
34846,vehicles/34846.json,True,,missing_optional:engine_description
34847,vehicles/34847.json,True,,missing_optional:engine_description
34851,vehicles/34851.json,True,,
34855,vehicles/34855.json,True,,
34862,vehicles/34862.json,True,,missing_optional:engine_description
34865,vehicles/34865.json,True,,
34884,vehicles/34884.json,True,,missing_optional:engine_description
34885,vehicles/34885.json,True,,missing_optional:engine_description
34886,vehicles/34886.json,True,,missing_optional:engine_description
34888,vehicles/34888.json,True,,missing_optional:engine_description
34889,vehicles/34889.json,True,,missing_optional:engine_description
34890,vehicles/34890.json,True,,missing_optional:engine_description
34894,vehicles/34894.json,True,,missing_optional:engine_description
34896,vehicles/34896.json,True,,
34900,vehicles/34900.json,True,,
34912,vehicles/34912.json,True,,
34913,vehicles/34913.json,True,,missing_optional:engine_description
34917,vehicles/34917.json,True,,missing_optional:engine_description
34921,vehicles/34921.json,True,,
34922,vehicles/34922.json,False,secondary_fuel_present|alternative_technology_present,
34923,vehicles/34923.json,False,secondary_fuel_present|alternative_technology_present,
34927,vehicles/34927.json,False,secondary_fuel_present|alternative_technology_present,
34933,vehicles/34933.json,True,,missing_optional:engine_description
34934,vehicles/34934.json,True,,missing_optional:engine_description
34935,vehicles/34935.json,True,,missing_optional:engine_description
34936,vehicles/34936.json,True,,missing_optional:engine_description
34937,vehicles/34937.json,True,,missing_optional:engine_description
34938,vehicles/34938.json,True,,missing_optional:engine_description
34939,vehicles/34939.json,True,,missing_optional:engine_description
34940,vehicles/34940.json,True,,
34941,vehicles/34941.json,True,,
34944,vehicles/34944.json,True,,
34945,vehicles/34945.json,True,,
34946,vehicles/34946.json,True,,
34947,vehicles/34947.json,True,,
34948,vehicles/34948.json,False,secondary_fuel_present|alternative_technology_present,
34949,vehicles/34949.json,True,,
34958,vehicles/34958.json,True,,
34959,vehicles/34959.json,True,,
34960,vehicles/34960.json,True,,
34966,vehicles/34966.json,True,,
34971,vehicles/34971.json,True,,missing_optional:engine_description
34972,vehicles/34972.json,True,,missing_optional:engine_description
34973,vehicles/34973.json,True,,missing_optional:engine_description
34978,vehicles/34978.json,True,,
34980,vehicles/34980.json,True,,
34981,vehicles/34981.json,True,,
34983,vehicles/34983.json,True,,
34986,vehicles/34986.json,True,,missing_optional:engine_description
34988,vehicles/34988.json,True,,missing_optional:engine_description
34989,vehicles/34989.json,True,,missing_optional:engine_description
34990,vehicles/34990.json,True,,missing_optional:engine_description
34991,vehicles/34991.json,True,,missing_optional:engine_description
34992,vehicles/34992.json,True,,
34995,vehicles/34995.json,True,,
34998,vehicles/34998.json,True,,
35001,vehicles/35001.json,False,alternative_technology_present|electric_motor_present|hybrid_text_signal,
35002,vehicles/35002.json,False,alternative_technology_present|electric_motor_present|hybrid_text_signal,
35021,vehicles/35021.json,True,,
35022,vehicles/35022.json,True,,
35023,vehicles/35023.json,True,,
35024,vehicles/35024.json,False,secondary_fuel_present|alternative_technology_present,
35025,vehicles/35025.json,True,,
35027,vehicles/35027.json,True,,
35031,vehicles/35031.json,False,secondary_fuel_present|alternative_technology_present,
35032,vehicles/35032.json,True,,missing_optional:engine_description
35039,vehicles/35039.json,False,vehicle_class_out_of_scope,
35040,vehicles/35040.json,True,,
35049,vehicles/35049.json,True,,
35052,vehicles/35052.json,True,,
35053,vehicles/35053.json,True,,
35055,vehicles/35055.json,True,,missing_optional:engine_description
35056,vehicles/35056.json,True,,missing_optional:engine_description
35057,vehicles/35057.json,True,,
35058,vehicles/35058.json,True,,
35063,vehicles/35063.json,True,,
35065,vehicles/35065.json,True,,
35068,vehicles/35068.json,False,secondary_fuel_present|alternative_technology_present,
35071,vehicles/35071.json,True,,
35081,vehicles/35081.json,True,,
35086,vehicles/35086.json,True,,
35089,vehicles/35089.json,True,,
35090,vehicles/35090.json,False,secondary_fuel_present|alternative_technology_present,
35095,vehicles/35095.json,False,primary_fuel_out_of_scope|alternative_technology_present,missing_optional:engine_description
35098,vehicles/35098.json,True,,
35100,vehicles/35100.json,True,,missing_optional:engine_description
35101,vehicles/35101.json,True,,missing_optional:engine_description
35112,vehicles/35112.json,False,primary_fuel_out_of_scope|alternative_technology_present,missing_optional:engine_description
35114,vehicles/35114.json,False,secondary_fuel_present|alternative_technology_present,
35116,vehicles/35116.json,True,,
35118,vehicles/35118.json,True,,missing_optional:engine_description
35120,vehicles/35120.json,False,primary_fuel_out_of_scope|alternative_technology_present|electric_motor_present|insufficient_engine_specs,missing_optional:displacement_l|missing_optional:cylinders|missing_optional:engine_description
35130,vehicles/35130.json,True,,
35149,vehicles/35149.json,True,,
35150,vehicles/35150.json,True,,
35154,vehicles/35154.json,True,,missing_optional:engine_description
35155,vehicles/35155.json,True,,missing_optional:engine_description
35156,vehicles/35156.json,True,,missing_optional:engine_description
35157,vehicles/35157.json,True,,missing_optional:engine_description
35158,vehicles/35158.json,True,,missing_optional:engine_description
35159,vehicles/35159.json,True,,missing_optional:engine_description
35175,vehicles/35175.json,True,,
35176,vehicles/35176.json,True,,
35177,vehicles/35177.json,True,,
35183,vehicles/35183.json,True,,missing_optional:engine_description
35184,vehicles/35184.json,True,,missing_optional:engine_description
35185,vehicles/35185.json,True,,missing_optional:engine_description
35186,vehicles/35186.json,True,,missing_optional:engine_description
35195,vehicles/35195.json,True,,
35198,vehicles/35198.json,True,,
35199,vehicles/35199.json,True,,
35200,vehicles/35200.json,True,,
35201,vehicles/35201.json,True,,
35202,vehicles/35202.json,True,,
35203,vehicles/35203.json,True,,
35206,vehicles/35206.json,False,primary_fuel_out_of_scope|alternative_technology_present|electric_motor_present|insufficient_engine_specs,missing_optional:displacement_l|missing_optional:cylinders|missing_optional:engine_description
35211,vehicles/35211.json,True,,missing_optional:engine_description
35213,vehicles/35213.json,True,,missing_optional:engine_description
35214,vehicles/35214.json,True,,missing_optional:engine_description
35227,vehicles/35227.json,True,,
35228,vehicles/35228.json,True,,
35237,vehicles/35237.json,True,,missing_optional:engine_description
35240,vehicles/35240.json,True,,
35245,vehicles/35245.json,True,,missing_optional:engine_description
35253,vehicles/35253.json,True,,missing_optional:engine_description
35254,vehicles/35254.json,True,,missing_optional:engine_description
35255,vehicles/35255.json,True,,missing_optional:engine_description
35265,vehicles/35265.json,True,,
35266,vehicles/35266.json,True,,
35267,vehicles/35267.json,True,,
35268,vehicles/35268.json,True,,
35271,vehicles/35271.json,True,,missing_optional:engine_description
35275,vehicles/35275.json,True,,missing_optional:engine_description
35289,vehicles/35289.json,True,,missing_optional:engine_description
35292,vehicles/35292.json,True,,
35294,vehicles/35294.json,True,,
35306,vehicles/35306.json,True,,missing_optional:engine_description
35307,vehicles/35307.json,True,,missing_optional:engine_description
35308,vehicles/35308.json,True,,missing_optional:engine_description
35309,vehicles/35309.json,True,,missing_optional:engine_description
35310,vehicles/35310.json,False,secondary_fuel_present|alternative_technology_present,
35313,vehicles/35313.json,True,,missing_optional:engine_description
35325,vehicles/35325.json,True,,
35326,vehicles/35326.json,True,,
35327,vehicles/35327.json,True,,
35329,vehicles/35329.json,True,,
35342,vehicles/35342.json,True,,
35359,vehicles/35359.json,False,secondary_fuel_present|alternative_technology_present,
35360,vehicles/35360.json,False,secondary_fuel_present|alternative_technology_present,
35361,vehicles/35361.json,False,secondary_fuel_present|alternative_technology_present,
35366,vehicles/35366.json,True,,
35377,vehicles/35377.json,False,secondary_fuel_present|alternative_technology_present|vehicle_class_out_of_scope,
35379,vehicles/35379.json,False,vehicle_class_out_of_scope,missing_optional:engine_description
35381,vehicles/35381.json,False,vehicle_class_out_of_scope,missing_optional:engine_description
35389,vehicles/35389.json,True,,missing_optional:engine_description
35390,vehicles/35390.json,True,,missing_optional:engine_description
35391,vehicles/35391.json,False,secondary_fuel_present|alternative_technology_present,
35393,vehicles/35393.json,True,,missing_optional:engine_description
35394,vehicles/35394.json,True,,missing_optional:engine_description
35399,vehicles/35399.json,True,,missing_optional:engine_description
35406,vehicles/35406.json,True,,
35417,vehicles/35417.json,True,,
35426,vehicles/35426.json,True,,
35427,vehicles/35427.json,True,,
35428,vehicles/35428.json,True,,missing_optional:engine_description
35429,vehicles/35429.json,True,,missing_optional:engine_description
35430,vehicles/35430.json,True,,missing_optional:engine_description
35431,vehicles/35431.json,True,,missing_optional:engine_description
35438,vehicles/35438.json,True,,missing_optional:engine_description
35440,vehicles/35440.json,True,,missing_optional:engine_description
35448,vehicles/35448.json,True,,
35452,vehicles/35452.json,True,,missing_optional:engine_description
35453,vehicles/35453.json,False,vehicle_class_out_of_scope,missing_optional:engine_description
35454,vehicles/35454.json,False,vehicle_class_out_of_scope,missing_optional:engine_description
35455,vehicles/35455.json,False,vehicle_class_out_of_scope,missing_optional:engine_description
35456,vehicles/35456.json,False,vehicle_class_out_of_scope,missing_optional:engine_description
35461,vehicles/35461.json,False,vehicle_class_out_of_scope,missing_optional:engine_description
35464,vehicles/35464.json,False,vehicle_class_out_of_scope,missing_optional:engine_description
35465,vehicles/35465.json,False,secondary_fuel_present|alternative_technology_present|vehicle_class_out_of_scope,
35469,vehicles/35469.json,True,,missing_optional:engine_description
35470,vehicles/35470.json,True,,missing_optional:engine_description
35471,vehicles/35471.json,True,,missing_optional:engine_description
35472,vehicles/35472.json,True,,missing_optional:engine_description
35473,vehicles/35473.json,True,,missing_optional:engine_description
35474,vehicles/35474.json,True,,missing_optional:engine_description
35479,vehicles/35479.json,True,,missing_optional:engine_description
35481,vehicles/35481.json,True,,
35484,vehicles/35484.json,True,,
35487,vehicles/35487.json,True,,
35504,vehicles/35504.json,True,,
35508,vehicles/35508.json,False,secondary_fuel_present|alternative_technology_present|vehicle_class_out_of_scope,
35510,vehicles/35510.json,True,,missing_optional:engine_description
35526,vehicles/35526.json,False,alternative_technology_present|electric_motor_present|hybrid_text_signal,missing_optional:engine_description
35527,vehicles/35527.json,True,,
35530,vehicles/35530.json,True,,
35531,vehicles/35531.json,True,,
35532,vehicles/35532.json,True,,
35533,vehicles/35533.json,True,,
35534,vehicles/35534.json,True,,
35535,vehicles/35535.json,True,,
35537,vehicles/35537.json,True,,missing_optional:engine_description
35543,vehicles/35543.json,True,,
35544,vehicles/35544.json,True,,
35546,vehicles/35546.json,True,,
35547,vehicles/35547.json,True,,
35548,vehicles/35548.json,True,,missing_optional:engine_description
35549,vehicles/35549.json,True,,missing_optional:engine_description
35550,vehicles/35550.json,True,,missing_optional:engine_description
35551,vehicles/35551.json,True,,
35552,vehicles/35552.json,True,,
35553,vehicles/35553.json,True,,
35554,vehicles/35554.json,True,,missing_optional:engine_description
35555,vehicles/35555.json,True,,missing_optional:engine_description
35556,vehicles/35556.json,False,alternative_technology_present|electric_motor_present,missing_optional:engine_description
35564,vehicles/35564.json,True,,
35565,vehicles/35565.json,True,,
35566,vehicles/35566.json,True,,
35567,vehicles/35567.json,True,,
35604,vehicles/35604.json,True,,missing_optional:engine_description
35605,vehicles/35605.json,True,,missing_optional:engine_description
35606,vehicles/35606.json,True,,missing_optional:engine_description
35607,vehicles/35607.json,True,,
35608,vehicles/35608.json,True,,
35609,vehicles/35609.json,True,,missing_optional:engine_description
35613,vehicles/35613.json,True,,
35614,vehicles/35614.json,False,alternative_technology_present|electric_motor_present,missing_optional:engine_description
35615,vehicles/35615.json,True,,missing_optional:engine_description
35616,vehicles/35616.json,True,,missing_optional:engine_description
35628,vehicles/35628.json,True,,
35630,vehicles/35630.json,True,,missing_optional:engine_description
35631,vehicles/35631.json,True,,missing_optional:engine_description
35639,vehicles/35639.json,False,vehicle_class_out_of_scope,
35642,vehicles/35642.json,True,,missing_optional:engine_description
35643,vehicles/35643.json,True,,missing_optional:engine_description
35644,vehicles/35644.json,True,,missing_optional:engine_description
35646,vehicles/35646.json,True,,missing_optional:engine_description
35647,vehicles/35647.json,True,,missing_optional:engine_description
35648,vehicles/35648.json,True,,missing_optional:engine_description
35652,vehicles/35652.json,False,secondary_fuel_present|alternative_technology_present|electric_motor_present|phev_blended|hybrid_text_signal,
35656,vehicles/35656.json,True,,missing_optional:engine_description
35666,vehicles/35666.json,True,,
35671,vehicles/35671.json,True,,missing_optional:engine_description
35673,vehicles/35673.json,False,alternative_technology_present|electric_motor_present|hybrid_text_signal,
35676,vehicles/35676.json,False,vehicle_class_out_of_scope,
35679,vehicles/35679.json,False,vehicle_class_out_of_scope,missing_optional:engine_description
35680,vehicles/35680.json,False,vehicle_class_out_of_scope,missing_optional:engine_description
35682,vehicles/35682.json,False,secondary_fuel_present|alternative_technology_present|vehicle_class_out_of_scope,
35691,vehicles/35691.json,True,,missing_optional:engine_description
35692,vehicles/35692.json,True,,missing_optional:engine_description
35699,vehicles/35699.json,True,,
35704,vehicles/35704.json,True,,
35705,vehicles/35705.json,True,,
35709,vehicles/35709.json,True,,
35710,vehicles/35710.json,True,,
35711,vehicles/35711.json,True,,
35717,vehicles/35717.json,True,,missing_optional:engine_description
35722,vehicles/35722.json,True,,
35726,vehicles/35726.json,True,,
35727,vehicles/35727.json,True,,
35728,vehicles/35728.json,True,,
35730,vehicles/35730.json,False,primary_fuel_out_of_scope|alternative_technology_present,missing_optional:engine_description
35733,vehicles/35733.json,True,,
35739,vehicles/35739.json,False,vehicle_class_out_of_scope,missing_optional:engine_description
35740,vehicles/35740.json,False,vehicle_class_out_of_scope,missing_optional:engine_description
35741,vehicles/35741.json,False,vehicle_class_out_of_scope,missing_optional:engine_description
35742,vehicles/35742.json,False,secondary_fuel_present|alternative_technology_present|vehicle_class_out_of_scope,
35743,vehicles/35743.json,False,vehicle_class_out_of_scope,missing_optional:engine_description
35744,vehicles/35744.json,False,vehicle_class_out_of_scope,missing_optional:engine_description
35745,vehicles/35745.json,False,secondary_fuel_present|alternative_technology_present|vehicle_class_out_of_scope,
35746,vehicles/35746.json,False,vehicle_class_out_of_scope,missing_optional:engine_description
35747,vehicles/35747.json,False,vehicle_class_out_of_scope,missing_optional:engine_description
35754,vehicles/35754.json,True,,missing_optional:engine_description
35757,vehicles/35757.json,True,,missing_optional:engine_description
35758,vehicles/35758.json,False,secondary_fuel_present|alternative_technology_present,
35760,vehicles/35760.json,False,secondary_fuel_present|alternative_technology_present,
35761,vehicles/35761.json,False,secondary_fuel_present|alternative_technology_present,
35762,vehicles/35762.json,False,secondary_fuel_present|alternative_technology_present,
35767,vehicles/35767.json,True,,
35776,vehicles/35776.json,True,,
35781,vehicles/35781.json,True,,
35791,vehicles/35791.json,False,alternative_technology_present|electric_motor_present|hybrid_text_signal,missing_optional:engine_description
35799,vehicles/35799.json,True,,
35800,vehicles/35800.json,True,,
35819,vehicles/35819.json,False,primary_fuel_out_of_scope|alternative_technology_present|vehicle_class_out_of_scope,missing_optional:engine_description
35823,vehicles/35823.json,True,,missing_optional:engine_description
35824,vehicles/35824.json,True,,missing_optional:engine_description
35826,vehicles/35826.json,True,,
35829,vehicles/35829.json,True,,
35833,vehicles/35833.json,True,,
35839,vehicles/35839.json,True,,
35846,vehicles/35846.json,True,,
35849,vehicles/35849.json,False,primary_fuel_out_of_scope|alternative_technology_present|electric_motor_present|insufficient_engine_specs,missing_optional:displacement_l|missing_optional:cylinders|missing_optional:engine_description
35850,vehicles/35850.json,True,,
35852,vehicles/35852.json,True,,
35855,vehicles/35855.json,True,,
35858,vehicles/35858.json,False,primary_fuel_out_of_scope|alternative_technology_present|electric_motor_present|insufficient_engine_specs,missing_optional:displacement_l|missing_optional:cylinders|missing_optional:engine_description
35859,vehicles/35859.json,False,primary_fuel_out_of_scope|alternative_technology_present|electric_motor_present|insufficient_engine_specs,missing_optional:displacement_l|missing_optional:cylinders|missing_optional:engine_description
35864,vehicles/35864.json,False,secondary_fuel_present|alternative_technology_present,
35865,vehicles/35865.json,False,secondary_fuel_present|alternative_technology_present,
35866,vehicles/35866.json,True,,
35872,vehicles/35872.json,True,,missing_optional:engine_description
35873,vehicles/35873.json,False,secondary_fuel_present|alternative_technology_present,
35890,vehicles/35890.json,False,alternative_technology_present|electric_motor_present|hybrid_text_signal,
35892,vehicles/35892.json,True,,
35895,vehicles/35895.json,True,,
35899,vehicles/35899.json,True,,
35903,vehicles/35903.json,True,,
35904,vehicles/35904.json,False,alternative_technology_present|electric_motor_present,
35908,vehicles/35908.json,True,,missing_optional:engine_description
35909,vehicles/35909.json,True,,missing_optional:engine_description
35910,vehicles/35910.json,True,,missing_optional:engine_description
35913,vehicles/35913.json,True,,
35915,vehicles/35915.json,True,,
35916,vehicles/35916.json,True,,
35917,vehicles/35917.json,True,,
35924,vehicles/35924.json,False,secondary_fuel_present|alternative_technology_present|vehicle_class_out_of_scope,
35925,vehicles/35925.json,False,secondary_fuel_present|alternative_technology_present|vehicle_class_out_of_scope,
35926,vehicles/35926.json,True,,
35928,vehicles/35928.json,True,,
35929,vehicles/35929.json,True,,
35930,vehicles/35930.json,True,,
35946,vehicles/35946.json,True,,missing_optional:engine_description
35947,vehicles/35947.json,False,vehicle_class_out_of_scope,
35948,vehicles/35948.json,False,vehicle_class_out_of_scope,missing_optional:engine_description
35950,vehicles/35950.json,True,,missing_optional:engine_description
35959,vehicles/35959.json,True,,
35969,vehicles/35969.json,True,,
35973,vehicles/35973.json,True,,missing_optional:engine_description
35979,vehicles/35979.json,True,,missing_optional:engine_description
35980,vehicles/35980.json,False,primary_fuel_out_of_scope|alternative_technology_present|electric_motor_present|insufficient_engine_specs,missing_optional:displacement_l|missing_optional:cylinders|missing_optional:engine_description
35984,vehicles/35984.json,True,,
35988,vehicles/35988.json,True,,
35989,vehicles/35989.json,True,,
35991,vehicles/35991.json,True,,
35992,vehicles/35992.json,True,,
35993,vehicles/35993.json,True,,
35998,vehicles/35998.json,True,,missing_optional:engine_description
35999,vehicles/35999.json,True,,missing_optional:engine_description
36000,vehicles/36000.json,True,,missing_optional:engine_description
36001,vehicles/36001.json,True,,missing_optional:engine_description
36002,vehicles/36002.json,True,,missing_optional:engine_description
36004,vehicles/36004.json,False,primary_fuel_out_of_scope|alternative_technology_present|vehicle_class_out_of_scope,missing_optional:engine_description
36005,vehicles/36005.json,True,,missing_optional:engine_description
36006,vehicles/36006.json,True,,
36008,vehicles/36008.json,False,primary_fuel_out_of_scope|alternative_technology_present|electric_motor_present|insufficient_engine_specs,missing_optional:displacement_l|missing_optional:cylinders|missing_optional:engine_description
36009,vehicles/36009.json,False,primary_fuel_out_of_scope|alternative_technology_present|electric_motor_present|insufficient_engine_specs,missing_optional:displacement_l|missing_optional:cylinders|missing_optional:engine_description
36010,vehicles/36010.json,True,,
36012,vehicles/36012.json,True,,
36015,vehicles/36015.json,True,,missing_optional:engine_description
36017,vehicles/36017.json,False,primary_fuel_out_of_scope|alternative_technology_present|electric_motor_present|insufficient_engine_specs,missing_optional:displacement_l|missing_optional:cylinders|missing_optional:engine_description
36022,vehicles/36022.json,True,,
36023,vehicles/36023.json,False,primary_fuel_out_of_scope|alternative_technology_present|electric_motor_present|nonpositive_engine_spec:displacement_l,missing_optional:cylinders|missing_optional:engine_description
36027,vehicles/36027.json,True,,
36028,vehicles/36028.json,True,,missing_optional:engine_description
36029,vehicles/36029.json,True,,
36034,vehicles/36034.json,True,,
36036,vehicles/36036.json,True,,
36040,vehicles/36040.json,True,,
36043,vehicles/36043.json,True,,
36044,vehicles/36044.json,True,,
36046,vehicles/36046.json,True,,
36047,vehicles/36047.json,False,alternative_technology_present|electric_motor_present|hybrid_text_signal,
36051,vehicles/36051.json,True,,missing_optional:engine_description
36057,vehicles/36057.json,False,vehicle_class_out_of_scope,
36059,vehicles/36059.json,False,vehicle_class_out_of_scope,
36066,vehicles/36066.json,True,,
36074,vehicles/36074.json,True,,missing_optional:engine_description
36075,vehicles/36075.json,True,,missing_optional:engine_description
36077,vehicles/36077.json,True,,
36080,vehicles/36080.json,True,,
36088,vehicles/36088.json,True,,
36109,vehicles/36109.json,True,,
36111,vehicles/36111.json,True,,
36121,vehicles/36121.json,True,,
36122,vehicles/36122.json,True,,
36126,vehicles/36126.json,False,primary_fuel_out_of_scope|alternative_technology_present|electric_motor_present|insufficient_engine_specs,missing_optional:displacement_l|missing_optional:cylinders|missing_optional:engine_description
36127,vehicles/36127.json,True,,
36128,vehicles/36128.json,True,,
36132,vehicles/36132.json,True,,
36135,vehicles/36135.json,True,,
36136,vehicles/36136.json,True,,
36137,vehicles/36137.json,True,,
36138,vehicles/36138.json,True,,missing_optional:engine_description
36140,vehicles/36140.json,True,,missing_optional:engine_description
36146,vehicles/36146.json,True,,missing_optional:engine_description
36147,vehicles/36147.json,True,,missing_optional:engine_description
36148,vehicles/36148.json,True,,
36155,vehicles/36155.json,True,,
36156,vehicles/36156.json,True,,
36158,vehicles/36158.json,True,,
36159,vehicles/36159.json,True,,missing_optional:engine_description
36160,vehicles/36160.json,False,alternative_technology_present|electric_motor_present|hybrid_text_signal,missing_optional:engine_description
36161,vehicles/36161.json,False,alternative_technology_present|electric_motor_present|hybrid_text_signal,missing_optional:engine_description
36162,vehicles/36162.json,True,,
36163,vehicles/36163.json,True,,
36164,vehicles/36164.json,True,,missing_optional:engine_description
36165,vehicles/36165.json,True,,missing_optional:engine_description
36166,vehicles/36166.json,True,,
36174,vehicles/36174.json,True,,
36175,vehicles/36175.json,True,,
36188,vehicles/36188.json,True,,
36191,vehicles/36191.json,True,,missing_optional:engine_description
36192,vehicles/36192.json,True,,missing_optional:engine_description
36194,vehicles/36194.json,True,,
36195,vehicles/36195.json,True,,
36197,vehicles/36197.json,True,,missing_optional:engine_description
36200,vehicles/36200.json,True,,missing_optional:engine_description
36205,vehicles/36205.json,True,,missing_optional:engine_description
36206,vehicles/36206.json,True,,missing_optional:engine_description
36214,vehicles/36214.json,True,,missing_optional:engine_description
36222,vehicles/36222.json,True,,missing_optional:engine_description
36227,vehicles/36227.json,True,,
36236,vehicles/36236.json,True,,missing_optional:engine_description
36237,vehicles/36237.json,True,,missing_optional:engine_description
36238,vehicles/36238.json,True,,missing_optional:engine_description
36240,vehicles/36240.json,True,,
36242,vehicles/36242.json,True,,missing_optional:engine_description
36243,vehicles/36243.json,True,,missing_optional:engine_description
36245,vehicles/36245.json,True,,missing_optional:engine_description
36249,vehicles/36249.json,True,,
36258,vehicles/36258.json,True,,
36259,vehicles/36259.json,True,,
36270,vehicles/36270.json,True,,
36271,vehicles/36271.json,True,,
36276,vehicles/36276.json,True,,
36278,vehicles/36278.json,True,,
36279,vehicles/36279.json,True,,
36280,vehicles/36280.json,True,,
36281,vehicles/36281.json,True,,
36283,vehicles/36283.json,True,,
36286,vehicles/36286.json,True,,
36287,vehicles/36287.json,True,,
36290,vehicles/36290.json,True,,
36291,vehicles/36291.json,True,,
36307,vehicles/36307.json,True,,
36309,vehicles/36309.json,True,,
36311,vehicles/36311.json,True,,
36317,vehicles/36317.json,True,,
36318,vehicles/36318.json,True,,
36320,vehicles/36320.json,True,,
36323,vehicles/36323.json,True,,
36324,vehicles/36324.json,True,,
36327,vehicles/36327.json,True,,
36329,vehicles/36329.json,True,,missing_optional:engine_description
36338,vehicles/36338.json,True,,missing_optional:engine_description
36339,vehicles/36339.json,True,,
36340,vehicles/36340.json,True,,
36350,vehicles/36350.json,True,,
36353,vehicles/36353.json,True,,
36363,vehicles/36363.json,True,,missing_optional:engine_description
36364,vehicles/36364.json,True,,missing_optional:engine_description
36372,vehicles/36372.json,True,,
36373,vehicles/36373.json,True,,missing_optional:engine_description
36374,vehicles/36374.json,False,secondary_fuel_present|alternative_technology_present,
36379,vehicles/36379.json,True,,
36380,vehicles/36380.json,True,,
36381,vehicles/36381.json,False,secondary_fuel_present|alternative_technology_present,
36382,vehicles/36382.json,False,secondary_fuel_present|alternative_technology_present,
36385,vehicles/36385.json,True,,
36390,vehicles/36390.json,True,,
36398,vehicles/36398.json,True,,
36406,vehicles/36406.json,True,,missing_optional:engine_description
36407,vehicles/36407.json,True,,missing_optional:engine_description
36423,vehicles/36423.json,True,,
36434,vehicles/36434.json,True,,missing_optional:engine_description
36435,vehicles/36435.json,True,,missing_optional:engine_description
36436,vehicles/36436.json,True,,
36442,vehicles/36442.json,True,,missing_optional:engine_description
36453,vehicles/36453.json,False,secondary_fuel_present|alternative_technology_present,
36456,vehicles/36456.json,True,,
36457,vehicles/36457.json,False,secondary_fuel_present|alternative_technology_present,
36458,vehicles/36458.json,True,,
36460,vehicles/36460.json,False,alternative_technology_present|electric_motor_present|hybrid_text_signal,
36465,vehicles/36465.json,True,,missing_optional:engine_description
36467,vehicles/36467.json,True,,missing_optional:engine_description
36468,vehicles/36468.json,True,,missing_optional:engine_description
36470,vehicles/36470.json,False,alternative_technology_present|electric_motor_present|hybrid_text_signal,missing_optional:engine_description
36481,vehicles/36481.json,True,,
36486,vehicles/36486.json,False,vehicle_class_out_of_scope,missing_optional:engine_description
36487,vehicles/36487.json,False,vehicle_class_out_of_scope,missing_optional:engine_description
36494,vehicles/36494.json,True,,missing_optional:engine_description
36495,vehicles/36495.json,False,secondary_fuel_present|alternative_technology_present,
36499,vehicles/36499.json,True,,
36500,vehicles/36500.json,False,secondary_fuel_present|alternative_technology_present,
36511,vehicles/36511.json,True,,
36512,vehicles/36512.json,True,,
36513,vehicles/36513.json,True,,
36514,vehicles/36514.json,True,,
36529,vehicles/36529.json,True,,
36534,vehicles/36534.json,True,,
36537,vehicles/36537.json,True,,
36538,vehicles/36538.json,True,,
36542,vehicles/36542.json,False,vehicle_class_out_of_scope,missing_optional:engine_description
36543,vehicles/36543.json,False,vehicle_class_out_of_scope,missing_optional:engine_description
36544,vehicles/36544.json,False,secondary_fuel_present|alternative_technology_present|vehicle_class_out_of_scope,
36545,vehicles/36545.json,False,primary_fuel_out_of_scope|alternative_technology_present|vehicle_class_out_of_scope,missing_optional:engine_description
36546,vehicles/36546.json,False,vehicle_class_out_of_scope,missing_optional:engine_description
36547,vehicles/36547.json,False,primary_fuel_out_of_scope|alternative_technology_present|vehicle_class_out_of_scope,missing_optional:engine_description
36548,vehicles/36548.json,False,vehicle_class_out_of_scope,missing_optional:engine_description
36549,vehicles/36549.json,True,,missing_optional:engine_description
36563,vehicles/36563.json,True,,
36566,vehicles/36566.json,True,,missing_optional:engine_description
36571,vehicles/36571.json,True,,missing_optional:engine_description
36572,vehicles/36572.json,True,,missing_optional:engine_description
36577,vehicles/36577.json,True,,
36578,vehicles/36578.json,True,,
36581,vehicles/36581.json,True,,missing_optional:engine_description
36582,vehicles/36582.json,False,secondary_fuel_present|alternative_technology_present,
36583,vehicles/36583.json,False,secondary_fuel_present|alternative_technology_present,
36597,vehicles/36597.json,False,primary_fuel_out_of_scope|alternative_technology_present|vehicle_class_out_of_scope,missing_optional:engine_description
36600,vehicles/36600.json,False,vehicle_class_out_of_scope,
36602,vehicles/36602.json,True,,
36603,vehicles/36603.json,True,,missing_optional:engine_description
36605,vehicles/36605.json,False,vehicle_class_out_of_scope,
36606,vehicles/36606.json,False,vehicle_class_out_of_scope,
36608,vehicles/36608.json,True,,missing_optional:engine_description
36624,vehicles/36624.json,False,secondary_fuel_present|alternative_technology_present,
36626,vehicles/36626.json,True,,
36628,vehicles/36628.json,True,,
36629,vehicles/36629.json,True,,
36630,vehicles/36630.json,True,,
36631,vehicles/36631.json,True,,
36632,vehicles/36632.json,True,,
36637,vehicles/36637.json,True,,missing_optional:engine_description
36645,vehicles/36645.json,True,,
36646,vehicles/36646.json,True,,
36647,vehicles/36647.json,True,,
36648,vehicles/36648.json,True,,missing_optional:engine_description
36660,vehicles/36660.json,True,,missing_optional:engine_description
36664,vehicles/36664.json,True,,
36665,vehicles/36665.json,True,,
36670,vehicles/36670.json,True,,
36671,vehicles/36671.json,True,,
36677,vehicles/36677.json,True,,
36678,vehicles/36678.json,True,,
36683,vehicles/36683.json,True,,
36684,vehicles/36684.json,False,secondary_fuel_present|alternative_technology_present,
36696,vehicles/36696.json,True,,
36697,vehicles/36697.json,True,,
36701,vehicles/36701.json,True,,
36720,vehicles/36720.json,True,,
36721,vehicles/36721.json,True,,
36722,vehicles/36722.json,True,,
36733,vehicles/36733.json,True,,
36734,vehicles/36734.json,True,,
36735,vehicles/36735.json,True,,
36739,vehicles/36739.json,True,,
36766,vehicles/36766.json,False,vehicle_class_out_of_scope,
36768,vehicles/36768.json,True,,missing_optional:engine_description
36781,vehicles/36781.json,True,,
36783,vehicles/36783.json,True,,
36786,vehicles/36786.json,False,primary_fuel_out_of_scope|alternative_technology_present|electric_motor_present|insufficient_engine_specs,missing_optional:displacement_l|missing_optional:cylinders|missing_optional:engine_description
36787,vehicles/36787.json,False,primary_fuel_out_of_scope|alternative_technology_present|electric_motor_present|insufficient_engine_specs,missing_optional:displacement_l|missing_optional:cylinders|missing_optional:engine_description
36795,vehicles/36795.json,True,,missing_optional:engine_description
36797,vehicles/36797.json,False,alternative_technology_present|electric_motor_present|hybrid_text_signal,missing_optional:engine_description
36798,vehicles/36798.json,True,,missing_optional:engine_description
36805,vehicles/36805.json,True,,missing_optional:engine_description
36806,vehicles/36806.json,True,,missing_optional:engine_description
36808,vehicles/36808.json,False,vehicle_class_out_of_scope,missing_optional:engine_description
36809,vehicles/36809.json,False,vehicle_class_out_of_scope,missing_optional:engine_description
36815,vehicles/36815.json,False,secondary_fuel_present|alternative_technology_present,
36817,vehicles/36817.json,True,,
36818,vehicles/36818.json,True,,
36819,vehicles/36819.json,True,,missing_optional:engine_description
36820,vehicles/36820.json,True,,missing_optional:engine_description
36822,vehicles/36822.json,True,,
36825,vehicles/36825.json,True,,
36826,vehicles/36826.json,True,,
36829,vehicles/36829.json,True,,missing_optional:engine_description
36830,vehicles/36830.json,True,,missing_optional:engine_description
36831,vehicles/36831.json,True,,missing_optional:engine_description
36832,vehicles/36832.json,True,,missing_optional:engine_description
36835,vehicles/36835.json,True,,missing_optional:engine_description
36836,vehicles/36836.json,True,,missing_optional:engine_description
36837,vehicles/36837.json,True,,missing_optional:engine_description
36838,vehicles/36838.json,True,,missing_optional:engine_description
36839,vehicles/36839.json,True,,missing_optional:engine_description
36840,vehicles/36840.json,True,,missing_optional:engine_description
36844,vehicles/36844.json,True,,
36853,vehicles/36853.json,True,,missing_optional:engine_description
36854,vehicles/36854.json,True,,missing_optional:engine_description
36856,vehicles/36856.json,True,,missing_optional:engine_description
36860,vehicles/36860.json,False,primary_fuel_out_of_scope|alternative_technology_present|electric_motor_present|insufficient_engine_specs,missing_optional:displacement_l|missing_optional:cylinders|missing_optional:engine_description
36861,vehicles/36861.json,False,primary_fuel_out_of_scope|alternative_technology_present|electric_motor_present|insufficient_engine_specs,missing_optional:displacement_l|missing_optional:cylinders|missing_optional:engine_description
36864,vehicles/36864.json,True,,missing_optional:engine_description
36865,vehicles/36865.json,True,,missing_optional:engine_description
36866,vehicles/36866.json,True,,missing_optional:engine_description
36867,vehicles/36867.json,True,,missing_optional:engine_description
36868,vehicles/36868.json,True,,missing_optional:engine_description
36869,vehicles/36869.json,True,,missing_optional:engine_description
36870,vehicles/36870.json,True,,missing_optional:engine_description
36871,vehicles/36871.json,True,,missing_optional:engine_description
36872,vehicles/36872.json,True,,missing_optional:engine_description
36873,vehicles/36873.json,True,,missing_optional:engine_description
36874,vehicles/36874.json,True,,missing_optional:engine_description
36875,vehicles/36875.json,True,,missing_optional:engine_description
36876,vehicles/36876.json,True,,missing_optional:engine_description
36886,vehicles/36886.json,True,,missing_optional:engine_description
36887,vehicles/36887.json,True,,missing_optional:engine_description
36888,vehicles/36888.json,True,,
36889,vehicles/36889.json,True,,
36891,vehicles/36891.json,True,,
36895,vehicles/36895.json,True,,
36896,vehicles/36896.json,True,,
36898,vehicles/36898.json,False,secondary_fuel_present|alternative_technology_present,missing_optional:engine_description
36899,vehicles/36899.json,True,,
36900,vehicles/36900.json,True,,
36901,vehicles/36901.json,True,,missing_optional:engine_description
36902,vehicles/36902.json,True,,missing_optional:engine_description
36905,vehicles/36905.json,True,,
36906,vehicles/36906.json,True,,
36907,vehicles/36907.json,True,,
36908,vehicles/36908.json,True,,
36912,vehicles/36912.json,False,primary_fuel_out_of_scope|alternative_technology_present,missing_optional:engine_description
36913,vehicles/36913.json,True,,
36916,vehicles/36916.json,False,vehicle_class_out_of_scope,missing_optional:engine_description
36917,vehicles/36917.json,False,vehicle_class_out_of_scope,missing_optional:engine_description
36927,vehicles/36927.json,True,,missing_optional:engine_description
36928,vehicles/36928.json,True,,missing_optional:engine_description
36933,vehicles/36933.json,True,,
36934,vehicles/36934.json,True,,
36935,vehicles/36935.json,True,,
36936,vehicles/36936.json,True,,
36938,vehicles/36938.json,False,vehicle_class_out_of_scope,missing_optional:engine_description
36939,vehicles/36939.json,False,vehicle_class_out_of_scope,missing_optional:engine_description
36946,vehicles/36946.json,True,,
36947,vehicles/36947.json,True,,
36948,vehicles/36948.json,True,,
36949,vehicles/36949.json,True,,
36950,vehicles/36950.json,True,,
36951,vehicles/36951.json,True,,missing_optional:engine_description
36952,vehicles/36952.json,True,,missing_optional:engine_description
36953,vehicles/36953.json,True,,missing_optional:engine_description
36954,vehicles/36954.json,True,,missing_optional:engine_description
36955,vehicles/36955.json,True,,missing_optional:engine_description
36956,vehicles/36956.json,True,,
36957,vehicles/36957.json,True,,
36958,vehicles/36958.json,True,,missing_optional:engine_description
36959,vehicles/36959.json,True,,missing_optional:engine_description
36960,vehicles/36960.json,True,,
36961,vehicles/36961.json,True,,
36964,vehicles/36964.json,True,,missing_optional:engine_description
36965,vehicles/36965.json,False,secondary_fuel_present|alternative_technology_present,
36966,vehicles/36966.json,True,,missing_optional:engine_description
36967,vehicles/36967.json,True,,missing_optional:engine_description
36968,vehicles/36968.json,False,secondary_fuel_present|alternative_technology_present,
36970,vehicles/36970.json,True,,missing_optional:engine_description
36971,vehicles/36971.json,False,secondary_fuel_present|alternative_technology_present,
36979,vehicles/36979.json,False,primary_fuel_out_of_scope|alternative_technology_present|electric_motor_present|insufficient_engine_specs,missing_optional:displacement_l|missing_optional:cylinders|missing_optional:engine_description
36980,vehicles/36980.json,False,primary_fuel_out_of_scope|alternative_technology_present|electric_motor_present|insufficient_engine_specs,missing_optional:displacement_l|missing_optional:cylinders|missing_optional:engine_description
36989,vehicles/36989.json,False,secondary_fuel_present|alternative_technology_present,
36991,vehicles/36991.json,False,vehicle_class_out_of_scope,
36994,vehicles/36994.json,True,,
37002,vehicles/37002.json,True,,
37004,vehicles/37004.json,False,secondary_fuel_present|alternative_technology_present|vehicle_class_out_of_scope,
37005,vehicles/37005.json,False,secondary_fuel_present|alternative_technology_present|vehicle_class_out_of_scope,
37006,vehicles/37006.json,False,vehicle_class_out_of_scope,
37007,vehicles/37007.json,False,vehicle_class_out_of_scope,
37008,vehicles/37008.json,False,vehicle_class_out_of_scope,
37010,vehicles/37010.json,False,secondary_fuel_present|alternative_technology_present|vehicle_class_out_of_scope,
37024,vehicles/37024.json,True,,
37027,vehicles/37027.json,True,,
37028,vehicles/37028.json,True,,
37030,vehicles/37030.json,True,,
37031,vehicles/37031.json,True,,
37032,vehicles/37032.json,True,,
37035,vehicles/37035.json,True,,missing_optional:engine_description
37039,vehicles/37039.json,False,vehicle_class_out_of_scope,
37040,vehicles/37040.json,False,vehicle_class_out_of_scope,
37047,vehicles/37047.json,False,vehicle_class_out_of_scope,
37048,vehicles/37048.json,False,vehicle_class_out_of_scope,
37059,vehicles/37059.json,True,,missing_optional:engine_description
37060,vehicles/37060.json,True,,missing_optional:engine_description
37061,vehicles/37061.json,False,alternative_technology_present|electric_motor_present,missing_optional:engine_description
37069,vehicles/37069.json,True,,
37070,vehicles/37070.json,True,,
37071,vehicles/37071.json,True,,missing_optional:engine_description
37074,vehicles/37074.json,True,,
37078,vehicles/37078.json,True,,
37079,vehicles/37079.json,True,,
37082,vehicles/37082.json,False,alternative_technology_present|electric_motor_present,
37084,vehicles/37084.json,True,,
37092,vehicles/37092.json,False,alternative_technology_present|electric_motor_present,missing_optional:engine_description
37099,vehicles/37099.json,True,,missing_optional:engine_description
37100,vehicles/37100.json,True,,missing_optional:engine_description
37101,vehicles/37101.json,True,,missing_optional:engine_description
37102,vehicles/37102.json,True,,missing_optional:engine_description
37113,vehicles/37113.json,True,,
37114,vehicles/37114.json,True,,
37116,vehicles/37116.json,True,,missing_optional:engine_description
37117,vehicles/37117.json,True,,missing_optional:engine_description
37122,vehicles/37122.json,False,vehicle_class_out_of_scope,
37123,vehicles/37123.json,True,,missing_optional:engine_description
37124,vehicles/37124.json,True,,missing_optional:engine_description
37125,vehicles/37125.json,False,primary_fuel_out_of_scope|alternative_technology_present|vehicle_class_out_of_scope,missing_optional:engine_description
37130,vehicles/37130.json,False,secondary_fuel_present|alternative_technology_present|electric_motor_present|phev_blended|hybrid_text_signal,
37133,vehicles/37133.json,True,,
37136,vehicles/37136.json,True,,
37141,vehicles/37141.json,True,,missing_optional:engine_description
37144,vehicles/37144.json,True,,
37145,vehicles/37145.json,True,,missing_optional:engine_description
37150,vehicles/37150.json,True,,
37152,vehicles/37152.json,True,,
37154,vehicles/37154.json,True,,missing_optional:engine_description
37156,vehicles/37156.json,False,primary_fuel_out_of_scope|alternative_technology_present|electric_motor_present|insufficient_engine_specs,missing_optional:displacement_l|missing_optional:cylinders|missing_optional:engine_description
37158,vehicles/37158.json,False,vehicle_class_out_of_scope,missing_optional:engine_description
37160,vehicles/37160.json,True,,
37175,vehicles/37175.json,True,,missing_optional:engine_description
37176,vehicles/37176.json,True,,
37178,vehicles/37178.json,False,vehicle_class_out_of_scope,
37183,vehicles/37183.json,True,,
37187,vehicles/37187.json,True,,missing_optional:engine_description
37192,vehicles/37192.json,True,,
37197,vehicles/37197.json,True,,
37205,vehicles/37205.json,True,,
37208,vehicles/37208.json,False,primary_fuel_out_of_scope|alternative_technology_present,missing_optional:engine_description
37209,vehicles/37209.json,True,,missing_optional:engine_description
37212,vehicles/37212.json,True,,missing_optional:engine_description
37217,vehicles/37217.json,True,,
37218,vehicles/37218.json,True,,
37229,vehicles/37229.json,True,,
37230,vehicles/37230.json,True,,
37234,vehicles/37234.json,False,primary_fuel_out_of_scope|alternative_technology_present|electric_motor_present|insufficient_engine_specs,missing_optional:displacement_l|missing_optional:cylinders|missing_optional:engine_description
37235,vehicles/37235.json,False,primary_fuel_out_of_scope|alternative_technology_present|electric_motor_present|insufficient_engine_specs,missing_optional:displacement_l|missing_optional:cylinders|missing_optional:engine_description
37236,vehicles/37236.json,False,primary_fuel_out_of_scope|alternative_technology_present|electric_motor_present|insufficient_engine_specs,missing_optional:displacement_l|missing_optional:cylinders|missing_optional:engine_description
37237,vehicles/37237.json,False,vehicle_class_out_of_scope,missing_optional:engine_description
37238,vehicles/37238.json,False,primary_fuel_out_of_scope|alternative_technology_present|electric_motor_present|insufficient_engine_specs,missing_optional:displacement_l|missing_optional:cylinders|missing_optional:engine_description
37239,vehicles/37239.json,False,primary_fuel_out_of_scope|alternative_technology_present|electric_motor_present|insufficient_engine_specs,missing_optional:displacement_l|missing_optional:cylinders|missing_optional:engine_description
37241,vehicles/37241.json,False,primary_fuel_out_of_scope|alternative_technology_present|electric_motor_present|insufficient_engine_specs,missing_optional:displacement_l|missing_optional:cylinders|missing_optional:engine_description
37242,vehicles/37242.json,False,primary_fuel_out_of_scope|alternative_technology_present|electric_motor_present|insufficient_engine_specs,missing_optional:displacement_l|missing_optional:cylinders|missing_optional:engine_description
37243,vehicles/37243.json,True,,
37245,vehicles/37245.json,True,,
37246,vehicles/37246.json,True,,
37247,vehicles/37247.json,True,,
37251,vehicles/37251.json,False,alternative_technology_present|electric_motor_present|hybrid_text_signal,missing_optional:engine_description
37256,vehicles/37256.json,True,,missing_optional:engine_description
37257,vehicles/37257.json,True,,missing_optional:engine_description
37258,vehicles/37258.json,True,,missing_optional:engine_description
37265,vehicles/37265.json,True,,
37270,vehicles/37270.json,True,,
37273,vehicles/37273.json,True,,
37287,vehicles/37287.json,True,,
37290,vehicles/37290.json,True,,missing_optional:engine_description
37291,vehicles/37291.json,True,,missing_optional:engine_description
37293,vehicles/37293.json,False,primary_fuel_out_of_scope|alternative_technology_present|electric_motor_present|insufficient_engine_specs,missing_optional:displacement_l|missing_optional:cylinders|missing_optional:engine_description
37294,vehicles/37294.json,True,,
37295,vehicles/37295.json,True,,
37299,vehicles/37299.json,True,,
37301,vehicles/37301.json,True,,
37304,vehicles/37304.json,True,,
37305,vehicles/37305.json,True,,missing_optional:engine_description
37307,vehicles/37307.json,True,,missing_optional:engine_description
37308,vehicles/37308.json,True,,missing_optional:engine_description
37310,vehicles/37310.json,True,,
37316,vehicles/37316.json,True,,
37318,vehicles/37318.json,True,,
37322,vehicles/37322.json,True,,
37325,vehicles/37325.json,True,,
37327,vehicles/37327.json,True,,
37328,vehicles/37328.json,True,,
37346,vehicles/37346.json,True,,
37349,vehicles/37349.json,True,,
37352,vehicles/37352.json,True,,
37360,vehicles/37360.json,False,secondary_fuel_present|alternative_technology_present,
37376,vehicles/37376.json,True,,missing_optional:engine_description
37377,vehicles/37377.json,True,,missing_optional:engine_description
37378,vehicles/37378.json,True,,
37383,vehicles/37383.json,False,alternative_technology_present|electric_motor_present|hybrid_text_signal,missing_optional:engine_description
37385,vehicles/37385.json,False,alternative_technology_present|electric_motor_present|hybrid_text_signal,missing_optional:engine_description
37386,vehicles/37386.json,True,,
37388,vehicles/37388.json,True,,
37389,vehicles/37389.json,True,,
37390,vehicles/37390.json,True,,
37394,vehicles/37394.json,True,,
37403,vehicles/37403.json,False,vehicle_class_out_of_scope,
37405,vehicles/37405.json,True,,
37406,vehicles/37406.json,True,,
37410,vehicles/37410.json,False,vehicle_class_out_of_scope,missing_optional:engine_description
37411,vehicles/37411.json,False,vehicle_class_out_of_scope,missing_optional:engine_description
37417,vehicles/37417.json,True,,
37422,vehicles/37422.json,False,primary_fuel_out_of_scope|alternative_technology_present|electric_motor_present|insufficient_engine_specs,missing_optional:displacement_l|missing_optional:cylinders|missing_optional:engine_description
37423,vehicles/37423.json,False,primary_fuel_out_of_scope|alternative_technology_present|electric_motor_present|insufficient_engine_specs,missing_optional:displacement_l|missing_optional:cylinders|missing_optional:engine_description
37426,vehicles/37426.json,True,,
37430,vehicles/37430.json,True,,missing_optional:engine_description
37435,vehicles/37435.json,True,,missing_optional:engine_description
37436,vehicles/37436.json,False,alternative_technology_present|electric_motor_present|hybrid_text_signal,
37439,vehicles/37439.json,True,,
37445,vehicles/37445.json,True,,
37446,vehicles/37446.json,True,,
37451,vehicles/37451.json,True,,missing_optional:engine_description
37456,vehicles/37456.json,True,,missing_optional:engine_description
37457,vehicles/37457.json,True,,missing_optional:engine_description
37458,vehicles/37458.json,True,,
37466,vehicles/37466.json,True,,missing_optional:engine_description
37467,vehicles/37467.json,True,,
37469,vehicles/37469.json,True,,
37470,vehicles/37470.json,False,secondary_fuel_present|alternative_technology_present|electric_motor_present|phev_blended|hybrid_text_signal,
37471,vehicles/37471.json,True,,
37472,vehicles/37472.json,True,,
37473,vehicles/37473.json,True,,
37474,vehicles/37474.json,True,,
37482,vehicles/37482.json,True,,
37485,vehicles/37485.json,True,,
37486,vehicles/37486.json,True,,
37487,vehicles/37487.json,True,,
37488,vehicles/37488.json,True,,
37490,vehicles/37490.json,True,,
37493,vehicles/37493.json,True,,
37496,vehicles/37496.json,True,,
37497,vehicles/37497.json,True,,
37498,vehicles/37498.json,True,,
37502,vehicles/37502.json,True,,
37503,vehicles/37503.json,True,,
37504,vehicles/37504.json,False,secondary_fuel_present|alternative_technology_present,
37520,vehicles/37520.json,True,,
37521,vehicles/37521.json,True,,
37523,vehicles/37523.json,True,,
37524,vehicles/37524.json,True,,
37525,vehicles/37525.json,True,,
37527,vehicles/37527.json,True,,missing_optional:engine_description
37528,vehicles/37528.json,True,,missing_optional:engine_description
37533,vehicles/37533.json,True,,missing_optional:engine_description
37535,vehicles/37535.json,True,,
37536,vehicles/37536.json,True,,
37537,vehicles/37537.json,True,,
37538,vehicles/37538.json,True,,
37539,vehicles/37539.json,True,,
37540,vehicles/37540.json,False,vehicle_class_out_of_scope,missing_optional:engine_description
37541,vehicles/37541.json,True,,
37542,vehicles/37542.json,True,,
37550,vehicles/37550.json,True,,
37551,vehicles/37551.json,True,,
37552,vehicles/37552.json,True,,
37553,vehicles/37553.json,True,,
37554,vehicles/37554.json,True,,
37558,vehicles/37558.json,True,,
37559,vehicles/37559.json,True,,
37560,vehicles/37560.json,True,,
37565,vehicles/37565.json,True,,
37566,vehicles/37566.json,True,,
37567,vehicles/37567.json,True,,missing_optional:engine_description
37568,vehicles/37568.json,True,,missing_optional:engine_description
37569,vehicles/37569.json,True,,
37570,vehicles/37570.json,True,,
37586,vehicles/37586.json,True,,
37591,vehicles/37591.json,True,,
37593,vehicles/37593.json,True,,
37594,vehicles/37594.json,True,,
37599,vehicles/37599.json,True,,missing_optional:engine_description
37600,vehicles/37600.json,False,secondary_fuel_present|alternative_technology_present,
37604,vehicles/37604.json,True,,
37605,vehicles/37605.json,True,,
37607,vehicles/37607.json,True,,
37618,vehicles/37618.json,True,,
37619,vehicles/37619.json,False,alternative_technology_present|electric_motor_present,missing_optional:engine_description
37627,vehicles/37627.json,True,,
37629,vehicles/37629.json,True,,
37630,vehicles/37630.json,True,,
37631,vehicles/37631.json,True,,
37634,vehicles/37634.json,True,,
37635,vehicles/37635.json,True,,
37636,vehicles/37636.json,True,,
37637,vehicles/37637.json,True,,
37638,vehicles/37638.json,True,,
37639,vehicles/37639.json,True,,
37640,vehicles/37640.json,False,alternative_technology_present|electric_motor_present|hybrid_text_signal|vehicle_class_out_of_scope,
37663,vehicles/37663.json,False,vehicle_class_out_of_scope,missing_optional:engine_description
37664,vehicles/37664.json,False,vehicle_class_out_of_scope,missing_optional:engine_description
37667,vehicles/37667.json,False,vehicle_class_out_of_scope,
37668,vehicles/37668.json,False,vehicle_class_out_of_scope,
37669,vehicles/37669.json,False,vehicle_class_out_of_scope,
37673,vehicles/37673.json,True,,
37674,vehicles/37674.json,True,,
37675,vehicles/37675.json,True,,
37688,vehicles/37688.json,True,,
37694,vehicles/37694.json,True,,
37696,vehicles/37696.json,True,,
37698,vehicles/37698.json,False,secondary_fuel_present|alternative_technology_present,
37699,vehicles/37699.json,True,,
37700,vehicles/37700.json,True,,
37701,vehicles/37701.json,True,,
37704,vehicles/37704.json,True,,
37705,vehicles/37705.json,True,,
37706,vehicles/37706.json,True,,
37709,vehicles/37709.json,True,,
37710,vehicles/37710.json,True,,
37713,vehicles/37713.json,True,,
37715,vehicles/37715.json,True,,
37720,vehicles/37720.json,True,,
37721,vehicles/37721.json,True,,
37723,vehicles/37723.json,True,,
37729,vehicles/37729.json,True,,
37730,vehicles/37730.json,True,,
37731,vehicles/37731.json,True,,missing_optional:engine_description
37733,vehicles/37733.json,False,secondary_fuel_present|alternative_technology_present,
37756,vehicles/37756.json,True,,
37757,vehicles/37757.json,True,,
37758,vehicles/37758.json,True,,
37765,vehicles/37765.json,True,,
37776,vehicles/37776.json,True,,
37778,vehicles/37778.json,True,,missing_optional:engine_description
37785,vehicles/37785.json,True,,missing_optional:engine_description
37786,vehicles/37786.json,False,secondary_fuel_present|alternative_technology_present,
37787,vehicles/37787.json,True,,missing_optional:engine_description
37789,vehicles/37789.json,True,,
37800,vehicles/37800.json,False,primary_fuel_out_of_scope|alternative_technology_present|electric_motor_present|insufficient_engine_specs,missing_optional:displacement_l|missing_optional:cylinders|missing_optional:engine_description
37802,vehicles/37802.json,True,,
37804,vehicles/37804.json,True,,
37805,vehicles/37805.json,True,,
37806,vehicles/37806.json,True,,
37807,vehicles/37807.json,True,,missing_optional:engine_description
37808,vehicles/37808.json,True,,missing_optional:engine_description
37809,vehicles/37809.json,True,,missing_optional:engine_description
37810,vehicles/37810.json,True,,missing_optional:engine_description
37811,vehicles/37811.json,True,,missing_optional:engine_description
37812,vehicles/37812.json,True,,missing_optional:engine_description
37819,vehicles/37819.json,True,,
37820,vehicles/37820.json,True,,
37823,vehicles/37823.json,True,,
37838,vehicles/37838.json,True,,missing_optional:engine_description
37841,vehicles/37841.json,True,,missing_optional:engine_description
37843,vehicles/37843.json,True,,missing_optional:engine_description
37844,vehicles/37844.json,True,,missing_optional:engine_description
37846,vehicles/37846.json,True,,missing_optional:engine_description
37851,vehicles/37851.json,True,,missing_optional:engine_description
37854,vehicles/37854.json,True,,
37873,vehicles/37873.json,True,,
37874,vehicles/37874.json,True,,
37881,vehicles/37881.json,True,,
37886,vehicles/37886.json,True,,
37892,vehicles/37892.json,True,,
37898,vehicles/37898.json,True,,
37899,vehicles/37899.json,True,,
37908,vehicles/37908.json,True,,
37914,vehicles/37914.json,True,,
37917,vehicles/37917.json,True,,
37918,vehicles/37918.json,True,,
37921,vehicles/37921.json,True,,
37922,vehicles/37922.json,True,,
37923,vehicles/37923.json,True,,
37927,vehicles/37927.json,True,,
37929,vehicles/37929.json,True,,
37933,vehicles/37933.json,True,,
37937,vehicles/37937.json,True,,
37938,vehicles/37938.json,True,,
37940,vehicles/37940.json,True,,missing_optional:engine_description
37941,vehicles/37941.json,True,,missing_optional:engine_description
37942,vehicles/37942.json,True,,missing_optional:engine_description
37943,vehicles/37943.json,True,,missing_optional:engine_description
37945,vehicles/37945.json,True,,missing_optional:engine_description
37947,vehicles/37947.json,True,,missing_optional:engine_description
37948,vehicles/37948.json,True,,missing_optional:engine_description
37950,vehicles/37950.json,True,,
37955,vehicles/37955.json,True,,
37956,vehicles/37956.json,True,,
37957,vehicles/37957.json,True,,
37962,vehicles/37962.json,True,,
37963,vehicles/37963.json,True,,
37964,vehicles/37964.json,True,,
37974,vehicles/37974.json,True,,
37975,vehicles/37975.json,True,,
37976,vehicles/37976.json,True,,
37978,vehicles/37978.json,True,,
37991,vehicles/37991.json,False,vehicle_class_out_of_scope,missing_optional:engine_description
37992,vehicles/37992.json,False,secondary_fuel_present|alternative_technology_present|vehicle_class_out_of_scope,
37993,vehicles/37993.json,False,vehicle_class_out_of_scope,missing_optional:engine_description
37994,vehicles/37994.json,False,vehicle_class_out_of_scope,missing_optional:engine_description
37995,vehicles/37995.json,False,secondary_fuel_present|alternative_technology_present|vehicle_class_out_of_scope,
37996,vehicles/37996.json,False,vehicle_class_out_of_scope,
37997,vehicles/37997.json,False,vehicle_class_out_of_scope,
38002,vehicles/38002.json,False,primary_fuel_out_of_scope|alternative_technology_present|electric_motor_present|insufficient_engine_specs,missing_optional:displacement_l|missing_optional:cylinders|missing_optional:engine_description
38003,vehicles/38003.json,True,,
38004,vehicles/38004.json,True,,
38014,vehicles/38014.json,True,,
38020,vehicles/38020.json,True,,
38023,vehicles/38023.json,True,,
38024,vehicles/38024.json,True,,
38027,vehicles/38027.json,True,,
38030,vehicles/38030.json,True,,missing_optional:engine_description
38039,vehicles/38039.json,True,,
38040,vehicles/38040.json,True,,
38041,vehicles/38041.json,True,,
38047,vehicles/38047.json,False,alternative_technology_present|electric_motor_present,
38048,vehicles/38048.json,True,,missing_optional:engine_description
38050,vehicles/38050.json,True,,missing_optional:engine_description
38052,vehicles/38052.json,True,,missing_optional:engine_description
38054,vehicles/38054.json,True,,
38060,vehicles/38060.json,True,,missing_optional:engine_description
38061,vehicles/38061.json,False,alternative_technology_present|electric_motor_present,missing_optional:engine_description
38069,vehicles/38069.json,True,,
38079,vehicles/38079.json,True,,
38082,vehicles/38082.json,True,,missing_optional:engine_description
38083,vehicles/38083.json,True,,missing_optional:engine_description
38084,vehicles/38084.json,True,,
38090,vehicles/38090.json,False,primary_fuel_out_of_scope|alternative_technology_present,missing_optional:engine_description
38098,vehicles/38098.json,True,,missing_optional:engine_description
38099,vehicles/38099.json,False,secondary_fuel_present|alternative_technology_present,
38100,vehicles/38100.json,False,secondary_fuel_present|alternative_technology_present,
38101,vehicles/38101.json,False,secondary_fuel_present|alternative_technology_present,
38103,vehicles/38103.json,True,,
38105,vehicles/38105.json,True,,
38108,vehicles/38108.json,False,primary_fuel_out_of_scope|alternative_technology_present,missing_optional:engine_description
38111,vehicles/38111.json,False,alternative_technology_present|electric_motor_present,missing_optional:engine_description
38114,vehicles/38114.json,True,,
38115,vehicles/38115.json,True,,
38116,vehicles/38116.json,True,,
38122,vehicles/38122.json,False,secondary_fuel_present|alternative_technology_present|vehicle_class_out_of_scope,
38124,vehicles/38124.json,False,vehicle_class_out_of_scope,
38129,vehicles/38129.json,True,,
38130,vehicles/38130.json,True,,
38131,vehicles/38131.json,True,,
38134,vehicles/38134.json,True,,missing_optional:engine_description
38135,vehicles/38135.json,True,,missing_optional:engine_description
38136,vehicles/38136.json,True,,missing_optional:engine_description
38137,vehicles/38137.json,True,,missing_optional:engine_description
38138,vehicles/38138.json,True,,missing_optional:engine_description
38139,vehicles/38139.json,True,,missing_optional:engine_description
38147,vehicles/38147.json,True,,missing_optional:engine_description
38148,vehicles/38148.json,True,,
38152,vehicles/38152.json,True,,missing_optional:engine_description
38153,vehicles/38153.json,True,,missing_optional:engine_description
38154,vehicles/38154.json,True,,missing_optional:engine_description
38158,vehicles/38158.json,True,,missing_optional:engine_description
38159,vehicles/38159.json,True,,missing_optional:engine_description
38160,vehicles/38160.json,True,,missing_optional:engine_description
38163,vehicles/38163.json,True,,
38164,vehicles/38164.json,False,primary_fuel_out_of_scope|alternative_technology_present,missing_optional:engine_description
38169,vehicles/38169.json,False,secondary_fuel_present|alternative_technology_present|electric_motor_present|phev_blended|hybrid_text_signal,
38170,vehicles/38170.json,False,primary_fuel_out_of_scope|alternative_technology_present|electric_motor_present|insufficient_engine_specs,missing_optional:displacement_l|missing_optional:cylinders|missing_optional:engine_description
38172,vehicles/38172.json,False,primary_fuel_out_of_scope|alternative_technology_present|electric_motor_present|insufficient_engine_specs,missing_optional:displacement_l|missing_optional:cylinders|missing_optional:engine_description
38175,vehicles/38175.json,True,,
38183,vehicles/38183.json,True,,missing_optional:engine_description
38188,vehicles/38188.json,True,,
38189,vehicles/38189.json,True,,
38193,vehicles/38193.json,True,,missing_optional:engine_description
38194,vehicles/38194.json,True,,missing_optional:engine_description
38203,vehicles/38203.json,True,,
38205,vehicles/38205.json,True,,
38210,vehicles/38210.json,True,,
38219,vehicles/38219.json,True,,
38220,vehicles/38220.json,True,,missing_optional:engine_description
38221,vehicles/38221.json,True,,missing_optional:engine_description
38224,vehicles/38224.json,True,,
38227,vehicles/38227.json,False,alternative_technology_present|electric_motor_present|hybrid_text_signal,missing_optional:engine_description
38231,vehicles/38231.json,True,,
38234,vehicles/38234.json,True,,
38244,vehicles/38244.json,True,,missing_optional:engine_description
38259,vehicles/38259.json,True,,
38262,vehicles/38262.json,False,secondary_fuel_present|alternative_technology_present|vehicle_class_out_of_scope,
38268,vehicles/38268.json,False,vehicle_class_out_of_scope,
38269,vehicles/38269.json,False,vehicle_class_out_of_scope,
38275,vehicles/38275.json,False,vehicle_class_out_of_scope,
38283,vehicles/38283.json,True,,missing_optional:engine_description
38284,vehicles/38284.json,True,,missing_optional:engine_description
38286,vehicles/38286.json,True,,
38287,vehicles/38287.json,False,alternative_technology_present|electric_motor_present,missing_optional:engine_description
38288,vehicles/38288.json,True,,missing_optional:engine_description
38289,vehicles/38289.json,True,,missing_optional:engine_description
38290,vehicles/38290.json,True,,missing_optional:engine_description
38291,vehicles/38291.json,False,secondary_fuel_present|alternative_technology_present,
38292,vehicles/38292.json,False,alternative_technology_present|electric_motor_present|hybrid_text_signal,missing_optional:engine_description
38310,vehicles/38310.json,True,,
38311,vehicles/38311.json,True,,
38312,vehicles/38312.json,True,,
38313,vehicles/38313.json,True,,
38314,vehicles/38314.json,True,,
38316,vehicles/38316.json,True,,missing_optional:engine_description
38318,vehicles/38318.json,True,,missing_optional:engine_description
38319,vehicles/38319.json,True,,missing_optional:engine_description
38320,vehicles/38320.json,True,,missing_optional:engine_description
38321,vehicles/38321.json,True,,
38322,vehicles/38322.json,True,,missing_optional:engine_description
38323,vehicles/38323.json,True,,
38329,vehicles/38329.json,True,,
38331,vehicles/38331.json,True,,missing_optional:engine_description
38332,vehicles/38332.json,True,,missing_optional:engine_description
38333,vehicles/38333.json,True,,missing_optional:engine_description
38334,vehicles/38334.json,True,,missing_optional:engine_description
38340,vehicles/38340.json,True,,
38341,vehicles/38341.json,True,,
38343,vehicles/38343.json,True,,
38345,vehicles/38345.json,True,,
38346,vehicles/38346.json,True,,
38347,vehicles/38347.json,False,vehicle_class_out_of_scope,
38353,vehicles/38353.json,True,,
38354,vehicles/38354.json,True,,
38355,vehicles/38355.json,True,,
38358,vehicles/38358.json,True,,
38370,vehicles/38370.json,True,,
38372,vehicles/38372.json,True,,
38375,vehicles/38375.json,True,,missing_optional:engine_description
38378,vehicles/38378.json,False,primary_fuel_out_of_scope|alternative_technology_present,missing_optional:engine_description
38380,vehicles/38380.json,False,vehicle_class_out_of_scope,
38381,vehicles/38381.json,False,vehicle_class_out_of_scope,
38382,vehicles/38382.json,False,primary_fuel_out_of_scope|alternative_technology_present|vehicle_class_out_of_scope,missing_optional:engine_description
38383,vehicles/38383.json,False,vehicle_class_out_of_scope,
38396,vehicles/38396.json,True,,missing_optional:engine_description
38397,vehicles/38397.json,True,,
38407,vehicles/38407.json,True,,
38408,vehicles/38408.json,True,,missing_optional:engine_description
38409,vehicles/38409.json,True,,missing_optional:engine_description
38410,vehicles/38410.json,True,,missing_optional:engine_description
38411,vehicles/38411.json,True,,missing_optional:engine_description
38422,vehicles/38422.json,True,,
38440,vehicles/38440.json,True,,
38441,vehicles/38441.json,True,,
38444,vehicles/38444.json,False,secondary_fuel_present|alternative_technology_present,
38450,vehicles/38450.json,True,,
38451,vehicles/38451.json,True,,
38455,vehicles/38455.json,True,,
38456,vehicles/38456.json,True,,
38457,vehicles/38457.json,True,,
38458,vehicles/38458.json,True,,
38461,vehicles/38461.json,True,,
38462,vehicles/38462.json,True,,
38467,vehicles/38467.json,True,,
38484,vehicles/38484.json,False,alternative_technology_present|electric_motor_present,
38486,vehicles/38486.json,False,alternative_technology_present|electric_motor_present,
38489,vehicles/38489.json,True,,
38490,vehicles/38490.json,False,primary_fuel_out_of_scope|alternative_technology_present,missing_optional:engine_description
38491,vehicles/38491.json,False,secondary_fuel_present|alternative_technology_present|electric_motor_present|phev_blended|hybrid_text_signal|vehicle_class_out_of_scope,
38493,vehicles/38493.json,False,secondary_fuel_present|alternative_technology_present,
38495,vehicles/38495.json,False,alternative_technology_present|electric_motor_present|hybrid_text_signal,missing_optional:engine_description
38496,vehicles/38496.json,False,alternative_technology_present|electric_motor_present,
38497,vehicles/38497.json,False,alternative_technology_present|electric_motor_present,
38500,vehicles/38500.json,False,primary_fuel_out_of_scope|alternative_technology_present|electric_motor_present|insufficient_engine_specs,missing_optional:displacement_l|missing_optional:cylinders|missing_optional:engine_description
38501,vehicles/38501.json,True,,
38503,vehicles/38503.json,True,,
38504,vehicles/38504.json,True,,
38511,vehicles/38511.json,False,alternative_technology_present|electric_motor_present|hybrid_text_signal,
38515,vehicles/38515.json,True,,
38516,vehicles/38516.json,True,,
38519,vehicles/38519.json,False,primary_fuel_out_of_scope|alternative_technology_present,missing_optional:engine_description
38520,vehicles/38520.json,False,primary_fuel_out_of_scope|alternative_technology_present,missing_optional:engine_description
38521,vehicles/38521.json,True,,
38523,vehicles/38523.json,False,primary_fuel_out_of_scope|alternative_technology_present|electric_motor_present|insufficient_engine_specs,missing_optional:displacement_l|missing_optional:cylinders|missing_optional:engine_description
38525,vehicles/38525.json,False,primary_fuel_out_of_scope|alternative_technology_present|electric_motor_present|insufficient_engine_specs,missing_optional:displacement_l|missing_optional:cylinders|missing_optional:engine_description
38527,vehicles/38527.json,False,primary_fuel_out_of_scope|alternative_technology_present|electric_motor_present|insufficient_engine_specs,missing_optional:displacement_l|missing_optional:cylinders|missing_optional:engine_description
38529,vehicles/38529.json,False,primary_fuel_out_of_scope|alternative_technology_present|electric_motor_present|insufficient_engine_specs,missing_optional:displacement_l|missing_optional:cylinders|missing_optional:engine_description
38530,vehicles/38530.json,False,primary_fuel_out_of_scope|alternative_technology_present|electric_motor_present|insufficient_engine_specs,missing_optional:displacement_l|missing_optional:cylinders|missing_optional:engine_description
38537,vehicles/38537.json,False,primary_fuel_out_of_scope|alternative_technology_present|electric_motor_present|insufficient_engine_specs,missing_optional:displacement_l|missing_optional:cylinders|missing_optional:engine_description
38538,vehicles/38538.json,True,,
38540,vehicles/38540.json,True,,
38541,vehicles/38541.json,True,,
38547,vehicles/38547.json,True,,missing_optional:engine_description
38548,vehicles/38548.json,True,,missing_optional:engine_description
38555,vehicles/38555.json,True,,
38558,vehicles/38558.json,False,primary_fuel_out_of_scope|alternative_technology_present|electric_motor_present|insufficient_engine_specs,missing_optional:displacement_l|missing_optional:cylinders|missing_optional:engine_description
38559,vehicles/38559.json,True,,
38560,vehicles/38560.json,True,,
38561,vehicles/38561.json,True,,
38564,vehicles/38564.json,False,vehicle_class_out_of_scope,missing_optional:engine_description
38565,vehicles/38565.json,False,vehicle_class_out_of_scope,missing_optional:engine_description
38571,vehicles/38571.json,True,,
38574,vehicles/38574.json,True,,
38575,vehicles/38575.json,True,,
38577,vehicles/38577.json,True,,
38578,vehicles/38578.json,True,,
38580,vehicles/38580.json,True,,
38585,vehicles/38585.json,True,,
38586,vehicles/38586.json,True,,
38591,vehicles/38591.json,False,primary_fuel_out_of_scope|alternative_technology_present|electric_motor_present|insufficient_engine_specs,missing_optional:displacement_l|missing_optional:cylinders|missing_optional:engine_description
38592,vehicles/38592.json,True,,
38615,vehicles/38615.json,True,,
38629,vehicles/38629.json,True,,
38630,vehicles/38630.json,True,,
38641,vehicles/38641.json,True,,missing_optional:engine_description
38646,vehicles/38646.json,True,,missing_optional:engine_description
38649,vehicles/38649.json,True,,
38650,vehicles/38650.json,False,secondary_fuel_present|alternative_technology_present|electric_motor_present|phev_blended|hybrid_text_signal,
38653,vehicles/38653.json,True,,
38666,vehicles/38666.json,True,,
38668,vehicles/38668.json,True,,
38669,vehicles/38669.json,True,,
38670,vehicles/38670.json,True,,
38671,vehicles/38671.json,True,,
38674,vehicles/38674.json,True,,
38675,vehicles/38675.json,True,,
38676,vehicles/38676.json,True,,
38682,vehicles/38682.json,True,,missing_optional:engine_description
38683,vehicles/38683.json,True,,
38684,vehicles/38684.json,True,,
38691,vehicles/38691.json,True,,
38692,vehicles/38692.json,True,,
38693,vehicles/38693.json,True,,
38694,vehicles/38694.json,True,,
38695,vehicles/38695.json,True,,
38698,vehicles/38698.json,False,vehicle_class_out_of_scope,missing_optional:engine_description
38699,vehicles/38699.json,False,vehicle_class_out_of_scope,missing_optional:engine_description
38700,vehicles/38700.json,True,,
38701,vehicles/38701.json,True,,
38702,vehicles/38702.json,True,,
38703,vehicles/38703.json,True,,
38704,vehicles/38704.json,True,,
38706,vehicles/38706.json,True,,
38714,vehicles/38714.json,True,,
38715,vehicles/38715.json,False,primary_fuel_out_of_scope|alternative_technology_present,missing_optional:engine_description
38722,vehicles/38722.json,True,,
38723,vehicles/38723.json,True,,
38724,vehicles/38724.json,True,,
38726,vehicles/38726.json,True,,
38732,vehicles/38732.json,True,,missing_optional:engine_description
38733,vehicles/38733.json,True,,missing_optional:engine_description
38737,vehicles/38737.json,True,,
38738,vehicles/38738.json,True,,
38739,vehicles/38739.json,True,,
38741,vehicles/38741.json,True,,
38742,vehicles/38742.json,True,,
38744,vehicles/38744.json,True,,
38747,vehicles/38747.json,True,,
38751,vehicles/38751.json,True,,
38752,vehicles/38752.json,True,,
38753,vehicles/38753.json,True,,
38758,vehicles/38758.json,True,,
38761,vehicles/38761.json,True,,
38763,vehicles/38763.json,True,,
38766,vehicles/38766.json,True,,missing_optional:engine_description
38768,vehicles/38768.json,False,secondary_fuel_present|alternative_technology_present,
38769,vehicles/38769.json,True,,
38783,vehicles/38783.json,True,,
38788,vehicles/38788.json,True,,
38794,vehicles/38794.json,True,,
38796,vehicles/38796.json,True,,
38806,vehicles/38806.json,True,,
38808,vehicles/38808.json,True,,
38809,vehicles/38809.json,True,,
38826,vehicles/38826.json,True,,
38827,vehicles/38827.json,True,,
38828,vehicles/38828.json,True,,
38829,vehicles/38829.json,True,,
38841,vehicles/38841.json,True,,missing_optional:engine_description
38842,vehicles/38842.json,True,,missing_optional:engine_description
38843,vehicles/38843.json,True,,missing_optional:engine_description
38844,vehicles/38844.json,True,,missing_optional:engine_description
38856,vehicles/38856.json,True,,missing_optional:engine_description
38857,vehicles/38857.json,True,,missing_optional:engine_description
38866,vehicles/38866.json,True,,
38867,vehicles/38867.json,True,,
38868,vehicles/38868.json,True,,
38873,vehicles/38873.json,True,,
38874,vehicles/38874.json,True,,
38875,vehicles/38875.json,True,,
38876,vehicles/38876.json,True,,
38877,vehicles/38877.json,True,,
38880,vehicles/38880.json,True,,
38881,vehicles/38881.json,True,,
38890,vehicles/38890.json,True,,
38891,vehicles/38891.json,True,,
38894,vehicles/38894.json,True,,missing_optional:engine_description
38895,vehicles/38895.json,True,,missing_optional:engine_description
38899,vehicles/38899.json,True,,missing_optional:engine_description
38907,vehicles/38907.json,True,,
38912,vehicles/38912.json,True,,
38915,vehicles/38915.json,True,,
38919,vehicles/38919.json,True,,
38920,vehicles/38920.json,True,,
38921,vehicles/38921.json,True,,
38923,vehicles/38923.json,True,,
38928,vehicles/38928.json,True,,
38929,vehicles/38929.json,True,,
38932,vehicles/38932.json,True,,
38959,vehicles/38959.json,True,,
38960,vehicles/38960.json,True,,
38966,vehicles/38966.json,True,,
38967,vehicles/38967.json,True,,missing_optional:engine_description
38968,vehicles/38968.json,True,,missing_optional:engine_description
38978,vehicles/38978.json,True,,
38979,vehicles/38979.json,True,,
38980,vehicles/38980.json,True,,
38993,vehicles/38993.json,False,vehicle_class_out_of_scope,missing_optional:engine_description
38996,vehicles/38996.json,False,vehicle_class_out_of_scope,
38999,vehicles/38999.json,True,,missing_optional:engine_description
39003,vehicles/39003.json,True,,
39008,vehicles/39008.json,True,,
39009,vehicles/39009.json,True,,
39011,vehicles/39011.json,True,,
39013,vehicles/39013.json,False,secondary_fuel_present|alternative_technology_present,
39015,vehicles/39015.json,True,,
39016,vehicles/39016.json,True,,
39017,vehicles/39017.json,True,,
39019,vehicles/39019.json,False,secondary_fuel_present|alternative_technology_present,
39028,vehicles/39028.json,True,,
39029,vehicles/39029.json,True,,
39030,vehicles/39030.json,False,secondary_fuel_present|alternative_technology_present,
39031,vehicles/39031.json,True,,
39034,vehicles/39034.json,True,,
39035,vehicles/39035.json,True,,
39038,vehicles/39038.json,True,,
39039,vehicles/39039.json,True,,
39050,vehicles/39050.json,True,,missing_optional:engine_description
39051,vehicles/39051.json,False,secondary_fuel_present|alternative_technology_present,
39052,vehicles/39052.json,True,,missing_optional:engine_description
39053,vehicles/39053.json,True,,missing_optional:engine_description
39054,vehicles/39054.json,False,secondary_fuel_present|alternative_technology_present,
39055,vehicles/39055.json,True,,missing_optional:engine_description
39056,vehicles/39056.json,False,secondary_fuel_present|alternative_technology_present,
39057,vehicles/39057.json,True,,missing_optional:engine_description
39058,vehicles/39058.json,True,,missing_optional:engine_description
39059,vehicles/39059.json,True,,
39060,vehicles/39060.json,True,,missing_optional:engine_description
39061,vehicles/39061.json,True,,missing_optional:engine_description
39062,vehicles/39062.json,False,secondary_fuel_present|alternative_technology_present,
39066,vehicles/39066.json,True,,missing_optional:engine_description
39067,vehicles/39067.json,False,vehicle_class_out_of_scope,
39068,vehicles/39068.json,False,vehicle_class_out_of_scope,
39085,vehicles/39085.json,False,vehicle_class_out_of_scope,
39086,vehicles/39086.json,False,vehicle_class_out_of_scope,
39087,vehicles/39087.json,False,vehicle_class_out_of_scope,
39091,vehicles/39091.json,True,,
39092,vehicles/39092.json,True,,missing_optional:engine_description
39093,vehicles/39093.json,False,secondary_fuel_present|alternative_technology_present,
39094,vehicles/39094.json,True,,missing_optional:engine_description
39109,vehicles/39109.json,True,,
39110,vehicles/39110.json,True,,
39114,vehicles/39114.json,True,,
39122,vehicles/39122.json,True,,
39123,vehicles/39123.json,True,,
39124,vehicles/39124.json,True,,
39126,vehicles/39126.json,True,,
39127,vehicles/39127.json,True,,
39133,vehicles/39133.json,True,,
39149,vehicles/39149.json,True,,missing_optional:engine_description
39150,vehicles/39150.json,True,,missing_optional:engine_description
39151,vehicles/39151.json,True,,missing_optional:engine_description
39152,vehicles/39152.json,True,,missing_optional:engine_description
39159,vehicles/39159.json,False,alternative_technology_present|electric_motor_present|hybrid_text_signal,missing_optional:engine_description
39167,vehicles/39167.json,True,,
39168,vehicles/39168.json,True,,
39169,vehicles/39169.json,True,,
39170,vehicles/39170.json,True,,
39171,vehicles/39171.json,True,,
39174,vehicles/39174.json,True,,
39175,vehicles/39175.json,True,,
39179,vehicles/39179.json,True,,
39183,vehicles/39183.json,True,,
39186,vehicles/39186.json,True,,
39187,vehicles/39187.json,True,,missing_optional:engine_description
39192,vehicles/39192.json,False,primary_fuel_out_of_scope|alternative_technology_present|electric_motor_present|insufficient_engine_specs,missing_optional:displacement_l|missing_optional:cylinders|missing_optional:engine_description
39207,vehicles/39207.json,True,,
39228,vehicles/39228.json,True,,
39229,vehicles/39229.json,True,,
39264,vehicles/39264.json,False,secondary_fuel_present|alternative_technology_present|vehicle_class_out_of_scope,
39266,vehicles/39266.json,False,vehicle_class_out_of_scope,missing_optional:engine_description
39271,vehicles/39271.json,True,,
39278,vehicles/39278.json,True,,
39287,vehicles/39287.json,True,,
39288,vehicles/39288.json,True,,
39289,vehicles/39289.json,True,,
39291,vehicles/39291.json,True,,
39292,vehicles/39292.json,False,alternative_technology_present|electric_motor_present|hybrid_text_signal,
39293,vehicles/39293.json,True,,
39302,vehicles/39302.json,True,,
39305,vehicles/39305.json,True,,
39315,vehicles/39315.json,False,primary_fuel_out_of_scope|alternative_technology_present,missing_optional:engine_description
39320,vehicles/39320.json,False,secondary_fuel_present|alternative_technology_present,
39330,vehicles/39330.json,True,,
39331,vehicles/39331.json,True,,
39352,vehicles/39352.json,True,,
39358,vehicles/39358.json,False,vehicle_class_out_of_scope,missing_optional:engine_description
39361,vehicles/39361.json,False,vehicle_class_out_of_scope,missing_optional:engine_description
39362,vehicles/39362.json,False,vehicle_class_out_of_scope,missing_optional:engine_description
39370,vehicles/39370.json,True,,
39371,vehicles/39371.json,True,,missing_optional:engine_description
39376,vehicles/39376.json,True,,
39382,vehicles/39382.json,False,secondary_fuel_present|alternative_technology_present|electric_motor_present|phev_blended|hybrid_text_signal,
39383,vehicles/39383.json,False,secondary_fuel_present|alternative_technology_present|electric_motor_present|phev_blended|hybrid_text_signal,
39384,vehicles/39384.json,False,primary_fuel_out_of_scope|alternative_technology_present|vehicle_class_out_of_scope,missing_optional:engine_description
39385,vehicles/39385.json,False,primary_fuel_out_of_scope|alternative_technology_present|vehicle_class_out_of_scope,missing_optional:engine_description
39389,vehicles/39389.json,True,,
39394,vehicles/39394.json,True,,
39396,vehicles/39396.json,True,,
39400,vehicles/39400.json,True,,
39401,vehicles/39401.json,True,,
39409,vehicles/39409.json,False,secondary_fuel_present|alternative_technology_present|electric_motor_present|hybrid_text_signal,
39414,vehicles/39414.json,True,,missing_optional:engine_description
39416,vehicles/39416.json,True,,missing_optional:engine_description
39420,vehicles/39420.json,True,,
39421,vehicles/39421.json,True,,
39426,vehicles/39426.json,True,,
39428,vehicles/39428.json,True,,missing_optional:engine_description
39430,vehicles/39430.json,True,,
39431,vehicles/39431.json,False,alternative_technology_present|electric_motor_present|hybrid_text_signal,missing_optional:engine_description
39432,vehicles/39432.json,True,,
39434,vehicles/39434.json,True,,
39440,vehicles/39440.json,True,,
39441,vehicles/39441.json,True,,
39442,vehicles/39442.json,True,,
39443,vehicles/39443.json,True,,
39444,vehicles/39444.json,True,,
39453,vehicles/39453.json,False,secondary_fuel_present|alternative_technology_present|vehicle_class_out_of_scope,
39460,vehicles/39460.json,True,,
39462,vehicles/39462.json,True,,missing_optional:engine_description
39468,vehicles/39468.json,True,,
39476,vehicles/39476.json,True,,
39479,vehicles/39479.json,True,,
39482,vehicles/39482.json,True,,
39483,vehicles/39483.json,False,secondary_fuel_present|alternative_technology_present|electric_motor_present|phev_blended|hybrid_text_signal|vehicle_class_out_of_scope,
39484,vehicles/39484.json,True,,missing_optional:engine_description
39485,vehicles/39485.json,True,,missing_optional:engine_description
39487,vehicles/39487.json,True,,
39493,vehicles/39493.json,True,,missing_optional:engine_description
39497,vehicles/39497.json,True,,
39499,vehicles/39499.json,True,,
39500,vehicles/39500.json,True,,
39501,vehicles/39501.json,True,,
39503,vehicles/39503.json,True,,missing_optional:engine_description
39504,vehicles/39504.json,True,,missing_optional:engine_description
39508,vehicles/39508.json,True,,
39513,vehicles/39513.json,False,secondary_fuel_present|alternative_technology_present|vehicle_class_out_of_scope,
39516,vehicles/39516.json,False,secondary_fuel_present|alternative_technology_present|vehicle_class_out_of_scope,
39518,vehicles/39518.json,True,,
39519,vehicles/39519.json,True,,
39521,vehicles/39521.json,True,,
39523,vehicles/39523.json,True,,missing_optional:engine_description
39527,vehicles/39527.json,True,,missing_optional:engine_description
39528,vehicles/39528.json,True,,
39532,vehicles/39532.json,True,,
39533,vehicles/39533.json,True,,
39534,vehicles/39534.json,True,,
39535,vehicles/39535.json,True,,
39536,vehicles/39536.json,True,,
39537,vehicles/39537.json,True,,missing_optional:engine_description
39538,vehicles/39538.json,True,,
39541,vehicles/39541.json,True,,
39542,vehicles/39542.json,True,,
39546,vehicles/39546.json,True,,
39547,vehicles/39547.json,True,,missing_optional:engine_description
39548,vehicles/39548.json,True,,
39549,vehicles/39549.json,True,,
39550,vehicles/39550.json,True,,
39551,vehicles/39551.json,True,,missing_optional:engine_description
39552,vehicles/39552.json,True,,
39553,vehicles/39553.json,True,,
39554,vehicles/39554.json,True,,missing_optional:engine_description
39557,vehicles/39557.json,True,,
39563,vehicles/39563.json,True,,
39569,vehicles/39569.json,True,,
39572,vehicles/39572.json,True,,
39573,vehicles/39573.json,True,,
39576,vehicles/39576.json,True,,
39577,vehicles/39577.json,True,,
39580,vehicles/39580.json,True,,
39581,vehicles/39581.json,True,,
39588,vehicles/39588.json,True,,
39590,vehicles/39590.json,True,,missing_optional:engine_description
39591,vehicles/39591.json,True,,missing_optional:engine_description
39592,vehicles/39592.json,True,,missing_optional:engine_description
39601,vehicles/39601.json,False,secondary_fuel_present|alternative_technology_present|vehicle_class_out_of_scope,
39603,vehicles/39603.json,False,primary_fuel_out_of_scope|alternative_technology_present|electric_motor_present|insufficient_engine_specs,missing_optional:displacement_l|missing_optional:cylinders|missing_optional:engine_description
39612,vehicles/39612.json,True,,missing_optional:engine_description
39617,vehicles/39617.json,False,alternative_technology_present|electric_motor_present,
39618,vehicles/39618.json,False,alternative_technology_present|electric_motor_present,
39619,vehicles/39619.json,False,secondary_fuel_present|alternative_technology_present|vehicle_class_out_of_scope,
39620,vehicles/39620.json,False,secondary_fuel_present|alternative_technology_present|vehicle_class_out_of_scope,
39624,vehicles/39624.json,True,,
39625,vehicles/39625.json,True,,
39626,vehicles/39626.json,True,,missing_optional:engine_description
39628,vehicles/39628.json,True,,
39629,vehicles/39629.json,True,,
39630,vehicles/39630.json,True,,
39631,vehicles/39631.json,True,,
39632,vehicles/39632.json,True,,
39633,vehicles/39633.json,True,,
39636,vehicles/39636.json,True,,
39639,vehicles/39639.json,True,,
39653,vehicles/39653.json,True,,
39656,vehicles/39656.json,True,,missing_optional:engine_description
39657,vehicles/39657.json,True,,missing_optional:engine_description
39658,vehicles/39658.json,True,,
39660,vehicles/39660.json,True,,
39666,vehicles/39666.json,False,secondary_fuel_present|alternative_technology_present,
39671,vehicles/39671.json,False,vehicle_class_out_of_scope,missing_optional:engine_description
39672,vehicles/39672.json,True,,missing_optional:engine_description
39677,vehicles/39677.json,True,,missing_optional:engine_description
39678,vehicles/39678.json,True,,missing_optional:engine_description
39679,vehicles/39679.json,True,,missing_optional:engine_description
39684,vehicles/39684.json,True,,missing_optional:engine_description
39685,vehicles/39685.json,True,,missing_optional:engine_description
39697,vehicles/39697.json,True,,
39698,vehicles/39698.json,True,,missing_optional:engine_description
39699,vehicles/39699.json,True,,
39708,vehicles/39708.json,True,,
39709,vehicles/39709.json,True,,
39710,vehicles/39710.json,True,,
39714,vehicles/39714.json,False,alternative_technology_present|electric_motor_present|hybrid_text_signal,
39720,vehicles/39720.json,True,,
39722,vehicles/39722.json,True,,
39726,vehicles/39726.json,False,vehicle_class_out_of_scope,
39730,vehicles/39730.json,True,,
39732,vehicles/39732.json,True,,
39736,vehicles/39736.json,True,,
39737,vehicles/39737.json,True,,
39743,vehicles/39743.json,False,vehicle_class_out_of_scope,
39745,vehicles/39745.json,True,,
39748,vehicles/39748.json,True,,
39752,vehicles/39752.json,False,alternative_technology_present|electric_motor_present,missing_optional:engine_description
39754,vehicles/39754.json,True,,
39767,vehicles/39767.json,False,secondary_fuel_present|alternative_technology_present|electric_motor_present|phev_blended|hybrid_text_signal,
39768,vehicles/39768.json,False,secondary_fuel_present|alternative_technology_present|electric_motor_present|phev_blended|hybrid_text_signal,
39769,vehicles/39769.json,False,primary_fuel_out_of_scope|alternative_technology_present|electric_motor_present|insufficient_engine_specs,missing_optional:displacement_l|missing_optional:cylinders|missing_optional:engine_description
39772,vehicles/39772.json,True,,
39774,vehicles/39774.json,True,,missing_optional:engine_description
39775,vehicles/39775.json,False,secondary_fuel_present|alternative_technology_present,
39776,vehicles/39776.json,True,,missing_optional:engine_description
39777,vehicles/39777.json,True,,
39778,vehicles/39778.json,True,,
39779,vehicles/39779.json,True,,missing_optional:engine_description
39780,vehicles/39780.json,True,,missing_optional:engine_description
39783,vehicles/39783.json,False,secondary_fuel_present|alternative_technology_present|electric_motor_present|phev_blended|hybrid_text_signal,
39784,vehicles/39784.json,False,primary_fuel_out_of_scope|alternative_technology_present|electric_motor_present|insufficient_engine_specs,missing_optional:displacement_l|missing_optional:cylinders|missing_optional:engine_description
39785,vehicles/39785.json,False,primary_fuel_out_of_scope|alternative_technology_present|electric_motor_present|insufficient_engine_specs,missing_optional:displacement_l|missing_optional:cylinders|missing_optional:engine_description
39787,vehicles/39787.json,False,alternative_technology_present|electric_motor_present|hybrid_text_signal,
39797,vehicles/39797.json,True,,
39798,vehicles/39798.json,True,,
39804,vehicles/39804.json,True,,missing_optional:engine_description
39807,vehicles/39807.json,True,,
39809,vehicles/39809.json,True,,
39811,vehicles/39811.json,True,,missing_optional:engine_description
39812,vehicles/39812.json,True,,missing_optional:engine_description
39815,vehicles/39815.json,True,,
39822,vehicles/39822.json,True,,
39825,vehicles/39825.json,True,,
39828,vehicles/39828.json,True,,
39830,vehicles/39830.json,False,secondary_fuel_present|alternative_technology_present|electric_motor_present|phev_blended|hybrid_text_signal,
39831,vehicles/39831.json,False,primary_fuel_out_of_scope|alternative_technology_present|electric_motor_present|insufficient_engine_specs,missing_optional:displacement_l|missing_optional:cylinders|missing_optional:engine_description
39836,vehicles/39836.json,False,primary_fuel_out_of_scope|alternative_technology_present|electric_motor_present|insufficient_engine_specs,missing_optional:displacement_l|missing_optional:cylinders|missing_optional:engine_description
39837,vehicles/39837.json,False,primary_fuel_out_of_scope|alternative_technology_present|electric_motor_present|insufficient_engine_specs,missing_optional:displacement_l|missing_optional:cylinders|missing_optional:engine_description
39838,vehicles/39838.json,False,primary_fuel_out_of_scope|alternative_technology_present|electric_motor_present|insufficient_engine_specs,missing_optional:displacement_l|missing_optional:cylinders|missing_optional:engine_description
39839,vehicles/39839.json,False,primary_fuel_out_of_scope|alternative_technology_present|electric_motor_present|insufficient_engine_specs,missing_optional:displacement_l|missing_optional:cylinders|missing_optional:engine_description
39840,vehicles/39840.json,False,primary_fuel_out_of_scope|alternative_technology_present|electric_motor_present|insufficient_engine_specs,missing_optional:displacement_l|missing_optional:cylinders|missing_optional:engine_description
39842,vehicles/39842.json,False,primary_fuel_out_of_scope|alternative_technology_present|electric_motor_present|insufficient_engine_specs,missing_optional:displacement_l|missing_optional:cylinders|missing_optional:engine_description
39843,vehicles/39843.json,False,primary_fuel_out_of_scope|alternative_technology_present|electric_motor_present|insufficient_engine_specs,missing_optional:displacement_l|missing_optional:cylinders|missing_optional:engine_description
39844,vehicles/39844.json,True,,
39848,vehicles/39848.json,True,,
39849,vehicles/39849.json,True,,
39851,vehicles/39851.json,True,,
39853,vehicles/39853.json,False,secondary_fuel_present|alternative_technology_present|electric_motor_present|phev_blended|hybrid_text_signal,
39859,vehicles/39859.json,False,vehicle_class_out_of_scope,
39862,vehicles/39862.json,True,,missing_optional:engine_description
39868,vehicles/39868.json,False,primary_fuel_out_of_scope|alternative_technology_present|vehicle_class_out_of_scope,missing_optional:engine_description
39869,vehicles/39869.json,False,primary_fuel_out_of_scope|alternative_technology_present|vehicle_class_out_of_scope,missing_optional:engine_description
39870,vehicles/39870.json,False,alternative_technology_present|electric_motor_present|hybrid_text_signal,missing_optional:engine_description
39871,vehicles/39871.json,False,primary_fuel_out_of_scope|alternative_technology_present|electric_motor_present|insufficient_engine_specs,missing_optional:displacement_l|missing_optional:cylinders|missing_optional:engine_description
39880,vehicles/39880.json,False,primary_fuel_out_of_scope|alternative_technology_present|electric_motor_present|insufficient_engine_specs,missing_optional:displacement_l|missing_optional:cylinders|missing_optional:engine_description
39883,vehicles/39883.json,True,,
39902,vehicles/39902.json,False,primary_fuel_out_of_scope|alternative_technology_present,missing_optional:engine_description
39903,vehicles/39903.json,True,,
39904,vehicles/39904.json,True,,
39905,vehicles/39905.json,True,,
39906,vehicles/39906.json,True,,
39908,vehicles/39908.json,True,,
39909,vehicles/39909.json,True,,
39911,vehicles/39911.json,True,,
39914,vehicles/39914.json,True,,
39922,vehicles/39922.json,True,,
39925,vehicles/39925.json,False,primary_fuel_out_of_scope|alternative_technology_present,missing_optional:engine_description
39928,vehicles/39928.json,False,secondary_fuel_present|alternative_technology_present|electric_motor_present|hybrid_text_signal,
39931,vehicles/39931.json,True,,
39933,vehicles/39933.json,True,,
39935,vehicles/39935.json,True,,
39936,vehicles/39936.json,True,,missing_optional:engine_description
39940,vehicles/39940.json,False,vehicle_class_out_of_scope,missing_optional:engine_description
39941,vehicles/39941.json,False,vehicle_class_out_of_scope,missing_optional:engine_description
39942,vehicles/39942.json,True,,
39943,vehicles/39943.json,True,,
39950,vehicles/39950.json,True,,
39951,vehicles/39951.json,True,,
39954,vehicles/39954.json,True,,missing_optional:engine_description
39955,vehicles/39955.json,True,,missing_optional:engine_description
39956,vehicles/39956.json,True,,missing_optional:engine_description
39957,vehicles/39957.json,True,,missing_optional:engine_description
39959,vehicles/39959.json,False,primary_fuel_out_of_scope|alternative_technology_present|electric_motor_present|insufficient_engine_specs,missing_optional:displacement_l|missing_optional:cylinders|missing_optional:engine_description
39963,vehicles/39963.json,True,,
39964,vehicles/39964.json,True,,
39969,vehicles/39969.json,True,,
39979,vehicles/39979.json,True,,
39980,vehicles/39980.json,True,,
39983,vehicles/39983.json,True,,
39984,vehicles/39984.json,True,,
40005,vehicles/40005.json,True,,
40007,vehicles/40007.json,True,,missing_optional:engine_description
40008,vehicles/40008.json,True,,
40009,vehicles/40009.json,True,,
40010,vehicles/40010.json,True,,
40011,vehicles/40011.json,True,,
40012,vehicles/40012.json,True,,
40013,vehicles/40013.json,True,,
40025,vehicles/40025.json,True,,
40032,vehicles/40032.json,True,,
40034,vehicles/40034.json,True,,
40040,vehicles/40040.json,True,,
40048,vehicles/40048.json,True,,
40051,vehicles/40051.json,True,,
40058,vehicles/40058.json,True,,
40059,vehicles/40059.json,True,,
40060,vehicles/40060.json,True,,
40061,vehicles/40061.json,True,,
40062,vehicles/40062.json,True,,
40063,vehicles/40063.json,True,,
40067,vehicles/40067.json,True,,
40068,vehicles/40068.json,True,,
40069,vehicles/40069.json,True,,
40070,vehicles/40070.json,True,,
40071,vehicles/40071.json,True,,
40072,vehicles/40072.json,True,,
40073,vehicles/40073.json,True,,
40074,vehicles/40074.json,True,,
40076,vehicles/40076.json,True,,
40077,vehicles/40077.json,True,,
40081,vehicles/40081.json,True,,
40082,vehicles/40082.json,True,,
40083,vehicles/40083.json,True,,
40088,vehicles/40088.json,True,,
40089,vehicles/40089.json,False,alternative_technology_present|electric_motor_present|hybrid_text_signal,
40106,vehicles/40106.json,True,,
40110,vehicles/40110.json,True,,
40117,vehicles/40117.json,True,,
40118,vehicles/40118.json,True,,
40119,vehicles/40119.json,True,,
40120,vehicles/40120.json,True,,
40127,vehicles/40127.json,True,,
40132,vehicles/40132.json,True,,
40133,vehicles/40133.json,True,,
40151,vehicles/40151.json,True,,
40153,vehicles/40153.json,True,,missing_optional:engine_description
40156,vehicles/40156.json,True,,
40158,vehicles/40158.json,True,,missing_optional:engine_description
40161,vehicles/40161.json,True,,missing_optional:engine_description
40164,vehicles/40164.json,True,,
40171,vehicles/40171.json,True,,missing_optional:engine_description
40172,vehicles/40172.json,True,,missing_optional:engine_description
40175,vehicles/40175.json,True,,
40184,vehicles/40184.json,True,,
40186,vehicles/40186.json,True,,
40191,vehicles/40191.json,True,,
40192,vehicles/40192.json,True,,
40195,vehicles/40195.json,True,,
40196,vehicles/40196.json,True,,
40207,vehicles/40207.json,True,,
40208,vehicles/40208.json,True,,
40209,vehicles/40209.json,True,,
40210,vehicles/40210.json,False,vehicle_class_out_of_scope,
40211,vehicles/40211.json,False,vehicle_class_out_of_scope,
40214,vehicles/40214.json,True,,
40216,vehicles/40216.json,True,,
40217,vehicles/40217.json,True,,missing_optional:engine_description
40218,vehicles/40218.json,True,,missing_optional:engine_description
40227,vehicles/40227.json,True,,missing_optional:engine_description
40228,vehicles/40228.json,True,,missing_optional:engine_description
40229,vehicles/40229.json,True,,
40230,vehicles/40230.json,True,,missing_optional:engine_description
40231,vehicles/40231.json,True,,missing_optional:engine_description
40235,vehicles/40235.json,True,,
40237,vehicles/40237.json,False,alternative_technology_present|electric_motor_present|hybrid_text_signal,
40240,vehicles/40240.json,False,primary_fuel_out_of_scope|alternative_technology_present,missing_optional:engine_description
40253,vehicles/40253.json,True,,
40254,vehicles/40254.json,True,,
40255,vehicles/40255.json,True,,
40261,vehicles/40261.json,False,vehicle_class_out_of_scope,
40262,vehicles/40262.json,True,,
40272,vehicles/40272.json,True,,
40273,vehicles/40273.json,True,,
40274,vehicles/40274.json,True,,
40275,vehicles/40275.json,True,,
40277,vehicles/40277.json,True,,
40290,vehicles/40290.json,True,,
40303,vehicles/40303.json,True,,
40313,vehicles/40313.json,False,secondary_fuel_present|alternative_technology_present,
40318,vehicles/40318.json,True,,
40333,vehicles/40333.json,True,,
40334,vehicles/40334.json,True,,
40336,vehicles/40336.json,True,,
40337,vehicles/40337.json,True,,
40338,vehicles/40338.json,True,,
40341,vehicles/40341.json,True,,
40343,vehicles/40343.json,True,,
40349,vehicles/40349.json,True,,
40358,vehicles/40358.json,True,,
40359,vehicles/40359.json,True,,
40360,vehicles/40360.json,True,,
40370,vehicles/40370.json,True,,missing_optional:engine_description
40371,vehicles/40371.json,True,,missing_optional:engine_description
40372,vehicles/40372.json,True,,missing_optional:engine_description
40373,vehicles/40373.json,True,,missing_optional:engine_description
40374,vehicles/40374.json,True,,missing_optional:engine_description
40382,vehicles/40382.json,True,,missing_optional:engine_description
40383,vehicles/40383.json,True,,missing_optional:engine_description
40384,vehicles/40384.json,False,primary_fuel_out_of_scope|alternative_technology_present|electric_motor_present|insufficient_engine_specs,missing_optional:displacement_l|missing_optional:cylinders|missing_optional:engine_description
40385,vehicles/40385.json,False,primary_fuel_out_of_scope|alternative_technology_present|electric_motor_present|insufficient_engine_specs,missing_optional:displacement_l|missing_optional:cylinders|missing_optional:engine_description
40386,vehicles/40386.json,False,primary_fuel_out_of_scope|alternative_technology_present|electric_motor_present|insufficient_engine_specs,missing_optional:displacement_l|missing_optional:cylinders|missing_optional:engine_description
40388,vehicles/40388.json,False,vehicle_class_out_of_scope,
40392,vehicles/40392.json,False,vehicle_class_out_of_scope,
40394,vehicles/40394.json,False,alternative_technology_present|electric_motor_present|hybrid_text_signal|vehicle_class_out_of_scope,
40396,vehicles/40396.json,False,vehicle_class_out_of_scope,missing_optional:engine_description
40398,vehicles/40398.json,False,secondary_fuel_present|alternative_technology_present|vehicle_class_out_of_scope,
40405,vehicles/40405.json,False,secondary_fuel_present|alternative_technology_present|electric_motor_present|phev_blended|hybrid_text_signal,
40409,vehicles/40409.json,True,,
40411,vehicles/40411.json,True,,
40412,vehicles/40412.json,True,,
40416,vehicles/40416.json,True,,
40418,vehicles/40418.json,True,,
40419,vehicles/40419.json,True,,missing_optional:engine_description
40422,vehicles/40422.json,True,,missing_optional:engine_description
40423,vehicles/40423.json,True,,missing_optional:engine_description
40433,vehicles/40433.json,True,,
40435,vehicles/40435.json,True,,missing_optional:engine_description
40438,vehicles/40438.json,True,,
40450,vehicles/40450.json,True,,
40451,vehicles/40451.json,True,,
40454,vehicles/40454.json,True,,
40455,vehicles/40455.json,True,,
40465,vehicles/40465.json,True,,
40466,vehicles/40466.json,True,,
40473,vehicles/40473.json,False,primary_fuel_out_of_scope|alternative_technology_present,missing_optional:engine_description
40474,vehicles/40474.json,True,,
40482,vehicles/40482.json,True,,
40490,vehicles/40490.json,True,,missing_optional:engine_description
40491,vehicles/40491.json,True,,missing_optional:engine_description
40493,vehicles/40493.json,True,,
40498,vehicles/40498.json,True,,
40499,vehicles/40499.json,True,,
40500,vehicles/40500.json,True,,
40502,vehicles/40502.json,False,primary_fuel_out_of_scope|alternative_technology_present|vehicle_class_out_of_scope,missing_optional:engine_description
40508,vehicles/40508.json,False,secondary_fuel_present|alternative_technology_present|vehicle_class_out_of_scope,
40511,vehicles/40511.json,True,,
40512,vehicles/40512.json,True,,
40514,vehicles/40514.json,False,primary_fuel_out_of_scope|alternative_technology_present,missing_optional:engine_description
40516,vehicles/40516.json,True,,missing_optional:engine_description
40517,vehicles/40517.json,True,,missing_optional:engine_description
40521,vehicles/40521.json,False,primary_fuel_out_of_scope|alternative_technology_present,missing_optional:engine_description
40523,vehicles/40523.json,True,,missing_optional:engine_description
40524,vehicles/40524.json,True,,missing_optional:engine_description
40529,vehicles/40529.json,True,,
40530,vehicles/40530.json,True,,
40537,vehicles/40537.json,True,,
40538,vehicles/40538.json,True,,
40544,vehicles/40544.json,False,vehicle_class_out_of_scope,missing_optional:engine_description
40545,vehicles/40545.json,False,vehicle_class_out_of_scope,
40549,vehicles/40549.json,True,,missing_optional:engine_description
40550,vehicles/40550.json,True,,missing_optional:engine_description
40554,vehicles/40554.json,False,secondary_fuel_present|alternative_technology_present,
40559,vehicles/40559.json,True,,
40560,vehicles/40560.json,True,,
40563,vehicles/40563.json,True,,
40569,vehicles/40569.json,True,,
40570,vehicles/40570.json,True,,
40572,vehicles/40572.json,True,,
40575,vehicles/40575.json,True,,
40581,vehicles/40581.json,True,,
40582,vehicles/40582.json,False,primary_fuel_out_of_scope|alternative_technology_present,missing_optional:engine_description
40583,vehicles/40583.json,True,,
40584,vehicles/40584.json,True,,
40587,vehicles/40587.json,True,,
40595,vehicles/40595.json,True,,
40610,vehicles/40610.json,True,,missing_optional:engine_description
40611,vehicles/40611.json,False,secondary_fuel_present|alternative_technology_present,
40612,vehicles/40612.json,True,,missing_optional:engine_description
40613,vehicles/40613.json,True,,missing_optional:engine_description
40614,vehicles/40614.json,False,secondary_fuel_present|alternative_technology_present,
40615,vehicles/40615.json,True,,missing_optional:engine_description
40616,vehicles/40616.json,False,secondary_fuel_present|alternative_technology_present,
40617,vehicles/40617.json,True,,missing_optional:engine_description
40618,vehicles/40618.json,True,,missing_optional:engine_description
40625,vehicles/40625.json,True,,missing_optional:engine_description
40636,vehicles/40636.json,True,,
40637,vehicles/40637.json,True,,
40638,vehicles/40638.json,True,,
40653,vehicles/40653.json,False,primary_fuel_out_of_scope|alternative_technology_present|vehicle_class_out_of_scope,missing_optional:engine_description
40654,vehicles/40654.json,False,vehicle_class_out_of_scope,
40655,vehicles/40655.json,False,vehicle_class_out_of_scope,missing_optional:engine_description
40660,vehicles/40660.json,True,,
40661,vehicles/40661.json,True,,
40662,vehicles/40662.json,True,,
40664,vehicles/40664.json,True,,
40665,vehicles/40665.json,True,,
40667,vehicles/40667.json,True,,
40668,vehicles/40668.json,True,,missing_optional:engine_description
40669,vehicles/40669.json,True,,missing_optional:engine_description
40671,vehicles/40671.json,True,,missing_optional:engine_description
40672,vehicles/40672.json,True,,missing_optional:engine_description
40673,vehicles/40673.json,True,,missing_optional:engine_description
40674,vehicles/40674.json,True,,missing_optional:engine_description
40676,vehicles/40676.json,True,,
40680,vehicles/40680.json,True,,missing_optional:engine_description
40683,vehicles/40683.json,True,,
40684,vehicles/40684.json,True,,
40691,vehicles/40691.json,True,,missing_optional:engine_description
40692,vehicles/40692.json,True,,missing_optional:engine_description
40694,vehicles/40694.json,True,,
40695,vehicles/40695.json,True,,
40699,vehicles/40699.json,True,,missing_optional:engine_description
40700,vehicles/40700.json,True,,
40705,vehicles/40705.json,True,,
40706,vehicles/40706.json,True,,
40709,vehicles/40709.json,True,,
40713,vehicles/40713.json,False,alternative_technology_present|electric_motor_present|hybrid_text_signal,
40714,vehicles/40714.json,True,,
40718,vehicles/40718.json,False,alternative_technology_present|electric_motor_present|hybrid_text_signal,
40719,vehicles/40719.json,True,,
40724,vehicles/40724.json,True,,
40725,vehicles/40725.json,True,,
40728,vehicles/40728.json,True,,
40729,vehicles/40729.json,True,,
40730,vehicles/40730.json,False,vehicle_class_out_of_scope,
40731,vehicles/40731.json,False,vehicle_class_out_of_scope,missing_optional:engine_description
40736,vehicles/40736.json,False,alternative_technology_present|electric_motor_present|hybrid_text_signal|vehicle_class_out_of_scope,
40737,vehicles/40737.json,False,alternative_technology_present|electric_motor_present|hybrid_text_signal|vehicle_class_out_of_scope,
40742,vehicles/40742.json,True,,missing_optional:engine_description
40743,vehicles/40743.json,True,,missing_optional:engine_description
40744,vehicles/40744.json,True,,missing_optional:engine_description
40748,vehicles/40748.json,True,,missing_optional:engine_description
40749,vehicles/40749.json,True,,missing_optional:engine_description
40750,vehicles/40750.json,True,,
40753,vehicles/40753.json,True,,missing_optional:engine_description
40754,vehicles/40754.json,True,,missing_optional:engine_description
40755,vehicles/40755.json,True,,
40757,vehicles/40757.json,True,,
40758,vehicles/40758.json,True,,
40759,vehicles/40759.json,True,,
40776,vehicles/40776.json,True,,
40778,vehicles/40778.json,True,,
40779,vehicles/40779.json,True,,
40780,vehicles/40780.json,True,,
40799,vehicles/40799.json,True,,
40812,vehicles/40812.json,False,primary_fuel_out_of_scope|alternative_technology_present|electric_motor_present|insufficient_engine_specs,missing_optional:displacement_l|missing_optional:cylinders|missing_optional:engine_description
40813,vehicles/40813.json,True,,missing_optional:engine_description
40814,vehicles/40814.json,True,,missing_optional:engine_description
40815,vehicles/40815.json,True,,
40816,vehicles/40816.json,True,,
40830,vehicles/40830.json,False,secondary_fuel_present|alternative_technology_present|electric_motor_present|phev_blended|hybrid_text_signal|vehicle_class_out_of_scope,
40833,vehicles/40833.json,True,,
40835,vehicles/40835.json,True,,
40849,vehicles/40849.json,True,,
40851,vehicles/40851.json,False,vehicle_class_out_of_scope,missing_optional:engine_description
40856,vehicles/40856.json,True,,
40857,vehicles/40857.json,True,,
40858,vehicles/40858.json,True,,
40865,vehicles/40865.json,True,,missing_optional:engine_description
40866,vehicles/40866.json,True,,
40869,vehicles/40869.json,True,,
40882,vehicles/40882.json,True,,
40883,vehicles/40883.json,True,,
40897,vehicles/40897.json,True,,
40898,vehicles/40898.json,True,,
40899,vehicles/40899.json,True,,
40900,vehicles/40900.json,True,,missing_optional:engine_description
40901,vehicles/40901.json,True,,missing_optional:engine_description
40906,vehicles/40906.json,False,vehicle_class_out_of_scope,missing_optional:engine_description
40914,vehicles/40914.json,True,,
40921,vehicles/40921.json,True,,missing_optional:engine_description
40922,vehicles/40922.json,True,,
40923,vehicles/40923.json,True,,
40930,vehicles/40930.json,True,,missing_optional:engine_description
40934,vehicles/40934.json,False,alternative_technology_present|electric_motor_present|hybrid_text_signal,
40938,vehicles/40938.json,True,,missing_optional:engine_description
40939,vehicles/40939.json,True,,missing_optional:engine_description
40940,vehicles/40940.json,True,,missing_optional:engine_description
40960,vehicles/40960.json,False,vehicle_class_out_of_scope,missing_optional:engine_description
40964,vehicles/40964.json,False,vehicle_class_out_of_scope,
40974,vehicles/40974.json,True,,
40987,vehicles/40987.json,True,,
40988,vehicles/40988.json,True,,
40989,vehicles/40989.json,True,,
40990,vehicles/40990.json,True,,
40994,vehicles/40994.json,True,,
40998,vehicles/40998.json,True,,
40999,vehicles/40999.json,True,,
41000,vehicles/41000.json,True,,
41002,vehicles/41002.json,True,,
41007,vehicles/41007.json,True,,
41008,vehicles/41008.json,False,alternative_technology_present|electric_motor_present|hybrid_text_signal,
41026,vehicles/41026.json,False,vehicle_class_out_of_scope,
41032,vehicles/41032.json,False,vehicle_class_out_of_scope,
41033,vehicles/41033.json,False,vehicle_class_out_of_scope,
41036,vehicles/41036.json,False,secondary_fuel_present|alternative_technology_present|vehicle_class_out_of_scope,
41041,vehicles/41041.json,True,,
41042,vehicles/41042.json,True,,
41047,vehicles/41047.json,True,,
41048,vehicles/41048.json,True,,
41049,vehicles/41049.json,False,alternative_technology_present|electric_motor_present|hybrid_text_signal,
41057,vehicles/41057.json,True,,missing_optional:engine_description
41060,vehicles/41060.json,False,primary_fuel_out_of_scope|alternative_technology_present|electric_motor_present|insufficient_engine_specs,missing_optional:displacement_l|missing_optional:cylinders|missing_optional:engine_description
41075,vehicles/41075.json,True,,
41076,vehicles/41076.json,True,,
41077,vehicles/41077.json,True,,
41080,vehicles/41080.json,True,,missing_optional:engine_description
41085,vehicles/41085.json,True,,
41089,vehicles/41089.json,True,,
41092,vehicles/41092.json,True,,
41094,vehicles/41094.json,True,,
41095,vehicles/41095.json,True,,
41096,vehicles/41096.json,True,,
41097,vehicles/41097.json,True,,
41109,vehicles/41109.json,False,vehicle_class_out_of_scope,missing_optional:engine_description
41116,vehicles/41116.json,False,vehicle_class_out_of_scope,missing_optional:engine_description
41120,vehicles/41120.json,False,vehicle_class_out_of_scope,
41126,vehicles/41126.json,True,,
41127,vehicles/41127.json,True,,
41133,vehicles/41133.json,False,secondary_fuel_present|alternative_technology_present|electric_motor_present|phev_blended|hybrid_text_signal,
41135,vehicles/41135.json,True,,missing_optional:engine_description
41136,vehicles/41136.json,True,,
41142,vehicles/41142.json,True,,
41143,vehicles/41143.json,False,primary_fuel_out_of_scope|alternative_technology_present|electric_motor_present|insufficient_engine_specs,missing_optional:displacement_l|missing_optional:cylinders|missing_optional:engine_description
41146,vehicles/41146.json,True,,
41147,vehicles/41147.json,True,,missing_optional:engine_description
41148,vehicles/41148.json,True,,missing_optional:engine_description
41149,vehicles/41149.json,True,,missing_optional:engine_description
41150,vehicles/41150.json,True,,missing_optional:engine_description
41151,vehicles/41151.json,True,,missing_optional:engine_description
41152,vehicles/41152.json,True,,missing_optional:engine_description
41154,vehicles/41154.json,True,,
41156,vehicles/41156.json,True,,
41158,vehicles/41158.json,True,,
41163,vehicles/41163.json,False,alternative_technology_present|electric_motor_present|hybrid_text_signal,
41164,vehicles/41164.json,True,,missing_optional:engine_description
41165,vehicles/41165.json,True,,missing_optional:engine_description
41168,vehicles/41168.json,False,vehicle_class_out_of_scope,
41176,vehicles/41176.json,True,,missing_optional:engine_description
41181,vehicles/41181.json,True,,missing_optional:engine_description
41182,vehicles/41182.json,True,,
41183,vehicles/41183.json,False,secondary_fuel_present|alternative_technology_present|electric_motor_present|phev_blended|hybrid_text_signal,
41184,vehicles/41184.json,False,secondary_fuel_present|alternative_technology_present|electric_motor_present|phev_blended|hybrid_text_signal,
41186,vehicles/41186.json,False,primary_fuel_out_of_scope|alternative_technology_present|electric_motor_present|insufficient_engine_specs,missing_optional:displacement_l|missing_optional:cylinders|missing_optional:engine_description
41187,vehicles/41187.json,False,primary_fuel_out_of_scope|alternative_technology_present|electric_motor_present|insufficient_engine_specs,missing_optional:displacement_l|missing_optional:cylinders|missing_optional:engine_description
41189,vehicles/41189.json,False,primary_fuel_out_of_scope|alternative_technology_present|electric_motor_present|insufficient_engine_specs,missing_optional:displacement_l|missing_optional:cylinders|missing_optional:engine_description
41190,vehicles/41190.json,False,primary_fuel_out_of_scope|alternative_technology_present|electric_motor_present|insufficient_engine_specs,missing_optional:displacement_l|missing_optional:cylinders|missing_optional:engine_description
41191,vehicles/41191.json,False,primary_fuel_out_of_scope|alternative_technology_present|electric_motor_present|insufficient_engine_specs,missing_optional:displacement_l|missing_optional:cylinders|missing_optional:engine_description
41193,vehicles/41193.json,False,primary_fuel_out_of_scope|alternative_technology_present|electric_motor_present|insufficient_engine_specs,missing_optional:displacement_l|missing_optional:cylinders|missing_optional:engine_description
41194,vehicles/41194.json,False,primary_fuel_out_of_scope|alternative_technology_present|electric_motor_present|insufficient_engine_specs,missing_optional:displacement_l|missing_optional:cylinders|missing_optional:engine_description
41195,vehicles/41195.json,False,primary_fuel_out_of_scope|alternative_technology_present|electric_motor_present|insufficient_engine_specs,missing_optional:displacement_l|missing_optional:cylinders|missing_optional:engine_description
41201,vehicles/41201.json,True,,
41204,vehicles/41204.json,True,,
41205,vehicles/41205.json,True,,
41206,vehicles/41206.json,True,,
41207,vehicles/41207.json,True,,
41211,vehicles/41211.json,False,secondary_fuel_present|alternative_technology_present|electric_motor_present|hybrid_text_signal,
41221,vehicles/41221.json,True,,missing_optional:engine_description
41229,vehicles/41229.json,True,,
41232,vehicles/41232.json,True,,
41237,vehicles/41237.json,True,,
41239,vehicles/41239.json,True,,
41241,vehicles/41241.json,True,,
41242,vehicles/41242.json,True,,
41245,vehicles/41245.json,True,,
41247,vehicles/41247.json,True,,
41250,vehicles/41250.json,True,,
41251,vehicles/41251.json,True,,
41256,vehicles/41256.json,True,,
41257,vehicles/41257.json,True,,missing_optional:engine_description
41258,vehicles/41258.json,True,,missing_optional:engine_description
41259,vehicles/41259.json,True,,
41260,vehicles/41260.json,True,,
41261,vehicles/41261.json,False,vehicle_class_out_of_scope,missing_optional:engine_description
41262,vehicles/41262.json,False,vehicle_class_out_of_scope,missing_optional:engine_description
41263,vehicles/41263.json,True,,
41264,vehicles/41264.json,True,,
41265,vehicles/41265.json,True,,
41269,vehicles/41269.json,True,,
41271,vehicles/41271.json,True,,
41272,vehicles/41272.json,True,,
41273,vehicles/41273.json,False,alternative_technology_present|electric_motor_present|hybrid_text_signal|vehicle_class_out_of_scope,
41277,vehicles/41277.json,False,primary_fuel_out_of_scope|alternative_technology_present|electric_motor_present|insufficient_engine_specs,missing_optional:displacement_l|missing_optional:cylinders|missing_optional:engine_description
41279,vehicles/41279.json,True,,
41280,vehicles/41280.json,True,,
41303,vehicles/41303.json,True,,
41304,vehicles/41304.json,True,,
41305,vehicles/41305.json,True,,
41320,vehicles/41320.json,True,,
41321,vehicles/41321.json,True,,
41322,vehicles/41322.json,True,,
41334,vehicles/41334.json,True,,
41336,vehicles/41336.json,True,,
41338,vehicles/41338.json,True,,
41342,vehicles/41342.json,True,,
41343,vehicles/41343.json,True,,
41355,vehicles/41355.json,True,,
41366,vehicles/41366.json,True,,
41375,vehicles/41375.json,True,,missing_optional:engine_description
41376,vehicles/41376.json,True,,missing_optional:engine_description
41379,vehicles/41379.json,True,,
41380,vehicles/41380.json,True,,
41381,vehicles/41381.json,True,,missing_optional:engine_description
41382,vehicles/41382.json,True,,missing_optional:engine_description
41383,vehicles/41383.json,True,,
41384,vehicles/41384.json,True,,
41393,vehicles/41393.json,False,primary_fuel_out_of_scope|alternative_technology_present|electric_motor_present|insufficient_engine_specs,missing_optional:displacement_l|missing_optional:cylinders|missing_optional:engine_description
41394,vehicles/41394.json,True,,missing_optional:engine_description
41396,vehicles/41396.json,True,,
41397,vehicles/41397.json,True,,
41400,vehicles/41400.json,True,,missing_optional:engine_description
41401,vehicles/41401.json,True,,missing_optional:engine_description
41403,vehicles/41403.json,True,,
41407,vehicles/41407.json,False,vehicle_class_out_of_scope,
41409,vehicles/41409.json,True,,
41410,vehicles/41410.json,True,,
41413,vehicles/41413.json,False,primary_fuel_out_of_scope|alternative_technology_present|electric_motor_present|insufficient_engine_specs,missing_optional:displacement_l|missing_optional:cylinders|missing_optional:engine_description
41415,vehicles/41415.json,False,primary_fuel_out_of_scope|alternative_technology_present|electric_motor_present|insufficient_engine_specs,missing_optional:displacement_l|missing_optional:cylinders|missing_optional:engine_description
41416,vehicles/41416.json,False,primary_fuel_out_of_scope|alternative_technology_present|electric_motor_present|insufficient_engine_specs,missing_optional:displacement_l|missing_optional:cylinders|missing_optional:engine_description
41418,vehicles/41418.json,False,primary_fuel_out_of_scope|alternative_technology_present|electric_motor_present|insufficient_engine_specs,missing_optional:displacement_l|missing_optional:cylinders|missing_optional:engine_description
41419,vehicles/41419.json,False,primary_fuel_out_of_scope|alternative_technology_present|electric_motor_present|insufficient_engine_specs,missing_optional:displacement_l|missing_optional:cylinders|missing_optional:engine_description
41420,vehicles/41420.json,True,,
41421,vehicles/41421.json,True,,
41423,vehicles/41423.json,True,,
41424,vehicles/41424.json,True,,
41427,vehicles/41427.json,True,,
41429,vehicles/41429.json,True,,
41431,vehicles/41431.json,True,,
41434,vehicles/41434.json,False,primary_fuel_out_of_scope|alternative_technology_present|vehicle_class_out_of_scope,missing_optional:engine_description
41435,vehicles/41435.json,False,primary_fuel_out_of_scope|alternative_technology_present,missing_optional:engine_description
41438,vehicles/41438.json,True,,
41439,vehicles/41439.json,True,,
41440,vehicles/41440.json,True,,
41441,vehicles/41441.json,True,,
41442,vehicles/41442.json,True,,
41453,vehicles/41453.json,True,,
41457,vehicles/41457.json,True,,missing_optional:engine_description
41461,vehicles/41461.json,True,,
41462,vehicles/41462.json,True,,
41463,vehicles/41463.json,True,,
41468,vehicles/41468.json,False,vehicle_class_out_of_scope,
41471,vehicles/41471.json,False,secondary_fuel_present|alternative_technology_present|vehicle_class_out_of_scope,
41472,vehicles/41472.json,False,vehicle_class_out_of_scope,missing_optional:engine_description
41474,vehicles/41474.json,False,vehicle_class_out_of_scope,missing_optional:engine_description
41478,vehicles/41478.json,True,,missing_optional:engine_description
41479,vehicles/41479.json,True,,
41480,vehicles/41480.json,True,,
41481,vehicles/41481.json,False,alternative_technology_present|electric_motor_present|hybrid_text_signal,
41483,vehicles/41483.json,True,,
41486,vehicles/41486.json,True,,
41488,vehicles/41488.json,True,,
41493,vehicles/41493.json,True,,
41494,vehicles/41494.json,True,,
41496,vehicles/41496.json,True,,
41498,vehicles/41498.json,True,,
41502,vehicles/41502.json,True,,
41503,vehicles/41503.json,True,,
41508,vehicles/41508.json,True,,
41518,vehicles/41518.json,True,,missing_optional:engine_description
41520,vehicles/41520.json,True,,missing_optional:engine_description
41528,vehicles/41528.json,True,,
41530,vehicles/41530.json,True,,
41534,vehicles/41534.json,True,,
41542,vehicles/41542.json,True,,
41543,vehicles/41543.json,True,,
41544,vehicles/41544.json,True,,
41546,vehicles/41546.json,True,,
41547,vehicles/41547.json,True,,
41548,vehicles/41548.json,True,,
41549,vehicles/41549.json,True,,
41550,vehicles/41550.json,True,,
41553,vehicles/41553.json,True,,missing_optional:engine_description
41556,vehicles/41556.json,True,,missing_optional:engine_description
41558,vehicles/41558.json,True,,
41564,vehicles/41564.json,True,,
41565,vehicles/41565.json,True,,
41566,vehicles/41566.json,True,,
41571,vehicles/41571.json,True,,
41572,vehicles/41572.json,False,secondary_fuel_present|alternative_technology_present,
41574,vehicles/41574.json,True,,
41576,vehicles/41576.json,True,,
41580,vehicles/41580.json,True,,
41583,vehicles/41583.json,True,,
41593,vehicles/41593.json,False,primary_fuel_out_of_scope|alternative_technology_present,missing_optional:engine_description
41595,vehicles/41595.json,True,,
41596,vehicles/41596.json,True,,
41598,vehicles/41598.json,True,,
41600,vehicles/41600.json,True,,
41608,vehicles/41608.json,True,,missing_optional:engine_description
41609,vehicles/41609.json,True,,missing_optional:engine_description
41611,vehicles/41611.json,True,,
41613,vehicles/41613.json,True,,
41634,vehicles/41634.json,False,primary_fuel_out_of_scope|alternative_technology_present,missing_optional:engine_description
41636,vehicles/41636.json,True,,
41639,vehicles/41639.json,True,,
41641,vehicles/41641.json,True,,
41645,vehicles/41645.json,True,,
41647,vehicles/41647.json,True,,
41650,vehicles/41650.json,True,,missing_optional:engine_description
41652,vehicles/41652.json,False,alternative_technology_present|electric_motor_present|hybrid_text_signal|vehicle_class_out_of_scope,
41654,vehicles/41654.json,False,alternative_technology_present|electric_motor_present|hybrid_text_signal|vehicle_class_out_of_scope,
41655,vehicles/41655.json,False,alternative_technology_present|electric_motor_present|hybrid_text_signal|vehicle_class_out_of_scope,
41656,vehicles/41656.json,False,alternative_technology_present|electric_motor_present|hybrid_text_signal|vehicle_class_out_of_scope,
41657,vehicles/41657.json,False,vehicle_class_out_of_scope,missing_optional:engine_description
41662,vehicles/41662.json,True,,missing_optional:engine_description
41663,vehicles/41663.json,True,,
41665,vehicles/41665.json,False,alternative_technology_present|electric_motor_present|hybrid_text_signal,
41667,vehicles/41667.json,True,,
41670,vehicles/41670.json,True,,
41671,vehicles/41671.json,True,,missing_optional:engine_description
41672,vehicles/41672.json,True,,missing_optional:engine_description
41678,vehicles/41678.json,False,alternative_technology_present|electric_motor_present|hybrid_text_signal,
41679,vehicles/41679.json,True,,missing_optional:engine_description
41683,vehicles/41683.json,True,,
41685,vehicles/41685.json,True,,
41686,vehicles/41686.json,True,,
41688,vehicles/41688.json,True,,
41689,vehicles/41689.json,True,,
41690,vehicles/41690.json,True,,
41691,vehicles/41691.json,True,,
41692,vehicles/41692.json,True,,
41693,vehicles/41693.json,True,,
41694,vehicles/41694.json,True,,
41695,vehicles/41695.json,True,,
41696,vehicles/41696.json,True,,
41704,vehicles/41704.json,False,alternative_technology_present|electric_motor_present|hybrid_text_signal,
41706,vehicles/41706.json,True,,
41709,vehicles/41709.json,True,,
41714,vehicles/41714.json,False,alternative_technology_present|electric_motor_present|hybrid_text_signal,
41729,vehicles/41729.json,True,,
41730,vehicles/41730.json,True,,
41731,vehicles/41731.json,True,,
41732,vehicles/41732.json,True,,
41733,vehicles/41733.json,True,,
41737,vehicles/41737.json,True,,
41738,vehicles/41738.json,True,,
41747,vehicles/41747.json,True,,
41748,vehicles/41748.json,True,,
41750,vehicles/41750.json,True,,
41751,vehicles/41751.json,True,,
41752,vehicles/41752.json,True,,
41754,vehicles/41754.json,True,,
41755,vehicles/41755.json,True,,
41756,vehicles/41756.json,True,,missing_optional:engine_description
41763,vehicles/41763.json,True,,
41764,vehicles/41764.json,True,,missing_optional:engine_description
41765,vehicles/41765.json,False,alternative_technology_present|electric_motor_present|hybrid_text_signal,
41766,vehicles/41766.json,True,,
41767,vehicles/41767.json,True,,missing_optional:engine_description
41768,vehicles/41768.json,True,,missing_optional:engine_description
41769,vehicles/41769.json,True,,
41770,vehicles/41770.json,True,,missing_optional:engine_description
41778,vehicles/41778.json,True,,missing_optional:engine_description
41779,vehicles/41779.json,True,,missing_optional:engine_description
41784,vehicles/41784.json,True,,
41785,vehicles/41785.json,True,,
41786,vehicles/41786.json,True,,
41787,vehicles/41787.json,True,,
41804,vehicles/41804.json,True,,
41805,vehicles/41805.json,True,,
41806,vehicles/41806.json,True,,
41807,vehicles/41807.json,True,,
41815,vehicles/41815.json,True,,
41846,vehicles/41846.json,False,vehicle_class_out_of_scope,
41848,vehicles/41848.json,False,vehicle_class_out_of_scope,
41850,vehicles/41850.json,False,vehicle_class_out_of_scope,
41851,vehicles/41851.json,False,vehicle_class_out_of_scope,
41853,vehicles/41853.json,False,vehicle_class_out_of_scope,
41855,vehicles/41855.json,False,primary_fuel_out_of_scope|alternative_technology_present|vehicle_class_out_of_scope,missing_optional:engine_description
41857,vehicles/41857.json,False,vehicle_class_out_of_scope,
41858,vehicles/41858.json,False,vehicle_class_out_of_scope,
41868,vehicles/41868.json,True,,
41874,vehicles/41874.json,True,,
41880,vehicles/41880.json,True,,missing_optional:engine_description
41883,vehicles/41883.json,True,,
41890,vehicles/41890.json,True,,
41893,vehicles/41893.json,False,vehicle_class_out_of_scope,missing_optional:engine_description
41894,vehicles/41894.json,False,vehicle_class_out_of_scope,missing_optional:engine_description
41897,vehicles/41897.json,True,,
41902,vehicles/41902.json,True,,missing_optional:engine_description
41903,vehicles/41903.json,True,,missing_optional:engine_description
41904,vehicles/41904.json,True,,missing_optional:engine_description
41905,vehicles/41905.json,True,,missing_optional:engine_description
41906,vehicles/41906.json,True,,missing_optional:engine_description
41909,vehicles/41909.json,True,,
41911,vehicles/41911.json,True,,
41914,vehicles/41914.json,True,,missing_optional:engine_description
41923,vehicles/41923.json,True,,
41925,vehicles/41925.json,True,,
41940,vehicles/41940.json,True,,
41943,vehicles/41943.json,False,secondary_fuel_present|alternative_technology_present|electric_motor_present|phev_blended|hybrid_text_signal|vehicle_class_out_of_scope,
41945,vehicles/41945.json,False,secondary_fuel_present|alternative_technology_present|electric_motor_present|phev_blended|hybrid_text_signal,
41946,vehicles/41946.json,False,secondary_fuel_present|alternative_technology_present|electric_motor_present|phev_blended|hybrid_text_signal,
41947,vehicles/41947.json,False,secondary_fuel_present|alternative_technology_present|electric_motor_present|phev_blended|hybrid_text_signal,
41949,vehicles/41949.json,True,,
41950,vehicles/41950.json,True,,
41963,vehicles/41963.json,False,secondary_fuel_present|alternative_technology_present|vehicle_class_out_of_scope,
41966,vehicles/41966.json,True,,
41967,vehicles/41967.json,True,,
41968,vehicles/41968.json,True,,
41971,vehicles/41971.json,True,,missing_optional:engine_description
41976,vehicles/41976.json,True,,missing_optional:engine_description
41978,vehicles/41978.json,False,secondary_fuel_present|alternative_technology_present|electric_motor_present|hybrid_text_signal,
41980,vehicles/41980.json,True,,
41982,vehicles/41982.json,True,,
41988,vehicles/41988.json,True,,
41989,vehicles/41989.json,True,,
41998,vehicles/41998.json,True,,
42001,vehicles/42001.json,False,alternative_technology_present|electric_motor_present|hybrid_text_signal,
42003,vehicles/42003.json,True,,
42006,vehicles/42006.json,True,,
42007,vehicles/42007.json,True,,
42008,vehicles/42008.json,True,,
42012,vehicles/42012.json,True,,
42019,vehicles/42019.json,True,,
42020,vehicles/42020.json,True,,
42021,vehicles/42021.json,True,,
42022,vehicles/42022.json,True,,
42023,vehicles/42023.json,True,,
42024,vehicles/42024.json,True,,
42025,vehicles/42025.json,True,,
42028,vehicles/42028.json,True,,
42032,vehicles/42032.json,False,vehicle_class_out_of_scope,
42033,vehicles/42033.json,False,vehicle_class_out_of_scope,
42034,vehicles/42034.json,False,vehicle_class_out_of_scope,missing_optional:engine_description
42040,vehicles/42040.json,True,,missing_optional:engine_description
42048,vehicles/42048.json,True,,missing_optional:engine_description
42052,vehicles/42052.json,True,,
42058,vehicles/42058.json,True,,
42064,vehicles/42064.json,True,,
42066,vehicles/42066.json,True,,
42067,vehicles/42067.json,True,,
42068,vehicles/42068.json,True,,
42076,vehicles/42076.json,True,,
42081,vehicles/42081.json,True,,
42082,vehicles/42082.json,True,,
42088,vehicles/42088.json,False,primary_fuel_out_of_scope|alternative_technology_present|electric_motor_present|insufficient_engine_specs,missing_optional:displacement_l|missing_optional:cylinders|missing_optional:engine_description
42097,vehicles/42097.json,True,,missing_optional:engine_description
42099,vehicles/42099.json,True,,
42101,vehicles/42101.json,True,,
42104,vehicles/42104.json,True,,
42107,vehicles/42107.json,True,,
42111,vehicles/42111.json,False,secondary_fuel_present|alternative_technology_present|electric_motor_present|hybrid_text_signal,
42113,vehicles/42113.json,False,secondary_fuel_present|alternative_technology_present|electric_motor_present|hybrid_text_signal,
42117,vehicles/42117.json,True,,
42121,vehicles/42121.json,True,,
42124,vehicles/42124.json,True,,
42127,vehicles/42127.json,True,,
42132,vehicles/42132.json,False,alternative_technology_present|electric_motor_present|hybrid_text_signal,
42136,vehicles/42136.json,True,,
42138,vehicles/42138.json,True,,missing_optional:engine_description
42146,vehicles/42146.json,True,,
42147,vehicles/42147.json,True,,
42148,vehicles/42148.json,True,,
42155,vehicles/42155.json,False,primary_fuel_out_of_scope|alternative_technology_present|vehicle_class_out_of_scope,missing_optional:engine_description
42157,vehicles/42157.json,True,,
42158,vehicles/42158.json,True,,
42159,vehicles/42159.json,True,,
42160,vehicles/42160.json,True,,missing_optional:engine_description
42161,vehicles/42161.json,True,,missing_optional:engine_description
42163,vehicles/42163.json,True,,
42165,vehicles/42165.json,True,,
42166,vehicles/42166.json,True,,
42181,vehicles/42181.json,True,,
42182,vehicles/42182.json,True,,
42183,vehicles/42183.json,True,,
42190,vehicles/42190.json,True,,
42192,vehicles/42192.json,False,alternative_technology_present|electric_motor_present|hybrid_text_signal,
42194,vehicles/42194.json,True,,
42200,vehicles/42200.json,True,,
42205,vehicles/42205.json,True,,
42209,vehicles/42209.json,False,secondary_fuel_present|alternative_technology_present|electric_motor_present|phev_blended|hybrid_text_signal,
42210,vehicles/42210.json,True,,missing_optional:engine_description
42212,vehicles/42212.json,True,,
42216,vehicles/42216.json,True,,
42219,vehicles/42219.json,True,,
42222,vehicles/42222.json,False,alternative_technology_present|electric_motor_present|hybrid_text_signal,
42227,vehicles/42227.json,True,,missing_optional:engine_description
42228,vehicles/42228.json,True,,missing_optional:engine_description
42229,vehicles/42229.json,True,,missing_optional:engine_description
42230,vehicles/42230.json,True,,missing_optional:engine_description
42231,vehicles/42231.json,True,,
42234,vehicles/42234.json,False,alternative_technology_present|electric_motor_present|hybrid_text_signal,
42235,vehicles/42235.json,False,alternative_technology_present|electric_motor_present|hybrid_text_signal,
42248,vehicles/42248.json,True,,
42251,vehicles/42251.json,True,,missing_optional:engine_description
42256,vehicles/42256.json,True,,
42257,vehicles/42257.json,True,,
42262,vehicles/42262.json,True,,
42263,vehicles/42263.json,True,,
42265,vehicles/42265.json,True,,
42270,vehicles/42270.json,True,,
42276,vehicles/42276.json,False,primary_fuel_out_of_scope|alternative_technology_present|electric_motor_present|insufficient_engine_specs,missing_optional:displacement_l|missing_optional:cylinders|missing_optional:engine_description
42277,vehicles/42277.json,False,primary_fuel_out_of_scope|alternative_technology_present|electric_motor_present|insufficient_engine_specs,missing_optional:displacement_l|missing_optional:cylinders|missing_optional:engine_description
42278,vehicles/42278.json,False,primary_fuel_out_of_scope|alternative_technology_present|electric_motor_present|insufficient_engine_specs,missing_optional:displacement_l|missing_optional:cylinders|missing_optional:engine_description
42279,vehicles/42279.json,False,primary_fuel_out_of_scope|alternative_technology_present|electric_motor_present|insufficient_engine_specs,missing_optional:displacement_l|missing_optional:cylinders|missing_optional:engine_description
42288,vehicles/42288.json,False,primary_fuel_out_of_scope|alternative_technology_present|electric_motor_present|insufficient_engine_specs,missing_optional:displacement_l|missing_optional:cylinders|missing_optional:engine_description
42291,vehicles/42291.json,False,secondary_fuel_present|alternative_technology_present|electric_motor_present|hybrid_text_signal,
42292,vehicles/42292.json,False,secondary_fuel_present|alternative_technology_present|electric_motor_present|phev_blended|hybrid_text_signal,
42293,vehicles/42293.json,True,,
42294,vehicles/42294.json,False,alternative_technology_present|electric_motor_present|hybrid_text_signal,
42300,vehicles/42300.json,True,,
42301,vehicles/42301.json,True,,
42307,vehicles/42307.json,False,alternative_technology_present|electric_motor_present|hybrid_text_signal,
42308,vehicles/42308.json,False,alternative_technology_present|electric_motor_present|hybrid_text_signal,
42311,vehicles/42311.json,False,alternative_technology_present|electric_motor_present|hybrid_text_signal,
42312,vehicles/42312.json,True,,
42313,vehicles/42313.json,True,,
42318,vehicles/42318.json,True,,
42319,vehicles/42319.json,True,,
42320,vehicles/42320.json,True,,
42326,vehicles/42326.json,True,,missing_optional:engine_description
42327,vehicles/42327.json,True,,missing_optional:engine_description
42328,vehicles/42328.json,True,,missing_optional:engine_description
42329,vehicles/42329.json,True,,missing_optional:engine_description
42330,vehicles/42330.json,True,,missing_optional:engine_description
42336,vehicles/42336.json,True,,
42337,vehicles/42337.json,True,,
42346,vehicles/42346.json,True,,
42354,vehicles/42354.json,False,secondary_fuel_present|alternative_technology_present|electric_motor_present|phev_blended|hybrid_text_signal,
42357,vehicles/42357.json,False,secondary_fuel_present|alternative_technology_present|electric_motor_present|hybrid_text_signal,
42359,vehicles/42359.json,True,,
42362,vehicles/42362.json,True,,
42364,vehicles/42364.json,True,,
42365,vehicles/42365.json,True,,
42366,vehicles/42366.json,True,,
42367,vehicles/42367.json,True,,
42368,vehicles/42368.json,True,,
42371,vehicles/42371.json,False,secondary_fuel_present|alternative_technology_present|electric_motor_present|phev_blended|hybrid_text_signal,
42374,vehicles/42374.json,False,secondary_fuel_present|alternative_technology_present|electric_motor_present|phev_blended|hybrid_text_signal,
42376,vehicles/42376.json,False,secondary_fuel_present|alternative_technology_present|electric_motor_present|phev_blended|hybrid_text_signal,
42377,vehicles/42377.json,False,secondary_fuel_present|alternative_technology_present|electric_motor_present|phev_blended|hybrid_text_signal,
42382,vehicles/42382.json,True,,
42386,vehicles/42386.json,True,,
42390,vehicles/42390.json,True,,missing_optional:engine_description
42392,vehicles/42392.json,True,,missing_optional:engine_description
42397,vehicles/42397.json,False,vehicle_class_out_of_scope,
42398,vehicles/42398.json,False,vehicle_class_out_of_scope,missing_optional:engine_description
42399,vehicles/42399.json,False,vehicle_class_out_of_scope,missing_optional:engine_description
42400,vehicles/42400.json,False,vehicle_class_out_of_scope,
42401,vehicles/42401.json,False,vehicle_class_out_of_scope,missing_optional:engine_description
42402,vehicles/42402.json,False,vehicle_class_out_of_scope,missing_optional:engine_description
42403,vehicles/42403.json,True,,
42404,vehicles/42404.json,True,,
42405,vehicles/42405.json,False,primary_fuel_out_of_scope|alternative_technology_present,missing_optional:engine_description
42407,vehicles/42407.json,True,,
42409,vehicles/42409.json,True,,
42416,vehicles/42416.json,True,,
42418,vehicles/42418.json,True,,
42421,vehicles/42421.json,False,vehicle_class_out_of_scope,missing_optional:engine_description
42423,vehicles/42423.json,False,vehicle_class_out_of_scope,missing_optional:engine_description
42425,vehicles/42425.json,True,,
42433,vehicles/42433.json,True,,
42434,vehicles/42434.json,True,,
42438,vehicles/42438.json,True,,
42439,vehicles/42439.json,True,,
42441,vehicles/42441.json,True,,
42449,vehicles/42449.json,True,,
42450,vehicles/42450.json,True,,
42452,vehicles/42452.json,False,vehicle_class_out_of_scope,
42454,vehicles/42454.json,True,,
42456,vehicles/42456.json,False,alternative_technology_present|electric_motor_present|hybrid_text_signal,
42457,vehicles/42457.json,True,,
42464,vehicles/42464.json,True,,
42465,vehicles/42465.json,True,,
42466,vehicles/42466.json,True,,
42469,vehicles/42469.json,True,,
42471,vehicles/42471.json,True,,
42473,vehicles/42473.json,True,,
42474,vehicles/42474.json,False,primary_fuel_out_of_scope|alternative_technology_present|electric_motor_present|insufficient_engine_specs,missing_optional:displacement_l|missing_optional:cylinders|missing_optional:engine_description
42481,vehicles/42481.json,True,,
42482,vehicles/42482.json,True,,
42485,vehicles/42485.json,True,,
42487,vehicles/42487.json,True,,
42493,vehicles/42493.json,True,,
42494,vehicles/42494.json,True,,
42495,vehicles/42495.json,True,,
42501,vehicles/42501.json,True,,
42502,vehicles/42502.json,False,alternative_technology_present|electric_motor_present|hybrid_text_signal,
42508,vehicles/42508.json,False,primary_fuel_out_of_scope|alternative_technology_present|electric_motor_present|insufficient_engine_specs,missing_optional:displacement_l|missing_optional:cylinders|missing_optional:engine_description
42514,vehicles/42514.json,False,primary_fuel_out_of_scope|alternative_technology_present|electric_motor_present|insufficient_engine_specs,missing_optional:displacement_l|missing_optional:cylinders|missing_optional:engine_description
42515,vehicles/42515.json,True,,
42516,vehicles/42516.json,True,,
42519,vehicles/42519.json,False,primary_fuel_out_of_scope|alternative_technology_present|vehicle_class_out_of_scope,missing_optional:engine_description
42521,vehicles/42521.json,True,,
42530,vehicles/42530.json,True,,
42533,vehicles/42533.json,True,,
42534,vehicles/42534.json,True,,
42535,vehicles/42535.json,True,,
42537,vehicles/42537.json,False,alternative_technology_present|electric_motor_present|hybrid_text_signal,
42554,vehicles/42554.json,False,vehicle_class_out_of_scope,
42560,vehicles/42560.json,False,secondary_fuel_present|alternative_technology_present|electric_motor_present|phev_blended|hybrid_text_signal,
42561,vehicles/42561.json,False,primary_fuel_out_of_scope|alternative_technology_present|electric_motor_present|insufficient_engine_specs,missing_optional:displacement_l|missing_optional:cylinders|missing_optional:engine_description
42562,vehicles/42562.json,False,primary_fuel_out_of_scope|alternative_technology_present|electric_motor_present|insufficient_engine_specs,missing_optional:displacement_l|missing_optional:cylinders|missing_optional:engine_description
42566,vehicles/42566.json,True,,
42570,vehicles/42570.json,False,secondary_fuel_present|alternative_technology_present|electric_motor_present|phev_blended|hybrid_text_signal,
42575,vehicles/42575.json,True,,
42579,vehicles/42579.json,True,,missing_optional:engine_description
42591,vehicles/42591.json,False,alternative_technology_present|electric_motor_present|hybrid_text_signal,
42603,vehicles/42603.json,True,,
42604,vehicles/42604.json,True,,
42605,vehicles/42605.json,True,,
42606,vehicles/42606.json,True,,
42607,vehicles/42607.json,True,,
42608,vehicles/42608.json,True,,
42610,vehicles/42610.json,True,,
42611,vehicles/42611.json,True,,missing_optional:engine_description
42615,vehicles/42615.json,False,alternative_technology_present|electric_motor_present|hybrid_text_signal,
42616,vehicles/42616.json,True,,
42619,vehicles/42619.json,True,,
42621,vehicles/42621.json,True,,
42622,vehicles/42622.json,True,,
42623,vehicles/42623.json,True,,
42624,vehicles/42624.json,True,,
42625,vehicles/42625.json,True,,
42626,vehicles/42626.json,True,,
42628,vehicles/42628.json,True,,
42634,vehicles/42634.json,False,primary_fuel_out_of_scope|alternative_technology_present|electric_motor_present|insufficient_engine_specs,missing_optional:displacement_l|missing_optional:cylinders|missing_optional:engine_description
42635,vehicles/42635.json,True,,
42636,vehicles/42636.json,True,,
42637,vehicles/42637.json,True,,missing_optional:engine_description
42639,vehicles/42639.json,True,,missing_optional:engine_description
42643,vehicles/42643.json,True,,
42646,vehicles/42646.json,True,,
42648,vehicles/42648.json,True,,missing_optional:engine_description
42649,vehicles/42649.json,True,,missing_optional:engine_description
42650,vehicles/42650.json,True,,missing_optional:engine_description
42652,vehicles/42652.json,True,,
42669,vehicles/42669.json,True,,missing_optional:engine_description
42670,vehicles/42670.json,True,,missing_optional:engine_description
42671,vehicles/42671.json,True,,missing_optional:engine_description
42672,vehicles/42672.json,True,,missing_optional:engine_description
42673,vehicles/42673.json,False,alternative_technology_present|electric_motor_present|hybrid_text_signal,
42678,vehicles/42678.json,True,,
42680,vehicles/42680.json,True,,
42682,vehicles/42682.json,True,,
42686,vehicles/42686.json,True,,
42687,vehicles/42687.json,True,,
42688,vehicles/42688.json,True,,
42690,vehicles/42690.json,True,,
42695,vehicles/42695.json,True,,
42696,vehicles/42696.json,True,,
42698,vehicles/42698.json,True,,missing_optional:engine_description
42702,vehicles/42702.json,True,,missing_optional:engine_description
42703,vehicles/42703.json,True,,missing_optional:engine_description
42706,vehicles/42706.json,True,,missing_optional:engine_description
42707,vehicles/42707.json,True,,missing_optional:engine_description
42709,vehicles/42709.json,True,,missing_optional:engine_description
42710,vehicles/42710.json,True,,missing_optional:engine_description
42711,vehicles/42711.json,True,,missing_optional:engine_description
42712,vehicles/42712.json,True,,missing_optional:engine_description
42713,vehicles/42713.json,True,,missing_optional:engine_description
42714,vehicles/42714.json,True,,missing_optional:engine_description
42715,vehicles/42715.json,True,,missing_optional:engine_description
42716,vehicles/42716.json,True,,missing_optional:engine_description
42717,vehicles/42717.json,True,,missing_optional:engine_description
42719,vehicles/42719.json,True,,
42737,vehicles/42737.json,True,,
42738,vehicles/42738.json,True,,
42744,vehicles/42744.json,False,secondary_fuel_present|alternative_technology_present|electric_motor_present|phev_blended|hybrid_text_signal,
42753,vehicles/42753.json,True,,
42754,vehicles/42754.json,True,,
42755,vehicles/42755.json,False,primary_fuel_out_of_scope|alternative_technology_present|electric_motor_present|insufficient_engine_specs,missing_optional:displacement_l|missing_optional:cylinders|missing_optional:engine_description
42761,vehicles/42761.json,True,,
42762,vehicles/42762.json,True,,
42763,vehicles/42763.json,True,,
42764,vehicles/42764.json,True,,
42765,vehicles/42765.json,True,,
42766,vehicles/42766.json,True,,
42767,vehicles/42767.json,True,,
42768,vehicles/42768.json,True,,
42769,vehicles/42769.json,True,,
42770,vehicles/42770.json,True,,
42771,vehicles/42771.json,True,,
42772,vehicles/42772.json,True,,
42773,vehicles/42773.json,True,,
42776,vehicles/42776.json,True,,
42783,vehicles/42783.json,True,,missing_optional:engine_description
42789,vehicles/42789.json,False,alternative_technology_present|electric_motor_present|hybrid_text_signal,
42792,vehicles/42792.json,True,,
42798,vehicles/42798.json,True,,
42799,vehicles/42799.json,True,,
42800,vehicles/42800.json,True,,
42801,vehicles/42801.json,True,,
42802,vehicles/42802.json,True,,
42803,vehicles/42803.json,True,,
42805,vehicles/42805.json,False,secondary_fuel_present|alternative_technology_present|electric_motor_present|hybrid_text_signal,
42813,vehicles/42813.json,True,,
42815,vehicles/42815.json,True,,missing_optional:engine_description
42816,vehicles/42816.json,False,primary_fuel_out_of_scope|alternative_technology_present|electric_motor_present|insufficient_engine_specs,missing_optional:displacement_l|missing_optional:cylinders|missing_optional:engine_description
42820,vehicles/42820.json,True,,
42821,vehicles/42821.json,True,,
42822,vehicles/42822.json,True,,
42825,vehicles/42825.json,True,,
42827,vehicles/42827.json,True,,
42828,vehicles/42828.json,True,,
42831,vehicles/42831.json,True,,
42832,vehicles/42832.json,True,,
42834,vehicles/42834.json,True,,
42839,vehicles/42839.json,True,,
42841,vehicles/42841.json,True,,
42842,vehicles/42842.json,True,,
42843,vehicles/42843.json,True,,
42846,vehicles/42846.json,True,,
42847,vehicles/42847.json,True,,
42857,vehicles/42857.json,True,,
42858,vehicles/42858.json,True,,
42859,vehicles/42859.json,True,,
42866,vehicles/42866.json,False,alternative_technology_present|electric_motor_present|hybrid_text_signal,
42874,vehicles/42874.json,True,,
42892,vehicles/42892.json,True,,
42906,vehicles/42906.json,False,alternative_technology_present|electric_motor_present|hybrid_text_signal,
42908,vehicles/42908.json,False,alternative_technology_present|electric_motor_present|hybrid_text_signal,
42909,vehicles/42909.json,True,,
42911,vehicles/42911.json,True,,missing_optional:engine_description
42916,vehicles/42916.json,False,primary_fuel_out_of_scope|alternative_technology_present|electric_motor_present|insufficient_engine_specs,missing_optional:displacement_l|missing_optional:cylinders|missing_optional:engine_description
42917,vehicles/42917.json,True,,
42924,vehicles/42924.json,True,,missing_optional:engine_description
42926,vehicles/42926.json,False,alternative_technology_present|electric_motor_present|hybrid_text_signal,
42927,vehicles/42927.json,True,,
42928,vehicles/42928.json,True,,
42929,vehicles/42929.json,True,,
42938,vehicles/42938.json,True,,
42941,vehicles/42941.json,True,,
42948,vehicles/42948.json,True,,
42949,vehicles/42949.json,True,,
42953,vehicles/42953.json,False,vehicle_class_out_of_scope,
42958,vehicles/42958.json,True,,
42968,vehicles/42968.json,True,,
42969,vehicles/42969.json,True,,
42975,vehicles/42975.json,True,,
42977,vehicles/42977.json,False,alternative_technology_present|electric_motor_present|hybrid_text_signal,
42986,vehicles/42986.json,False,vehicle_class_out_of_scope,missing_optional:engine_description
42987,vehicles/42987.json,True,,missing_optional:engine_description
42990,vehicles/42990.json,True,,missing_optional:engine_description
42991,vehicles/42991.json,True,,missing_optional:engine_description
42992,vehicles/42992.json,True,,missing_optional:engine_description
42993,vehicles/42993.json,True,,
42995,vehicles/42995.json,True,,
42997,vehicles/42997.json,True,,
43006,vehicles/43006.json,False,alternative_technology_present|electric_motor_present|hybrid_text_signal|vehicle_class_out_of_scope,
43007,vehicles/43007.json,False,primary_fuel_out_of_scope|alternative_technology_present|vehicle_class_out_of_scope,missing_optional:engine_description
43008,vehicles/43008.json,False,alternative_technology_present|electric_motor_present|hybrid_text_signal|vehicle_class_out_of_scope,
43009,vehicles/43009.json,False,vehicle_class_out_of_scope,missing_optional:engine_description
43012,vehicles/43012.json,False,primary_fuel_out_of_scope|alternative_technology_present|vehicle_class_out_of_scope,missing_optional:engine_description
43013,vehicles/43013.json,False,primary_fuel_out_of_scope|alternative_technology_present|vehicle_class_out_of_scope,missing_optional:engine_description
43014,vehicles/43014.json,False,alternative_technology_present|electric_motor_present|hybrid_text_signal|vehicle_class_out_of_scope,
43015,vehicles/43015.json,False,primary_fuel_out_of_scope|alternative_technology_present|vehicle_class_out_of_scope,missing_optional:engine_description
43016,vehicles/43016.json,False,alternative_technology_present|electric_motor_present|hybrid_text_signal|vehicle_class_out_of_scope,
43017,vehicles/43017.json,False,vehicle_class_out_of_scope,missing_optional:engine_description
43020,vehicles/43020.json,True,,
43023,vehicles/43023.json,True,,
43027,vehicles/43027.json,False,alternative_technology_present|electric_motor_present|hybrid_text_signal,
43029,vehicles/43029.json,False,reviewed_powertrain_uncertain:audi_sq7_sq8_4l_technology_uncertain,
43030,vehicles/43030.json,True,,
43041,vehicles/43041.json,True,,
43042,vehicles/43042.json,True,,
43043,vehicles/43043.json,True,,
43046,vehicles/43046.json,True,,missing_optional:engine_description
43047,vehicles/43047.json,True,,
43048,vehicles/43048.json,True,,
43049,vehicles/43049.json,True,,
43050,vehicles/43050.json,True,,
43051,vehicles/43051.json,True,,
43052,vehicles/43052.json,True,,
43053,vehicles/43053.json,True,,
43055,vehicles/43055.json,True,,
43056,vehicles/43056.json,True,,
43057,vehicles/43057.json,True,,
43061,vehicles/43061.json,True,,
43071,vehicles/43071.json,True,,
43077,vehicles/43077.json,True,,
43127,vehicles/43127.json,True,,
43132,vehicles/43132.json,True,,
43133,vehicles/43133.json,True,,
43134,vehicles/43134.json,True,,
43137,vehicles/43137.json,True,,
43143,vehicles/43143.json,False,secondary_fuel_present|alternative_technology_present|electric_motor_present|phev_blended|hybrid_text_signal,
43144,vehicles/43144.json,False,secondary_fuel_present|alternative_technology_present|electric_motor_present|phev_blended|hybrid_text_signal,
43145,vehicles/43145.json,False,secondary_fuel_present|alternative_technology_present|electric_motor_present|phev_blended|hybrid_text_signal,
43147,vehicles/43147.json,True,,
43149,vehicles/43149.json,True,,
43151,vehicles/43151.json,True,,
43153,vehicles/43153.json,True,,
43158,vehicles/43158.json,True,,
43162,vehicles/43162.json,True,,
43163,vehicles/43163.json,True,,
43164,vehicles/43164.json,True,,missing_optional:engine_description
43166,vehicles/43166.json,True,,missing_optional:engine_description
43167,vehicles/43167.json,True,,missing_optional:engine_description
43168,vehicles/43168.json,True,,missing_optional:engine_description
43171,vehicles/43171.json,True,,missing_optional:engine_description
43172,vehicles/43172.json,True,,
43173,vehicles/43173.json,True,,
43176,vehicles/43176.json,True,,
43177,vehicles/43177.json,True,,
43178,vehicles/43178.json,True,,
43179,vehicles/43179.json,True,,
43180,vehicles/43180.json,True,,
43182,vehicles/43182.json,True,,
43183,vehicles/43183.json,True,,
43184,vehicles/43184.json,True,,
43200,vehicles/43200.json,True,,
43201,vehicles/43201.json,True,,
43202,vehicles/43202.json,True,,
43203,vehicles/43203.json,True,,
43205,vehicles/43205.json,True,,
43207,vehicles/43207.json,False,alternative_technology_present|electric_motor_present|hybrid_text_signal,
43208,vehicles/43208.json,True,,
43209,vehicles/43209.json,True,,
43210,vehicles/43210.json,True,,
43212,vehicles/43212.json,True,,missing_optional:engine_description
43214,vehicles/43214.json,False,secondary_fuel_present|alternative_technology_present|electric_motor_present|phev_blended|hybrid_text_signal,
43215,vehicles/43215.json,True,,missing_optional:engine_description
43224,vehicles/43224.json,True,,
43225,vehicles/43225.json,True,,
43229,vehicles/43229.json,False,alternative_technology_present|electric_motor_present|hybrid_text_signal|reviewed_powertrain_hybrid:audi_2021_2022_a4_a5_q5_2l_mild_hybrid,
43231,vehicles/43231.json,True,,
43233,vehicles/43233.json,True,,
43235,vehicles/43235.json,True,,
43237,vehicles/43237.json,True,,
43240,vehicles/43240.json,True,,
43241,vehicles/43241.json,True,,
43248,vehicles/43248.json,True,,
43250,vehicles/43250.json,True,,
43251,vehicles/43251.json,True,,
43253,vehicles/43253.json,True,,
43257,vehicles/43257.json,True,,
43260,vehicles/43260.json,True,,
43264,vehicles/43264.json,False,vehicle_class_out_of_scope,missing_optional:engine_description
43265,vehicles/43265.json,False,vehicle_class_out_of_scope,missing_optional:engine_description
43269,vehicles/43269.json,False,vehicle_class_out_of_scope,
43272,vehicles/43272.json,True,,
43273,vehicles/43273.json,True,,
43275,vehicles/43275.json,True,,
43281,vehicles/43281.json,True,,
43282,vehicles/43282.json,True,,
43286,vehicles/43286.json,True,,
43287,vehicles/43287.json,True,,missing_optional:engine_description
43293,vehicles/43293.json,True,,
43294,vehicles/43294.json,False,primary_fuel_out_of_scope|alternative_technology_present|electric_motor_present|insufficient_engine_specs,missing_optional:displacement_l|missing_optional:cylinders|missing_optional:engine_description
43295,vehicles/43295.json,False,primary_fuel_out_of_scope|alternative_technology_present|electric_motor_present|insufficient_engine_specs,missing_optional:displacement_l|missing_optional:cylinders|missing_optional:engine_description
43296,vehicles/43296.json,False,secondary_fuel_present|alternative_technology_present|electric_motor_present|phev_blended|hybrid_text_signal,
43297,vehicles/43297.json,True,,
43298,vehicles/43298.json,True,,
43299,vehicles/43299.json,True,,
43304,vehicles/43304.json,True,,
43306,vehicles/43306.json,True,,
43308,vehicles/43308.json,False,alternative_technology_present|electric_motor_present|hybrid_text_signal,
43316,vehicles/43316.json,True,,
43317,vehicles/43317.json,True,,
43318,vehicles/43318.json,True,,
43319,vehicles/43319.json,True,,missing_optional:engine_description
43322,vehicles/43322.json,False,secondary_fuel_present|alternative_technology_present|electric_motor_present|phev_blended|hybrid_text_signal,
43326,vehicles/43326.json,True,,
43328,vehicles/43328.json,True,,
43330,vehicles/43330.json,True,,
43351,vehicles/43351.json,False,alternative_technology_present|electric_motor_present|hybrid_text_signal,
43352,vehicles/43352.json,True,,
43353,vehicles/43353.json,True,,
43364,vehicles/43364.json,False,alternative_technology_present|electric_motor_present|hybrid_text_signal,
43367,vehicles/43367.json,True,,
43368,vehicles/43368.json,True,,
43372,vehicles/43372.json,True,,
43373,vehicles/43373.json,True,,
43375,vehicles/43375.json,True,,
43379,vehicles/43379.json,True,,
43386,vehicles/43386.json,True,,
43387,vehicles/43387.json,False,alternative_technology_present|electric_motor_present|hybrid_text_signal,
43388,vehicles/43388.json,False,alternative_technology_present|electric_motor_present|hybrid_text_signal,
43389,vehicles/43389.json,True,,
43390,vehicles/43390.json,True,,
43394,vehicles/43394.json,True,,
43399,vehicles/43399.json,True,,missing_optional:engine_description
43401,vehicles/43401.json,False,primary_fuel_out_of_scope|alternative_technology_present|electric_motor_present|insufficient_engine_specs,missing_optional:displacement_l|missing_optional:cylinders|missing_optional:engine_description
43402,vehicles/43402.json,False,primary_fuel_out_of_scope|alternative_technology_present|electric_motor_present|insufficient_engine_specs,missing_optional:displacement_l|missing_optional:cylinders|missing_optional:engine_description
43404,vehicles/43404.json,False,primary_fuel_out_of_scope|alternative_technology_present|electric_motor_present|insufficient_engine_specs,missing_optional:displacement_l|missing_optional:cylinders|missing_optional:engine_description
43405,vehicles/43405.json,False,primary_fuel_out_of_scope|alternative_technology_present|electric_motor_present|insufficient_engine_specs,missing_optional:displacement_l|missing_optional:cylinders|missing_optional:engine_description
43406,vehicles/43406.json,False,primary_fuel_out_of_scope|alternative_technology_present|electric_motor_present|insufficient_engine_specs,missing_optional:displacement_l|missing_optional:cylinders|missing_optional:engine_description
43409,vehicles/43409.json,True,,missing_optional:engine_description
43410,vehicles/43410.json,True,,missing_optional:engine_description
43411,vehicles/43411.json,True,,
43412,vehicles/43412.json,False,primary_fuel_out_of_scope|alternative_technology_present|electric_motor_present|insufficient_engine_specs,missing_optional:displacement_l|missing_optional:cylinders|missing_optional:engine_description
43414,vehicles/43414.json,True,,
43415,vehicles/43415.json,False,alternative_technology_present|electric_motor_present|hybrid_text_signal|vehicle_class_out_of_scope,
43417,vehicles/43417.json,False,vehicle_class_out_of_scope,missing_optional:engine_description
43418,vehicles/43418.json,False,vehicle_class_out_of_scope,missing_optional:engine_description
43419,vehicles/43419.json,False,vehicle_class_out_of_scope,missing_optional:engine_description
43426,vehicles/43426.json,True,,missing_optional:engine_description
43427,vehicles/43427.json,True,,missing_optional:engine_description
43431,vehicles/43431.json,True,,
43441,vehicles/43441.json,True,,missing_optional:engine_description
43442,vehicles/43442.json,True,,missing_optional:engine_description
43443,vehicles/43443.json,True,,missing_optional:engine_description
43446,vehicles/43446.json,True,,
43447,vehicles/43447.json,True,,
43448,vehicles/43448.json,True,,missing_optional:engine_description
43449,vehicles/43449.json,True,,missing_optional:engine_description
43450,vehicles/43450.json,True,,missing_optional:engine_description
43453,vehicles/43453.json,True,,missing_optional:engine_description
43454,vehicles/43454.json,True,,
43468,vehicles/43468.json,False,vehicle_class_out_of_scope,missing_optional:engine_description
43469,vehicles/43469.json,False,vehicle_class_out_of_scope,missing_optional:engine_description
43473,vehicles/43473.json,True,,missing_optional:engine_description
43474,vehicles/43474.json,True,,missing_optional:engine_description
43476,vehicles/43476.json,False,alternative_technology_present|electric_motor_present|hybrid_text_signal,
43477,vehicles/43477.json,True,,missing_optional:engine_description
43478,vehicles/43478.json,True,,missing_optional:engine_description
43479,vehicles/43479.json,True,,
43483,vehicles/43483.json,True,,missing_optional:engine_description
43484,vehicles/43484.json,True,,missing_optional:engine_description
43485,vehicles/43485.json,True,,missing_optional:engine_description
43486,vehicles/43486.json,True,,missing_optional:engine_description
43487,vehicles/43487.json,True,,
43491,vehicles/43491.json,True,,
43492,vehicles/43492.json,False,primary_fuel_out_of_scope|alternative_technology_present,missing_optional:engine_description
43493,vehicles/43493.json,False,primary_fuel_out_of_scope|alternative_technology_present,missing_optional:engine_description
43495,vehicles/43495.json,False,primary_fuel_out_of_scope|alternative_technology_present,missing_optional:engine_description
43496,vehicles/43496.json,False,primary_fuel_out_of_scope|alternative_technology_present,missing_optional:engine_description
43497,vehicles/43497.json,False,secondary_fuel_present|alternative_technology_present|electric_motor_present|phev_blended|hybrid_text_signal|vehicle_class_out_of_scope,
43501,vehicles/43501.json,True,,
43517,vehicles/43517.json,False,primary_fuel_out_of_scope|alternative_technology_present|electric_motor_present|insufficient_engine_specs,missing_optional:displacement_l|missing_optional:cylinders|missing_optional:engine_description
43530,vehicles/43530.json,True,,
43541,vehicles/43541.json,True,,
43545,vehicles/43545.json,True,,
43547,vehicles/43547.json,True,,
43566,vehicles/43566.json,True,,missing_optional:engine_description
43567,vehicles/43567.json,True,,missing_optional:engine_description
43568,vehicles/43568.json,True,,missing_optional:engine_description
43569,vehicles/43569.json,True,,missing_optional:engine_description
43571,vehicles/43571.json,False,alternative_technology_present|electric_motor_present|hybrid_text_signal,
43572,vehicles/43572.json,True,,
43573,vehicles/43573.json,True,,
43574,vehicles/43574.json,True,,
43576,vehicles/43576.json,True,,
43578,vehicles/43578.json,True,,
43590,vehicles/43590.json,True,,
43591,vehicles/43591.json,True,,
43592,vehicles/43592.json,True,,
43593,vehicles/43593.json,False,primary_fuel_out_of_scope|alternative_technology_present,missing_optional:engine_description
43595,vehicles/43595.json,False,primary_fuel_out_of_scope|alternative_technology_present,missing_optional:engine_description
43597,vehicles/43597.json,True,,
43601,vehicles/43601.json,True,,
43606,vehicles/43606.json,False,secondary_fuel_present|alternative_technology_present|electric_motor_present|hybrid_text_signal,
43607,vehicles/43607.json,False,secondary_fuel_present|alternative_technology_present|electric_motor_present|hybrid_text_signal,
43611,vehicles/43611.json,True,,
43622,vehicles/43622.json,True,,
43624,vehicles/43624.json,False,alternative_technology_present|electric_motor_present|hybrid_text_signal,
43628,vehicles/43628.json,True,,
43629,vehicles/43629.json,True,,
43630,vehicles/43630.json,True,,missing_optional:engine_description
43631,vehicles/43631.json,False,alternative_technology_present|electric_motor_present|hybrid_text_signal,
43639,vehicles/43639.json,True,,
43640,vehicles/43640.json,False,primary_fuel_out_of_scope|alternative_technology_present|electric_motor_present|insufficient_engine_specs,missing_optional:displacement_l|missing_optional:cylinders
43642,vehicles/43642.json,True,,
43643,vehicles/43643.json,True,,
43644,vehicles/43644.json,False,alternative_technology_present|electric_motor_present|hybrid_text_signal,
43649,vehicles/43649.json,False,alternative_technology_present|electric_motor_present|hybrid_text_signal,
43654,vehicles/43654.json,True,,
43658,vehicles/43658.json,False,alternative_technology_present|electric_motor_present|hybrid_text_signal,
43659,vehicles/43659.json,True,,
43660,vehicles/43660.json,True,,
43661,vehicles/43661.json,True,,
43664,vehicles/43664.json,False,primary_fuel_out_of_scope|alternative_technology_present|electric_motor_present|insufficient_engine_specs,missing_optional:displacement_l|missing_optional:cylinders|missing_optional:engine_description
43666,vehicles/43666.json,False,primary_fuel_out_of_scope|alternative_technology_present|electric_motor_present|insufficient_engine_specs,missing_optional:displacement_l|missing_optional:cylinders|missing_optional:engine_description
43668,vehicles/43668.json,True,,
43670,vehicles/43670.json,True,,
43682,vehicles/43682.json,True,,missing_optional:engine_description
43687,vehicles/43687.json,False,secondary_fuel_present|alternative_technology_present|electric_motor_present|phev_blended|hybrid_text_signal,
43688,vehicles/43688.json,False,vehicle_class_out_of_scope,
43695,vehicles/43695.json,True,,
43696,vehicles/43696.json,True,,
43703,vehicles/43703.json,True,,
43706,vehicles/43706.json,True,,
43707,vehicles/43707.json,True,,
43709,vehicles/43709.json,True,,
43710,vehicles/43710.json,False,alternative_technology_present|electric_motor_present|hybrid_text_signal,
43717,vehicles/43717.json,True,,
43718,vehicles/43718.json,True,,
43719,vehicles/43719.json,True,,
43722,vehicles/43722.json,False,primary_fuel_out_of_scope|alternative_technology_present|vehicle_class_out_of_scope,missing_optional:engine_description
43724,vehicles/43724.json,False,secondary_fuel_present|alternative_technology_present|electric_motor_present|phev_blended|hybrid_text_signal,
43726,vehicles/43726.json,False,secondary_fuel_present|alternative_technology_present|electric_motor_present|phev_blended|hybrid_text_signal,
43735,vehicles/43735.json,True,,
43737,vehicles/43737.json,True,,
43748,vehicles/43748.json,True,,
43749,vehicles/43749.json,True,,
43750,vehicles/43750.json,True,,
43751,vehicles/43751.json,True,,
43757,vehicles/43757.json,True,,missing_optional:engine_description
43758,vehicles/43758.json,True,,missing_optional:engine_description
43759,vehicles/43759.json,True,,
43760,vehicles/43760.json,True,,
43763,vehicles/43763.json,True,,missing_optional:engine_description
43764,vehicles/43764.json,True,,missing_optional:engine_description
43767,vehicles/43767.json,True,,
43772,vehicles/43772.json,True,,
43773,vehicles/43773.json,True,,
43774,vehicles/43774.json,False,secondary_fuel_present|alternative_technology_present|electric_motor_present|phev_blended|hybrid_text_signal,
43781,vehicles/43781.json,True,,
43784,vehicles/43784.json,True,,
43785,vehicles/43785.json,True,,
43790,vehicles/43790.json,True,,
43791,vehicles/43791.json,True,,
43798,vehicles/43798.json,True,,
43805,vehicles/43805.json,True,,
43810,vehicles/43810.json,True,,
43812,vehicles/43812.json,True,,
43821,vehicles/43821.json,False,primary_fuel_out_of_scope|alternative_technology_present|electric_motor_present|insufficient_engine_specs,missing_optional:displacement_l|missing_optional:cylinders|missing_optional:engine_description
43822,vehicles/43822.json,True,,
43830,vehicles/43830.json,True,,
43833,vehicles/43833.json,True,,
43837,vehicles/43837.json,True,,
43838,vehicles/43838.json,True,,
43839,vehicles/43839.json,True,,
43844,vehicles/43844.json,True,,
43845,vehicles/43845.json,True,,
43846,vehicles/43846.json,True,,
43847,vehicles/43847.json,True,,
43854,vehicles/43854.json,True,,
43855,vehicles/43855.json,True,,
43859,vehicles/43859.json,True,,
43863,vehicles/43863.json,True,,
43864,vehicles/43864.json,True,,missing_optional:engine_description
43879,vehicles/43879.json,False,primary_fuel_out_of_scope|alternative_technology_present|electric_motor_present|insufficient_engine_specs,missing_optional:displacement_l|missing_optional:cylinders|missing_optional:engine_description
43880,vehicles/43880.json,False,primary_fuel_out_of_scope|alternative_technology_present|electric_motor_present|insufficient_engine_specs,missing_optional:displacement_l|missing_optional:cylinders|missing_optional:engine_description
43889,vehicles/43889.json,False,primary_fuel_out_of_scope|alternative_technology_present|electric_motor_present|insufficient_engine_specs,missing_optional:displacement_l|missing_optional:cylinders|missing_optional:engine_description
43890,vehicles/43890.json,True,,missing_optional:engine_description
43891,vehicles/43891.json,True,,
43892,vehicles/43892.json,True,,
43893,vehicles/43893.json,True,,
43894,vehicles/43894.json,False,vehicle_class_out_of_scope,missing_optional:engine_description
43897,vehicles/43897.json,True,,
43898,vehicles/43898.json,True,,
43900,vehicles/43900.json,True,,
43901,vehicles/43901.json,True,,
43902,vehicles/43902.json,True,,
43903,vehicles/43903.json,True,,
43904,vehicles/43904.json,True,,
43905,vehicles/43905.json,False,alternative_technology_present|electric_motor_present|hybrid_text_signal,
43906,vehicles/43906.json,False,alternative_technology_present|electric_motor_present|hybrid_text_signal,
43912,vehicles/43912.json,False,secondary_fuel_present|alternative_technology_present|electric_motor_present|phev_blended|hybrid_text_signal,
43926,vehicles/43926.json,True,,
43927,vehicles/43927.json,True,,
43948,vehicles/43948.json,False,alternative_technology_present|electric_motor_present|hybrid_text_signal,
43950,vehicles/43950.json,True,,
43957,vehicles/43957.json,False,alternative_technology_present|electric_motor_present|hybrid_text_signal,
43958,vehicles/43958.json,True,,
43961,vehicles/43961.json,True,,
43962,vehicles/43962.json,True,,
43963,vehicles/43963.json,True,,
43966,vehicles/43966.json,True,,
43967,vehicles/43967.json,True,,
43973,vehicles/43973.json,True,,
43975,vehicles/43975.json,True,,
43976,vehicles/43976.json,True,,
43977,vehicles/43977.json,True,,
43978,vehicles/43978.json,True,,
43980,vehicles/43980.json,False,alternative_technology_present|electric_motor_present|hybrid_text_signal,
43983,vehicles/43983.json,True,,
43984,vehicles/43984.json,True,,
44006,vehicles/44006.json,True,,
44007,vehicles/44007.json,True,,
44033,vehicles/44033.json,True,,
44034,vehicles/44034.json,True,,
44038,vehicles/44038.json,True,,
44039,vehicles/44039.json,True,,
44040,vehicles/44040.json,True,,
44041,vehicles/44041.json,True,,
44042,vehicles/44042.json,True,,
44043,vehicles/44043.json,True,,
44045,vehicles/44045.json,True,,
44051,vehicles/44051.json,False,primary_fuel_out_of_scope|alternative_technology_present|electric_motor_present|insufficient_engine_specs,missing_optional:displacement_l|missing_optional:cylinders|missing_optional:engine_description
44053,vehicles/44053.json,True,,
44064,vehicles/44064.json,True,,
44065,vehicles/44065.json,True,,
44067,vehicles/44067.json,True,,missing_optional:engine_description
44068,vehicles/44068.json,True,,missing_optional:engine_description
44069,vehicles/44069.json,False,primary_fuel_out_of_scope|alternative_technology_present|electric_motor_present|insufficient_engine_specs,missing_optional:displacement_l|missing_optional:cylinders|missing_optional:engine_description
44073,vehicles/44073.json,False,alternative_technology_present|electric_motor_present|hybrid_text_signal,
44083,vehicles/44083.json,False,vehicle_class_out_of_scope,
44084,vehicles/44084.json,False,vehicle_class_out_of_scope,
44085,vehicles/44085.json,True,,
44087,vehicles/44087.json,True,,
44089,vehicles/44089.json,True,,
44090,vehicles/44090.json,False,alternative_technology_present|electric_motor_present|hybrid_text_signal,
44092,vehicles/44092.json,True,,missing_optional:engine_description
44097,vehicles/44097.json,True,,
44098,vehicles/44098.json,True,,
44099,vehicles/44099.json,True,,
44100,vehicles/44100.json,True,,
44101,vehicles/44101.json,True,,
44102,vehicles/44102.json,True,,
44109,vehicles/44109.json,True,,
44113,vehicles/44113.json,False,alternative_technology_present|electric_motor_present|hybrid_text_signal|reviewed_powertrain_hybrid:audi_2021_2022_a4_a5_q5_2l_mild_hybrid,
44118,vehicles/44118.json,False,alternative_technology_present|electric_motor_present|hybrid_text_signal|reviewed_powertrain_hybrid:audi_2021_2022_a4_a5_q5_2l_mild_hybrid,
44126,vehicles/44126.json,True,,
44127,vehicles/44127.json,True,,
44129,vehicles/44129.json,True,,
44131,vehicles/44131.json,True,,
44132,vehicles/44132.json,True,,
44133,vehicles/44133.json,True,,missing_optional:engine_description
44134,vehicles/44134.json,True,,missing_optional:engine_description
44136,vehicles/44136.json,True,,
44138,vehicles/44138.json,False,alternative_technology_present|electric_motor_present|hybrid_text_signal,
44139,vehicles/44139.json,False,alternative_technology_present|electric_motor_present|hybrid_text_signal|reviewed_powertrain_hybrid:audi_2021_2022_a4_a5_q5_2l_mild_hybrid,
44141,vehicles/44141.json,False,alternative_technology_present|electric_motor_present|hybrid_text_signal,
44142,vehicles/44142.json,True,,
44147,vehicles/44147.json,True,,
44149,vehicles/44149.json,True,,
44156,vehicles/44156.json,True,,
44157,vehicles/44157.json,True,,
44161,vehicles/44161.json,True,,
44162,vehicles/44162.json,False,alternative_technology_present|electric_motor_present|hybrid_text_signal,
44167,vehicles/44167.json,True,,
44168,vehicles/44168.json,True,,
44171,vehicles/44171.json,True,,
44178,vehicles/44178.json,True,,
44184,vehicles/44184.json,True,,
44185,vehicles/44185.json,False,alternative_technology_present|electric_motor_present|hybrid_text_signal,
44187,vehicles/44187.json,False,reviewed_powertrain_hybrid:volvo_b_badge_mild_hybrid,
44200,vehicles/44200.json,True,,
44203,vehicles/44203.json,True,,
44204,vehicles/44204.json,True,,
44205,vehicles/44205.json,False,reviewed_powertrain_hybrid:volvo_b_badge_mild_hybrid,
44209,vehicles/44209.json,True,,
44212,vehicles/44212.json,False,secondary_fuel_present|alternative_technology_present|electric_motor_present|phev_blended|hybrid_text_signal,
44215,vehicles/44215.json,True,,
44216,vehicles/44216.json,True,,
44224,vehicles/44224.json,False,alternative_technology_present|electric_motor_present|hybrid_text_signal,
44225,vehicles/44225.json,False,alternative_technology_present|electric_motor_present|hybrid_text_signal,
44226,vehicles/44226.json,True,,
44227,vehicles/44227.json,True,,
44228,vehicles/44228.json,False,alternative_technology_present|electric_motor_present|hybrid_text_signal,
44236,vehicles/44236.json,True,,
44237,vehicles/44237.json,True,,
44238,vehicles/44238.json,True,,
44243,vehicles/44243.json,True,,
44247,vehicles/44247.json,True,,
44248,vehicles/44248.json,True,,
44249,vehicles/44249.json,True,,
44250,vehicles/44250.json,True,,missing_optional:engine_description
44251,vehicles/44251.json,True,,missing_optional:engine_description
44254,vehicles/44254.json,True,,
44255,vehicles/44255.json,True,,
44259,vehicles/44259.json,True,,
44260,vehicles/44260.json,True,,
44261,vehicles/44261.json,False,alternative_technology_present|electric_motor_present|hybrid_text_signal,
44264,vehicles/44264.json,True,,
44265,vehicles/44265.json,True,,
44268,vehicles/44268.json,False,secondary_fuel_present|alternative_technology_present|electric_motor_present|phev_blended|hybrid_text_signal,
44269,vehicles/44269.json,False,secondary_fuel_present|alternative_technology_present|electric_motor_present|phev_blended|hybrid_text_signal,
44270,vehicles/44270.json,True,,
44271,vehicles/44271.json,True,,
44272,vehicles/44272.json,True,,
44273,vehicles/44273.json,True,,
44275,vehicles/44275.json,True,,
44277,vehicles/44277.json,True,,
44290,vehicles/44290.json,True,,missing_optional:engine_description
44291,vehicles/44291.json,True,,missing_optional:engine_description
44293,vehicles/44293.json,False,alternative_technology_present|electric_motor_present|hybrid_text_signal,
44295,vehicles/44295.json,True,,
44296,vehicles/44296.json,True,,
44298,vehicles/44298.json,True,,
44300,vehicles/44300.json,True,,
44301,vehicles/44301.json,True,,
44302,vehicles/44302.json,True,,
44303,vehicles/44303.json,True,,
44304,vehicles/44304.json,True,,
44305,vehicles/44305.json,True,,
44307,vehicles/44307.json,True,,
44309,vehicles/44309.json,True,,missing_optional:engine_description
44310,vehicles/44310.json,True,,missing_optional:engine_description
44317,vehicles/44317.json,True,,
44320,vehicles/44320.json,True,,missing_optional:engine_description
44321,vehicles/44321.json,True,,missing_optional:engine_description
44330,vehicles/44330.json,True,,
44334,vehicles/44334.json,True,,
44336,vehicles/44336.json,True,,
44338,vehicles/44338.json,True,,
44339,vehicles/44339.json,True,,
44340,vehicles/44340.json,True,,
44341,vehicles/44341.json,True,,
44345,vehicles/44345.json,True,,
44353,vehicles/44353.json,False,vehicle_class_out_of_scope,
44354,vehicles/44354.json,False,vehicle_class_out_of_scope,
44385,vehicles/44385.json,False,primary_fuel_out_of_scope|alternative_technology_present|vehicle_class_out_of_scope,missing_optional:engine_description
44386,vehicles/44386.json,False,vehicle_class_out_of_scope,
44387,vehicles/44387.json,False,vehicle_class_out_of_scope,
44393,vehicles/44393.json,False,primary_fuel_out_of_scope|alternative_technology_present|vehicle_class_out_of_scope,missing_optional:engine_description
44394,vehicles/44394.json,False,alternative_technology_present|electric_motor_present|hybrid_text_signal|vehicle_class_out_of_scope,
44396,vehicles/44396.json,False,vehicle_class_out_of_scope,missing_optional:engine_description
44397,vehicles/44397.json,False,primary_fuel_out_of_scope|alternative_technology_present|vehicle_class_out_of_scope,missing_optional:engine_description
44398,vehicles/44398.json,False,alternative_technology_present|electric_motor_present|hybrid_text_signal|vehicle_class_out_of_scope,
44399,vehicles/44399.json,False,primary_fuel_out_of_scope|alternative_technology_present|vehicle_class_out_of_scope,missing_optional:engine_description
44400,vehicles/44400.json,False,alternative_technology_present|electric_motor_present|hybrid_text_signal|vehicle_class_out_of_scope,
44401,vehicles/44401.json,False,alternative_technology_present|electric_motor_present|hybrid_text_signal|vehicle_class_out_of_scope,
44402,vehicles/44402.json,False,vehicle_class_out_of_scope,missing_optional:engine_description
44408,vehicles/44408.json,True,,
44409,vehicles/44409.json,False,alternative_technology_present|electric_motor_present|hybrid_text_signal,
44410,vehicles/44410.json,False,alternative_technology_present|electric_motor_present|hybrid_text_signal,
44413,vehicles/44413.json,True,,
44414,vehicles/44414.json,True,,
44417,vehicles/44417.json,True,,
44418,vehicles/44418.json,True,,
44428,vehicles/44428.json,True,,
44429,vehicles/44429.json,True,,
44430,vehicles/44430.json,True,,
44431,vehicles/44431.json,False,vehicle_class_out_of_scope,
44440,vehicles/44440.json,True,,
44441,vehicles/44441.json,True,,missing_optional:engine_description
44444,vehicles/44444.json,False,primary_fuel_out_of_scope|alternative_technology_present|electric_motor_present|insufficient_engine_specs,missing_optional:displacement_l|missing_optional:cylinders|missing_optional:engine_description
44447,vehicles/44447.json,False,primary_fuel_out_of_scope|alternative_technology_present|electric_motor_present|insufficient_engine_specs,missing_optional:displacement_l|missing_optional:cylinders|missing_optional:engine_description
44448,vehicles/44448.json,False,primary_fuel_out_of_scope|alternative_technology_present|electric_motor_present|insufficient_engine_specs,missing_optional:displacement_l|missing_optional:cylinders|missing_optional:engine_description
44449,vehicles/44449.json,False,primary_fuel_out_of_scope|alternative_technology_present|electric_motor_present|insufficient_engine_specs,missing_optional:displacement_l|missing_optional:cylinders|missing_optional:engine_description
44450,vehicles/44450.json,False,primary_fuel_out_of_scope|alternative_technology_present|electric_motor_present|insufficient_engine_specs,missing_optional:displacement_l|missing_optional:cylinders|missing_optional:engine_description
44452,vehicles/44452.json,True,,
44453,vehicles/44453.json,True,,
44454,vehicles/44454.json,True,,
44459,vehicles/44459.json,False,vehicle_class_out_of_scope,
44460,vehicles/44460.json,False,secondary_fuel_present|alternative_technology_present|electric_motor_present|phev_blended|hybrid_text_signal,
44461,vehicles/44461.json,False,primary_fuel_out_of_scope|alternative_technology_present|electric_motor_present|insufficient_engine_specs,missing_optional:displacement_l|missing_optional:cylinders|missing_optional:engine_description
44462,vehicles/44462.json,False,primary_fuel_out_of_scope|alternative_technology_present|electric_motor_present|vehicle_class_out_of_scope|insufficient_engine_specs,missing_optional:displacement_l|missing_optional:cylinders|missing_optional:engine_description
44463,vehicles/44463.json,True,,
44466,vehicles/44466.json,False,alternative_technology_present|electric_motor_present|hybrid_text_signal,
44481,vehicles/44481.json,False,reviewed_powertrain_hybrid:volvo_b_badge_mild_hybrid,
44484,vehicles/44484.json,True,,
44485,vehicles/44485.json,True,,
44486,vehicles/44486.json,True,,
44487,vehicles/44487.json,True,,
44490,vehicles/44490.json,True,,
44491,vehicles/44491.json,False,primary_fuel_out_of_scope|alternative_technology_present|electric_motor_present|insufficient_engine_specs,missing_optional:displacement_l|missing_optional:cylinders|missing_optional:engine_description
44492,vehicles/44492.json,False,primary_fuel_out_of_scope|alternative_technology_present|electric_motor_present|insufficient_engine_specs,missing_optional:displacement_l|missing_optional:cylinders|missing_optional:engine_description
44493,vehicles/44493.json,False,primary_fuel_out_of_scope|alternative_technology_present|electric_motor_present|insufficient_engine_specs,missing_optional:displacement_l|missing_optional:cylinders|missing_optional:engine_description
44494,vehicles/44494.json,False,primary_fuel_out_of_scope|alternative_technology_present|electric_motor_present|insufficient_engine_specs,missing_optional:displacement_l|missing_optional:cylinders|missing_optional:engine_description
44495,vehicles/44495.json,False,primary_fuel_out_of_scope|alternative_technology_present|electric_motor_present|insufficient_engine_specs,missing_optional:displacement_l|missing_optional:cylinders|missing_optional:engine_description
44496,vehicles/44496.json,False,primary_fuel_out_of_scope|alternative_technology_present|electric_motor_present|insufficient_engine_specs,missing_optional:displacement_l|missing_optional:cylinders|missing_optional:engine_description
44498,vehicles/44498.json,True,,
44499,vehicles/44499.json,True,,
44500,vehicles/44500.json,True,,
44511,vehicles/44511.json,True,,
44512,vehicles/44512.json,True,,
44523,vehicles/44523.json,True,,
44524,vehicles/44524.json,True,,
44525,vehicles/44525.json,True,,
44526,vehicles/44526.json,True,,
44527,vehicles/44527.json,True,,
44528,vehicles/44528.json,True,,
44533,vehicles/44533.json,True,,
44534,vehicles/44534.json,True,,
44535,vehicles/44535.json,True,,
44540,vehicles/44540.json,True,,
44544,vehicles/44544.json,True,,
44555,vehicles/44555.json,True,,
44556,vehicles/44556.json,True,,
44557,vehicles/44557.json,True,,
44559,vehicles/44559.json,True,,missing_optional:engine_description
44560,vehicles/44560.json,True,,
44561,vehicles/44561.json,True,,
44563,vehicles/44563.json,True,,missing_optional:engine_description
44570,vehicles/44570.json,True,,
44580,vehicles/44580.json,False,primary_fuel_out_of_scope|alternative_technology_present|vehicle_class_out_of_scope,missing_optional:engine_description
44589,vehicles/44589.json,True,,missing_optional:engine_description
44593,vehicles/44593.json,True,,
44608,vehicles/44608.json,False,secondary_fuel_present|alternative_technology_present|electric_motor_present|phev_blended|hybrid_text_signal,
44610,vehicles/44610.json,True,,missing_optional:engine_description
44611,vehicles/44611.json,True,,missing_optional:engine_description
44620,vehicles/44620.json,True,,
44621,vehicles/44621.json,True,,
44622,vehicles/44622.json,True,,
44628,vehicles/44628.json,False,secondary_fuel_present|alternative_technology_present|vehicle_class_out_of_scope,
44639,vehicles/44639.json,False,vehicle_class_out_of_scope,
44645,vehicles/44645.json,False,vehicle_class_out_of_scope,missing_optional:engine_description
44646,vehicles/44646.json,False,vehicle_class_out_of_scope,missing_optional:engine_description
44647,vehicles/44647.json,False,vehicle_class_out_of_scope,missing_optional:engine_description
44648,vehicles/44648.json,True,,
44655,vehicles/44655.json,True,,
44656,vehicles/44656.json,True,,
44675,vehicles/44675.json,False,alternative_technology_present|electric_motor_present|hybrid_text_signal,
44677,vehicles/44677.json,True,,
44686,vehicles/44686.json,True,,missing_optional:engine_description
44687,vehicles/44687.json,True,,missing_optional:engine_description
44688,vehicles/44688.json,True,,missing_optional:engine_description
44689,vehicles/44689.json,True,,missing_optional:engine_description
44690,vehicles/44690.json,True,,missing_optional:engine_description
44692,vehicles/44692.json,True,,
44694,vehicles/44694.json,False,alternative_technology_present|electric_motor_present|hybrid_text_signal,
44699,vehicles/44699.json,True,,
44700,vehicles/44700.json,True,,
44701,vehicles/44701.json,True,,
44708,vehicles/44708.json,True,,missing_optional:engine_description
44714,vehicles/44714.json,True,,
44715,vehicles/44715.json,True,,
44716,vehicles/44716.json,True,,
44717,vehicles/44717.json,True,,
44727,vehicles/44727.json,False,vehicle_class_out_of_scope,
44728,vehicles/44728.json,False,vehicle_class_out_of_scope,
44729,vehicles/44729.json,False,vehicle_class_out_of_scope,
44730,vehicles/44730.json,False,vehicle_class_out_of_scope,
44747,vehicles/44747.json,False,vehicle_class_out_of_scope,
44749,vehicles/44749.json,False,vehicle_class_out_of_scope,
44750,vehicles/44750.json,False,vehicle_class_out_of_scope,
44751,vehicles/44751.json,False,vehicle_class_out_of_scope,
44756,vehicles/44756.json,True,,
44762,vehicles/44762.json,False,vehicle_class_out_of_scope,missing_optional:engine_description
44763,vehicles/44763.json,False,vehicle_class_out_of_scope,missing_optional:engine_description
44766,vehicles/44766.json,True,,
44768,vehicles/44768.json,True,,
44773,vehicles/44773.json,True,,missing_optional:engine_description
44774,vehicles/44774.json,True,,missing_optional:engine_description
44775,vehicles/44775.json,True,,missing_optional:engine_description
44776,vehicles/44776.json,False,primary_fuel_out_of_scope|alternative_technology_present|electric_motor_present|insufficient_engine_specs,missing_optional:displacement_l|missing_optional:cylinders|missing_optional:engine_description
44778,vehicles/44778.json,False,primary_fuel_out_of_scope|alternative_technology_present|electric_motor_present|insufficient_engine_specs,missing_optional:displacement_l|missing_optional:cylinders|missing_optional:engine_description
44780,vehicles/44780.json,False,primary_fuel_out_of_scope|alternative_technology_present|electric_motor_present|insufficient_engine_specs,missing_optional:displacement_l|missing_optional:cylinders|missing_optional:engine_description
44790,vehicles/44790.json,False,primary_fuel_out_of_scope|alternative_technology_present|electric_motor_present|insufficient_engine_specs,missing_optional:displacement_l|missing_optional:cylinders|missing_optional:engine_description
44803,vehicles/44803.json,True,,
44805,vehicles/44805.json,True,,
44807,vehicles/44807.json,True,,
44810,vehicles/44810.json,True,,
44812,vehicles/44812.json,True,,
44818,vehicles/44818.json,True,,missing_optional:engine_description
44819,vehicles/44819.json,True,,
44820,vehicles/44820.json,True,,
44823,vehicles/44823.json,True,,
44826,vehicles/44826.json,True,,
44829,vehicles/44829.json,False,vehicle_class_out_of_scope,
44833,vehicles/44833.json,False,alternative_technology_present|electric_motor_present|hybrid_text_signal,
44835,vehicles/44835.json,True,,
44836,vehicles/44836.json,True,,
44837,vehicles/44837.json,True,,
44838,vehicles/44838.json,True,,
44839,vehicles/44839.json,True,,
44840,vehicles/44840.json,True,,
44843,vehicles/44843.json,True,,
44845,vehicles/44845.json,True,,
44846,vehicles/44846.json,True,,
44850,vehicles/44850.json,True,,missing_optional:engine_description
44853,vehicles/44853.json,True,,missing_optional:engine_description
44854,vehicles/44854.json,True,,missing_optional:engine_description
44862,vehicles/44862.json,False,alternative_technology_present|electric_motor_present|hybrid_text_signal,
44875,vehicles/44875.json,False,vehicle_class_out_of_scope,
44881,vehicles/44881.json,False,vehicle_class_out_of_scope,
44885,vehicles/44885.json,True,,missing_optional:engine_description
44886,vehicles/44886.json,True,,
44891,vehicles/44891.json,True,,
44893,vehicles/44893.json,False,alternative_technology_present|electric_motor_present|hybrid_text_signal,
44898,vehicles/44898.json,False,primary_fuel_out_of_scope|alternative_technology_present|vehicle_class_out_of_scope,missing_optional:engine_description
44928,vehicles/44928.json,False,primary_fuel_out_of_scope|alternative_technology_present|electric_motor_present|insufficient_engine_specs,missing_optional:displacement_l|missing_optional:cylinders|missing_optional:engine_description
44930,vehicles/44930.json,False,secondary_fuel_present|alternative_technology_present|electric_motor_present|phev_blended|hybrid_text_signal|vehicle_class_out_of_scope,
44933,vehicles/44933.json,False,secondary_fuel_present|alternative_technology_present|electric_motor_present|phev_blended,
44934,vehicles/44934.json,False,secondary_fuel_present|alternative_technology_present|electric_motor_present|phev_blended|hybrid_text_signal,
44935,vehicles/44935.json,True,,
44936,vehicles/44936.json,True,,missing_optional:engine_description
44937,vehicles/44937.json,True,,missing_optional:engine_description
44938,vehicles/44938.json,True,,
44939,vehicles/44939.json,True,,
44941,vehicles/44941.json,True,,
44942,vehicles/44942.json,True,,
44943,vehicles/44943.json,True,,
44944,vehicles/44944.json,True,,
44946,vehicles/44946.json,True,,
44949,vehicles/44949.json,True,,
44950,vehicles/44950.json,True,,missing_optional:engine_description
44974,vehicles/44974.json,True,,
44977,vehicles/44977.json,True,,
44983,vehicles/44983.json,False,secondary_fuel_present|alternative_technology_present|electric_motor_present|phev_blended|hybrid_text_signal,
44984,vehicles/44984.json,False,secondary_fuel_present|alternative_technology_present|electric_motor_present|phev_blended,
45011,vehicles/45011.json,False,primary_fuel_out_of_scope|alternative_technology_present|electric_motor_present|insufficient_engine_specs,missing_optional:displacement_l|missing_optional:cylinders|missing_optional:engine_description
45012,vehicles/45012.json,False,primary_fuel_out_of_scope|alternative_technology_present|electric_motor_present|insufficient_engine_specs,missing_optional:displacement_l|missing_optional:cylinders|missing_optional:engine_description
45013,vehicles/45013.json,False,primary_fuel_out_of_scope|alternative_technology_present|electric_motor_present|insufficient_engine_specs,missing_optional:displacement_l|missing_optional:cylinders|missing_optional:engine_description
45014,vehicles/45014.json,False,primary_fuel_out_of_scope|alternative_technology_present|electric_motor_present|insufficient_engine_specs,missing_optional:displacement_l|missing_optional:cylinders|missing_optional:engine_description
45015,vehicles/45015.json,False,primary_fuel_out_of_scope|alternative_technology_present|electric_motor_present|insufficient_engine_specs,missing_optional:displacement_l|missing_optional:cylinders|missing_optional:engine_description
45016,vehicles/45016.json,False,primary_fuel_out_of_scope|alternative_technology_present|electric_motor_present|insufficient_engine_specs,missing_optional:displacement_l|missing_optional:cylinders|missing_optional:engine_description
45017,vehicles/45017.json,False,primary_fuel_out_of_scope|alternative_technology_present|electric_motor_present|insufficient_engine_specs,missing_optional:displacement_l|missing_optional:cylinders|missing_optional:engine_description
45018,vehicles/45018.json,False,primary_fuel_out_of_scope|alternative_technology_present|electric_motor_present|insufficient_engine_specs,missing_optional:displacement_l|missing_optional:cylinders|missing_optional:engine_description
45019,vehicles/45019.json,False,primary_fuel_out_of_scope|alternative_technology_present|electric_motor_present|insufficient_engine_specs,missing_optional:displacement_l|missing_optional:cylinders|missing_optional:engine_description
45020,vehicles/45020.json,False,primary_fuel_out_of_scope|alternative_technology_present|electric_motor_present|insufficient_engine_specs,missing_optional:displacement_l|missing_optional:cylinders|missing_optional:engine_description
45021,vehicles/45021.json,False,primary_fuel_out_of_scope|alternative_technology_present|electric_motor_present|insufficient_engine_specs,missing_optional:displacement_l|missing_optional:cylinders|missing_optional:engine_description
45022,vehicles/45022.json,False,primary_fuel_out_of_scope|alternative_technology_present|electric_motor_present|insufficient_engine_specs,missing_optional:displacement_l|missing_optional:cylinders|missing_optional:engine_description
45024,vehicles/45024.json,True,,missing_optional:engine_description
45025,vehicles/45025.json,True,,missing_optional:engine_description
45026,vehicles/45026.json,True,,
45027,vehicles/45027.json,True,,
45028,vehicles/45028.json,True,,
45029,vehicles/45029.json,True,,
45030,vehicles/45030.json,True,,
45031,vehicles/45031.json,True,,
45032,vehicles/45032.json,True,,
45033,vehicles/45033.json,True,,
45034,vehicles/45034.json,True,,
45035,vehicles/45035.json,True,,
45036,vehicles/45036.json,True,,missing_optional:engine_description
45037,vehicles/45037.json,True,,
45038,vehicles/45038.json,True,,missing_optional:engine_description
45040,vehicles/45040.json,True,,
45043,vehicles/45043.json,False,alternative_technology_present|electric_motor_present|hybrid_text_signal,
45059,vehicles/45059.json,True,,
45060,vehicles/45060.json,True,,
45065,vehicles/45065.json,True,,missing_optional:engine_description
45066,vehicles/45066.json,True,,missing_optional:engine_description
45067,vehicles/45067.json,True,,missing_optional:engine_description
45068,vehicles/45068.json,True,,missing_optional:engine_description
45070,vehicles/45070.json,True,,missing_optional:engine_description
45071,vehicles/45071.json,True,,missing_optional:engine_description
45077,vehicles/45077.json,True,,missing_optional:engine_description
45078,vehicles/45078.json,True,,missing_optional:engine_description
45079,vehicles/45079.json,True,,missing_optional:engine_description
45083,vehicles/45083.json,True,,missing_optional:engine_description
45084,vehicles/45084.json,True,,missing_optional:engine_description
45086,vehicles/45086.json,True,,
45092,vehicles/45092.json,False,alternative_technology_present|electric_motor_present|hybrid_text_signal,
45096,vehicles/45096.json,True,,missing_optional:engine_description
45097,vehicles/45097.json,True,,missing_optional:engine_description
45105,vehicles/45105.json,True,,
45106,vehicles/45106.json,False,alternative_technology_present|electric_motor_present|hybrid_text_signal,
45107,vehicles/45107.json,False,alternative_technology_present|electric_motor_present|hybrid_text_signal,
45109,vehicles/45109.json,True,,
45114,vehicles/45114.json,True,,
45115,vehicles/45115.json,True,,
45123,vehicles/45123.json,True,,
45124,vehicles/45124.json,True,,
45127,vehicles/45127.json,True,,
45128,vehicles/45128.json,True,,
45140,vehicles/45140.json,False,primary_fuel_out_of_scope|alternative_technology_present|electric_motor_present|insufficient_engine_specs,missing_optional:displacement_l|missing_optional:cylinders|missing_optional:engine_description
45141,vehicles/45141.json,False,primary_fuel_out_of_scope|alternative_technology_present|electric_motor_present|insufficient_engine_specs,missing_optional:displacement_l|missing_optional:cylinders|missing_optional:engine_description
45158,vehicles/45158.json,True,,
45159,vehicles/45159.json,False,vehicle_class_out_of_scope,
45160,vehicles/45160.json,False,vehicle_class_out_of_scope,
45169,vehicles/45169.json,False,vehicle_class_out_of_scope,
45170,vehicles/45170.json,False,vehicle_class_out_of_scope,
45179,vehicles/45179.json,False,secondary_fuel_present|alternative_technology_present|electric_motor_present|phev_blended|hybrid_text_signal,
45182,vehicles/45182.json,True,,
45183,vehicles/45183.json,True,,
45184,vehicles/45184.json,True,,
45185,vehicles/45185.json,True,,
45186,vehicles/45186.json,True,,
45189,vehicles/45189.json,False,alternative_technology_present|electric_motor_present|hybrid_text_signal,
45193,vehicles/45193.json,True,,missing_optional:engine_description
45194,vehicles/45194.json,True,,missing_optional:engine_description
45196,vehicles/45196.json,False,primary_fuel_out_of_scope|alternative_technology_present|electric_motor_present|insufficient_engine_specs,missing_optional:displacement_l|missing_optional:cylinders|missing_optional:engine_description
45199,vehicles/45199.json,False,secondary_fuel_present|alternative_technology_present|electric_motor_present|phev_blended|hybrid_text_signal,
45202,vehicles/45202.json,True,,
45204,vehicles/45204.json,True,,
45205,vehicles/45205.json,True,,
45206,vehicles/45206.json,True,,
45207,vehicles/45207.json,False,alternative_technology_present|electric_motor_present|hybrid_text_signal,
45221,vehicles/45221.json,True,,
45222,vehicles/45222.json,True,,
45227,vehicles/45227.json,True,,
45228,vehicles/45228.json,True,,
45241,vehicles/45241.json,True,,
45243,vehicles/45243.json,True,,
45245,vehicles/45245.json,True,,
45246,vehicles/45246.json,True,,
45250,vehicles/45250.json,True,,
45251,vehicles/45251.json,True,,
45252,vehicles/45252.json,True,,
45253,vehicles/45253.json,True,,
45255,vehicles/45255.json,True,,
45256,vehicles/45256.json,True,,
45258,vehicles/45258.json,False,primary_fuel_out_of_scope|alternative_technology_present|electric_motor_present|insufficient_engine_specs,missing_optional:displacement_l|missing_optional:cylinders|missing_optional:engine_description
45262,vehicles/45262.json,True,,
45264,vehicles/45264.json,True,,
45271,vehicles/45271.json,True,,
45272,vehicles/45272.json,True,,
45277,vehicles/45277.json,True,,
45280,vehicles/45280.json,True,,
45281,vehicles/45281.json,True,,
45287,vehicles/45287.json,False,secondary_fuel_present|alternative_technology_present|electric_motor_present|phev_blended|hybrid_text_signal,
45291,vehicles/45291.json,True,,
45292,vehicles/45292.json,True,,
45294,vehicles/45294.json,True,,missing_optional:engine_description
45295,vehicles/45295.json,True,,
45296,vehicles/45296.json,True,,
45299,vehicles/45299.json,True,,
45301,vehicles/45301.json,True,,
45305,vehicles/45305.json,True,,
45306,vehicles/45306.json,True,,
45310,vehicles/45310.json,True,,
45314,vehicles/45314.json,False,alternative_technology_present|electric_motor_present|hybrid_text_signal,
45319,vehicles/45319.json,True,,
45320,vehicles/45320.json,True,,
45321,vehicles/45321.json,True,,
45329,vehicles/45329.json,False,primary_fuel_out_of_scope|alternative_technology_present|electric_motor_present|insufficient_engine_specs,missing_optional:displacement_l|missing_optional:cylinders|missing_optional:engine_description
45333,vehicles/45333.json,True,,
45334,vehicles/45334.json,True,,
45335,vehicles/45335.json,True,,
45336,vehicles/45336.json,True,,
45337,vehicles/45337.json,True,,
45338,vehicles/45338.json,True,,
45339,vehicles/45339.json,True,,
45341,vehicles/45341.json,True,,
45342,vehicles/45342.json,True,,
45351,vehicles/45351.json,True,,missing_optional:engine_description
45354,vehicles/45354.json,True,,
45357,vehicles/45357.json,True,,
45359,vehicles/45359.json,True,,
45368,vehicles/45368.json,True,,
45376,vehicles/45376.json,True,,
45383,vehicles/45383.json,True,,
45386,vehicles/45386.json,True,,
45387,vehicles/45387.json,True,,
45392,vehicles/45392.json,True,,
45394,vehicles/45394.json,True,,
45395,vehicles/45395.json,False,secondary_fuel_present|alternative_technology_present|electric_motor_present|phev_blended|hybrid_text_signal,
45396,vehicles/45396.json,True,,
45397,vehicles/45397.json,True,,
45398,vehicles/45398.json,False,secondary_fuel_present|alternative_technology_present|electric_motor_present|phev_blended|hybrid_text_signal,
45399,vehicles/45399.json,True,,
45400,vehicles/45400.json,True,,
45413,vehicles/45413.json,False,primary_fuel_out_of_scope|alternative_technology_present|electric_motor_present|insufficient_engine_specs,missing_optional:displacement_l|missing_optional:cylinders|missing_optional:engine_description
45414,vehicles/45414.json,True,,
45421,vehicles/45421.json,True,,
45423,vehicles/45423.json,True,,missing_optional:engine_description
45424,vehicles/45424.json,True,,missing_optional:engine_description
45425,vehicles/45425.json,True,,missing_optional:engine_description
45429,vehicles/45429.json,True,,
45430,vehicles/45430.json,True,,
45431,vehicles/45431.json,True,,
45432,vehicles/45432.json,True,,
45433,vehicles/45433.json,True,,
45434,vehicles/45434.json,True,,
45435,vehicles/45435.json,True,,
45436,vehicles/45436.json,True,,
45437,vehicles/45437.json,True,,
45438,vehicles/45438.json,True,,
45442,vehicles/45442.json,True,,
45443,vehicles/45443.json,True,,
45445,vehicles/45445.json,True,,
45446,vehicles/45446.json,True,,
45447,vehicles/45447.json,True,,
45448,vehicles/45448.json,True,,
45449,vehicles/45449.json,True,,
45450,vehicles/45450.json,True,,
45452,vehicles/45452.json,False,alternative_technology_present|electric_motor_present|hybrid_text_signal,
45453,vehicles/45453.json,True,,
45459,vehicles/45459.json,False,alternative_technology_present|electric_motor_present|hybrid_text_signal,
45461,vehicles/45461.json,False,alternative_technology_present|electric_motor_present|hybrid_text_signal,
45465,vehicles/45465.json,True,,
45466,vehicles/45466.json,True,,
45468,vehicles/45468.json,True,,
45469,vehicles/45469.json,True,,
45471,vehicles/45471.json,True,,
45477,vehicles/45477.json,True,,
45478,vehicles/45478.json,True,,
45485,vehicles/45485.json,True,,
45499,vehicles/45499.json,True,,
45500,vehicles/45500.json,True,,
45501,vehicles/45501.json,True,,
45502,vehicles/45502.json,True,,
45503,vehicles/45503.json,True,,
45505,vehicles/45505.json,True,,
45506,vehicles/45506.json,True,,
45507,vehicles/45507.json,True,,missing_optional:engine_description
45508,vehicles/45508.json,True,,missing_optional:engine_description
45509,vehicles/45509.json,True,,missing_optional:engine_description
45510,vehicles/45510.json,True,,missing_optional:engine_description
45515,vehicles/45515.json,False,alternative_technology_present|electric_motor_present|hybrid_text_signal|reviewed_powertrain_hybrid:volvo_b_badge_mild_hybrid,
45517,vehicles/45517.json,True,,
45530,vehicles/45530.json,False,alternative_technology_present|electric_motor_present|hybrid_text_signal|reviewed_powertrain_hybrid:volvo_b_badge_mild_hybrid,
45532,vehicles/45532.json,False,alternative_technology_present|electric_motor_present|hybrid_text_signal,
45533,vehicles/45533.json,False,alternative_technology_present|electric_motor_present|hybrid_text_signal|reviewed_powertrain_hybrid:volvo_b_badge_mild_hybrid,
45534,vehicles/45534.json,False,alternative_technology_present|electric_motor_present|hybrid_text_signal|reviewed_powertrain_hybrid:volvo_b_badge_mild_hybrid,
45536,vehicles/45536.json,True,,
45537,vehicles/45537.json,True,,
45538,vehicles/45538.json,False,alternative_technology_present|electric_motor_present|hybrid_text_signal,
45539,vehicles/45539.json,False,alternative_technology_present|electric_motor_present|hybrid_text_signal|reviewed_powertrain_hybrid:volvo_b_badge_mild_hybrid,
45540,vehicles/45540.json,False,alternative_technology_present|electric_motor_present|hybrid_text_signal|reviewed_powertrain_hybrid:volvo_b_badge_mild_hybrid,
45542,vehicles/45542.json,True,,
45544,vehicles/45544.json,True,,
45556,vehicles/45556.json,True,,
45557,vehicles/45557.json,False,alternative_technology_present|electric_motor_present|hybrid_text_signal,
45559,vehicles/45559.json,False,alternative_technology_present|electric_motor_present|hybrid_text_signal|reviewed_powertrain_hybrid:volvo_b_badge_mild_hybrid,
45560,vehicles/45560.json,False,alternative_technology_present|electric_motor_present|hybrid_text_signal|reviewed_powertrain_hybrid:volvo_b_badge_mild_hybrid,
45564,vehicles/45564.json,False,primary_fuel_out_of_scope|alternative_technology_present,missing_optional:engine_description
45565,vehicles/45565.json,False,primary_fuel_out_of_scope|alternative_technology_present,missing_optional:engine_description
45566,vehicles/45566.json,True,,missing_optional:engine_description
45580,vehicles/45580.json,False,primary_fuel_out_of_scope|alternative_technology_present,missing_optional:engine_description
45582,vehicles/45582.json,False,primary_fuel_out_of_scope|alternative_technology_present,missing_optional:engine_description
45586,vehicles/45586.json,True,,missing_optional:engine_description
45589,vehicles/45589.json,False,alternative_technology_present|electric_motor_present|hybrid_text_signal|reviewed_powertrain_hybrid:volvo_b_badge_mild_hybrid,
45593,vehicles/45593.json,False,alternative_technology_present|electric_motor_present|hybrid_text_signal,
45600,vehicles/45600.json,True,,
45609,vehicles/45609.json,True,,
45610,vehicles/45610.json,True,,
45611,vehicles/45611.json,True,,
45614,vehicles/45614.json,False,alternative_technology_present|electric_motor_present|hybrid_text_signal,
45618,vehicles/45618.json,True,,
45619,vehicles/45619.json,True,,
45621,vehicles/45621.json,True,,
45622,vehicles/45622.json,True,,
45623,vehicles/45623.json,True,,
45624,vehicles/45624.json,True,,
45633,vehicles/45633.json,True,,
45634,vehicles/45634.json,True,,
45641,vehicles/45641.json,False,alternative_technology_present|electric_motor_present|hybrid_text_signal,
45642,vehicles/45642.json,False,alternative_technology_present|electric_motor_present|hybrid_text_signal,
45645,vehicles/45645.json,True,,
45653,vehicles/45653.json,True,,
45654,vehicles/45654.json,True,,
45655,vehicles/45655.json,False,alternative_technology_present|electric_motor_present|hybrid_text_signal,
45657,vehicles/45657.json,False,alternative_technology_present|electric_motor_present|hybrid_text_signal,
45659,vehicles/45659.json,False,alternative_technology_present|electric_motor_present|hybrid_text_signal,
45665,vehicles/45665.json,True,,
45666,vehicles/45666.json,True,,
45667,vehicles/45667.json,True,,
45668,vehicles/45668.json,True,,
45669,vehicles/45669.json,True,,
45676,vehicles/45676.json,True,,
45677,vehicles/45677.json,True,,
45684,vehicles/45684.json,False,alternative_technology_present|electric_motor_present|hybrid_text_signal,
45685,vehicles/45685.json,False,alternative_technology_present|electric_motor_present|hybrid_text_signal,
45694,vehicles/45694.json,True,,
45695,vehicles/45695.json,False,alternative_technology_present|electric_motor_present|hybrid_text_signal,
45696,vehicles/45696.json,True,,missing_optional:engine_description
45697,vehicles/45697.json,True,,missing_optional:engine_description
45703,vehicles/45703.json,True,,
45711,vehicles/45711.json,True,,
45721,vehicles/45721.json,True,,
45742,vehicles/45742.json,False,vehicle_class_out_of_scope,
45746,vehicles/45746.json,True,,
45747,vehicles/45747.json,True,,
45752,vehicles/45752.json,False,primary_fuel_out_of_scope|alternative_technology_present|electric_motor_present|insufficient_engine_specs,missing_optional:displacement_l|missing_optional:cylinders|missing_optional:engine_description
45753,vehicles/45753.json,False,primary_fuel_out_of_scope|alternative_technology_present|electric_motor_present|insufficient_engine_specs,missing_optional:displacement_l|missing_optional:cylinders|missing_optional:engine_description
45754,vehicles/45754.json,False,primary_fuel_out_of_scope|alternative_technology_present|electric_motor_present|insufficient_engine_specs,missing_optional:displacement_l|missing_optional:cylinders|missing_optional:engine_description
45755,vehicles/45755.json,False,primary_fuel_out_of_scope|alternative_technology_present|electric_motor_present|insufficient_engine_specs,missing_optional:displacement_l|missing_optional:cylinders|missing_optional:engine_description
45760,vehicles/45760.json,False,primary_fuel_out_of_scope|alternative_technology_present|electric_motor_present|insufficient_engine_specs,missing_optional:displacement_l|missing_optional:cylinders|missing_optional:engine_description
45761,vehicles/45761.json,False,primary_fuel_out_of_scope|alternative_technology_present|electric_motor_present|insufficient_engine_specs,missing_optional:displacement_l|missing_optional:cylinders|missing_optional:engine_description
45762,vehicles/45762.json,True,,
45763,vehicles/45763.json,True,,
45764,vehicles/45764.json,True,,
45766,vehicles/45766.json,True,,missing_optional:engine_description
45767,vehicles/45767.json,True,,missing_optional:engine_description
45768,vehicles/45768.json,True,,missing_optional:engine_description
45802,vehicles/45802.json,False,primary_fuel_out_of_scope|alternative_technology_present|vehicle_class_out_of_scope,missing_optional:engine_description
45804,vehicles/45804.json,False,vehicle_class_out_of_scope,
45805,vehicles/45805.json,False,vehicle_class_out_of_scope,
45806,vehicles/45806.json,False,vehicle_class_out_of_scope,
45808,vehicles/45808.json,False,vehicle_class_out_of_scope,
45810,vehicles/45810.json,False,vehicle_class_out_of_scope,
45814,vehicles/45814.json,False,vehicle_class_out_of_scope,
45822,vehicles/45822.json,False,vehicle_class_out_of_scope,
45826,vehicles/45826.json,True,,
45843,vehicles/45843.json,True,,
45852,vehicles/45852.json,True,,missing_optional:engine_description
45855,vehicles/45855.json,True,,
45856,vehicles/45856.json,True,,
45857,vehicles/45857.json,True,,
45859,vehicles/45859.json,True,,
45860,vehicles/45860.json,True,,
45870,vehicles/45870.json,False,vehicle_class_out_of_scope,
45880,vehicles/45880.json,True,,
45881,vehicles/45881.json,True,,
45882,vehicles/45882.json,True,,
45883,vehicles/45883.json,True,,
45884,vehicles/45884.json,True,,
45885,vehicles/45885.json,True,,
45889,vehicles/45889.json,True,,missing_optional:engine_description
45890,vehicles/45890.json,True,,missing_optional:engine_description
45891,vehicles/45891.json,True,,missing_optional:engine_description
45895,vehicles/45895.json,True,,
45896,vehicles/45896.json,True,,
45897,vehicles/45897.json,True,,
45898,vehicles/45898.json,True,,
45901,vehicles/45901.json,True,,
45902,vehicles/45902.json,True,,
45905,vehicles/45905.json,True,,
45906,vehicles/45906.json,True,,
45907,vehicles/45907.json,True,,
45924,vehicles/45924.json,True,,
45928,vehicles/45928.json,True,,
45936,vehicles/45936.json,True,,
45939,vehicles/45939.json,True,,
45940,vehicles/45940.json,True,,
45941,vehicles/45941.json,True,,
45947,vehicles/45947.json,True,,
45954,vehicles/45954.json,True,,missing_optional:engine_description
45956,vehicles/45956.json,True,,
45960,vehicles/45960.json,True,,
45961,vehicles/45961.json,True,,
45962,vehicles/45962.json,True,,
45963,vehicles/45963.json,True,,
45965,vehicles/45965.json,True,,
45980,vehicles/45980.json,True,,missing_optional:engine_description
45987,vehicles/45987.json,False,primary_fuel_out_of_scope|alternative_technology_present|electric_motor_present|insufficient_engine_specs,missing_optional:displacement_l|missing_optional:cylinders|missing_optional:engine_description
45999,vehicles/45999.json,False,primary_fuel_out_of_scope|alternative_technology_present|electric_motor_present|insufficient_engine_specs,missing_optional:displacement_l|missing_optional:cylinders|missing_optional:engine_description
46002,vehicles/46002.json,False,primary_fuel_out_of_scope|alternative_technology_present|electric_motor_present|insufficient_engine_specs,missing_optional:displacement_l|missing_optional:cylinders|missing_optional:engine_description
46013,vehicles/46013.json,False,primary_fuel_out_of_scope|alternative_technology_present|electric_motor_present|insufficient_engine_specs,missing_optional:displacement_l|missing_optional:cylinders|missing_optional:engine_description
46031,vehicles/46031.json,False,primary_fuel_out_of_scope|alternative_technology_present|electric_motor_present|insufficient_engine_specs,missing_optional:displacement_l|missing_optional:cylinders|missing_optional:engine_description
46034,vehicles/46034.json,False,primary_fuel_out_of_scope|alternative_technology_present|electric_motor_present|insufficient_engine_specs,missing_optional:displacement_l|missing_optional:cylinders|missing_optional:engine_description
46036,vehicles/46036.json,False,primary_fuel_out_of_scope|alternative_technology_present|electric_motor_present|insufficient_engine_specs,missing_optional:displacement_l|missing_optional:cylinders|missing_optional:engine_description
46037,vehicles/46037.json,False,primary_fuel_out_of_scope|alternative_technology_present|electric_motor_present|insufficient_engine_specs,missing_optional:displacement_l|missing_optional:cylinders|missing_optional:engine_description
46039,vehicles/46039.json,True,,
46046,vehicles/46046.json,False,alternative_technology_present|electric_motor_present|hybrid_text_signal,
46047,vehicles/46047.json,False,alternative_technology_present|electric_motor_present|hybrid_text_signal,
46053,vehicles/46053.json,True,,
46054,vehicles/46054.json,True,,missing_optional:engine_description
46057,vehicles/46057.json,False,alternative_technology_present|electric_motor_present|hybrid_text_signal,
46062,vehicles/46062.json,True,,
46063,vehicles/46063.json,True,,
46065,vehicles/46065.json,True,,
46066,vehicles/46066.json,True,,
46072,vehicles/46072.json,True,,
46081,vehicles/46081.json,True,,
46083,vehicles/46083.json,True,,
46084,vehicles/46084.json,True,,
46088,vehicles/46088.json,True,,
46089,vehicles/46089.json,True,,
46091,vehicles/46091.json,True,,
46101,vehicles/46101.json,True,,
46102,vehicles/46102.json,True,,
46103,vehicles/46103.json,True,,
46113,vehicles/46113.json,True,,
46114,vehicles/46114.json,True,,
46124,vehicles/46124.json,True,,
46125,vehicles/46125.json,True,,
46128,vehicles/46128.json,True,,
46129,vehicles/46129.json,True,,
46130,vehicles/46130.json,True,,
46136,vehicles/46136.json,True,,
46137,vehicles/46137.json,True,,
46138,vehicles/46138.json,True,,
46139,vehicles/46139.json,True,,
46140,vehicles/46140.json,True,,missing_optional:engine_description
46141,vehicles/46141.json,True,,missing_optional:engine_description
46142,vehicles/46142.json,True,,
46144,vehicles/46144.json,True,,missing_optional:engine_description
46145,vehicles/46145.json,False,alternative_technology_present|electric_motor_present|hybrid_text_signal,
46146,vehicles/46146.json,True,,
46147,vehicles/46147.json,True,,
46154,vehicles/46154.json,True,,missing_optional:engine_description
46155,vehicles/46155.json,True,,
46162,vehicles/46162.json,False,secondary_fuel_present|alternative_technology_present|vehicle_class_out_of_scope,
46163,vehicles/46163.json,False,secondary_fuel_present|alternative_technology_present|vehicle_class_out_of_scope,
46164,vehicles/46164.json,False,secondary_fuel_present|alternative_technology_present|vehicle_class_out_of_scope,
46165,vehicles/46165.json,False,secondary_fuel_present|alternative_technology_present|vehicle_class_out_of_scope,
46201,vehicles/46201.json,True,,
46204,vehicles/46204.json,False,primary_fuel_out_of_scope|alternative_technology_present|electric_motor_present|insufficient_engine_specs,missing_optional:displacement_l|missing_optional:cylinders|missing_optional:engine_description
46205,vehicles/46205.json,False,primary_fuel_out_of_scope|alternative_technology_present|electric_motor_present|insufficient_engine_specs,missing_optional:displacement_l|missing_optional:cylinders|missing_optional:engine_description
46206,vehicles/46206.json,False,primary_fuel_out_of_scope|alternative_technology_present|electric_motor_present|insufficient_engine_specs,missing_optional:displacement_l|missing_optional:cylinders|missing_optional:engine_description
46207,vehicles/46207.json,False,primary_fuel_out_of_scope|alternative_technology_present|electric_motor_present|insufficient_engine_specs,missing_optional:displacement_l|missing_optional:cylinders|missing_optional:engine_description
46208,vehicles/46208.json,False,primary_fuel_out_of_scope|alternative_technology_present|electric_motor_present|insufficient_engine_specs,missing_optional:displacement_l|missing_optional:cylinders|missing_optional:engine_description
46209,vehicles/46209.json,False,primary_fuel_out_of_scope|alternative_technology_present|electric_motor_present|insufficient_engine_specs,missing_optional:displacement_l|missing_optional:cylinders|missing_optional:engine_description
46210,vehicles/46210.json,False,primary_fuel_out_of_scope|alternative_technology_present|electric_motor_present|insufficient_engine_specs,missing_optional:displacement_l|missing_optional:cylinders|missing_optional:engine_description
46211,vehicles/46211.json,False,primary_fuel_out_of_scope|alternative_technology_present|electric_motor_present|insufficient_engine_specs,missing_optional:displacement_l|missing_optional:cylinders|missing_optional:engine_description
46212,vehicles/46212.json,False,primary_fuel_out_of_scope|alternative_technology_present|electric_motor_present|insufficient_engine_specs,missing_optional:displacement_l|missing_optional:cylinders|missing_optional:engine_description
46213,vehicles/46213.json,False,primary_fuel_out_of_scope|alternative_technology_present|electric_motor_present|insufficient_engine_specs,missing_optional:displacement_l|missing_optional:cylinders|missing_optional:engine_description
46221,vehicles/46221.json,False,alternative_technology_present|electric_motor_present|hybrid_text_signal,
46224,vehicles/46224.json,False,alternative_technology_present|electric_motor_present|hybrid_text_signal|vehicle_class_out_of_scope,
46225,vehicles/46225.json,False,alternative_technology_present|electric_motor_present|hybrid_text_signal|vehicle_class_out_of_scope,
46226,vehicles/46226.json,False,primary_fuel_out_of_scope|alternative_technology_present|vehicle_class_out_of_scope,missing_optional:engine_description
46227,vehicles/46227.json,False,alternative_technology_present|electric_motor_present|hybrid_text_signal|vehicle_class_out_of_scope,
46228,vehicles/46228.json,False,alternative_technology_present|electric_motor_present|hybrid_text_signal|vehicle_class_out_of_scope,
46229,vehicles/46229.json,False,vehicle_class_out_of_scope,missing_optional:engine_description
46230,vehicles/46230.json,True,,
46234,vehicles/46234.json,True,,
46235,vehicles/46235.json,True,,
46242,vehicles/46242.json,True,,
46245,vehicles/46245.json,False,secondary_fuel_present|alternative_technology_present|electric_motor_present|phev_blended|hybrid_text_signal,
46249,vehicles/46249.json,False,secondary_fuel_present|alternative_technology_present|electric_motor_present|phev_blended|hybrid_text_signal|vehicle_class_out_of_scope,missing_optional:engine_description
46256,vehicles/46256.json,False,secondary_fuel_present|alternative_technology_present|electric_motor_present|phev_blended|hybrid_text_signal,missing_optional:engine_description
46262,vehicles/46262.json,False,secondary_fuel_present|alternative_technology_present|electric_motor_present|phev_blended,missing_optional:engine_description
46273,vehicles/46273.json,True,,missing_optional:engine_description
46276,vehicles/46276.json,True,,missing_optional:engine_description
46277,vehicles/46277.json,True,,missing_optional:engine_description
46278,vehicles/46278.json,True,,missing_optional:engine_description
46279,vehicles/46279.json,True,,missing_optional:engine_description
46283,vehicles/46283.json,True,,missing_optional:engine_description
46285,vehicles/46285.json,True,,missing_optional:engine_description
46288,vehicles/46288.json,False,vehicle_class_out_of_scope,missing_optional:engine_description
46289,vehicles/46289.json,False,vehicle_class_out_of_scope,missing_optional:engine_description
46290,vehicles/46290.json,False,vehicle_class_out_of_scope,missing_optional:engine_description
46291,vehicles/46291.json,False,vehicle_class_out_of_scope,missing_optional:engine_description
46292,vehicles/46292.json,False,vehicle_class_out_of_scope,missing_optional:engine_description
46298,vehicles/46298.json,False,alternative_technology_present|electric_motor_present|hybrid_text_signal,
46302,vehicles/46302.json,False,alternative_technology_present|electric_motor_present|hybrid_text_signal,
46303,vehicles/46303.json,False,primary_fuel_out_of_scope|alternative_technology_present|electric_motor_present|insufficient_engine_specs,missing_optional:displacement_l|missing_optional:cylinders|missing_optional:engine_description
46304,vehicles/46304.json,False,primary_fuel_out_of_scope|alternative_technology_present|electric_motor_present|insufficient_engine_specs,missing_optional:displacement_l|missing_optional:cylinders|missing_optional:engine_description
46305,vehicles/46305.json,False,primary_fuel_out_of_scope|alternative_technology_present|electric_motor_present|insufficient_engine_specs,missing_optional:displacement_l|missing_optional:cylinders|missing_optional:engine_description
46306,vehicles/46306.json,False,primary_fuel_out_of_scope|alternative_technology_present|electric_motor_present|insufficient_engine_specs,missing_optional:displacement_l|missing_optional:cylinders|missing_optional:engine_description
46307,vehicles/46307.json,False,primary_fuel_out_of_scope|alternative_technology_present|electric_motor_present|insufficient_engine_specs,missing_optional:displacement_l|missing_optional:cylinders|missing_optional:engine_description
46308,vehicles/46308.json,False,primary_fuel_out_of_scope|alternative_technology_present|electric_motor_present|insufficient_engine_specs,missing_optional:displacement_l|missing_optional:cylinders|missing_optional:engine_description
46309,vehicles/46309.json,False,primary_fuel_out_of_scope|alternative_technology_present|electric_motor_present|insufficient_engine_specs,missing_optional:displacement_l|missing_optional:cylinders|missing_optional:engine_description
46310,vehicles/46310.json,False,primary_fuel_out_of_scope|alternative_technology_present|electric_motor_present|insufficient_engine_specs,missing_optional:displacement_l|missing_optional:cylinders|missing_optional:engine_description
46311,vehicles/46311.json,False,primary_fuel_out_of_scope|alternative_technology_present|electric_motor_present|insufficient_engine_specs,missing_optional:displacement_l|missing_optional:cylinders|missing_optional:engine_description
46312,vehicles/46312.json,False,primary_fuel_out_of_scope|alternative_technology_present|electric_motor_present|vehicle_class_out_of_scope|insufficient_engine_specs,missing_optional:displacement_l|missing_optional:cylinders|missing_optional:engine_description
46313,vehicles/46313.json,False,primary_fuel_out_of_scope|alternative_technology_present|electric_motor_present|vehicle_class_out_of_scope|insufficient_engine_specs,missing_optional:displacement_l|missing_optional:cylinders|missing_optional:engine_description
46316,vehicles/46316.json,False,primary_fuel_out_of_scope|alternative_technology_present|electric_motor_present|insufficient_engine_specs,missing_optional:displacement_l|missing_optional:cylinders|missing_optional:engine_description
46317,vehicles/46317.json,False,primary_fuel_out_of_scope|alternative_technology_present|electric_motor_present|insufficient_engine_specs,missing_optional:displacement_l|missing_optional:cylinders|missing_optional:engine_description
46326,vehicles/46326.json,True,,missing_optional:engine_description
46343,vehicles/46343.json,True,,
46350,vehicles/46350.json,True,,
46351,vehicles/46351.json,True,,missing_optional:engine_description
46352,vehicles/46352.json,True,,
46353,vehicles/46353.json,True,,
46354,vehicles/46354.json,True,,
46355,vehicles/46355.json,True,,
46359,vehicles/46359.json,False,alternative_technology_present|electric_motor_present|hybrid_text_signal,
46365,vehicles/46365.json,False,vehicle_class_out_of_scope,
46368,vehicles/46368.json,False,vehicle_class_out_of_scope,
46369,vehicles/46369.json,False,alternative_technology_present|electric_motor_present|hybrid_text_signal|vehicle_class_out_of_scope,
46372,vehicles/46372.json,False,vehicle_class_out_of_scope,missing_optional:engine_description
46373,vehicles/46373.json,False,vehicle_class_out_of_scope,missing_optional:engine_description
46375,vehicles/46375.json,True,,
46376,vehicles/46376.json,True,,
46377,vehicles/46377.json,True,,
46378,vehicles/46378.json,True,,missing_optional:engine_description
46381,vehicles/46381.json,True,,
46382,vehicles/46382.json,True,,
46383,vehicles/46383.json,True,,
46384,vehicles/46384.json,True,,
46393,vehicles/46393.json,True,,
46394,vehicles/46394.json,True,,
46395,vehicles/46395.json,True,,
46396,vehicles/46396.json,True,,missing_optional:engine_description
46407,vehicles/46407.json,True,,
46408,vehicles/46408.json,True,,
46426,vehicles/46426.json,True,,
46434,vehicles/46434.json,True,,
46435,vehicles/46435.json,False,vehicle_class_out_of_scope,
46444,vehicles/46444.json,True,,
46445,vehicles/46445.json,True,,
46447,vehicles/46447.json,True,,
46448,vehicles/46448.json,True,,
46451,vehicles/46451.json,True,,
46454,vehicles/46454.json,True,,missing_optional:engine_description
46455,vehicles/46455.json,True,,
46456,vehicles/46456.json,True,,missing_optional:engine_description
46458,vehicles/46458.json,True,,missing_optional:engine_description
46463,vehicles/46463.json,True,,
46464,vehicles/46464.json,True,,
46465,vehicles/46465.json,True,,
46471,vehicles/46471.json,True,,
46474,vehicles/46474.json,True,,
46482,vehicles/46482.json,True,,
46483,vehicles/46483.json,True,,
46486,vehicles/46486.json,True,,
46487,vehicles/46487.json,True,,
46488,vehicles/46488.json,True,,
46489,vehicles/46489.json,True,,
46493,vehicles/46493.json,True,,
46500,vehicles/46500.json,True,,
46502,vehicles/46502.json,True,,
46503,vehicles/46503.json,False,vehicle_class_out_of_scope,
46506,vehicles/46506.json,True,,missing_optional:engine_description
46507,vehicles/46507.json,False,alternative_technology_present|electric_motor_present|hybrid_text_signal,
46509,vehicles/46509.json,True,,missing_optional:engine_description
46510,vehicles/46510.json,True,,missing_optional:engine_description
46511,vehicles/46511.json,True,,missing_optional:engine_description
46519,vehicles/46519.json,False,primary_fuel_out_of_scope|alternative_technology_present|electric_motor_present|vehicle_class_out_of_scope|insufficient_engine_specs,missing_optional:displacement_l|missing_optional:cylinders|missing_optional:engine_description
46527,vehicles/46527.json,False,alternative_technology_present|electric_motor_present|hybrid_text_signal,
46528,vehicles/46528.json,True,,
46529,vehicles/46529.json,True,,
46530,vehicles/46530.json,True,,
46531,vehicles/46531.json,True,,
46532,vehicles/46532.json,True,,
46534,vehicles/46534.json,True,,
46536,vehicles/46536.json,True,,
46541,vehicles/46541.json,True,,
46542,vehicles/46542.json,True,,
46558,vehicles/46558.json,True,,missing_optional:engine_description
46563,vehicles/46563.json,False,vehicle_class_out_of_scope,
46565,vehicles/46565.json,False,vehicle_class_out_of_scope,missing_optional:engine_description
46566,vehicles/46566.json,False,vehicle_class_out_of_scope,missing_optional:engine_description
46568,vehicles/46568.json,False,alternative_technology_present|electric_motor_present|hybrid_text_signal,
46574,vehicles/46574.json,True,,
46577,vehicles/46577.json,True,,
46581,vehicles/46581.json,True,,
46585,vehicles/46585.json,True,,
46586,vehicles/46586.json,True,,
46587,vehicles/46587.json,True,,missing_optional:engine_description
46588,vehicles/46588.json,True,,missing_optional:engine_description
46590,vehicles/46590.json,True,,
46592,vehicles/46592.json,True,,
46593,vehicles/46593.json,True,,
46594,vehicles/46594.json,True,,
46595,vehicles/46595.json,True,,
46596,vehicles/46596.json,True,,
46602,vehicles/46602.json,True,,
46604,vehicles/46604.json,True,,
46607,vehicles/46607.json,False,alternative_technology_present|electric_motor_present|hybrid_text_signal,
46612,vehicles/46612.json,True,,
46617,vehicles/46617.json,False,primary_fuel_out_of_scope|alternative_technology_present|electric_motor_present|insufficient_engine_specs,missing_optional:displacement_l|missing_optional:cylinders|missing_optional:engine_description
46624,vehicles/46624.json,False,primary_fuel_out_of_scope|alternative_technology_present|electric_motor_present|insufficient_engine_specs,missing_optional:displacement_l|missing_optional:cylinders|missing_optional:engine_description
46629,vehicles/46629.json,False,secondary_fuel_present|alternative_technology_present|electric_motor_present|phev_blended,missing_optional:engine_description
46633,vehicles/46633.json,True,,
46634,vehicles/46634.json,True,,
46635,vehicles/46635.json,True,,
46636,vehicles/46636.json,True,,
46638,vehicles/46638.json,True,,
46650,vehicles/46650.json,False,alternative_technology_present|electric_motor_present|hybrid_text_signal,
46652,vehicles/46652.json,False,alternative_technology_present|electric_motor_present|hybrid_text_signal,
46661,vehicles/46661.json,False,alternative_technology_present|electric_motor_present|hybrid_text_signal|reviewed_powertrain_hybrid:volvo_b_badge_mild_hybrid,
46662,vehicles/46662.json,False,alternative_technology_present|electric_motor_present|hybrid_text_signal|reviewed_powertrain_hybrid:volvo_b_badge_mild_hybrid,
46665,vehicles/46665.json,True,,
46668,vehicles/46668.json,True,,
46669,vehicles/46669.json,False,alternative_technology_present|electric_motor_present|hybrid_text_signal|reviewed_powertrain_hybrid:volvo_b_badge_mild_hybrid,
46671,vehicles/46671.json,True,,
46672,vehicles/46672.json,True,,
46674,vehicles/46674.json,False,alternative_technology_present|electric_motor_present|hybrid_text_signal,
46676,vehicles/46676.json,True,,
46679,vehicles/46679.json,True,,
46680,vehicles/46680.json,True,,
46683,vehicles/46683.json,False,vehicle_class_out_of_scope,
46684,vehicles/46684.json,False,vehicle_class_out_of_scope,
46685,vehicles/46685.json,False,vehicle_class_out_of_scope,
46687,vehicles/46687.json,True,,
46696,vehicles/46696.json,True,,
46700,vehicles/46700.json,True,,
46706,vehicles/46706.json,True,,
46708,vehicles/46708.json,True,,
46709,vehicles/46709.json,True,,
46712,vehicles/46712.json,True,,
46713,vehicles/46713.json,True,,
46714,vehicles/46714.json,True,,
46715,vehicles/46715.json,True,,
46716,vehicles/46716.json,False,alternative_technology_present|electric_motor_present|hybrid_text_signal,
46717,vehicles/46717.json,True,,
46718,vehicles/46718.json,True,,
46724,vehicles/46724.json,True,,
46735,vehicles/46735.json,True,,
46736,vehicles/46736.json,True,,
46738,vehicles/46738.json,False,alternative_technology_present|electric_motor_present|hybrid_text_signal|reviewed_powertrain_hybrid:volvo_b_badge_mild_hybrid,
46739,vehicles/46739.json,False,alternative_technology_present|electric_motor_present|hybrid_text_signal|reviewed_powertrain_hybrid:volvo_b_badge_mild_hybrid,
46740,vehicles/46740.json,True,,
46745,vehicles/46745.json,True,,
46746,vehicles/46746.json,True,,
46747,vehicles/46747.json,True,,
46748,vehicles/46748.json,True,,
46751,vehicles/46751.json,False,alternative_technology_present|electric_motor_present|hybrid_text_signal,
46757,vehicles/46757.json,False,alternative_technology_present|electric_motor_present|hybrid_text_signal|reviewed_powertrain_hybrid:volvo_b_badge_mild_hybrid,
46760,vehicles/46760.json,True,,
46761,vehicles/46761.json,True,,
46762,vehicles/46762.json,True,,
46778,vehicles/46778.json,True,,missing_optional:engine_description
46779,vehicles/46779.json,True,,missing_optional:engine_description
46780,vehicles/46780.json,True,,
46781,vehicles/46781.json,True,,
46783,vehicles/46783.json,True,,
46787,vehicles/46787.json,True,,
46788,vehicles/46788.json,True,,
46791,vehicles/46791.json,True,,
46793,vehicles/46793.json,True,,
46795,vehicles/46795.json,False,alternative_technology_present|electric_motor_present|hybrid_text_signal,
46796,vehicles/46796.json,True,,
46797,vehicles/46797.json,True,,
46798,vehicles/46798.json,True,,
46799,vehicles/46799.json,True,,
46802,vehicles/46802.json,True,,
46803,vehicles/46803.json,True,,
46804,vehicles/46804.json,True,,
46805,vehicles/46805.json,True,,
46806,vehicles/46806.json,True,,
46809,vehicles/46809.json,True,,
46810,vehicles/46810.json,True,,
46821,vehicles/46821.json,False,alternative_technology_present|electric_motor_present|hybrid_text_signal|vehicle_class_out_of_scope,
46822,vehicles/46822.json,False,alternative_technology_present|electric_motor_present|hybrid_text_signal|vehicle_class_out_of_scope,
46831,vehicles/46831.json,False,vehicle_class_out_of_scope,
46833,vehicles/46833.json,False,vehicle_class_out_of_scope,
46843,vehicles/46843.json,False,vehicle_class_out_of_scope,
46850,vehicles/46850.json,False,primary_fuel_out_of_scope|alternative_technology_present|vehicle_class_out_of_scope,missing_optional:engine_description
46853,vehicles/46853.json,False,alternative_technology_present|electric_motor_present|hybrid_text_signal|vehicle_class_out_of_scope,
46855,vehicles/46855.json,False,vehicle_class_out_of_scope,missing_optional:engine_description
46861,vehicles/46861.json,True,,
46862,vehicles/46862.json,True,,
46863,vehicles/46863.json,True,,missing_optional:engine_description
46865,vehicles/46865.json,True,,
46866,vehicles/46866.json,True,,
46868,vehicles/46868.json,False,alternative_technology_present|electric_motor_present|hybrid_text_signal,
46869,vehicles/46869.json,True,,
46870,vehicles/46870.json,True,,
46872,vehicles/46872.json,False,alternative_technology_present|electric_motor_present|hybrid_text_signal,
46883,vehicles/46883.json,True,,missing_optional:engine_description
46884,vehicles/46884.json,True,,
46888,vehicles/46888.json,True,,missing_optional:engine_description
46889,vehicles/46889.json,True,,
46892,vehicles/46892.json,True,,
46893,vehicles/46893.json,True,,
46894,vehicles/46894.json,True,,
46896,vehicles/46896.json,True,,
46897,vehicles/46897.json,True,,
46903,vehicles/46903.json,False,alternative_technology_present|electric_motor_present|hybrid_text_signal,
46904,vehicles/46904.json,True,,
46911,vehicles/46911.json,False,primary_fuel_out_of_scope|alternative_technology_present|electric_motor_present|insufficient_engine_specs,missing_optional:displacement_l|missing_optional:cylinders|missing_optional:engine_description
46913,vehicles/46913.json,False,primary_fuel_out_of_scope|alternative_technology_present|electric_motor_present|insufficient_engine_specs,missing_optional:displacement_l|missing_optional:cylinders|missing_optional:engine_description
46934,vehicles/46934.json,False,primary_fuel_out_of_scope|alternative_technology_present|electric_motor_present|insufficient_engine_specs,missing_optional:displacement_l|missing_optional:cylinders|missing_optional:engine_description
46936,vehicles/46936.json,False,primary_fuel_out_of_scope|alternative_technology_present|electric_motor_present|insufficient_engine_specs,missing_optional:displacement_l|missing_optional:cylinders|missing_optional:engine_description
46943,vehicles/46943.json,False,primary_fuel_out_of_scope|alternative_technology_present|electric_motor_present|insufficient_engine_specs,missing_optional:displacement_l|missing_optional:cylinders|missing_optional:engine_description
46947,vehicles/46947.json,False,primary_fuel_out_of_scope|alternative_technology_present|electric_motor_present|insufficient_engine_specs,missing_optional:displacement_l|missing_optional:cylinders|missing_optional:engine_description
46950,vehicles/46950.json,False,primary_fuel_out_of_scope|alternative_technology_present|electric_motor_present|insufficient_engine_specs,missing_optional:displacement_l|missing_optional:cylinders|missing_optional:engine_description
46951,vehicles/46951.json,False,primary_fuel_out_of_scope|alternative_technology_present|electric_motor_present|vehicle_class_out_of_scope|insufficient_engine_specs,missing_optional:displacement_l|missing_optional:cylinders|missing_optional:engine_description
46964,vehicles/46964.json,False,primary_fuel_out_of_scope|alternative_technology_present|electric_motor_present|insufficient_engine_specs,missing_optional:displacement_l|missing_optional:cylinders|missing_optional:engine_description
46967,vehicles/46967.json,False,primary_fuel_out_of_scope|alternative_technology_present|electric_motor_present|insufficient_engine_specs,missing_optional:displacement_l|missing_optional:cylinders|missing_optional:engine_description
46968,vehicles/46968.json,False,primary_fuel_out_of_scope|alternative_technology_present|electric_motor_present|insufficient_engine_specs,missing_optional:displacement_l|missing_optional:cylinders|missing_optional:engine_description
46971,vehicles/46971.json,False,primary_fuel_out_of_scope|alternative_technology_present|electric_motor_present|insufficient_engine_specs,missing_optional:displacement_l|missing_optional:cylinders|missing_optional:engine_description
46973,vehicles/46973.json,False,primary_fuel_out_of_scope|alternative_technology_present|electric_motor_present|insufficient_engine_specs,missing_optional:displacement_l|missing_optional:cylinders|missing_optional:engine_description
46975,vehicles/46975.json,False,primary_fuel_out_of_scope|alternative_technology_present|electric_motor_present|insufficient_engine_specs,missing_optional:displacement_l|missing_optional:cylinders|missing_optional:engine_description
46976,vehicles/46976.json,False,primary_fuel_out_of_scope|alternative_technology_present|electric_motor_present|insufficient_engine_specs,missing_optional:displacement_l|missing_optional:cylinders|missing_optional:engine_description
46977,vehicles/46977.json,False,primary_fuel_out_of_scope|alternative_technology_present|electric_motor_present|insufficient_engine_specs,missing_optional:displacement_l|missing_optional:cylinders|missing_optional:engine_description
46978,vehicles/46978.json,False,primary_fuel_out_of_scope|alternative_technology_present|electric_motor_present|insufficient_engine_specs,missing_optional:displacement_l|missing_optional:cylinders|missing_optional:engine_description
46979,vehicles/46979.json,False,primary_fuel_out_of_scope|alternative_technology_present|electric_motor_present|insufficient_engine_specs,missing_optional:displacement_l|missing_optional:cylinders|missing_optional:engine_description
46980,vehicles/46980.json,False,primary_fuel_out_of_scope|alternative_technology_present|electric_motor_present|insufficient_engine_specs,missing_optional:displacement_l|missing_optional:cylinders|missing_optional:engine_description
46982,vehicles/46982.json,False,primary_fuel_out_of_scope|alternative_technology_present|electric_motor_present|insufficient_engine_specs,missing_optional:displacement_l|missing_optional:cylinders|missing_optional:engine_description
46983,vehicles/46983.json,False,primary_fuel_out_of_scope|alternative_technology_present|electric_motor_present|insufficient_engine_specs,missing_optional:displacement_l|missing_optional:cylinders|missing_optional:engine_description
46984,vehicles/46984.json,False,primary_fuel_out_of_scope|alternative_technology_present|electric_motor_present|insufficient_engine_specs,missing_optional:displacement_l|missing_optional:cylinders|missing_optional:engine_description
46988,vehicles/46988.json,False,primary_fuel_out_of_scope|alternative_technology_present|electric_motor_present|insufficient_engine_specs,missing_optional:displacement_l|missing_optional:cylinders|missing_optional:engine_description
46992,vehicles/46992.json,False,primary_fuel_out_of_scope|alternative_technology_present|electric_motor_present|insufficient_engine_specs,missing_optional:displacement_l|missing_optional:cylinders|missing_optional:engine_description
46993,vehicles/46993.json,False,primary_fuel_out_of_scope|alternative_technology_present|electric_motor_present|insufficient_engine_specs,missing_optional:displacement_l|missing_optional:cylinders|missing_optional:engine_description
46994,vehicles/46994.json,False,primary_fuel_out_of_scope|alternative_technology_present|electric_motor_present|insufficient_engine_specs,missing_optional:displacement_l|missing_optional:cylinders|missing_optional:engine_description
46995,vehicles/46995.json,False,primary_fuel_out_of_scope|alternative_technology_present|electric_motor_present|insufficient_engine_specs,missing_optional:displacement_l|missing_optional:cylinders|missing_optional:engine_description
46996,vehicles/46996.json,False,primary_fuel_out_of_scope|alternative_technology_present|electric_motor_present|insufficient_engine_specs,missing_optional:displacement_l|missing_optional:cylinders|missing_optional:engine_description
46997,vehicles/46997.json,False,primary_fuel_out_of_scope|alternative_technology_present|electric_motor_present|insufficient_engine_specs,missing_optional:displacement_l|missing_optional:cylinders|missing_optional:engine_description
47000,vehicles/47000.json,False,primary_fuel_out_of_scope|alternative_technology_present|electric_motor_present|vehicle_class_out_of_scope|insufficient_engine_specs,missing_optional:displacement_l|missing_optional:cylinders|missing_optional:engine_description
47001,vehicles/47001.json,False,primary_fuel_out_of_scope|alternative_technology_present|electric_motor_present|vehicle_class_out_of_scope|insufficient_engine_specs,missing_optional:displacement_l|missing_optional:cylinders|missing_optional:engine_description
47003,vehicles/47003.json,False,primary_fuel_out_of_scope|alternative_technology_present|electric_motor_present|vehicle_class_out_of_scope|insufficient_engine_specs,missing_optional:displacement_l|missing_optional:cylinders|missing_optional:engine_description
47004,vehicles/47004.json,False,primary_fuel_out_of_scope|alternative_technology_present|electric_motor_present|vehicle_class_out_of_scope|insufficient_engine_specs,missing_optional:displacement_l|missing_optional:cylinders|missing_optional:engine_description
47005,vehicles/47005.json,False,primary_fuel_out_of_scope|alternative_technology_present|electric_motor_present|vehicle_class_out_of_scope|insufficient_engine_specs,missing_optional:displacement_l|missing_optional:cylinders|missing_optional:engine_description
47006,vehicles/47006.json,True,,missing_optional:engine_description
47008,vehicles/47008.json,True,,
47009,vehicles/47009.json,True,,
47010,vehicles/47010.json,True,,
47041,vehicles/47041.json,True,,
47048,vehicles/47048.json,True,,
47050,vehicles/47050.json,True,,
47066,vehicles/47066.json,False,alternative_technology_present|electric_motor_present|hybrid_text_signal,
47073,vehicles/47073.json,False,alternative_technology_present|electric_motor_present|hybrid_text_signal,
47076,vehicles/47076.json,True,,
47083,vehicles/47083.json,True,,
47084,vehicles/47084.json,True,,
47093,vehicles/47093.json,False,alternative_technology_present|electric_motor_present|hybrid_text_signal,
47108,vehicles/47108.json,True,,missing_optional:engine_description
47109,vehicles/47109.json,True,,missing_optional:engine_description
47117,vehicles/47117.json,False,vehicle_class_out_of_scope,
47133,vehicles/47133.json,False,vehicle_class_out_of_scope,missing_optional:engine_description
47134,vehicles/47134.json,False,vehicle_class_out_of_scope,missing_optional:engine_description
47138,vehicles/47138.json,True,,missing_optional:engine_description
47139,vehicles/47139.json,True,,
47141,vehicles/47141.json,True,,
47145,vehicles/47145.json,False,alternative_technology_present|electric_motor_present|hybrid_text_signal,
47146,vehicles/47146.json,True,,
47154,vehicles/47154.json,True,,missing_optional:engine_description
47155,vehicles/47155.json,True,,missing_optional:engine_description
47157,vehicles/47157.json,True,,
47162,vehicles/47162.json,True,,
47166,vehicles/47166.json,True,,
47168,vehicles/47168.json,True,,
47171,vehicles/47171.json,True,,missing_optional:engine_description
47174,vehicles/47174.json,False,alternative_technology_present|electric_motor_present|hybrid_text_signal,
47177,vehicles/47177.json,True,,
47178,vehicles/47178.json,False,reviewed_powertrain_uncertain:audi_sq7_sq8_4l_technology_uncertain,
47184,vehicles/47184.json,True,,
47185,vehicles/47185.json,True,,
47186,vehicles/47186.json,True,,
47189,vehicles/47189.json,True,,
47190,vehicles/47190.json,True,,missing_optional:engine_description
47196,vehicles/47196.json,False,alternative_technology_present|electric_motor_present|hybrid_text_signal,
47197,vehicles/47197.json,False,alternative_technology_present|electric_motor_present|hybrid_text_signal,
47198,vehicles/47198.json,True,,
47199,vehicles/47199.json,False,alternative_technology_present|electric_motor_present|hybrid_text_signal,
47203,vehicles/47203.json,True,,
47207,vehicles/47207.json,True,,
47211,vehicles/47211.json,True,,
47213,vehicles/47213.json,False,secondary_fuel_present|alternative_technology_present|electric_motor_present|phev_blended|hybrid_text_signal,
47214,vehicles/47214.json,False,secondary_fuel_present|alternative_technology_present|electric_motor_present|phev_blended|hybrid_text_signal,
47218,vehicles/47218.json,False,secondary_fuel_present|alternative_technology_present|electric_motor_present|phev_blended|hybrid_text_signal,
47219,vehicles/47219.json,False,secondary_fuel_present|alternative_technology_present|electric_motor_present|phev_blended|hybrid_text_signal,
47221,vehicles/47221.json,False,secondary_fuel_present|alternative_technology_present|electric_motor_present|phev_blended|hybrid_text_signal,
47222,vehicles/47222.json,False,secondary_fuel_present|alternative_technology_present|electric_motor_present|phev_blended|hybrid_text_signal,
47225,vehicles/47225.json,False,secondary_fuel_present|alternative_technology_present|electric_motor_present|phev_blended|hybrid_text_signal,
47226,vehicles/47226.json,False,secondary_fuel_present|alternative_technology_present|electric_motor_present|phev_blended|hybrid_text_signal,
47232,vehicles/47232.json,True,,
47233,vehicles/47233.json,True,,
47235,vehicles/47235.json,False,alternative_technology_present|electric_motor_present|hybrid_text_signal,
47238,vehicles/47238.json,True,,
47239,vehicles/47239.json,True,,
47242,vehicles/47242.json,True,,
47250,vehicles/47250.json,False,vehicle_class_out_of_scope,
47253,vehicles/47253.json,False,vehicle_class_out_of_scope,missing_optional:engine_description
47255,vehicles/47255.json,True,,
47257,vehicles/47257.json,True,,
47258,vehicles/47258.json,True,,
47259,vehicles/47259.json,True,,
47260,vehicles/47260.json,True,,
47263,vehicles/47263.json,True,,
47264,vehicles/47264.json,True,,
47266,vehicles/47266.json,False,alternative_technology_present|electric_motor_present|hybrid_text_signal,
47267,vehicles/47267.json,False,alternative_technology_present|electric_motor_present|hybrid_text_signal,
47268,vehicles/47268.json,False,alternative_technology_present|electric_motor_present|hybrid_text_signal,
47270,vehicles/47270.json,False,alternative_technology_present|electric_motor_present|hybrid_text_signal,
47274,vehicles/47274.json,False,secondary_fuel_present|alternative_technology_present|electric_motor_present|phev_blended|hybrid_text_signal,
47276,vehicles/47276.json,False,secondary_fuel_present|alternative_technology_present|electric_motor_present|phev_blended|hybrid_text_signal|vehicle_class_out_of_scope,
47277,vehicles/47277.json,False,secondary_fuel_present|alternative_technology_present|electric_motor_present|phev_blended|hybrid_text_signal,
47278,vehicles/47278.json,False,secondary_fuel_present|alternative_technology_present|electric_motor_present|phev_blended|hybrid_text_signal,
47286,vehicles/47286.json,True,,
47287,vehicles/47287.json,True,,
47288,vehicles/47288.json,True,,
47289,vehicles/47289.json,True,,
47292,vehicles/47292.json,True,,
47293,vehicles/47293.json,True,,
47294,vehicles/47294.json,True,,
47295,vehicles/47295.json,True,,
47300,vehicles/47300.json,True,,
47315,vehicles/47315.json,True,,
47316,vehicles/47316.json,True,,
47317,vehicles/47317.json,True,,
47320,vehicles/47320.json,True,,
47321,vehicles/47321.json,True,,
47322,vehicles/47322.json,True,,
47323,vehicles/47323.json,True,,
47324,vehicles/47324.json,True,,
47331,vehicles/47331.json,True,,
47332,vehicles/47332.json,True,,
47347,vehicles/47347.json,True,,
47356,vehicles/47356.json,True,,
47359,vehicles/47359.json,True,,
47363,vehicles/47363.json,False,vehicle_class_out_of_scope,
47364,vehicles/47364.json,False,alternative_technology_present|electric_motor_present|hybrid_text_signal|vehicle_class_out_of_scope,
47369,vehicles/47369.json,False,alternative_technology_present|electric_motor_present|hybrid_text_signal|vehicle_class_out_of_scope,
47377,vehicles/47377.json,True,,
47412,vehicles/47412.json,True,,
47413,vehicles/47413.json,True,,
47424,vehicles/47424.json,True,,missing_optional:engine_description
47425,vehicles/47425.json,True,,missing_optional:engine_description
47426,vehicles/47426.json,True,,missing_optional:engine_description
47427,vehicles/47427.json,True,,missing_optional:engine_description
47428,vehicles/47428.json,True,,
47430,vehicles/47430.json,True,,
47433,vehicles/47433.json,False,primary_fuel_out_of_scope|alternative_technology_present,missing_optional:engine_description
47434,vehicles/47434.json,True,,missing_optional:engine_description
47435,vehicles/47435.json,True,,
47453,vehicles/47453.json,False,primary_fuel_out_of_scope|alternative_technology_present|electric_motor_present|insufficient_engine_specs,missing_optional:displacement_l|missing_optional:cylinders|missing_optional:engine_description
47454,vehicles/47454.json,False,primary_fuel_out_of_scope|alternative_technology_present|electric_motor_present|insufficient_engine_specs,missing_optional:displacement_l|missing_optional:cylinders|missing_optional:engine_description
47455,vehicles/47455.json,False,primary_fuel_out_of_scope|alternative_technology_present|electric_motor_present|insufficient_engine_specs,missing_optional:displacement_l|missing_optional:cylinders|missing_optional:engine_description
47456,vehicles/47456.json,False,primary_fuel_out_of_scope|alternative_technology_present|electric_motor_present|insufficient_engine_specs,missing_optional:displacement_l|missing_optional:cylinders|missing_optional:engine_description
47470,vehicles/47470.json,False,primary_fuel_out_of_scope|alternative_technology_present|electric_motor_present|insufficient_engine_specs,missing_optional:displacement_l|missing_optional:cylinders|missing_optional:engine_description
47472,vehicles/47472.json,False,primary_fuel_out_of_scope|alternative_technology_present|electric_motor_present|insufficient_engine_specs,missing_optional:displacement_l|missing_optional:cylinders|missing_optional:engine_description
47477,vehicles/47477.json,False,primary_fuel_out_of_scope|alternative_technology_present|electric_motor_present|insufficient_engine_specs,missing_optional:displacement_l|missing_optional:cylinders|missing_optional:engine_description
47478,vehicles/47478.json,False,primary_fuel_out_of_scope|alternative_technology_present|electric_motor_present|insufficient_engine_specs,missing_optional:displacement_l|missing_optional:cylinders|missing_optional:engine_description
47479,vehicles/47479.json,False,primary_fuel_out_of_scope|alternative_technology_present|electric_motor_present|insufficient_engine_specs,missing_optional:displacement_l|missing_optional:cylinders|missing_optional:engine_description
47480,vehicles/47480.json,False,primary_fuel_out_of_scope|alternative_technology_present|electric_motor_present|insufficient_engine_specs,missing_optional:displacement_l|missing_optional:cylinders|missing_optional:engine_description
47481,vehicles/47481.json,False,primary_fuel_out_of_scope|alternative_technology_present|electric_motor_present|insufficient_engine_specs,missing_optional:displacement_l|missing_optional:cylinders|missing_optional:engine_description
47482,vehicles/47482.json,False,primary_fuel_out_of_scope|alternative_technology_present|electric_motor_present|insufficient_engine_specs,missing_optional:displacement_l|missing_optional:cylinders|missing_optional:engine_description
47484,vehicles/47484.json,False,primary_fuel_out_of_scope|alternative_technology_present|electric_motor_present|insufficient_engine_specs,missing_optional:displacement_l|missing_optional:cylinders|missing_optional:engine_description
47487,vehicles/47487.json,False,primary_fuel_out_of_scope|alternative_technology_present|electric_motor_present|vehicle_class_out_of_scope|insufficient_engine_specs,missing_optional:displacement_l|missing_optional:cylinders|missing_optional:engine_description
47488,vehicles/47488.json,False,primary_fuel_out_of_scope|alternative_technology_present|electric_motor_present|vehicle_class_out_of_scope|insufficient_engine_specs,missing_optional:displacement_l|missing_optional:cylinders|missing_optional:engine_description
47489,vehicles/47489.json,False,secondary_fuel_present|alternative_technology_present|electric_motor_present|phev_blended|hybrid_text_signal,
47493,vehicles/47493.json,False,secondary_fuel_present|alternative_technology_present|electric_motor_present|phev_blended|hybrid_text_signal,
47494,vehicles/47494.json,False,secondary_fuel_present|alternative_technology_present|electric_motor_present|phev_blended|hybrid_text_signal,
47496,vehicles/47496.json,False,secondary_fuel_present|alternative_technology_present|electric_motor_present|phev_blended|hybrid_text_signal,
47499,vehicles/47499.json,False,secondary_fuel_present|alternative_technology_present|electric_motor_present|phev_blended|hybrid_text_signal,
47500,vehicles/47500.json,False,secondary_fuel_present|alternative_technology_present|electric_motor_present|phev_blended|hybrid_text_signal,
47505,vehicles/47505.json,False,secondary_fuel_present|alternative_technology_present|electric_motor_present|phev_blended,missing_optional:engine_description
47506,vehicles/47506.json,True,,missing_optional:engine_description
47507,vehicles/47507.json,False,alternative_technology_present|electric_motor_present|hybrid_text_signal,
47508,vehicles/47508.json,True,,
47511,vehicles/47511.json,True,,
47516,vehicles/47516.json,False,alternative_technology_present|electric_motor_present|hybrid_text_signal,
47517,vehicles/47517.json,True,,missing_optional:engine_description
47520,vehicles/47520.json,True,,
47521,vehicles/47521.json,True,,
47524,vehicles/47524.json,False,primary_fuel_out_of_scope|alternative_technology_present|electric_motor_present|insufficient_engine_specs,missing_optional:displacement_l|missing_optional:cylinders
47525,vehicles/47525.json,False,primary_fuel_out_of_scope|alternative_technology_present|electric_motor_present|insufficient_engine_specs,missing_optional:displacement_l|missing_optional:cylinders
47528,vehicles/47528.json,False,primary_fuel_out_of_scope|alternative_technology_present|electric_motor_present|insufficient_engine_specs,missing_optional:displacement_l|missing_optional:cylinders
47534,vehicles/47534.json,False,primary_fuel_out_of_scope|alternative_technology_present|electric_motor_present|insufficient_engine_specs,missing_optional:displacement_l|missing_optional:cylinders
47541,vehicles/47541.json,False,primary_fuel_out_of_scope|alternative_technology_present|electric_motor_present|insufficient_engine_specs,missing_optional:displacement_l|missing_optional:cylinders
47544,vehicles/47544.json,False,primary_fuel_out_of_scope|alternative_technology_present|electric_motor_present|insufficient_engine_specs,missing_optional:displacement_l|missing_optional:cylinders
47549,vehicles/47549.json,True,,missing_optional:engine_description
47550,vehicles/47550.json,True,,missing_optional:engine_description
47551,vehicles/47551.json,False,alternative_technology_present|electric_motor_present|hybrid_text_signal,
47560,vehicles/47560.json,True,,
47566,vehicles/47566.json,True,,
47567,vehicles/47567.json,True,,
47568,vehicles/47568.json,True,,
47569,vehicles/47569.json,False,alternative_technology_present|electric_motor_present|hybrid_text_signal,
47573,vehicles/47573.json,True,,
47574,vehicles/47574.json,True,,
47575,vehicles/47575.json,True,,
47593,vehicles/47593.json,False,vehicle_class_out_of_scope,
47596,vehicles/47596.json,False,vehicle_class_out_of_scope,
47597,vehicles/47597.json,False,vehicle_class_out_of_scope,
47606,vehicles/47606.json,False,vehicle_class_out_of_scope,missing_optional:engine_description
47607,vehicles/47607.json,False,vehicle_class_out_of_scope,missing_optional:engine_description
47611,vehicles/47611.json,False,vehicle_class_out_of_scope,
47614,vehicles/47614.json,False,vehicle_class_out_of_scope,
47615,vehicles/47615.json,False,vehicle_class_out_of_scope,
47616,vehicles/47616.json,False,vehicle_class_out_of_scope,
47618,vehicles/47618.json,False,vehicle_class_out_of_scope,
47619,vehicles/47619.json,False,vehicle_class_out_of_scope,
47622,vehicles/47622.json,False,vehicle_class_out_of_scope,missing_optional:engine_description
47623,vehicles/47623.json,False,vehicle_class_out_of_scope,missing_optional:engine_description
47632,vehicles/47632.json,True,,
47634,vehicles/47634.json,True,,
47636,vehicles/47636.json,False,alternative_technology_present|electric_motor_present|hybrid_text_signal,
47644,vehicles/47644.json,True,,
47645,vehicles/47645.json,True,,
47651,vehicles/47651.json,True,,
47656,vehicles/47656.json,True,,
47657,vehicles/47657.json,True,,
47660,vehicles/47660.json,True,,
47661,vehicles/47661.json,True,,
47662,vehicles/47662.json,False,alternative_technology_present|electric_motor_present|hybrid_text_signal,
47663,vehicles/47663.json,False,alternative_technology_present|electric_motor_present|hybrid_text_signal,
47674,vehicles/47674.json,True,,
47675,vehicles/47675.json,True,,
47676,vehicles/47676.json,True,,
47684,vehicles/47684.json,True,,
47685,vehicles/47685.json,True,,
47687,vehicles/47687.json,True,,
47689,vehicles/47689.json,True,,missing_optional:engine_description
47703,vehicles/47703.json,True,,
47705,vehicles/47705.json,True,,
47707,vehicles/47707.json,True,,
47709,vehicles/47709.json,False,alternative_technology_present|electric_motor_present|hybrid_text_signal,
47711,vehicles/47711.json,False,alternative_technology_present|electric_motor_present|hybrid_text_signal,
47722,vehicles/47722.json,False,vehicle_class_out_of_scope,
47723,vehicles/47723.json,False,alternative_technology_present|electric_motor_present|hybrid_text_signal|vehicle_class_out_of_scope,
47724,vehicles/47724.json,False,alternative_technology_present|electric_motor_present|hybrid_text_signal|vehicle_class_out_of_scope,
47725,vehicles/47725.json,False,vehicle_class_out_of_scope,
47726,vehicles/47726.json,False,alternative_technology_present|electric_motor_present|hybrid_text_signal|vehicle_class_out_of_scope,
47727,vehicles/47727.json,False,vehicle_class_out_of_scope,
47728,vehicles/47728.json,True,,
47733,vehicles/47733.json,True,,
47734,vehicles/47734.json,True,,
47735,vehicles/47735.json,False,alternative_technology_present|electric_motor_present|hybrid_text_signal,
47737,vehicles/47737.json,True,,
47741,vehicles/47741.json,True,,
47751,vehicles/47751.json,True,,
47752,vehicles/47752.json,True,,
47753,vehicles/47753.json,True,,
47759,vehicles/47759.json,True,,
47773,vehicles/47773.json,True,,
47777,vehicles/47777.json,True,,
47780,vehicles/47780.json,True,,
47782,vehicles/47782.json,True,,missing_optional:engine_description
47785,vehicles/47785.json,True,,
47786,vehicles/47786.json,False,secondary_fuel_present|alternative_technology_present,
47789,vehicles/47789.json,True,,
47791,vehicles/47791.json,True,,
47793,vehicles/47793.json,True,,
47795,vehicles/47795.json,False,alternative_technology_present|electric_motor_present|hybrid_text_signal,
47799,vehicles/47799.json,True,,
47800,vehicles/47800.json,True,,
47806,vehicles/47806.json,False,reviewed_powertrain_uncertain:audi_sq7_sq8_4l_technology_uncertain,
47807,vehicles/47807.json,False,alternative_technology_present|electric_motor_present|hybrid_text_signal,
47808,vehicles/47808.json,False,primary_fuel_out_of_scope|alternative_technology_present|electric_motor_present|insufficient_engine_specs,missing_optional:displacement_l|missing_optional:cylinders|missing_optional:engine_description
47809,vehicles/47809.json,False,primary_fuel_out_of_scope|alternative_technology_present|electric_motor_present|insufficient_engine_specs,missing_optional:displacement_l|missing_optional:cylinders|missing_optional:engine_description
47811,vehicles/47811.json,False,primary_fuel_out_of_scope|alternative_technology_present|electric_motor_present|insufficient_engine_specs,missing_optional:displacement_l|missing_optional:cylinders|missing_optional:engine_description
47814,vehicles/47814.json,False,primary_fuel_out_of_scope|alternative_technology_present|electric_motor_present|insufficient_engine_specs,missing_optional:displacement_l|missing_optional:cylinders|missing_optional:engine_description
47816,vehicles/47816.json,False,primary_fuel_out_of_scope|alternative_technology_present|electric_motor_present|insufficient_engine_specs,missing_optional:displacement_l|missing_optional:cylinders|missing_optional:engine_description
47817,vehicles/47817.json,False,primary_fuel_out_of_scope|alternative_technology_present|electric_motor_present|insufficient_engine_specs,missing_optional:displacement_l|missing_optional:cylinders|missing_optional:engine_description
47821,vehicles/47821.json,False,primary_fuel_out_of_scope|alternative_technology_present|electric_motor_present|vehicle_class_out_of_scope|insufficient_engine_specs,missing_optional:displacement_l|missing_optional:cylinders|missing_optional:engine_description
47827,vehicles/47827.json,False,primary_fuel_out_of_scope|alternative_technology_present|electric_motor_present|insufficient_engine_specs,missing_optional:displacement_l|missing_optional:cylinders|missing_optional:engine_description
47830,vehicles/47830.json,False,primary_fuel_out_of_scope|alternative_technology_present|electric_motor_present|insufficient_engine_specs,missing_optional:displacement_l|missing_optional:cylinders|missing_optional:engine_description
47836,vehicles/47836.json,False,primary_fuel_out_of_scope|alternative_technology_present|electric_motor_present|insufficient_engine_specs,missing_optional:displacement_l|missing_optional:cylinders|missing_optional:engine_description
47837,vehicles/47837.json,False,primary_fuel_out_of_scope|alternative_technology_present|electric_motor_present|insufficient_engine_specs,missing_optional:displacement_l|missing_optional:cylinders|missing_optional:engine_description
47838,vehicles/47838.json,False,primary_fuel_out_of_scope|alternative_technology_present|electric_motor_present|insufficient_engine_specs,missing_optional:displacement_l|missing_optional:cylinders|missing_optional:engine_description
47839,vehicles/47839.json,False,primary_fuel_out_of_scope|alternative_technology_present|electric_motor_present|insufficient_engine_specs,missing_optional:displacement_l|missing_optional:cylinders|missing_optional:engine_description
47840,vehicles/47840.json,False,primary_fuel_out_of_scope|alternative_technology_present|electric_motor_present|insufficient_engine_specs,missing_optional:displacement_l|missing_optional:cylinders|missing_optional:engine_description
47841,vehicles/47841.json,False,primary_fuel_out_of_scope|alternative_technology_present|electric_motor_present|insufficient_engine_specs,missing_optional:displacement_l|missing_optional:cylinders|missing_optional:engine_description
47842,vehicles/47842.json,False,primary_fuel_out_of_scope|alternative_technology_present|electric_motor_present|insufficient_engine_specs,missing_optional:displacement_l|missing_optional:cylinders|missing_optional:engine_description
47846,vehicles/47846.json,False,primary_fuel_out_of_scope|alternative_technology_present|electric_motor_present|insufficient_engine_specs,missing_optional:displacement_l|missing_optional:cylinders|missing_optional:engine_description
47853,vehicles/47853.json,False,primary_fuel_out_of_scope|alternative_technology_present|electric_motor_present|insufficient_engine_specs,missing_optional:displacement_l|missing_optional:cylinders|missing_optional:engine_description
47857,vehicles/47857.json,False,primary_fuel_out_of_scope|alternative_technology_present|electric_motor_present|insufficient_engine_specs,missing_optional:displacement_l|missing_optional:cylinders|missing_optional:engine_description
47861,vehicles/47861.json,False,primary_fuel_out_of_scope|alternative_technology_present|electric_motor_present|vehicle_class_out_of_scope|insufficient_engine_specs,missing_optional:displacement_l|missing_optional:cylinders|missing_optional:engine_description
47869,vehicles/47869.json,False,primary_fuel_out_of_scope|alternative_technology_present|electric_motor_present|vehicle_class_out_of_scope|insufficient_engine_specs,missing_optional:displacement_l|missing_optional:cylinders|missing_optional:engine_description
47870,vehicles/47870.json,False,primary_fuel_out_of_scope|alternative_technology_present|electric_motor_present|vehicle_class_out_of_scope|insufficient_engine_specs,missing_optional:displacement_l|missing_optional:cylinders|missing_optional:engine_description
47871,vehicles/47871.json,False,primary_fuel_out_of_scope|alternative_technology_present|electric_motor_present|vehicle_class_out_of_scope|insufficient_engine_specs,missing_optional:displacement_l|missing_optional:cylinders|missing_optional:engine_description
47876,vehicles/47876.json,False,primary_fuel_out_of_scope|alternative_technology_present|electric_motor_present|vehicle_class_out_of_scope|insufficient_engine_specs,missing_optional:displacement_l|missing_optional:cylinders|missing_optional:engine_description
47881,vehicles/47881.json,False,primary_fuel_out_of_scope|alternative_technology_present|electric_motor_present|vehicle_class_out_of_scope|insufficient_engine_specs,missing_optional:displacement_l|missing_optional:cylinders|missing_optional:engine_description
47882,vehicles/47882.json,False,primary_fuel_out_of_scope|alternative_technology_present|electric_motor_present|vehicle_class_out_of_scope|insufficient_engine_specs,missing_optional:displacement_l|missing_optional:cylinders|missing_optional:engine_description
47890,vehicles/47890.json,False,primary_fuel_out_of_scope|alternative_technology_present|electric_motor_present|insufficient_engine_specs,missing_optional:displacement_l|missing_optional:cylinders|missing_optional:engine_description
47898,vehicles/47898.json,False,primary_fuel_out_of_scope|alternative_technology_present|electric_motor_present|insufficient_engine_specs,missing_optional:displacement_l|missing_optional:cylinders|missing_optional:engine_description
47899,vehicles/47899.json,False,primary_fuel_out_of_scope|alternative_technology_present|electric_motor_present|insufficient_engine_specs,missing_optional:displacement_l|missing_optional:cylinders|missing_optional:engine_description
47903,vehicles/47903.json,False,primary_fuel_out_of_scope|alternative_technology_present|electric_motor_present|insufficient_engine_specs,missing_optional:displacement_l|missing_optional:cylinders|missing_optional:engine_description
47904,vehicles/47904.json,False,primary_fuel_out_of_scope|alternative_technology_present|electric_motor_present|insufficient_engine_specs,missing_optional:displacement_l|missing_optional:cylinders|missing_optional:engine_description
47909,vehicles/47909.json,False,primary_fuel_out_of_scope|alternative_technology_present|electric_motor_present|insufficient_engine_specs,missing_optional:displacement_l|missing_optional:cylinders|missing_optional:engine_description
47910,vehicles/47910.json,False,primary_fuel_out_of_scope|alternative_technology_present|electric_motor_present|insufficient_engine_specs,missing_optional:displacement_l|missing_optional:cylinders|missing_optional:engine_description
47911,vehicles/47911.json,False,primary_fuel_out_of_scope|alternative_technology_present|electric_motor_present|insufficient_engine_specs,missing_optional:displacement_l|missing_optional:cylinders|missing_optional:engine_description
47913,vehicles/47913.json,False,primary_fuel_out_of_scope|alternative_technology_present|electric_motor_present|insufficient_engine_specs,missing_optional:displacement_l|missing_optional:cylinders|missing_optional:engine_description
47914,vehicles/47914.json,False,primary_fuel_out_of_scope|alternative_technology_present|electric_motor_present|insufficient_engine_specs,missing_optional:displacement_l|missing_optional:cylinders|missing_optional:engine_description
47916,vehicles/47916.json,False,primary_fuel_out_of_scope|alternative_technology_present|electric_motor_present|insufficient_engine_specs,missing_optional:displacement_l|missing_optional:cylinders|missing_optional:engine_description
47917,vehicles/47917.json,False,primary_fuel_out_of_scope|alternative_technology_present|electric_motor_present|insufficient_engine_specs,missing_optional:displacement_l|missing_optional:cylinders|missing_optional:engine_description
47922,vehicles/47922.json,False,primary_fuel_out_of_scope|alternative_technology_present|electric_motor_present|insufficient_engine_specs,missing_optional:displacement_l|missing_optional:cylinders|missing_optional:engine_description
47924,vehicles/47924.json,False,primary_fuel_out_of_scope|alternative_technology_present|electric_motor_present|insufficient_engine_specs,missing_optional:displacement_l|missing_optional:cylinders|missing_optional:engine_description
47925,vehicles/47925.json,True,,
47926,vehicles/47926.json,True,,
47933,vehicles/47933.json,True,,
47935,vehicles/47935.json,True,,
47938,vehicles/47938.json,True,,
47939,vehicles/47939.json,True,,
47940,vehicles/47940.json,True,,
47941,vehicles/47941.json,False,secondary_fuel_present|alternative_technology_present,
47943,vehicles/47943.json,True,,missing_optional:engine_description
47944,vehicles/47944.json,False,alternative_technology_present|electric_motor_present|hybrid_text_signal,
47946,vehicles/47946.json,False,vehicle_class_out_of_scope,
47955,vehicles/47955.json,True,,
47956,vehicles/47956.json,True,,
47957,vehicles/47957.json,False,alternative_technology_present|electric_motor_present|hybrid_text_signal,
47958,vehicles/47958.json,True,,
47961,vehicles/47961.json,True,,
47962,vehicles/47962.json,True,,missing_optional:engine_description
47963,vehicles/47963.json,False,alternative_technology_present|electric_motor_present|hybrid_text_signal,
47965,vehicles/47965.json,True,,
47970,vehicles/47970.json,True,,
47972,vehicles/47972.json,True,,
47980,vehicles/47980.json,True,,
47982,vehicles/47982.json,True,,
47983,vehicles/47983.json,True,,
47984,vehicles/47984.json,True,,
47985,vehicles/47985.json,True,,
47986,vehicles/47986.json,True,,
47995,vehicles/47995.json,True,,
48002,vehicles/48002.json,False,alternative_technology_present|electric_motor_present|hybrid_text_signal|reviewed_powertrain_hybrid:volvo_b_badge_mild_hybrid,
48003,vehicles/48003.json,True,,
48004,vehicles/48004.json,True,,
48008,vehicles/48008.json,False,alternative_technology_present|electric_motor_present|hybrid_text_signal,
48035,vehicles/48035.json,False,alternative_technology_present|electric_motor_present|hybrid_text_signal|reviewed_powertrain_hybrid:volvo_b_badge_mild_hybrid,
48038,vehicles/48038.json,True,,
48039,vehicles/48039.json,True,,
48040,vehicles/48040.json,True,,
48041,vehicles/48041.json,False,alternative_technology_present|electric_motor_present|hybrid_text_signal,
48044,vehicles/48044.json,True,,
48045,vehicles/48045.json,True,,
48046,vehicles/48046.json,True,,
48048,vehicles/48048.json,False,alternative_technology_present|electric_motor_present|hybrid_text_signal,
48050,vehicles/48050.json,False,alternative_technology_present|electric_motor_present|hybrid_text_signal|reviewed_powertrain_hybrid:volvo_b_badge_mild_hybrid,
48055,vehicles/48055.json,True,,
48061,vehicles/48061.json,True,,
48065,vehicles/48065.json,True,,
48067,vehicles/48067.json,False,alternative_technology_present|electric_motor_present|hybrid_text_signal,
48070,vehicles/48070.json,True,,
48071,vehicles/48071.json,True,,
48073,vehicles/48073.json,True,,
48083,vehicles/48083.json,True,,
48094,vehicles/48094.json,True,,
48097,vehicles/48097.json,False,alternative_technology_present|electric_motor_present|hybrid_text_signal,
48102,vehicles/48102.json,True,,
48105,vehicles/48105.json,False,alternative_technology_present|electric_motor_present|hybrid_text_signal,
48107,vehicles/48107.json,False,alternative_technology_present|electric_motor_present|hybrid_text_signal|reviewed_powertrain_hybrid:volvo_b_badge_mild_hybrid,
48108,vehicles/48108.json,False,alternative_technology_present|electric_motor_present|hybrid_text_signal|reviewed_powertrain_hybrid:volvo_b_badge_mild_hybrid,
48109,vehicles/48109.json,True,,
48111,vehicles/48111.json,True,,
48112,vehicles/48112.json,True,,
48113,vehicles/48113.json,True,,
48116,vehicles/48116.json,True,,
48117,vehicles/48117.json,True,,
48118,vehicles/48118.json,True,,
48119,vehicles/48119.json,True,,
48120,vehicles/48120.json,True,,
48121,vehicles/48121.json,False,alternative_technology_present|electric_motor_present|hybrid_text_signal,
48126,vehicles/48126.json,False,alternative_technology_present|electric_motor_present|hybrid_text_signal,
48129,vehicles/48129.json,False,alternative_technology_present|electric_motor_present|hybrid_text_signal,
48131,vehicles/48131.json,True,,
48132,vehicles/48132.json,True,,
48133,vehicles/48133.json,False,alternative_technology_present|electric_motor_present|hybrid_text_signal,
48146,vehicles/48146.json,False,alternative_technology_present|electric_motor_present|hybrid_text_signal|reviewed_powertrain_hybrid:volvo_b_badge_mild_hybrid,
48148,vehicles/48148.json,True,,
48149,vehicles/48149.json,True,,
48155,vehicles/48155.json,True,,
48156,vehicles/48156.json,False,alternative_technology_present|electric_motor_present|hybrid_text_signal,
48158,vehicles/48158.json,False,alternative_technology_present|electric_motor_present|hybrid_text_signal,
48160,vehicles/48160.json,True,,
48162,vehicles/48162.json,True,,
48173,vehicles/48173.json,False,alternative_technology_present|electric_motor_present|hybrid_text_signal,
48184,vehicles/48184.json,False,alternative_technology_present|electric_motor_present|hybrid_text_signal,
48189,vehicles/48189.json,True,,
48191,vehicles/48191.json,False,alternative_technology_present|electric_motor_present|hybrid_text_signal,
48192,vehicles/48192.json,False,alternative_technology_present|electric_motor_present|hybrid_text_signal,
48199,vehicles/48199.json,False,primary_fuel_out_of_scope|alternative_technology_present|vehicle_class_out_of_scope,missing_optional:engine_description
48200,vehicles/48200.json,False,vehicle_class_out_of_scope,
48201,vehicles/48201.json,False,vehicle_class_out_of_scope,
48202,vehicles/48202.json,False,vehicle_class_out_of_scope,
48203,vehicles/48203.json,False,vehicle_class_out_of_scope,
48230,vehicles/48230.json,False,primary_fuel_out_of_scope|alternative_technology_present|vehicle_class_out_of_scope,
48234,vehicles/48234.json,False,vehicle_class_out_of_scope,
48238,vehicles/48238.json,False,vehicle_class_out_of_scope,
48241,vehicles/48241.json,False,vehicle_class_out_of_scope,
48243,vehicles/48243.json,False,vehicle_class_out_of_scope,
48247,vehicles/48247.json,False,vehicle_class_out_of_scope,
48252,vehicles/48252.json,False,vehicle_class_out_of_scope,missing_optional:engine_description
48253,vehicles/48253.json,False,vehicle_class_out_of_scope,missing_optional:engine_description
48255,vehicles/48255.json,False,vehicle_class_out_of_scope,missing_optional:engine_description
48266,vehicles/48266.json,True,,
48267,vehicles/48267.json,True,,
48273,vehicles/48273.json,True,,
48274,vehicles/48274.json,True,,
48278,vehicles/48278.json,True,,
48284,vehicles/48284.json,True,,
48285,vehicles/48285.json,True,,
48286,vehicles/48286.json,False,alternative_technology_present|electric_motor_present|hybrid_text_signal,
48287,vehicles/48287.json,True,,missing_optional:engine_description
48288,vehicles/48288.json,True,,missing_optional:engine_description
48290,vehicles/48290.json,True,,
48291,vehicles/48291.json,True,,
48292,vehicles/48292.json,False,alternative_technology_present|electric_motor_present|hybrid_text_signal,
48293,vehicles/48293.json,False,alternative_technology_present|electric_motor_present|hybrid_text_signal,
48294,vehicles/48294.json,True,,
48295,vehicles/48295.json,True,,
48296,vehicles/48296.json,False,primary_fuel_out_of_scope|alternative_technology_present|electric_motor_present|insufficient_engine_specs,missing_optional:displacement_l|missing_optional:cylinders|missing_optional:engine_description
48311,vehicles/48311.json,False,primary_fuel_out_of_scope|alternative_technology_present|electric_motor_present|insufficient_engine_specs,missing_optional:displacement_l|missing_optional:cylinders|missing_optional:engine_description
48315,vehicles/48315.json,False,primary_fuel_out_of_scope|alternative_technology_present|electric_motor_present|insufficient_engine_specs,missing_optional:displacement_l|missing_optional:cylinders|missing_optional:engine_description
48341,vehicles/48341.json,False,primary_fuel_out_of_scope|alternative_technology_present|electric_motor_present|insufficient_engine_specs,missing_optional:displacement_l|missing_optional:cylinders|missing_optional:engine_description
48351,vehicles/48351.json,False,primary_fuel_out_of_scope|alternative_technology_present|electric_motor_present|insufficient_engine_specs,missing_optional:displacement_l|missing_optional:cylinders|missing_optional:engine_description
48354,vehicles/48354.json,False,primary_fuel_out_of_scope|alternative_technology_present|electric_motor_present|insufficient_engine_specs,missing_optional:displacement_l|missing_optional:cylinders|missing_optional:engine_description
48355,vehicles/48355.json,False,primary_fuel_out_of_scope|alternative_technology_present|electric_motor_present|insufficient_engine_specs,missing_optional:displacement_l|missing_optional:cylinders|missing_optional:engine_description
48356,vehicles/48356.json,False,primary_fuel_out_of_scope|alternative_technology_present|electric_motor_present|insufficient_engine_specs,missing_optional:displacement_l|missing_optional:cylinders|missing_optional:engine_description
48357,vehicles/48357.json,False,primary_fuel_out_of_scope|alternative_technology_present|electric_motor_present|insufficient_engine_specs,missing_optional:displacement_l|missing_optional:cylinders|missing_optional:engine_description
48361,vehicles/48361.json,False,primary_fuel_out_of_scope|alternative_technology_present|electric_motor_present|insufficient_engine_specs,missing_optional:displacement_l|missing_optional:cylinders|missing_optional:engine_description
48365,vehicles/48365.json,False,primary_fuel_out_of_scope|alternative_technology_present|electric_motor_present|insufficient_engine_specs,missing_optional:displacement_l|missing_optional:cylinders|missing_optional:engine_description
48371,vehicles/48371.json,False,primary_fuel_out_of_scope|alternative_technology_present|electric_motor_present|insufficient_engine_specs,missing_optional:displacement_l|missing_optional:cylinders|missing_optional:engine_description
48372,vehicles/48372.json,False,primary_fuel_out_of_scope|alternative_technology_present|electric_motor_present|insufficient_engine_specs,missing_optional:displacement_l|missing_optional:cylinders|missing_optional:engine_description
48374,vehicles/48374.json,False,primary_fuel_out_of_scope|alternative_technology_present|electric_motor_present|insufficient_engine_specs,missing_optional:displacement_l|missing_optional:cylinders|missing_optional:engine_description
48375,vehicles/48375.json,False,primary_fuel_out_of_scope|alternative_technology_present|electric_motor_present|insufficient_engine_specs,missing_optional:displacement_l|missing_optional:cylinders|missing_optional:engine_description
48376,vehicles/48376.json,False,primary_fuel_out_of_scope|alternative_technology_present|electric_motor_present|insufficient_engine_specs,missing_optional:displacement_l|missing_optional:cylinders|missing_optional:engine_description
48377,vehicles/48377.json,False,primary_fuel_out_of_scope|alternative_technology_present|electric_motor_present|insufficient_engine_specs,missing_optional:displacement_l|missing_optional:cylinders|missing_optional:engine_description
48379,vehicles/48379.json,False,primary_fuel_out_of_scope|alternative_technology_present|electric_motor_present|insufficient_engine_specs,missing_optional:displacement_l|missing_optional:cylinders|missing_optional:engine_description
48380,vehicles/48380.json,False,primary_fuel_out_of_scope|alternative_technology_present|electric_motor_present|insufficient_engine_specs,missing_optional:displacement_l|missing_optional:cylinders|missing_optional:engine_description
48382,vehicles/48382.json,False,primary_fuel_out_of_scope|alternative_technology_present|electric_motor_present|insufficient_engine_specs,missing_optional:displacement_l|missing_optional:cylinders|missing_optional:engine_description
48395,vehicles/48395.json,False,primary_fuel_out_of_scope|alternative_technology_present|electric_motor_present|insufficient_engine_specs,missing_optional:displacement_l|missing_optional:cylinders|missing_optional:engine_description
48398,vehicles/48398.json,False,primary_fuel_out_of_scope|alternative_technology_present|electric_motor_present|insufficient_engine_specs,missing_optional:displacement_l|missing_optional:cylinders|missing_optional:engine_description
48399,vehicles/48399.json,False,primary_fuel_out_of_scope|alternative_technology_present|electric_motor_present|insufficient_engine_specs,missing_optional:displacement_l|missing_optional:cylinders|missing_optional:engine_description
48402,vehicles/48402.json,False,primary_fuel_out_of_scope|alternative_technology_present|electric_motor_present|insufficient_engine_specs,missing_optional:displacement_l|missing_optional:cylinders|missing_optional:engine_description
48403,vehicles/48403.json,False,primary_fuel_out_of_scope|alternative_technology_present|electric_motor_present|insufficient_engine_specs,missing_optional:displacement_l|missing_optional:cylinders|missing_optional:engine_description
48404,vehicles/48404.json,False,primary_fuel_out_of_scope|alternative_technology_present|electric_motor_present|insufficient_engine_specs,missing_optional:displacement_l|missing_optional:cylinders|missing_optional:engine_description
48405,vehicles/48405.json,False,primary_fuel_out_of_scope|alternative_technology_present|electric_motor_present|insufficient_engine_specs,missing_optional:displacement_l|missing_optional:cylinders|missing_optional:engine_description
48408,vehicles/48408.json,False,primary_fuel_out_of_scope|alternative_technology_present|electric_motor_present|insufficient_engine_specs,missing_optional:displacement_l|missing_optional:cylinders|missing_optional:engine_description
48409,vehicles/48409.json,False,primary_fuel_out_of_scope|alternative_technology_present|electric_motor_present|insufficient_engine_specs,missing_optional:displacement_l|missing_optional:cylinders|missing_optional:engine_description
48410,vehicles/48410.json,False,primary_fuel_out_of_scope|alternative_technology_present|electric_motor_present|insufficient_engine_specs,missing_optional:displacement_l|missing_optional:cylinders|missing_optional:engine_description
48412,vehicles/48412.json,False,primary_fuel_out_of_scope|alternative_technology_present|electric_motor_present|insufficient_engine_specs,missing_optional:displacement_l|missing_optional:cylinders|missing_optional:engine_description
48416,vehicles/48416.json,False,primary_fuel_out_of_scope|alternative_technology_present|electric_motor_present|vehicle_class_out_of_scope|insufficient_engine_specs,missing_optional:displacement_l|missing_optional:cylinders|missing_optional:engine_description
48424,vehicles/48424.json,False,primary_fuel_out_of_scope|alternative_technology_present|electric_motor_present|vehicle_class_out_of_scope|insufficient_engine_specs,missing_optional:displacement_l|missing_optional:cylinders|missing_optional:engine_description
48425,vehicles/48425.json,False,primary_fuel_out_of_scope|alternative_technology_present|electric_motor_present|vehicle_class_out_of_scope|insufficient_engine_specs,missing_optional:displacement_l|missing_optional:cylinders|missing_optional:engine_description
48429,vehicles/48429.json,False,primary_fuel_out_of_scope|alternative_technology_present|electric_motor_present|insufficient_engine_specs,missing_optional:displacement_l|missing_optional:cylinders|missing_optional:engine_description
48430,vehicles/48430.json,False,primary_fuel_out_of_scope|alternative_technology_present|electric_motor_present|insufficient_engine_specs,missing_optional:displacement_l|missing_optional:cylinders|missing_optional:engine_description
48440,vehicles/48440.json,False,primary_fuel_out_of_scope|alternative_technology_present|electric_motor_present|insufficient_engine_specs,missing_optional:displacement_l|missing_optional:cylinders|missing_optional:engine_description
48441,vehicles/48441.json,False,primary_fuel_out_of_scope|alternative_technology_present|electric_motor_present|insufficient_engine_specs,missing_optional:displacement_l|missing_optional:cylinders|missing_optional:engine_description
48442,vehicles/48442.json,False,primary_fuel_out_of_scope|alternative_technology_present|electric_motor_present|insufficient_engine_specs,missing_optional:displacement_l|missing_optional:cylinders|missing_optional:engine_description
48443,vehicles/48443.json,False,primary_fuel_out_of_scope|alternative_technology_present|electric_motor_present|insufficient_engine_specs,missing_optional:displacement_l|missing_optional:cylinders|missing_optional:engine_description
48446,vehicles/48446.json,False,primary_fuel_out_of_scope|alternative_technology_present|electric_motor_present|insufficient_engine_specs,missing_optional:displacement_l|missing_optional:cylinders|missing_optional:engine_description
48451,vehicles/48451.json,False,primary_fuel_out_of_scope|alternative_technology_present|electric_motor_present|insufficient_engine_specs,missing_optional:displacement_l|missing_optional:cylinders|missing_optional:engine_description
48452,vehicles/48452.json,False,alternative_technology_present|hybrid_text_signal,
48453,vehicles/48453.json,True,,missing_optional:engine_description
48454,vehicles/48454.json,False,alternative_technology_present|electric_motor_present|hybrid_text_signal,
48456,vehicles/48456.json,True,,
48460,vehicles/48460.json,False,alternative_technology_present|electric_motor_present|hybrid_text_signal|vehicle_class_out_of_scope,
48461,vehicles/48461.json,False,alternative_technology_present|electric_motor_present|hybrid_text_signal|vehicle_class_out_of_scope,
48463,vehicles/48463.json,True,,
48465,vehicles/48465.json,True,,
48469,vehicles/48469.json,False,primary_fuel_out_of_scope|alternative_technology_present|electric_motor_present|insufficient_engine_specs,missing_optional:displacement_l|missing_optional:cylinders|missing_optional:engine_description
48470,vehicles/48470.json,False,primary_fuel_out_of_scope|alternative_technology_present|electric_motor_present|insufficient_engine_specs,missing_optional:displacement_l|missing_optional:cylinders|missing_optional:engine_description
48471,vehicles/48471.json,False,primary_fuel_out_of_scope|alternative_technology_present|electric_motor_present|insufficient_engine_specs,missing_optional:displacement_l|missing_optional:cylinders|missing_optional:engine_description
48473,vehicles/48473.json,False,primary_fuel_out_of_scope|alternative_technology_present|electric_motor_present|insufficient_engine_specs,missing_optional:displacement_l|missing_optional:cylinders|missing_optional:engine_description
48475,vehicles/48475.json,False,primary_fuel_out_of_scope|alternative_technology_present|electric_motor_present|insufficient_engine_specs,missing_optional:displacement_l|missing_optional:cylinders|missing_optional:engine_description
48478,vehicles/48478.json,False,alternative_technology_present|electric_motor_present|hybrid_text_signal,
48483,vehicles/48483.json,True,,
48486,vehicles/48486.json,False,alternative_technology_present|electric_motor_present|hybrid_text_signal,
48496,vehicles/48496.json,True,,
48497,vehicles/48497.json,False,alternative_technology_present|electric_motor_present|hybrid_text_signal,
48504,vehicles/48504.json,True,,
48507,vehicles/48507.json,True,,
48508,vehicles/48508.json,True,,
48509,vehicles/48509.json,False,vehicle_class_out_of_scope,
48513,vehicles/48513.json,False,vehicle_class_out_of_scope,missing_optional:engine_description
48520,vehicles/48520.json,True,,
48521,vehicles/48521.json,True,,
48524,vehicles/48524.json,True,,
48526,vehicles/48526.json,True,,
48527,vehicles/48527.json,True,,
48529,vehicles/48529.json,True,,
48532,vehicles/48532.json,True,,
48533,vehicles/48533.json,True,,missing_optional:engine_description
48535,vehicles/48535.json,False,alternative_technology_present|electric_motor_present|hybrid_text_signal,
48536,vehicles/48536.json,True,,
48542,vehicles/48542.json,True,,
48543,vehicles/48543.json,True,,
48544,vehicles/48544.json,True,,
48547,vehicles/48547.json,True,,
48548,vehicles/48548.json,True,,
48552,vehicles/48552.json,True,,missing_optional:engine_description
48554,vehicles/48554.json,True,,
48555,vehicles/48555.json,True,,
48557,vehicles/48557.json,True,,
48558,vehicles/48558.json,True,,
48560,vehicles/48560.json,True,,
48562,vehicles/48562.json,True,,
48563,vehicles/48563.json,True,,missing_optional:engine_description
48565,vehicles/48565.json,True,,
48567,vehicles/48567.json,True,,
48568,vehicles/48568.json,False,alternative_technology_present|electric_motor_present|hybrid_text_signal,
48569,vehicles/48569.json,False,alternative_technology_present|electric_motor_present|hybrid_text_signal,
48572,vehicles/48572.json,True,,
48573,vehicles/48573.json,True,,
48578,vehicles/48578.json,True,,
48579,vehicles/48579.json,True,,
48580,vehicles/48580.json,True,,
48581,vehicles/48581.json,False,alternative_technology_present|electric_motor_present|hybrid_text_signal,
48588,vehicles/48588.json,True,,
48601,vehicles/48601.json,False,alternative_technology_present|electric_motor_present|hybrid_text_signal,
48605,vehicles/48605.json,True,,
48606,vehicles/48606.json,True,,
48611,vehicles/48611.json,True,,
48612,vehicles/48612.json,True,,
48613,vehicles/48613.json,True,,
48614,vehicles/48614.json,False,alternative_technology_present|electric_motor_present|hybrid_text_signal,
48615,vehicles/48615.json,True,,
48617,vehicles/48617.json,True,,
48618,vehicles/48618.json,True,,
48625,vehicles/48625.json,True,,
48627,vehicles/48627.json,True,,
48634,vehicles/48634.json,True,,
48645,vehicles/48645.json,False,alternative_technology_present|electric_motor_present|hybrid_text_signal,
48648,vehicles/48648.json,True,,
48650,vehicles/48650.json,True,,
48652,vehicles/48652.json,False,secondary_fuel_present|alternative_technology_present|electric_motor_present|phev_blended|hybrid_text_signal,
48654,vehicles/48654.json,False,secondary_fuel_present|alternative_technology_present|electric_motor_present|phev_blended|hybrid_text_signal,
48656,vehicles/48656.json,False,secondary_fuel_present|alternative_technology_present|electric_motor_present|phev_blended|hybrid_text_signal|vehicle_class_out_of_scope,
48657,vehicles/48657.json,False,secondary_fuel_present|alternative_technology_present|electric_motor_present|phev_blended|hybrid_text_signal,
48658,vehicles/48658.json,False,secondary_fuel_present|alternative_technology_present|electric_motor_present|phev_blended|hybrid_text_signal,
48659,vehicles/48659.json,False,secondary_fuel_present|alternative_technology_present|electric_motor_present|phev_blended|hybrid_text_signal,
48660,vehicles/48660.json,False,secondary_fuel_present|alternative_technology_present|electric_motor_present|phev_blended|hybrid_text_signal,
48661,vehicles/48661.json,False,secondary_fuel_present|alternative_technology_present|electric_motor_present|phev_blended|hybrid_text_signal,
48662,vehicles/48662.json,False,secondary_fuel_present|alternative_technology_present|electric_motor_present|phev_blended|hybrid_text_signal,
48667,vehicles/48667.json,False,secondary_fuel_present|alternative_technology_present|electric_motor_present|phev_blended|hybrid_text_signal,
48668,vehicles/48668.json,False,secondary_fuel_present|alternative_technology_present|electric_motor_present|phev_blended|hybrid_text_signal,
48671,vehicles/48671.json,False,secondary_fuel_present|alternative_technology_present|electric_motor_present|phev_blended|hybrid_text_signal,
48672,vehicles/48672.json,False,secondary_fuel_present|alternative_technology_present|electric_motor_present|phev_blended|hybrid_text_signal,
48676,vehicles/48676.json,False,secondary_fuel_present|alternative_technology_present|electric_motor_present|phev_blended|hybrid_text_signal,
48677,vehicles/48677.json,False,secondary_fuel_present|alternative_technology_present|electric_motor_present|phev_blended|hybrid_text_signal,
48678,vehicles/48678.json,False,secondary_fuel_present|alternative_technology_present|electric_motor_present|phev_blended|hybrid_text_signal,
48691,vehicles/48691.json,False,primary_fuel_out_of_scope|alternative_technology_present|electric_motor_present|insufficient_engine_specs,missing_optional:displacement_l|missing_optional:cylinders|missing_optional:engine_description
48699,vehicles/48699.json,False,primary_fuel_out_of_scope|alternative_technology_present|electric_motor_present|vehicle_class_out_of_scope|insufficient_engine_specs,missing_optional:displacement_l|missing_optional:cylinders|missing_optional:engine_description
48703,vehicles/48703.json,False,primary_fuel_out_of_scope|alternative_technology_present|electric_motor_present|insufficient_engine_specs,missing_optional:displacement_l|missing_optional:cylinders|missing_optional:engine_description
48704,vehicles/48704.json,False,primary_fuel_out_of_scope|alternative_technology_present|electric_motor_present|insufficient_engine_specs,missing_optional:displacement_l|missing_optional:cylinders|missing_optional:engine_description
48713,vehicles/48713.json,False,primary_fuel_out_of_scope|alternative_technology_present|electric_motor_present|insufficient_engine_specs,missing_optional:displacement_l|missing_optional:cylinders|missing_optional:engine_description
48715,vehicles/48715.json,False,primary_fuel_out_of_scope|alternative_technology_present|electric_motor_present|insufficient_engine_specs,missing_optional:displacement_l|missing_optional:cylinders|missing_optional:engine_description
48716,vehicles/48716.json,False,primary_fuel_out_of_scope|alternative_technology_present|electric_motor_present|insufficient_engine_specs,missing_optional:displacement_l|missing_optional:cylinders|missing_optional:engine_description
48717,vehicles/48717.json,False,primary_fuel_out_of_scope|alternative_technology_present|electric_motor_present|insufficient_engine_specs,missing_optional:displacement_l|missing_optional:cylinders|missing_optional:engine_description
48718,vehicles/48718.json,False,primary_fuel_out_of_scope|alternative_technology_present|electric_motor_present|insufficient_engine_specs,missing_optional:displacement_l|missing_optional:cylinders|missing_optional:engine_description
48719,vehicles/48719.json,False,primary_fuel_out_of_scope|alternative_technology_present|electric_motor_present|insufficient_engine_specs,missing_optional:displacement_l|missing_optional:cylinders|missing_optional:engine_description
48726,vehicles/48726.json,False,primary_fuel_out_of_scope|alternative_technology_present|electric_motor_present|insufficient_engine_specs,missing_optional:displacement_l|missing_optional:cylinders|missing_optional:engine_description
48730,vehicles/48730.json,False,primary_fuel_out_of_scope|alternative_technology_present|electric_motor_present|insufficient_engine_specs,missing_optional:displacement_l|missing_optional:cylinders|missing_optional:engine_description
48742,vehicles/48742.json,False,primary_fuel_out_of_scope|alternative_technology_present|electric_motor_present|insufficient_engine_specs,missing_optional:displacement_l|missing_optional:cylinders|missing_optional:engine_description
48745,vehicles/48745.json,False,primary_fuel_out_of_scope|alternative_technology_present|electric_motor_present|insufficient_engine_specs,missing_optional:displacement_l|missing_optional:cylinders|missing_optional:engine_description
48751,vehicles/48751.json,False,primary_fuel_out_of_scope|alternative_technology_present|electric_motor_present|insufficient_engine_specs,missing_optional:displacement_l|missing_optional:cylinders|missing_optional:engine_description
48756,vehicles/48756.json,False,primary_fuel_out_of_scope|alternative_technology_present|electric_motor_present|vehicle_class_out_of_scope|insufficient_engine_specs,missing_optional:displacement_l|missing_optional:cylinders|missing_optional:engine_description
48762,vehicles/48762.json,False,primary_fuel_out_of_scope|alternative_technology_present|electric_motor_present|insufficient_engine_specs,missing_optional:displacement_l|missing_optional:cylinders|missing_optional:engine_description
48763,vehicles/48763.json,False,primary_fuel_out_of_scope|alternative_technology_present|electric_motor_present|insufficient_engine_specs,missing_optional:displacement_l|missing_optional:cylinders|missing_optional:engine_description
48764,vehicles/48764.json,False,primary_fuel_out_of_scope|alternative_technology_present|electric_motor_present|insufficient_engine_specs,missing_optional:displacement_l|missing_optional:cylinders|missing_optional:engine_description
48765,vehicles/48765.json,False,primary_fuel_out_of_scope|alternative_technology_present|electric_motor_present|insufficient_engine_specs,missing_optional:displacement_l|missing_optional:cylinders|missing_optional:engine_description
48766,vehicles/48766.json,False,primary_fuel_out_of_scope|alternative_technology_present|electric_motor_present|insufficient_engine_specs,missing_optional:displacement_l|missing_optional:cylinders|missing_optional:engine_description
48769,vehicles/48769.json,False,primary_fuel_out_of_scope|alternative_technology_present|electric_motor_present|insufficient_engine_specs,missing_optional:displacement_l|missing_optional:cylinders|missing_optional:engine_description
48770,vehicles/48770.json,False,primary_fuel_out_of_scope|alternative_technology_present|electric_motor_present|insufficient_engine_specs,missing_optional:displacement_l|missing_optional:cylinders|missing_optional:engine_description
48772,vehicles/48772.json,False,primary_fuel_out_of_scope|alternative_technology_present|electric_motor_present|insufficient_engine_specs,missing_optional:displacement_l|missing_optional:cylinders|missing_optional:engine_description
48774,vehicles/48774.json,False,primary_fuel_out_of_scope|alternative_technology_present|electric_motor_present|insufficient_engine_specs,missing_optional:displacement_l|missing_optional:cylinders|missing_optional:engine_description
48775,vehicles/48775.json,False,primary_fuel_out_of_scope|alternative_technology_present|electric_motor_present|insufficient_engine_specs,missing_optional:displacement_l|missing_optional:cylinders|missing_optional:engine_description
48780,vehicles/48780.json,False,primary_fuel_out_of_scope|alternative_technology_present|electric_motor_present|insufficient_engine_specs,missing_optional:displacement_l|missing_optional:cylinders|missing_optional:engine_description
48782,vehicles/48782.json,False,primary_fuel_out_of_scope|alternative_technology_present|electric_motor_present|insufficient_engine_specs,missing_optional:displacement_l|missing_optional:cylinders|missing_optional:engine_description
48783,vehicles/48783.json,False,primary_fuel_out_of_scope|alternative_technology_present|electric_motor_present|insufficient_engine_specs,missing_optional:displacement_l|missing_optional:cylinders|missing_optional:engine_description
48784,vehicles/48784.json,False,primary_fuel_out_of_scope|alternative_technology_present|electric_motor_present|insufficient_engine_specs,missing_optional:displacement_l|missing_optional:cylinders|missing_optional:engine_description
48785,vehicles/48785.json,False,primary_fuel_out_of_scope|alternative_technology_present|electric_motor_present|insufficient_engine_specs,missing_optional:displacement_l|missing_optional:cylinders|missing_optional:engine_description
48786,vehicles/48786.json,False,primary_fuel_out_of_scope|alternative_technology_present|electric_motor_present|insufficient_engine_specs,missing_optional:displacement_l|missing_optional:cylinders|missing_optional:engine_description
48789,vehicles/48789.json,False,primary_fuel_out_of_scope|alternative_technology_present|electric_motor_present|insufficient_engine_specs,missing_optional:displacement_l|missing_optional:cylinders|missing_optional:engine_description
48791,vehicles/48791.json,False,primary_fuel_out_of_scope|alternative_technology_present|electric_motor_present|insufficient_engine_specs,missing_optional:displacement_l|missing_optional:cylinders|missing_optional:engine_description
48792,vehicles/48792.json,False,primary_fuel_out_of_scope|alternative_technology_present|electric_motor_present|insufficient_engine_specs,missing_optional:displacement_l|missing_optional:cylinders|missing_optional:engine_description
48796,vehicles/48796.json,False,primary_fuel_out_of_scope|alternative_technology_present|electric_motor_present|insufficient_engine_specs,missing_optional:displacement_l|missing_optional:cylinders|missing_optional:engine_description
48797,vehicles/48797.json,False,primary_fuel_out_of_scope|alternative_technology_present|electric_motor_present|insufficient_engine_specs,missing_optional:displacement_l|missing_optional:cylinders
48798,vehicles/48798.json,False,primary_fuel_out_of_scope|alternative_technology_present|electric_motor_present|insufficient_engine_specs,missing_optional:displacement_l|missing_optional:cylinders
48801,vehicles/48801.json,True,,missing_optional:engine_description
48802,vehicles/48802.json,True,,
48803,vehicles/48803.json,True,,
48816,vehicles/48816.json,True,,
48818,vehicles/48818.json,True,,
48819,vehicles/48819.json,True,,
48820,vehicles/48820.json,True,,
48821,vehicles/48821.json,True,,
48822,vehicles/48822.json,True,,
48837,vehicles/48837.json,True,,
48838,vehicles/48838.json,True,,
48839,vehicles/48839.json,True,,
48840,vehicles/48840.json,True,,
48845,vehicles/48845.json,True,,
48849,vehicles/48849.json,True,,
48851,vehicles/48851.json,True,,
48856,vehicles/48856.json,True,,
48857,vehicles/48857.json,True,,
48858,vehicles/48858.json,False,alternative_technology_present|electric_motor_present|hybrid_text_signal,
48862,vehicles/48862.json,True,,
48863,vehicles/48863.json,True,,
48864,vehicles/48864.json,True,,
48865,vehicles/48865.json,True,,
48866,vehicles/48866.json,True,,
48869,vehicles/48869.json,False,alternative_technology_present|electric_motor_present|hybrid_text_signal|vehicle_class_out_of_scope,
48873,vehicles/48873.json,False,alternative_technology_present|electric_motor_present|hybrid_text_signal|vehicle_class_out_of_scope,
48888,vehicles/48888.json,False,vehicle_class_out_of_scope,
48897,vehicles/48897.json,False,alternative_technology_present|electric_motor_present|hybrid_text_signal|vehicle_class_out_of_scope,
48898,vehicles/48898.json,False,vehicle_class_out_of_scope,
48901,vehicles/48901.json,False,vehicle_class_out_of_scope,
48906,vehicles/48906.json,True,,
48907,vehicles/48907.json,True,,
48908,vehicles/48908.json,True,,
48910,vehicles/48910.json,True,,
48914,vehicles/48914.json,True,,
48915,vehicles/48915.json,True,,
48918,vehicles/48918.json,True,,missing_optional:engine_description
48919,vehicles/48919.json,True,,missing_optional:engine_description
48921,vehicles/48921.json,True,,
48922,vehicles/48922.json,False,alternative_technology_present|electric_motor_present|hybrid_text_signal,
48924,vehicles/48924.json,False,alternative_technology_present|electric_motor_present|hybrid_text_signal,
48925,vehicles/48925.json,True,,
48926,vehicles/48926.json,True,,missing_optional:engine_description
48927,vehicles/48927.json,True,,missing_optional:engine_description
48928,vehicles/48928.json,True,,
48929,vehicles/48929.json,True,,
48945,vehicles/48945.json,False,primary_fuel_out_of_scope|alternative_technology_present,missing_optional:engine_description
48947,vehicles/48947.json,True,,
48948,vehicles/48948.json,False,alternative_technology_present|electric_motor_present|hybrid_text_signal,
48958,vehicles/48958.json,True,,
48966,vehicles/48966.json,False,alternative_technology_present|electric_motor_present|hybrid_text_signal,
48967,vehicles/48967.json,True,,
48968,vehicles/48968.json,True,,
48982,vehicles/48982.json,True,,
48994,vehicles/48994.json,False,primary_fuel_out_of_scope|alternative_technology_present|electric_motor_present|insufficient_engine_specs,missing_optional:displacement_l|missing_optional:cylinders|missing_optional:engine_description
48995,vehicles/48995.json,False,primary_fuel_out_of_scope|alternative_technology_present|electric_motor_present|insufficient_engine_specs,missing_optional:displacement_l|missing_optional:cylinders|missing_optional:engine_description
48996,vehicles/48996.json,False,primary_fuel_out_of_scope|alternative_technology_present|electric_motor_present|insufficient_engine_specs,missing_optional:displacement_l|missing_optional:cylinders|missing_optional:engine_description
48998,vehicles/48998.json,False,secondary_fuel_present|alternative_technology_present|electric_motor_present|phev_blended|hybrid_text_signal,
48999,vehicles/48999.json,False,secondary_fuel_present|alternative_technology_present|electric_motor_present|phev_blended|hybrid_text_signal,
49000,vehicles/49000.json,False,secondary_fuel_present|alternative_technology_present|electric_motor_present|phev_blended|hybrid_text_signal,
49001,vehicles/49001.json,False,secondary_fuel_present|alternative_technology_present|electric_motor_present|phev_blended|hybrid_text_signal,
49002,vehicles/49002.json,False,secondary_fuel_present|alternative_technology_present|electric_motor_present|phev_blended|hybrid_text_signal,
49003,vehicles/49003.json,False,secondary_fuel_present|alternative_technology_present|electric_motor_present|phev_blended|hybrid_text_signal,
49004,vehicles/49004.json,False,secondary_fuel_present|alternative_technology_present|electric_motor_present|phev_blended|hybrid_text_signal,
49014,vehicles/49014.json,False,secondary_fuel_present|alternative_technology_present|electric_motor_present|phev_blended|hybrid_text_signal,
49021,vehicles/49021.json,False,secondary_fuel_present|alternative_technology_present|electric_motor_present|phev_blended|hybrid_text_signal,
49024,vehicles/49024.json,False,secondary_fuel_present|alternative_technology_present|electric_motor_present|phev_blended|hybrid_text_signal,
49037,vehicles/49037.json,True,,
49039,vehicles/49039.json,True,,
49041,vehicles/49041.json,True,,
49044,vehicles/49044.json,True,,
49045,vehicles/49045.json,True,,
49047,vehicles/49047.json,True,,
49050,vehicles/49050.json,True,,
49062,vehicles/49062.json,False,alternative_technology_present|electric_motor_present|hybrid_text_signal,
49063,vehicles/49063.json,False,alternative_technology_present|electric_motor_present|hybrid_text_signal,
49067,vehicles/49067.json,False,primary_fuel_out_of_scope|alternative_technology_present|electric_motor_present|insufficient_engine_specs,missing_optional:displacement_l|missing_optional:cylinders|missing_optional:engine_description
49073,vehicles/49073.json,False,primary_fuel_out_of_scope|alternative_technology_present|electric_motor_present|insufficient_engine_specs,missing_optional:displacement_l|missing_optional:cylinders|missing_optional:engine_description
49074,vehicles/49074.json,False,primary_fuel_out_of_scope|alternative_technology_present|electric_motor_present|insufficient_engine_specs,missing_optional:displacement_l|missing_optional:cylinders|missing_optional:engine_description
49076,vehicles/49076.json,False,primary_fuel_out_of_scope|alternative_technology_present|electric_motor_present|insufficient_engine_specs,missing_optional:displacement_l|missing_optional:cylinders|missing_optional:engine_description
49081,vehicles/49081.json,False,primary_fuel_out_of_scope|alternative_technology_present|electric_motor_present|insufficient_engine_specs,missing_optional:displacement_l|missing_optional:cylinders|missing_optional:engine_description
49084,vehicles/49084.json,False,primary_fuel_out_of_scope|alternative_technology_present|electric_motor_present|vehicle_class_out_of_scope|insufficient_engine_specs,missing_optional:displacement_l|missing_optional:cylinders|missing_optional:engine_description
49085,vehicles/49085.json,False,primary_fuel_out_of_scope|alternative_technology_present|electric_motor_present|vehicle_class_out_of_scope|insufficient_engine_specs,missing_optional:displacement_l|missing_optional:cylinders|missing_optional:engine_description
49086,vehicles/49086.json,False,primary_fuel_out_of_scope|alternative_technology_present|electric_motor_present|vehicle_class_out_of_scope|insufficient_engine_specs,missing_optional:displacement_l|missing_optional:cylinders|missing_optional:engine_description
49087,vehicles/49087.json,False,primary_fuel_out_of_scope|alternative_technology_present|electric_motor_present|vehicle_class_out_of_scope|insufficient_engine_specs,missing_optional:displacement_l|missing_optional:cylinders|missing_optional:engine_description
49088,vehicles/49088.json,False,primary_fuel_out_of_scope|alternative_technology_present|electric_motor_present|vehicle_class_out_of_scope|insufficient_engine_specs,missing_optional:displacement_l|missing_optional:cylinders|missing_optional:engine_description
49090,vehicles/49090.json,False,primary_fuel_out_of_scope|alternative_technology_present|electric_motor_present|insufficient_engine_specs,missing_optional:displacement_l|missing_optional:cylinders|missing_optional:engine_description
49097,vehicles/49097.json,False,primary_fuel_out_of_scope|alternative_technology_present|electric_motor_present|insufficient_engine_specs,missing_optional:displacement_l|missing_optional:cylinders|missing_optional:engine_description
49100,vehicles/49100.json,False,primary_fuel_out_of_scope|alternative_technology_present|electric_motor_present|insufficient_engine_specs,missing_optional:displacement_l|missing_optional:cylinders|missing_optional:engine_description
49101,vehicles/49101.json,False,primary_fuel_out_of_scope|alternative_technology_present|electric_motor_present|insufficient_engine_specs,missing_optional:displacement_l|missing_optional:cylinders|missing_optional:engine_description
49102,vehicles/49102.json,False,primary_fuel_out_of_scope|alternative_technology_present|electric_motor_present|insufficient_engine_specs,missing_optional:displacement_l|missing_optional:cylinders|missing_optional:engine_description
49110,vehicles/49110.json,False,primary_fuel_out_of_scope|alternative_technology_present|electric_motor_present|insufficient_engine_specs,missing_optional:displacement_l|missing_optional:cylinders|missing_optional:engine_description
49112,vehicles/49112.json,False,primary_fuel_out_of_scope|alternative_technology_present|electric_motor_present|insufficient_engine_specs,missing_optional:displacement_l|missing_optional:cylinders|missing_optional:engine_description
49113,vehicles/49113.json,False,primary_fuel_out_of_scope|alternative_technology_present|electric_motor_present|insufficient_engine_specs,missing_optional:displacement_l|missing_optional:cylinders|missing_optional:engine_description
49114,vehicles/49114.json,False,primary_fuel_out_of_scope|alternative_technology_present|electric_motor_present|insufficient_engine_specs,missing_optional:displacement_l|missing_optional:cylinders|missing_optional:engine_description
49115,vehicles/49115.json,False,primary_fuel_out_of_scope|alternative_technology_present|electric_motor_present|insufficient_engine_specs,missing_optional:displacement_l|missing_optional:cylinders|missing_optional:engine_description
49123,vehicles/49123.json,False,primary_fuel_out_of_scope|alternative_technology_present|electric_motor_present|vehicle_class_out_of_scope|insufficient_engine_specs,missing_optional:displacement_l|missing_optional:cylinders|missing_optional:engine_description
49124,vehicles/49124.json,False,primary_fuel_out_of_scope|alternative_technology_present|electric_motor_present|insufficient_engine_specs,missing_optional:displacement_l|missing_optional:cylinders|missing_optional:engine_description
49125,vehicles/49125.json,False,primary_fuel_out_of_scope|alternative_technology_present|electric_motor_present|insufficient_engine_specs,missing_optional:displacement_l|missing_optional:cylinders|missing_optional:engine_description
49130,vehicles/49130.json,True,,missing_optional:engine_description
49131,vehicles/49131.json,True,,missing_optional:engine_description
49132,vehicles/49132.json,True,,
49134,vehicles/49134.json,True,,
49146,vehicles/49146.json,True,,
49147,vehicles/49147.json,True,,
49150,vehicles/49150.json,False,primary_fuel_out_of_scope|alternative_technology_present|electric_motor_present|insufficient_engine_specs,missing_optional:displacement_l|missing_optional:cylinders|missing_optional:engine_description
49156,vehicles/49156.json,False,primary_fuel_out_of_scope|alternative_technology_present|electric_motor_present|insufficient_engine_specs,missing_optional:displacement_l|missing_optional:cylinders|missing_optional:engine_description
49157,vehicles/49157.json,False,primary_fuel_out_of_scope|alternative_technology_present|electric_motor_present|insufficient_engine_specs,missing_optional:displacement_l|missing_optional:cylinders|missing_optional:engine_description
50270,vehicles/50270.json,False,primary_fuel_out_of_scope|alternative_technology_present|electric_motor_present|insufficient_engine_specs,missing_optional:displacement_l|missing_optional:cylinders|missing_optional:engine_description
