component_id,vehicle_id,model_year,manufacturer,model_name,base_model,normalized_manufacturer,normalized_model_name,normalized_base_model,raw_sha256,source_file,source_url,triggering_full_model_name,canonical_base_model
035ba8f849efcf25cab4,34933,2015,Aston Martin,V8 Vantage,Vantage,aston martin,v8 vantage,vantage,023de1d523caa1d7bda8a11b25fa77cda28eef05a2e5893c1b0eb4df52ba9a98,C:\Users\Nikeka\Documents\Codex\2026-10-09\group-se-2421-team-members-tsybus\outputs\fuel_consumption_project\data\raw\benchmark_2015_2025_20261009\vehicles\34933.json,https://www.fueleconomy.gov/ws/rest/vehicle/34933,False,vantage
035ba8f849efcf25cab4,34934,2015,Aston Martin,V8 Vantage S,Vantage,aston martin,v8 vantage s,vantage,108ed091820a191faa5d416f9098a7538ca00f29f647acfb0dff285341a744ea,C:\Users\Nikeka\Documents\Codex\2026-10-09\group-se-2421-team-members-tsybus\outputs\fuel_consumption_project\data\raw\benchmark_2015_2025_20261009\vehicles\34934.json,https://www.fueleconomy.gov/ws/rest/vehicle/34934,False,vantage
035ba8f849efcf25cab4,34935,2015,Aston Martin,Vantage GT,Vantage,aston martin,vantage gt,vantage,af464e3ee13be0939827f17926998621cd342f7302b67191340d5559e3145b6a,C:\Users\Nikeka\Documents\Codex\2026-10-09\group-se-2421-team-members-tsybus\outputs\fuel_consumption_project\data\raw\benchmark_2015_2025_20261009\vehicles\34935.json,https://www.fueleconomy.gov/ws/rest/vehicle/34935,False,vantage
035ba8f849efcf25cab4,34936,2015,Aston Martin,V8 Vantage,Vantage,aston martin,v8 vantage,vantage,1eea2d9e7a2ce1dbafce65088b1fdd42c994e79019180ae13a3713017fa6c90f,C:\Users\Nikeka\Documents\Codex\2026-10-09\group-se-2421-team-members-tsybus\outputs\fuel_consumption_project\data\raw\benchmark_2015_2025_20261009\vehicles\34936.json,https://www.fueleconomy.gov/ws/rest/vehicle/34936,False,vantage
035ba8f849efcf25cab4,34937,2015,Aston Martin,V8 Vantage S,Vantage,aston martin,v8 vantage s,vantage,04a367e8c5f5ad1a4782b5d0be063479d7965a13fd2a0cc01dd8825f8c590c28,C:\Users\Nikeka\Documents\Codex\2026-10-09\group-se-2421-team-members-tsybus\outputs\fuel_consumption_project\data\raw\benchmark_2015_2025_20261009\vehicles\34937.json,https://www.fueleconomy.gov/ws/rest/vehicle/34937,False,vantage
035ba8f849efcf25cab4,34938,2015,Aston Martin,Vantage GT,Vantage,aston martin,vantage gt,vantage,605e5e053f4e61fef69a633622f97ee4850803821277baa1f58d5cd1a759f16e,C:\Users\Nikeka\Documents\Codex\2026-10-09\group-se-2421-team-members-tsybus\outputs\fuel_consumption_project\data\raw\benchmark_2015_2025_20261009\vehicles\34938.json,https://www.fueleconomy.gov/ws/rest/vehicle/34938,False,vantage
035ba8f849efcf25cab4,35275,2015,Aston Martin,V12 Vantage S,Vantage,aston martin,v12 vantage s,vantage,b7e47ffbe77846864db09f22284903376b289b684c403147b0aee67596bd8558,C:\Users\Nikeka\Documents\Codex\2026-10-09\group-se-2421-team-members-tsybus\outputs\fuel_consumption_project\data\raw\benchmark_2015_2025_20261009\vehicles\35275.json,https://www.fueleconomy.gov/ws/rest/vehicle/35275,False,vantage
035ba8f849efcf25cab4,36864,2016,Aston Martin,V8 Vantage,Vantage,aston martin,v8 vantage,vantage,07c6fbe805d4b37fbe4c6825ea4a3d8aa040de695809f4aab3cf654605bc2178,C:\Users\Nikeka\Documents\Codex\2026-10-09\group-se-2421-team-members-tsybus\outputs\fuel_consumption_project\data\raw\benchmark_2015_2025_20261009\vehicles\36864.json,https://www.fueleconomy.gov/ws/rest/vehicle/36864,False,vantage
035ba8f849efcf25cab4,36865,2016,Aston Martin,V8 Vantage S,Vantage,aston martin,v8 vantage s,vantage,2a2bd34a41dbe62c43bcaf9a077c0431d3cc263bdb46045390dcb9bcccedd10d,C:\Users\Nikeka\Documents\Codex\2026-10-09\group-se-2421-team-members-tsybus\outputs\fuel_consumption_project\data\raw\benchmark_2015_2025_20261009\vehicles\36865.json,https://www.fueleconomy.gov/ws/rest/vehicle/36865,False,vantage
035ba8f849efcf25cab4,36866,2016,Aston Martin,Vantage GT,Vantage,aston martin,vantage gt,vantage,dee7856fd61674eac3fd4cd66cfbe06b340fdb44a24b00fdce7bc6b5199e0006,C:\Users\Nikeka\Documents\Codex\2026-10-09\group-se-2421-team-members-tsybus\outputs\fuel_consumption_project\data\raw\benchmark_2015_2025_20261009\vehicles\36866.json,https://www.fueleconomy.gov/ws/rest/vehicle/36866,False,vantage
035ba8f849efcf25cab4,36867,2016,Aston Martin,V8 Vantage,Vantage,aston martin,v8 vantage,vantage,5aff3f1f8fbee00e6225d548194445757fb1caf3e0c35db1583d10bbe108e05a,C:\Users\Nikeka\Documents\Codex\2026-10-09\group-se-2421-team-members-tsybus\outputs\fuel_consumption_project\data\raw\benchmark_2015_2025_20261009\vehicles\36867.json,https://www.fueleconomy.gov/ws/rest/vehicle/36867,False,vantage
035ba8f849efcf25cab4,36868,2016,Aston Martin,V8 Vantage S,Vantage,aston martin,v8 vantage s,vantage,0a09733d57dc01428cd56d574c120b5e8d088b6f89b106fd75114b5747c51f7d,C:\Users\Nikeka\Documents\Codex\2026-10-09\group-se-2421-team-members-tsybus\outputs\fuel_consumption_project\data\raw\benchmark_2015_2025_20261009\vehicles\36868.json,https://www.fueleconomy.gov/ws/rest/vehicle/36868,False,vantage
035ba8f849efcf25cab4,36869,2016,Aston Martin,Vantage GT,Vantage,aston martin,vantage gt,vantage,09eceb07c8fbe4634379c920d7a687f8cfc9f3bacb965fd8e4f0e52329168db4,C:\Users\Nikeka\Documents\Codex\2026-10-09\group-se-2421-team-members-tsybus\outputs\fuel_consumption_project\data\raw\benchmark_2015_2025_20261009\vehicles\36869.json,https://www.fueleconomy.gov/ws/rest/vehicle/36869,False,vantage
035ba8f849efcf25cab4,36870,2016,Aston Martin,V12 Vantage S,Vantage,aston martin,v12 vantage s,vantage,d6320603f5d0205c45fa755fcdcc95f9ee879b815e18488b9f5b33fb8a0b50b6,C:\Users\Nikeka\Documents\Codex\2026-10-09\group-se-2421-team-members-tsybus\outputs\fuel_consumption_project\data\raw\benchmark_2015_2025_20261009\vehicles\36870.json,https://www.fueleconomy.gov/ws/rest/vehicle/36870,False,vantage
035ba8f849efcf25cab4,38134,2017,Aston Martin,V12 Vantage S,Vantage,aston martin,v12 vantage s,vantage,546ee24d0f18824a8eec427b81a496ac5095306ba9a84abaf3f2480bcb71b735,C:\Users\Nikeka\Documents\Codex\2026-10-09\group-se-2421-team-members-tsybus\outputs\fuel_consumption_project\data\raw\benchmark_2015_2025_20261009\vehicles\38134.json,https://www.fueleconomy.gov/ws/rest/vehicle/38134,False,vantage
035ba8f849efcf25cab4,38135,2017,Aston Martin,V12 Vantage S,Vantage,aston martin,v12 vantage s,vantage,7464e9432d78fb29dabfd9e487f08ee259ada3d41678ea3dea8c649564329bf6,C:\Users\Nikeka\Documents\Codex\2026-10-09\group-se-2421-team-members-tsybus\outputs\fuel_consumption_project\data\raw\benchmark_2015_2025_20261009\vehicles\38135.json,https://www.fueleconomy.gov/ws/rest/vehicle/38135,False,vantage
035ba8f849efcf25cab4,40158,2019,Aston Martin,Vantage V8,Vantage,aston martin,vantage v8,vantage,95ad33dfbb5886b35b09a113dbf40cbcb3d914d562d5f40084e9e79bcfa22693,C:\Users\Nikeka\Documents\Codex\2026-10-09\group-se-2421-team-members-tsybus\outputs\fuel_consumption_project\data\raw\benchmark_2015_2025_20261009\vehicles\40158.json,https://www.fueleconomy.gov/ws/rest/vehicle/40158,False,vantage
035ba8f849efcf25cab4,41394,2020,Aston Martin,Vantage V8,Vantage,aston martin,vantage v8,vantage,f42326190c16f21b2f8fd2fadc6c185864235f76dc864bbc73d2fecaecf7ef1a,C:\Users\Nikeka\Documents\Codex\2026-10-09\group-se-2421-team-members-tsybus\outputs\fuel_consumption_project\data\raw\benchmark_2015_2025_20261009\vehicles\41394.json,https://www.fueleconomy.gov/ws/rest/vehicle/41394,False,vantage
035ba8f849efcf25cab4,42815,2020,Aston Martin,Vantage Manual,Vantage,aston martin,vantage manual,vantage,11ed1160d0e322d2794ecaf219723736daf85b97135f64ef9b144103a734c8ea,C:\Users\Nikeka\Documents\Codex\2026-10-09\group-se-2421-team-members-tsybus\outputs\fuel_consumption_project\data\raw\benchmark_2015_2025_20261009\vehicles\42815.json,https://www.fueleconomy.gov/ws/rest/vehicle/42815,True,vantage
035ba8f849efcf25cab4,42987,2021,Aston Martin,Vantage V8,Vantage,aston martin,vantage v8,vantage,738ebd52abd6b661649046483d32e3cbe5e4abf9b2afab174c13046c437f811a,C:\Users\Nikeka\Documents\Codex\2026-10-09\group-se-2421-team-members-tsybus\outputs\fuel_consumption_project\data\raw\benchmark_2015_2025_20261009\vehicles\42987.json,https://www.fueleconomy.gov/ws/rest/vehicle/42987,False,vantage
035ba8f849efcf25cab4,43215,2021,Aston Martin,Vantage Manual,Vantage Manual,aston martin,vantage manual,vantage manual,09d00e5140eb02dca7d9e0e406e444f7423078e7ac4af2d265890e72b605ee36,C:\Users\Nikeka\Documents\Codex\2026-10-09\group-se-2421-team-members-tsybus\outputs\fuel_consumption_project\data\raw\benchmark_2015_2025_20261009\vehicles\43215.json,https://www.fueleconomy.gov/ws/rest/vehicle/43215,True,vantage
035ba8f849efcf25cab4,44935,2022,Aston Martin,Vantage V8,Vantage,aston martin,vantage v8,vantage,c75c5010f0a1aa63fc977f11884fe6801f961527a9a5f0b77183f7015939f0b9,C:\Users\Nikeka\Documents\Codex\2026-10-09\group-se-2421-team-members-tsybus\outputs\fuel_consumption_project\data\raw\benchmark_2015_2025_20261009\vehicles\44935.json,https://www.fueleconomy.gov/ws/rest/vehicle/44935,False,vantage
035ba8f849efcf25cab4,45319,2023,Aston Martin,Vantage V8,Vantage,aston martin,vantage v8,vantage,bb30db8db2b9537440111a3da2d3dd1ffe80ef2035aa12888573407e821ca995,C:\Users\Nikeka\Documents\Codex\2026-10-09\group-se-2421-team-members-tsybus\outputs\fuel_consumption_project\data\raw\benchmark_2015_2025_20261009\vehicles\45319.json,https://www.fueleconomy.gov/ws/rest/vehicle/45319,False,vantage
035ba8f849efcf25cab4,45423,2023,Aston Martin,Vantage V12,Vantage,aston martin,vantage v12,vantage,4d3529b95d8937a35c8ea05060e237ffff1e03935eb73878cc7658c4ab47dd9c,C:\Users\Nikeka\Documents\Codex\2026-10-09\group-se-2421-team-members-tsybus\outputs\fuel_consumption_project\data\raw\benchmark_2015_2025_20261009\vehicles\45423.json,https://www.fueleconomy.gov/ws/rest/vehicle/45423,False,vantage
035ba8f849efcf25cab4,47925,2025,Aston Martin,Vantage,Vantage,aston martin,vantage,vantage,7406525e69ca8693c81ce48a6911967a681aa194c667db60fcacfe577b6c980a,C:\Users\Nikeka\Documents\Codex\2026-10-09\group-se-2421-team-members-tsybus\outputs\fuel_consumption_project\data\raw\benchmark_2015_2025_20261009\vehicles\47925.json,https://www.fueleconomy.gov/ws/rest/vehicle/47925,False,vantage
30f5f566d1e8ebc6a4bd,35081,2015,Audi,RS 5 Cabriolet,RS 5,audi,rs 5 cabriolet,rs 5,67d5901e5ab871bb17d207529b324e6716048df8637120dcef84c633a28fffcd,C:\Users\Nikeka\Documents\Codex\2026-10-09\group-se-2421-team-members-tsybus\outputs\fuel_consumption_project\data\raw\benchmark_2015_2025_20261009\vehicles\35081.json,https://www.fueleconomy.gov/ws/rest/vehicle/35081,False,rs
30f5f566d1e8ebc6a4bd,38966,2017,Audi,RS 3,RS 3,audi,rs 3,rs 3,b659cd8d628b0b707aed34de9ebbb2d3e5b3fe86795ea78b6d0c3eb238abd8a0,C:\Users\Nikeka\Documents\Codex\2026-10-09\group-se-2421-team-members-tsybus\outputs\fuel_consumption_project\data\raw\benchmark_2015_2025_20261009\vehicles\38966.json,https://www.fueleconomy.gov/ws/rest/vehicle/38966,True,rs
30f5f566d1e8ebc6a4bd,39538,2018,Audi,RS 5,RS 5,audi,rs 5,rs 5,abc6d669bf495cbbf79a87b76c781d1bd2f1015159660d2d75f579b2fd690897,C:\Users\Nikeka\Documents\Codex\2026-10-09\group-se-2421-team-members-tsybus\outputs\fuel_consumption_project\data\raw\benchmark_2015_2025_20261009\vehicles\39538.json,https://www.fueleconomy.gov/ws/rest/vehicle/39538,True,rs
30f5f566d1e8ebc6a4bd,41423,2019,Audi,RS 3,RS,audi,rs 3,rs,e9e4fddab9f508d0953af4d2e209e70484711afa47d80a82f1cc36b02bdc5c86,C:\Users\Nikeka\Documents\Codex\2026-10-09\group-se-2421-team-members-tsybus\outputs\fuel_consumption_project\data\raw\benchmark_2015_2025_20261009\vehicles\41423.json,https://www.fueleconomy.gov/ws/rest/vehicle/41423,True,rs
30f5f566d1e8ebc6a4bd,42772,2021,Audi,RS 5,RS,audi,rs 5,rs,79a1fbaae1763f58f8c53afc40f3c6560662fccad746d0676537ea8bf8ba7ea2,C:\Users\Nikeka\Documents\Codex\2026-10-09\group-se-2421-team-members-tsybus\outputs\fuel_consumption_project\data\raw\benchmark_2015_2025_20261009\vehicles\42772.json,https://www.fueleconomy.gov/ws/rest/vehicle/42772,True,rs
30f5f566d1e8ebc6a4bd,42776,2021,Audi,RS 5 Sportback,RS,audi,rs 5 sportback,rs,4d82610940dcddf791e71ab0ff4bf8f78e8b1392cb6a47328fb0604b187bfddf,C:\Users\Nikeka\Documents\Codex\2026-10-09\group-se-2421-team-members-tsybus\outputs\fuel_consumption_project\data\raw\benchmark_2015_2025_20261009\vehicles\42776.json,https://www.fueleconomy.gov/ws/rest/vehicle/42776,False,rs
30f5f566d1e8ebc6a4bd,45517,2023,Audi,RS 5 Sportback,RS,audi,rs 5 sportback,rs,58ea4ae4acfad353a7843adeeb6bcbc4cb4cd37f2c1b6020b47bc0922a4969e5,C:\Users\Nikeka\Documents\Codex\2026-10-09\group-se-2421-team-members-tsybus\outputs\fuel_consumption_project\data\raw\benchmark_2015_2025_20261009\vehicles\45517.json,https://www.fueleconomy.gov/ws/rest/vehicle/45517,False,rs
30f5f566d1e8ebc6a4bd,46638,2024,Audi,RS 3,RS,audi,rs 3,rs,4b00e7bf81fb5927f54e5e5ffcf031fe9d48e942244177a5efb729160b103c83,C:\Users\Nikeka\Documents\Codex\2026-10-09\group-se-2421-team-members-tsybus\outputs\fuel_consumption_project\data\raw\benchmark_2015_2025_20261009\vehicles\46638.json,https://www.fueleconomy.gov/ws/rest/vehicle/46638,True,rs
91ee0a0ae786062e2f92,34664,2015,Audi,TT Coupe quattro,TT Coupe,audi,tt coupe quattro,tt coupe,604c82768b3f26e584d9a1c4fc69104f44a051be1455d34ba7a0c0e478a28e39,C:\Users\Nikeka\Documents\Codex\2026-10-09\group-se-2421-team-members-tsybus\outputs\fuel_consumption_project\data\raw\benchmark_2015_2025_20261009\vehicles\34664.json,https://www.fueleconomy.gov/ws/rest/vehicle/34664,True,tt
91ee0a0ae786062e2f92,36380,2016,Audi,TT Roadster quattro,TT Roadster,audi,tt roadster quattro,tt roadster,1e572c2509af2c022bd270a7f381ef4727ea643ebbc98054dc80dd882ec01541,C:\Users\Nikeka\Documents\Codex\2026-10-09\group-se-2421-team-members-tsybus\outputs\fuel_consumption_project\data\raw\benchmark_2015_2025_20261009\vehicles\36380.json,https://www.fueleconomy.gov/ws/rest/vehicle/36380,True,tt
91ee0a0ae786062e2f92,39031,2018,Audi,TT Roadster quattro,TT Roadster,audi,tt roadster quattro,tt roadster,b1defd4c561f0042fd23c9f19ad08a10f0c2f2b7d7b4c378243f3e9a5295a40a,C:\Users\Nikeka\Documents\Codex\2026-10-09\group-se-2421-team-members-tsybus\outputs\fuel_consumption_project\data\raw\benchmark_2015_2025_20261009\vehicles\39031.json,https://www.fueleconomy.gov/ws/rest/vehicle/39031,True,tt
91ee0a0ae786062e2f92,43326,2021,Audi,TT Coupe quattro,TT,audi,tt coupe quattro,tt,fde3f1f5d566a8618968c11253777f08cd6b284f0f75543b967bd03a04542d8f,C:\Users\Nikeka\Documents\Codex\2026-10-09\group-se-2421-team-members-tsybus\outputs\fuel_consumption_project\data\raw\benchmark_2015_2025_20261009\vehicles\43326.json,https://www.fueleconomy.gov/ws/rest/vehicle/43326,True,tt
91ee0a0ae786062e2f92,44097,2022,Audi,TT Roadster quattro,TT,audi,tt roadster quattro,tt,466c2802b3aeedd8cb80ca0f29edb273842b8d9774e3f7693e76d1f86563065c,C:\Users\Nikeka\Documents\Codex\2026-10-09\group-se-2421-team-members-tsybus\outputs\fuel_consumption_project\data\raw\benchmark_2015_2025_20261009\vehicles\44097.json,https://www.fueleconomy.gov/ws/rest/vehicle/44097,True,tt
03918d5fbe492112f23b,41201,2019,Audi,TTS Coupe,TTS Coupe,audi,tts coupe,tts coupe,87548038c26eb7b5a14bf9710db50d2e995fb9c1f6b971e503b9c016c54b9d6f,C:\Users\Nikeka\Documents\Codex\2026-10-09\group-se-2421-team-members-tsybus\outputs\fuel_consumption_project\data\raw\benchmark_2015_2025_20261009\vehicles\41201.json,https://www.fueleconomy.gov/ws/rest/vehicle/41201,True,tts
03918d5fbe492112f23b,41988,2020,Audi,TTS Coupe,TTS,audi,tts coupe,tts,df76e9915dd679d920707feb9d4cfbf1d434911c069085e7572d0508776807d2,C:\Users\Nikeka\Documents\Codex\2026-10-09\group-se-2421-team-members-tsybus\outputs\fuel_consumption_project\data\raw\benchmark_2015_2025_20261009\vehicles\41988.json,https://www.fueleconomy.gov/ws/rest/vehicle/41988,True,tts
03918d5fbe492112f23b,43487,2021,Audi,TTS Coupe,TTS,audi,tts coupe,tts,d0ba380cd5a98965363cc91ba79185dc4d24fe798fc412ec9c49fbf80eadb927,C:\Users\Nikeka\Documents\Codex\2026-10-09\group-se-2421-team-members-tsybus\outputs\fuel_consumption_project\data\raw\benchmark_2015_2025_20261009\vehicles\43487.json,https://www.fueleconomy.gov/ws/rest/vehicle/43487,True,tts
03918d5fbe492112f23b,44273,2022,Audi,TTS Coupe quattro,TTS Coupe,audi,tts coupe quattro,tts coupe,c72e4bedca694b16cc1548c93288e89e9f82f9e593d08213fa83f661fd1acf74,C:\Users\Nikeka\Documents\Codex\2026-10-09\group-se-2421-team-members-tsybus\outputs\fuel_consumption_project\data\raw\benchmark_2015_2025_20261009\vehicles\44273.json,https://www.fueleconomy.gov/ws/rest/vehicle/44273,False,tts
36a8f695fca5166c38f5,34809,2015,Bentley,Continental GT Convertible,Continental GT Convertible,bentley,continental gt convertible,continental gt convertible,b7ec42189eaab4e3608ca0fb66a1b20c22ec128a76218c6a13d6014620ccaa76,C:\Users\Nikeka\Documents\Codex\2026-10-09\group-se-2421-team-members-tsybus\outputs\fuel_consumption_project\data\raw\benchmark_2015_2025_20261009\vehicles\34809.json,https://www.fueleconomy.gov/ws/rest/vehicle/34809,True,continental
36a8f695fca5166c38f5,34810,2015,Bentley,Continental GT,Continental,bentley,continental gt,continental,de0e15be2d13953f1281d4d8bc338d72c0a6300dfa19ed8c8b21b68f4575d58e,C:\Users\Nikeka\Documents\Codex\2026-10-09\group-se-2421-team-members-tsybus\outputs\fuel_consumption_project\data\raw\benchmark_2015_2025_20261009\vehicles\34810.json,https://www.fueleconomy.gov/ws/rest/vehicle/34810,False,continental
36a8f695fca5166c38f5,35926,2015,Bentley,Continental GT3-R,Continental,bentley,continental gt3-r,continental,66be4d62dec2d9c41d7a7670ea5bb6b1d419325c7aa71028c50d06c1579a1e21,C:\Users\Nikeka\Documents\Codex\2026-10-09\group-se-2421-team-members-tsybus\outputs\fuel_consumption_project\data\raw\benchmark_2015_2025_20261009\vehicles\35926.json,https://www.fueleconomy.gov/ws/rest/vehicle/35926,False,continental
36a8f695fca5166c38f5,36280,2016,Bentley,Continental GT Convertible,Continental GT Convertible,bentley,continental gt convertible,continental gt convertible,5eb2d6cb800b341c2519923415b76f9f7e51e749584e31efbcd5bfd3630caa0a,C:\Users\Nikeka\Documents\Codex\2026-10-09\group-se-2421-team-members-tsybus\outputs\fuel_consumption_project\data\raw\benchmark_2015_2025_20261009\vehicles\36280.json,https://www.fueleconomy.gov/ws/rest/vehicle/36280,True,continental
36a8f695fca5166c38f5,36281,2016,Bentley,Continental GT,Continental,bentley,continental gt,continental,7ad876925d1d3e426d37c8fb1b9eac9e4c617dd4cf52ee3d321a0832f899401b,C:\Users\Nikeka\Documents\Codex\2026-10-09\group-se-2421-team-members-tsybus\outputs\fuel_consumption_project\data\raw\benchmark_2015_2025_20261009\vehicles\36281.json,https://www.fueleconomy.gov/ws/rest/vehicle/36281,False,continental
36a8f695fca5166c38f5,36637,2016,Bentley,Continental GT Convertible,Continental GT Convertible,bentley,continental gt convertible,continental gt convertible,9bf85aa02cee099536204e13787b6b513a0f84ea8b93fde5af1284948312dd08,C:\Users\Nikeka\Documents\Codex\2026-10-09\group-se-2421-team-members-tsybus\outputs\fuel_consumption_project\data\raw\benchmark_2015_2025_20261009\vehicles\36637.json,https://www.fueleconomy.gov/ws/rest/vehicle/36637,True,continental
36a8f695fca5166c38f5,36648,2016,Bentley,Continental GT,Continental,bentley,continental gt,continental,c6348a8ad8411168fadff1e273aab44be4a478206466275db3045e7b0d0e774f,C:\Users\Nikeka\Documents\Codex\2026-10-09\group-se-2421-team-members-tsybus\outputs\fuel_consumption_project\data\raw\benchmark_2015_2025_20261009\vehicles\36648.json,https://www.fueleconomy.gov/ws/rest/vehicle/36648,False,continental
36a8f695fca5166c38f5,37709,2017,Bentley,Continental GT Convertible,Continental GT Convertible,bentley,continental gt convertible,continental gt convertible,ada3c5898eece8c6c28a740380a04d700cc83c251b834a6246bcec38977b46ad,C:\Users\Nikeka\Documents\Codex\2026-10-09\group-se-2421-team-members-tsybus\outputs\fuel_consumption_project\data\raw\benchmark_2015_2025_20261009\vehicles\37709.json,https://www.fueleconomy.gov/ws/rest/vehicle/37709,True,continental
36a8f695fca5166c38f5,37715,2017,Bentley,Continental GT,Continental,bentley,continental gt,continental,f68da102624da123ea93bb8c88689500cb34bbf4725fdf10fd75a23aa8e2f45f,C:\Users\Nikeka\Documents\Codex\2026-10-09\group-se-2421-team-members-tsybus\outputs\fuel_consumption_project\data\raw\benchmark_2015_2025_20261009\vehicles\37715.json,https://www.fueleconomy.gov/ws/rest/vehicle/37715,False,continental
36a8f695fca5166c38f5,38050,2017,Bentley,Continental GT Convertible,Continental GT Convertible,bentley,continental gt convertible,continental gt convertible,90ae3205d6d1af157099e53e9e3be4f9253f43ed8294ac7c88da5840c8852f63,C:\Users\Nikeka\Documents\Codex\2026-10-09\group-se-2421-team-members-tsybus\outputs\fuel_consumption_project\data\raw\benchmark_2015_2025_20261009\vehicles\38050.json,https://www.fueleconomy.gov/ws/rest/vehicle/38050,True,continental
36a8f695fca5166c38f5,38052,2017,Bentley,Continental GT,Continental,bentley,continental gt,continental,6182d16a65c634b7797946102dc3725aa988f67531b43c66cc637a8c06d86184,C:\Users\Nikeka\Documents\Codex\2026-10-09\group-se-2421-team-members-tsybus\outputs\fuel_consumption_project\data\raw\benchmark_2015_2025_20261009\vehicles\38052.json,https://www.fueleconomy.gov/ws/rest/vehicle/38052,False,continental
36a8f695fca5166c38f5,39590,2018,Bentley,Continental GT Convertible,Continental GT Convertible,bentley,continental gt convertible,continental gt convertible,c4c659ea3fe554b25c44a8fe40c27355f4a607c66fe1782697a130dfe974b2f1,C:\Users\Nikeka\Documents\Codex\2026-10-09\group-se-2421-team-members-tsybus\outputs\fuel_consumption_project\data\raw\benchmark_2015_2025_20261009\vehicles\39590.json,https://www.fueleconomy.gov/ws/rest/vehicle/39590,True,continental
36a8f695fca5166c38f5,41980,2020,Bentley,Continental GT Convertible,Continental GT Convertible,bentley,continental gt convertible,continental gt convertible,7c37e7020d20458b7d1b2b6a5885c4b4ebb6b56c0c6c01b8cd73e2a25215504c,C:\Users\Nikeka\Documents\Codex\2026-10-09\group-se-2421-team-members-tsybus\outputs\fuel_consumption_project\data\raw\benchmark_2015_2025_20261009\vehicles\41980.json,https://www.fueleconomy.gov/ws/rest/vehicle/41980,True,continental
36a8f695fca5166c38f5,41989,2020,Bentley,Continental GT,Continental,bentley,continental gt,continental,1d406f44b98686e51c00b12465bf5928153329d9486a2ba57aa3355c19b2bec9,C:\Users\Nikeka\Documents\Codex\2026-10-09\group-se-2421-team-members-tsybus\outputs\fuel_consumption_project\data\raw\benchmark_2015_2025_20261009\vehicles\41989.json,https://www.fueleconomy.gov/ws/rest/vehicle/41989,False,continental
36a8f695fca5166c38f5,42407,2020,Bentley,Continental GT Convertible,Continental,bentley,continental gt convertible,continental,1e847af51ad908d07cd9aefb2f1ea72cc11e6a4a2bd296a39237ce09a6f9b1cc,C:\Users\Nikeka\Documents\Codex\2026-10-09\group-se-2421-team-members-tsybus\outputs\fuel_consumption_project\data\raw\benchmark_2015_2025_20261009\vehicles\42407.json,https://www.fueleconomy.gov/ws/rest/vehicle/42407,True,continental
36a8f695fca5166c38f5,42416,2020,Bentley,Continental GT,Continental,bentley,continental gt,continental,6ed163defdb1e2825001c71a480865976c9eb6abd72d72dfb4644b998ab827a5,C:\Users\Nikeka\Documents\Codex\2026-10-09\group-se-2421-team-members-tsybus\outputs\fuel_consumption_project\data\raw\benchmark_2015_2025_20261009\vehicles\42416.json,https://www.fueleconomy.gov/ws/rest/vehicle/42416,False,continental
36a8f695fca5166c38f5,42769,2021,Bentley,Continental GT Convertible,Continental,bentley,continental gt convertible,continental,b6ce85aeedbff92788b2b31bc008f8501c606f59a46e18fbdbfbd256f0c90ea3,C:\Users\Nikeka\Documents\Codex\2026-10-09\group-se-2421-team-members-tsybus\outputs\fuel_consumption_project\data\raw\benchmark_2015_2025_20261009\vehicles\42769.json,https://www.fueleconomy.gov/ws/rest/vehicle/42769,True,continental
36a8f695fca5166c38f5,43172,2021,Bentley,Continental GT Convertible,Continental,bentley,continental gt convertible,continental,aa1c8d243acac9172f5fd9fd9d3c9db231d580ca8054fd6b36c2bf59037b9ea4,C:\Users\Nikeka\Documents\Codex\2026-10-09\group-se-2421-team-members-tsybus\outputs\fuel_consumption_project\data\raw\benchmark_2015_2025_20261009\vehicles\43172.json,https://www.fueleconomy.gov/ws/rest/vehicle/43172,True,continental
36a8f695fca5166c38f5,43173,2021,Bentley,Continental GT,Continental,bentley,continental gt,continental,36fec6568fb247c0bf25c3b6ceb705701bb4a54fc603deed0b36bb1f5320ef26,C:\Users\Nikeka\Documents\Codex\2026-10-09\group-se-2421-team-members-tsybus\outputs\fuel_consumption_project\data\raw\benchmark_2015_2025_20261009\vehicles\43173.json,https://www.fueleconomy.gov/ws/rest/vehicle/43173,False,continental
36a8f695fca5166c38f5,43414,2021,Bentley,Continental GT,Continental,bentley,continental gt,continental,866a60e85e8d7917c2f24c8a6e9baf4560c685e54a19470ccb7c4845dc9c0dae,C:\Users\Nikeka\Documents\Codex\2026-10-09\group-se-2421-team-members-tsybus\outputs\fuel_consumption_project\data\raw\benchmark_2015_2025_20261009\vehicles\43414.json,https://www.fueleconomy.gov/ws/rest/vehicle/43414,False,continental
36a8f695fca5166c38f5,44102,2022,Bentley,Continental GT V8 Convertible,Continental,bentley,continental gt v8 convertible,continental,ed7ff06710b5b64372a9b8d9c980ea436db99c7adb7d1d48909bcd0ef4f1cfc6,C:\Users\Nikeka\Documents\Codex\2026-10-09\group-se-2421-team-members-tsybus\outputs\fuel_consumption_project\data\raw\benchmark_2015_2025_20261009\vehicles\44102.json,https://www.fueleconomy.gov/ws/rest/vehicle/44102,False,continental
36a8f695fca5166c38f5,44109,2022,Bentley,Continental GT,Continental,bentley,continental gt,continental,2f22fbbfaf03ea8c86655bd0f61b17128a4c694e5133d321059d6bf1e1d1678b,C:\Users\Nikeka\Documents\Codex\2026-10-09\group-se-2421-team-members-tsybus\outputs\fuel_consumption_project\data\raw\benchmark_2015_2025_20261009\vehicles\44109.json,https://www.fueleconomy.gov/ws/rest/vehicle/44109,False,continental
36a8f695fca5166c38f5,44523,2022,Bentley,Continental GT Speed Convertible,Continental,bentley,continental gt speed convertible,continental,40d205fa370cf662bff43078734d54dddce021af8c0cec9dd82b20e9c36d2db9,C:\Users\Nikeka\Documents\Codex\2026-10-09\group-se-2421-team-members-tsybus\outputs\fuel_consumption_project\data\raw\benchmark_2015_2025_20261009\vehicles\44523.json,https://www.fueleconomy.gov/ws/rest/vehicle/44523,False,continental
36a8f695fca5166c38f5,44524,2022,Bentley,Continental GT Speed,Continental,bentley,continental gt speed,continental,4afff7c24974099d1440f2d5d23e1212d21c50a2fb36bfaa5798972670d0865d,C:\Users\Nikeka\Documents\Codex\2026-10-09\group-se-2421-team-members-tsybus\outputs\fuel_consumption_project\data\raw\benchmark_2015_2025_20261009\vehicles\44524.json,https://www.fueleconomy.gov/ws/rest/vehicle/44524,False,continental
36a8f695fca5166c38f5,45859,2023,Bentley,Continental GT Convertible,Continental,bentley,continental gt convertible,continental,9f7a2cfd8310534a560357443e41f9a3d9407fed0a85c66ad9a3067ce9fddca6,C:\Users\Nikeka\Documents\Codex\2026-10-09\group-se-2421-team-members-tsybus\outputs\fuel_consumption_project\data\raw\benchmark_2015_2025_20261009\vehicles\45859.json,https://www.fueleconomy.gov/ws/rest/vehicle/45859,True,continental
36a8f695fca5166c38f5,45860,2023,Bentley,Continental GT,Continental,bentley,continental gt,continental,a8450577f640714a164dc9db2b38fae0d371248bee2bda2e00b6cea1fe115d01,C:\Users\Nikeka\Documents\Codex\2026-10-09\group-se-2421-team-members-tsybus\outputs\fuel_consumption_project\data\raw\benchmark_2015_2025_20261009\vehicles\45860.json,https://www.fueleconomy.gov/ws/rest/vehicle/45860,False,continental
36a8f695fca5166c38f5,45897,2023,Bentley,Continental GT Convertible Speed,Continental,bentley,continental gt convertible speed,continental,305c5814d0e4bc22cc7b070554c6dd01c115794ed10c45912ea3f066c4a44fc5,C:\Users\Nikeka\Documents\Codex\2026-10-09\group-se-2421-team-members-tsybus\outputs\fuel_consumption_project\data\raw\benchmark_2015_2025_20261009\vehicles\45897.json,https://www.fueleconomy.gov/ws/rest/vehicle/45897,False,continental
36a8f695fca5166c38f5,45898,2023,Bentley,Continental GT Speed,Continental,bentley,continental gt speed,continental,b8d0ae57da0f6923731999bf902540c3a10109d195d729428a30ae2290533a77,C:\Users\Nikeka\Documents\Codex\2026-10-09\group-se-2421-team-members-tsybus\outputs\fuel_consumption_project\data\raw\benchmark_2015_2025_20261009\vehicles\45898.json,https://www.fueleconomy.gov/ws/rest/vehicle/45898,False,continental
36a8f695fca5166c38f5,47232,2024,Bentley,Continental GTC,Continental,bentley,continental gtc,continental,a4677554c99dc818280cdf73e303bae301e3c8fcf778588db0d49ec58df7c08c,C:\Users\Nikeka\Documents\Codex\2026-10-09\group-se-2421-team-members-tsybus\outputs\fuel_consumption_project\data\raw\benchmark_2015_2025_20261009\vehicles\47232.json,https://www.fueleconomy.gov/ws/rest/vehicle/47232,False,continental
36a8f695fca5166c38f5,47289,2024,Bentley,Continental GTC,Continental,bentley,continental gtc,continental,a37a2178cda2cb910498be19d2ee743042334e3f66c4cca147ba2e4d9439d628,C:\Users\Nikeka\Documents\Codex\2026-10-09\group-se-2421-team-members-tsybus\outputs\fuel_consumption_project\data\raw\benchmark_2015_2025_20261009\vehicles\47289.json,https://www.fueleconomy.gov/ws/rest/vehicle/47289,False,continental
36a8f695fca5166c38f5,47316,2024,Bentley,Continental GT,Continental,bentley,continental gt,continental,3d9c7c8633475cfc1a86e862f24002ef75edad8fcd8c0246e53982b9d9397ff4,C:\Users\Nikeka\Documents\Codex\2026-10-09\group-se-2421-team-members-tsybus\outputs\fuel_consumption_project\data\raw\benchmark_2015_2025_20261009\vehicles\47316.json,https://www.fueleconomy.gov/ws/rest/vehicle/47316,False,continental
36a8f695fca5166c38f5,47317,2024,Bentley,Continental GT,Continental,bentley,continental gt,continental,68ba4c141fe1981f7806e79f8d7d30bc38a42e870c232af6af36d9e7180ab14e,C:\Users\Nikeka\Documents\Codex\2026-10-09\group-se-2421-team-members-tsybus\outputs\fuel_consumption_project\data\raw\benchmark_2015_2025_20261009\vehicles\47317.json,https://www.fueleconomy.gov/ws/rest/vehicle/47317,False,continental
00fbb7f7d7e1975f7687,34978,2015,BMW,M3,M,bmw,m3,m,26b2df0909ed4d4827f101d663e5e9c52260a66fe51ec4dde03ba528cb77b985,C:\Users\Nikeka\Documents\Codex\2026-10-09\group-se-2421-team-members-tsybus\outputs\fuel_consumption_project\data\raw\benchmark_2015_2025_20261009\vehicles\34978.json,https://www.fueleconomy.gov/ws/rest/vehicle/34978,False,8 series
00fbb7f7d7e1975f7687,34980,2015,BMW,M4 Coupe,M,bmw,m4 coupe,m,933583973b78bf532cb6aec671055885b628a95bab9749d15bf843af55a4a8a2,C:\Users\Nikeka\Documents\Codex\2026-10-09\group-se-2421-team-members-tsybus\outputs\fuel_consumption_project\data\raw\benchmark_2015_2025_20261009\vehicles\34980.json,https://www.fueleconomy.gov/ws/rest/vehicle/34980,False,8 series
00fbb7f7d7e1975f7687,34981,2015,BMW,M4 Coupe,M,bmw,m4 coupe,m,1fa0fa623003884f6a87319ebdc0181425d9e8e078d30462ee8a05f414bed47f,C:\Users\Nikeka\Documents\Codex\2026-10-09\group-se-2421-team-members-tsybus\outputs\fuel_consumption_project\data\raw\benchmark_2015_2025_20261009\vehicles\34981.json,https://www.fueleconomy.gov/ws/rest/vehicle/34981,False,8 series
00fbb7f7d7e1975f7687,38629,2018,BMW,M6 Gran Coupe,M,bmw,m6 gran coupe,m,15acb12e586109da3e3576235fa0a28ce1ccae6eb9767440601a05d783b84507,C:\Users\Nikeka\Documents\Codex\2026-10-09\group-se-2421-team-members-tsybus\outputs\fuel_consumption_project\data\raw\benchmark_2015_2025_20261009\vehicles\38629.json,https://www.fueleconomy.gov/ws/rest/vehicle/38629,False,8 series
00fbb7f7d7e1975f7687,38630,2018,BMW,M6 Gran Coupe,M,bmw,m6 gran coupe,m,b331fcc1c71d21fc98319640458903f67bbce426fd4589d828a8465c3a86e65a,C:\Users\Nikeka\Documents\Codex\2026-10-09\group-se-2421-team-members-tsybus\outputs\fuel_consumption_project\data\raw\benchmark_2015_2025_20261009\vehicles\38630.json,https://www.fueleconomy.gov/ws/rest/vehicle/38630,False,8 series
00fbb7f7d7e1975f7687,39122,2018,BMW,M2,M,bmw,m2,m,983e6a04c95cf49bf244d60595f33e5a036cddf59b34d9f19d297279deb1eaa9,C:\Users\Nikeka\Documents\Codex\2026-10-09\group-se-2421-team-members-tsybus\outputs\fuel_consumption_project\data\raw\benchmark_2015_2025_20261009\vehicles\39122.json,https://www.fueleconomy.gov/ws/rest/vehicle/39122,False,8 series
00fbb7f7d7e1975f7687,39123,2018,BMW,M2,M,bmw,m2,m,496ea128b050be8186455910dfb057d7fab5a365ac1ec4f6aeac2d14a6574442,C:\Users\Nikeka\Documents\Codex\2026-10-09\group-se-2421-team-members-tsybus\outputs\fuel_consumption_project\data\raw\benchmark_2015_2025_20261009\vehicles\39123.json,https://www.fueleconomy.gov/ws/rest/vehicle/39123,False,8 series
00fbb7f7d7e1975f7687,40450,2019,BMW,M2 Competition,M,bmw,m2 competition,m,a59f42106d7ed309af9139ec252f4260361b4292f7f54241b41d52bc8b80c960,C:\Users\Nikeka\Documents\Codex\2026-10-09\group-se-2421-team-members-tsybus\outputs\fuel_consumption_project\data\raw\benchmark_2015_2025_20261009\vehicles\40450.json,https://www.fueleconomy.gov/ws/rest/vehicle/40450,False,8 series
00fbb7f7d7e1975f7687,40451,2019,BMW,M2 Competition,M,bmw,m2 competition,m,e39aa3031af9b7b1d66c7c8ced7fa16c5d9dc35bf8d6f343764969a48595d3de,C:\Users\Nikeka\Documents\Codex\2026-10-09\group-se-2421-team-members-tsybus\outputs\fuel_consumption_project\data\raw\benchmark_2015_2025_20261009\vehicles\40451.json,https://www.fueleconomy.gov/ws/rest/vehicle/40451,False,8 series
00fbb7f7d7e1975f7687,40454,2019,BMW,M4 Convertible Competition,M,bmw,m4 convertible competition,m,7c0b65d5c81b664a52d1d9df2d2b2bbef4cc7f99321d45bb904a83771ec8ed16,C:\Users\Nikeka\Documents\Codex\2026-10-09\group-se-2421-team-members-tsybus\outputs\fuel_consumption_project\data\raw\benchmark_2015_2025_20261009\vehicles\40454.json,https://www.fueleconomy.gov/ws/rest/vehicle/40454,False,8 series
00fbb7f7d7e1975f7687,40455,2019,BMW,M4 Convertible Competition,M,bmw,m4 convertible competition,m,d2b9e63e69547aa1540cea1d09e93f92a9c027193717ab183f64ca8bb5999a2f,C:\Users\Nikeka\Documents\Codex\2026-10-09\group-se-2421-team-members-tsybus\outputs\fuel_consumption_project\data\raw\benchmark_2015_2025_20261009\vehicles\40455.json,https://www.fueleconomy.gov/ws/rest/vehicle/40455,False,8 series
00fbb7f7d7e1975f7687,40465,2019,BMW,M4 Coupe,M,bmw,m4 coupe,m,a72cb1283cd214c58eeb46d2cf0592627bf372542cd695c4050a470cab35a58e,C:\Users\Nikeka\Documents\Codex\2026-10-09\group-se-2421-team-members-tsybus\outputs\fuel_consumption_project\data\raw\benchmark_2015_2025_20261009\vehicles\40465.json,https://www.fueleconomy.gov/ws/rest/vehicle/40465,False,8 series
00fbb7f7d7e1975f7687,40466,2019,BMW,M4 Coupe,M,bmw,m4 coupe,m,ec7e005bb04683c3f6c709ed1c9d916e408ab3188591e0c035136fdc9ad37e3f,C:\Users\Nikeka\Documents\Codex\2026-10-09\group-se-2421-team-members-tsybus\outputs\fuel_consumption_project\data\raw\benchmark_2015_2025_20261009\vehicles\40466.json,https://www.fueleconomy.gov/ws/rest/vehicle/40466,False,8 series
00fbb7f7d7e1975f7687,41320,2020,BMW,M240i Convertible,M,bmw,m240i convertible,m,cc8e5014f24f93f1bc1666034137336e8bc85d463b1cd07cec0d343beea45716,C:\Users\Nikeka\Documents\Codex\2026-10-09\group-se-2421-team-members-tsybus\outputs\fuel_consumption_project\data\raw\benchmark_2015_2025_20261009\vehicles\41320.json,https://www.fueleconomy.gov/ws/rest/vehicle/41320,False,8 series
00fbb7f7d7e1975f7687,41321,2020,BMW,M240i Convertible,M,bmw,m240i convertible,m,f682e0cc1c75ab16dcab7cae302a0ea616693f722e1fdb6526d38bdd87537526,C:\Users\Nikeka\Documents\Codex\2026-10-09\group-se-2421-team-members-tsybus\outputs\fuel_consumption_project\data\raw\benchmark_2015_2025_20261009\vehicles\41321.json,https://www.fueleconomy.gov/ws/rest/vehicle/41321,False,8 series
00fbb7f7d7e1975f7687,41322,2020,BMW,M240i xDrive Convertible,M,bmw,m240i xdrive convertible,m,5a5e346409ffae7f6331146986fc665b4752c3b65d7aacbe36a8016e7ee63f65,C:\Users\Nikeka\Documents\Codex\2026-10-09\group-se-2421-team-members-tsybus\outputs\fuel_consumption_project\data\raw\benchmark_2015_2025_20261009\vehicles\41322.json,https://www.fueleconomy.gov/ws/rest/vehicle/41322,False,8 series
00fbb7f7d7e1975f7687,41355,2020,BMW,M4 CS,M,bmw,m4 cs,m,3060c152a115b154bda53cddae9f4869b5c427d63349088b322c62df8ebf5112,C:\Users\Nikeka\Documents\Codex\2026-10-09\group-se-2421-team-members-tsybus\outputs\fuel_consumption_project\data\raw\benchmark_2015_2025_20261009\vehicles\41355.json,https://www.fueleconomy.gov/ws/rest/vehicle/41355,False,8 series
00fbb7f7d7e1975f7687,42003,2020,BMW,M5 Competition,M,bmw,m5 competition,m,1f0ee38c74e5fb645ec628c272565cb023985f94d3630893a13cafd9eddb508f,C:\Users\Nikeka\Documents\Codex\2026-10-09\group-se-2421-team-members-tsybus\outputs\fuel_consumption_project\data\raw\benchmark_2015_2025_20261009\vehicles\42003.json,https://www.fueleconomy.gov/ws/rest/vehicle/42003,False,8 series
00fbb7f7d7e1975f7687,42938,2021,BMW,840i xDrive Gran Coupe,8 Series,bmw,840i xdrive gran coupe,8 series,fb939b3dc53d7d691a2597eed39f9e2fa5cfdecbc248c2f2be05027ccf3c6811,C:\Users\Nikeka\Documents\Codex\2026-10-09\group-se-2421-team-members-tsybus\outputs\fuel_consumption_project\data\raw\benchmark_2015_2025_20261009\vehicles\42938.json,https://www.fueleconomy.gov/ws/rest/vehicle/42938,False,8 series
00fbb7f7d7e1975f7687,43147,2021,BMW,M850i xDrive Convertible,M,bmw,m850i xdrive convertible,m,d5cf86b65e24bff0fdd50ab2dff1081a64ebc9519ed0462675f36edde1bb2258,C:\Users\Nikeka\Documents\Codex\2026-10-09\group-se-2421-team-members-tsybus\outputs\fuel_consumption_project\data\raw\benchmark_2015_2025_20261009\vehicles\43147.json,https://www.fueleconomy.gov/ws/rest/vehicle/43147,True,8 series
00fbb7f7d7e1975f7687,43759,2021,BMW,M8 Convertible,M,bmw,m8 convertible,m,9b6bddfc638b5d29e452f854b3b4e2757911b2d533a0b0f537a377af063c1b16,C:\Users\Nikeka\Documents\Codex\2026-10-09\group-se-2421-team-members-tsybus\outputs\fuel_consumption_project\data\raw\benchmark_2015_2025_20261009\vehicles\43759.json,https://www.fueleconomy.gov/ws/rest/vehicle/43759,False,8 series
00fbb7f7d7e1975f7687,43805,2022,BMW,M850i xDrive Convertible,8 Series,bmw,m850i xdrive convertible,8 series,34b348783d6c91f637fc3243337fa9413729129abc0ea901d9bbba8555f975dc,C:\Users\Nikeka\Documents\Codex\2026-10-09\group-se-2421-team-members-tsybus\outputs\fuel_consumption_project\data\raw\benchmark_2015_2025_20261009\vehicles\43805.json,https://www.fueleconomy.gov/ws/rest/vehicle/43805,True,8 series
00fbb7f7d7e1975f7687,44184,2022,BMW,M3 Competition Sedan,M,bmw,m3 competition sedan,m,3acc7b563a4dc353a1fa0b55e308fc0965af6bdf9d88e81417145ae59774a0c4,C:\Users\Nikeka\Documents\Codex\2026-10-09\group-se-2421-team-members-tsybus\outputs\fuel_consumption_project\data\raw\benchmark_2015_2025_20261009\vehicles\44184.json,https://www.fueleconomy.gov/ws/rest/vehicle/44184,False,8 series
00fbb7f7d7e1975f7687,44247,2022,BMW,M5 Competition Sedan,M,bmw,m5 competition sedan,m,45db0fe27edee55f0ba113288c29c07b63c86876cbb78774849b76d150e8031d,C:\Users\Nikeka\Documents\Codex\2026-10-09\group-se-2421-team-members-tsybus\outputs\fuel_consumption_project\data\raw\benchmark_2015_2025_20261009\vehicles\44247.json,https://www.fueleconomy.gov/ws/rest/vehicle/44247,False,8 series
00fbb7f7d7e1975f7687,45264,2023,BMW,840i xDrive Coupe,8 Series,bmw,840i xdrive coupe,8 series,e29da0d07be42855ca208fb0b1678af7eed5bce4fb99b257619fefd0a1e04b92,C:\Users\Nikeka\Documents\Codex\2026-10-09\group-se-2421-team-members-tsybus\outputs\fuel_consumption_project\data\raw\benchmark_2015_2025_20261009\vehicles\45264.json,https://www.fueleconomy.gov/ws/rest/vehicle/45264,False,8 series
00fbb7f7d7e1975f7687,45277,2023,BMW,840i xDrive Gran Coupe,8 Series,bmw,840i xdrive gran coupe,8 series,00c27c9f6addedc37a98dd543c326541d2b823927008ca34bdcba0763fae3ad8,C:\Users\Nikeka\Documents\Codex\2026-10-09\group-se-2421-team-members-tsybus\outputs\fuel_consumption_project\data\raw\benchmark_2015_2025_20261009\vehicles\45277.json,https://www.fueleconomy.gov/ws/rest/vehicle/45277,False,8 series
00fbb7f7d7e1975f7687,45485,2023,BMW,M4 Coupe,M,bmw,m4 coupe,m,c2eb757def8a0a71577f46f06cbd8cb7a40a253a37fd6280194b5ce18efaf23d,C:\Users\Nikeka\Documents\Codex\2026-10-09\group-se-2421-team-members-tsybus\outputs\fuel_consumption_project\data\raw\benchmark_2015_2025_20261009\vehicles\45485.json,https://www.fueleconomy.gov/ws/rest/vehicle/45485,False,8 series
00fbb7f7d7e1975f7687,46471,2024,BMW,M4 Competition Coupe,M,bmw,m4 competition coupe,m,9b3b58f52c6ba879c03e0e81a91c2ba5a813a07576a9ede63a44db791fd08335,C:\Users\Nikeka\Documents\Codex\2026-10-09\group-se-2421-team-members-tsybus\outputs\fuel_consumption_project\data\raw\benchmark_2015_2025_20261009\vehicles\46471.json,https://www.fueleconomy.gov/ws/rest/vehicle/46471,False,8 series
00fbb7f7d7e1975f7687,46474,2024,BMW,840i Coupe,8 Series,bmw,840i coupe,8 series,fcb3ad7b472380f38b1821b86a565c18a6b3ab125e4bd570f74af3c7d914306a,C:\Users\Nikeka\Documents\Codex\2026-10-09\group-se-2421-team-members-tsybus\outputs\fuel_consumption_project\data\raw\benchmark_2015_2025_20261009\vehicles\46474.json,https://www.fueleconomy.gov/ws/rest/vehicle/46474,False,8 series
00fbb7f7d7e1975f7687,47703,2025,BMW,M8 Competition Convertible,M,bmw,m8 competition convertible,m,0d7572087642daf07924dd371c2e65767373617c805e6261f5bc075cd3571a87,C:\Users\Nikeka\Documents\Codex\2026-10-09\group-se-2421-team-members-tsybus\outputs\fuel_consumption_project\data\raw\benchmark_2015_2025_20261009\vehicles\47703.json,https://www.fueleconomy.gov/ws/rest/vehicle/47703,False,8 series
00fbb7f7d7e1975f7687,47773,2025,BMW,M4 Coupe,M,bmw,m4 coupe,m,3f1e92cd96fc0393e5d8e1963645eb0695c3128b7c2c4bc6fe6e2993d8f41704,C:\Users\Nikeka\Documents\Codex\2026-10-09\group-se-2421-team-members-tsybus\outputs\fuel_consumption_project\data\raw\benchmark_2015_2025_20261009\vehicles\47773.json,https://www.fueleconomy.gov/ws/rest/vehicle/47773,False,8 series
00fbb7f7d7e1975f7687,47970,2025,BMW,M2 Coupe,M,bmw,m2 coupe,m,e16b7ebc526129fcb18d460dbd49cb5b144c4dc7b4ee039765a87390e7ead380,C:\Users\Nikeka\Documents\Codex\2026-10-09\group-se-2421-team-members-tsybus\outputs\fuel_consumption_project\data\raw\benchmark_2015_2025_20261009\vehicles\47970.json,https://www.fueleconomy.gov/ws/rest/vehicle/47970,False,8 series
00fbb7f7d7e1975f7687,48155,2025,BMW,M2 Coupe,M,bmw,m2 coupe,m,20070339f3bdd89c306273fcb28a982964b56b9c66e3690aae23fec5a357dc1e,C:\Users\Nikeka\Documents\Codex\2026-10-09\group-se-2421-team-members-tsybus\outputs\fuel_consumption_project\data\raw\benchmark_2015_2025_20261009\vehicles\48155.json,https://www.fueleconomy.gov/ws/rest/vehicle/48155,False,8 series
39a3cb0beb63b84a5d3b,35154,2015,Fiat,500,500,fiat,500,500,3c773d4029c1ce5087d77d54f69b5ba8c1af5c3cf714015766220fb18be8b3bf,C:\Users\Nikeka\Documents\Codex\2026-10-09\group-se-2421-team-members-tsybus\outputs\fuel_consumption_project\data\raw\benchmark_2015_2025_20261009\vehicles\35154.json,https://www.fueleconomy.gov/ws/rest/vehicle/35154,False,500
39a3cb0beb63b84a5d3b,35155,2015,Fiat,500,500,fiat,500,500,3c6fe7b65afe5130e1e038dc35eced940b0dce7a35263cfe169b5c9f3afed41d,C:\Users\Nikeka\Documents\Codex\2026-10-09\group-se-2421-team-members-tsybus\outputs\fuel_consumption_project\data\raw\benchmark_2015_2025_20261009\vehicles\35155.json,https://www.fueleconomy.gov/ws/rest/vehicle/35155,False,500
39a3cb0beb63b84a5d3b,35156,2015,Fiat,500,500,fiat,500,500,d609e0217eb30ee19f2042ac73fee4bbd793b4a19b2a40fb38f8d5d3ad299858,C:\Users\Nikeka\Documents\Codex\2026-10-09\group-se-2421-team-members-tsybus\outputs\fuel_consumption_project\data\raw\benchmark_2015_2025_20261009\vehicles\35156.json,https://www.fueleconomy.gov/ws/rest/vehicle/35156,False,500
39a3cb0beb63b84a5d3b,35157,2015,Fiat,500,500,fiat,500,500,8acf56ae1e2e14d3c1b63e2a7de6a1cf0caf7635ea76a6e19eb386996fe6e0c6,C:\Users\Nikeka\Documents\Codex\2026-10-09\group-se-2421-team-members-tsybus\outputs\fuel_consumption_project\data\raw\benchmark_2015_2025_20261009\vehicles\35157.json,https://www.fueleconomy.gov/ws/rest/vehicle/35157,False,500
39a3cb0beb63b84a5d3b,35158,2015,Fiat,500 Abarth,500,fiat,500 abarth,500,63d46d20f17313d2c6e63b1395237e50d9f86929821d439e9693dbcb90a8c7bc,C:\Users\Nikeka\Documents\Codex\2026-10-09\group-se-2421-team-members-tsybus\outputs\fuel_consumption_project\data\raw\benchmark_2015_2025_20261009\vehicles\35158.json,https://www.fueleconomy.gov/ws/rest/vehicle/35158,False,500
39a3cb0beb63b84a5d3b,35159,2015,Fiat,500 Abarth,500,fiat,500 abarth,500,23c11a1ef3e8242e012c612dd3339bfccb2d1cff45a730bb7eed3ccf8bd8095d,C:\Users\Nikeka\Documents\Codex\2026-10-09\group-se-2421-team-members-tsybus\outputs\fuel_consumption_project\data\raw\benchmark_2015_2025_20261009\vehicles\35159.json,https://www.fueleconomy.gov/ws/rest/vehicle/35159,False,500
39a3cb0beb63b84a5d3b,35306,2015,Fiat,500 L,500 L,fiat,500 l,500 l,f166a1e5c7c83d29d5241f3741443ec8669224c3b3123f49accfe67e3b8cf6d9,C:\Users\Nikeka\Documents\Codex\2026-10-09\group-se-2421-team-members-tsybus\outputs\fuel_consumption_project\data\raw\benchmark_2015_2025_20261009\vehicles\35306.json,https://www.fueleconomy.gov/ws/rest/vehicle/35306,True,500
39a3cb0beb63b84a5d3b,35307,2015,Fiat,500 L,500 L,fiat,500 l,500 l,deb0f5033e3647d863cca508ba12e6b7177c8771a11b77c059eadad2fa374b79,C:\Users\Nikeka\Documents\Codex\2026-10-09\group-se-2421-team-members-tsybus\outputs\fuel_consumption_project\data\raw\benchmark_2015_2025_20261009\vehicles\35307.json,https://www.fueleconomy.gov/ws/rest/vehicle/35307,True,500
39a3cb0beb63b84a5d3b,35308,2015,Fiat,500 L,500 L,fiat,500 l,500 l,6076b469b2b6b314df95dbf90b03d2648ca5052b659f65f6252d9d55c28282a1,C:\Users\Nikeka\Documents\Codex\2026-10-09\group-se-2421-team-members-tsybus\outputs\fuel_consumption_project\data\raw\benchmark_2015_2025_20261009\vehicles\35308.json,https://www.fueleconomy.gov/ws/rest/vehicle/35308,True,500
39a3cb0beb63b84a5d3b,36837,2016,Fiat,500,500,fiat,500,500,be90f937d54136194798ced02799e466a9f4c1524aa1651281c3a30343ff32f2,C:\Users\Nikeka\Documents\Codex\2026-10-09\group-se-2421-team-members-tsybus\outputs\fuel_consumption_project\data\raw\benchmark_2015_2025_20261009\vehicles\36837.json,https://www.fueleconomy.gov/ws/rest/vehicle/36837,False,500
39a3cb0beb63b84a5d3b,36838,2016,Fiat,500,500,fiat,500,500,53404121f6b8c11a48d468633010c074839671513f49b655624bc4d9b1c7714f,C:\Users\Nikeka\Documents\Codex\2026-10-09\group-se-2421-team-members-tsybus\outputs\fuel_consumption_project\data\raw\benchmark_2015_2025_20261009\vehicles\36838.json,https://www.fueleconomy.gov/ws/rest/vehicle/36838,False,500
39a3cb0beb63b84a5d3b,36839,2016,Fiat,500,500,fiat,500,500,4edb0e9e99f5bb5a6c7b07a42078d1a32016bd1963e700c3b92fd2dd88d3a893,C:\Users\Nikeka\Documents\Codex\2026-10-09\group-se-2421-team-members-tsybus\outputs\fuel_consumption_project\data\raw\benchmark_2015_2025_20261009\vehicles\36839.json,https://www.fueleconomy.gov/ws/rest/vehicle/36839,False,500
39a3cb0beb63b84a5d3b,36840,2016,Fiat,500,500,fiat,500,500,6a245d73489d12e48a64b3cda764f6fd7b99454442f93270220b0e0332402f89,C:\Users\Nikeka\Documents\Codex\2026-10-09\group-se-2421-team-members-tsybus\outputs\fuel_consumption_project\data\raw\benchmark_2015_2025_20261009\vehicles\36840.json,https://www.fueleconomy.gov/ws/rest/vehicle/36840,False,500
39a3cb0beb63b84a5d3b,36853,2016,Fiat,500 L,500 L,fiat,500 l,500 l,3c6983d97588785421dfddf0b5076fd4a804cd6eece2f81a50e8d9d327517f10,C:\Users\Nikeka\Documents\Codex\2026-10-09\group-se-2421-team-members-tsybus\outputs\fuel_consumption_project\data\raw\benchmark_2015_2025_20261009\vehicles\36853.json,https://www.fueleconomy.gov/ws/rest/vehicle/36853,True,500
39a3cb0beb63b84a5d3b,36854,2016,Fiat,500 L,500 L,fiat,500 l,500 l,bd8d25e6a09b8c286735315a08465cc253a1b9307402402ee12498bb965b7a3d,C:\Users\Nikeka\Documents\Codex\2026-10-09\group-se-2421-team-members-tsybus\outputs\fuel_consumption_project\data\raw\benchmark_2015_2025_20261009\vehicles\36854.json,https://www.fueleconomy.gov/ws/rest/vehicle/36854,True,500
39a3cb0beb63b84a5d3b,37778,2017,Fiat,500 L,500 L,fiat,500 l,500 l,f7a3cdb1180925b7434c068c5ccd2342853e14dbff41f9655b3f206a3c314399,C:\Users\Nikeka\Documents\Codex\2026-10-09\group-se-2421-team-members-tsybus\outputs\fuel_consumption_project\data\raw\benchmark_2015_2025_20261009\vehicles\37778.json,https://www.fueleconomy.gov/ws/rest/vehicle/37778,True,500
39a3cb0beb63b84a5d3b,37807,2017,Fiat,500,500,fiat,500,500,5138fa150057f0705880edf600f165c19f00e96e9a294a0710f786653655a6aa,C:\Users\Nikeka\Documents\Codex\2026-10-09\group-se-2421-team-members-tsybus\outputs\fuel_consumption_project\data\raw\benchmark_2015_2025_20261009\vehicles\37807.json,https://www.fueleconomy.gov/ws/rest/vehicle/37807,False,500
39a3cb0beb63b84a5d3b,37808,2017,Fiat,500,500,fiat,500,500,2c58dc0be75e1ec974e2fa0ceefeb420fe9d8828205023782bdb9f6edfcb481d,C:\Users\Nikeka\Documents\Codex\2026-10-09\group-se-2421-team-members-tsybus\outputs\fuel_consumption_project\data\raw\benchmark_2015_2025_20261009\vehicles\37808.json,https://www.fueleconomy.gov/ws/rest/vehicle/37808,False,500
39a3cb0beb63b84a5d3b,37809,2017,Fiat,500,500,fiat,500,500,7f90b4edac6da60210aa7c4174d239ef2ca0107f64392f408577407a0ba032e7,C:\Users\Nikeka\Documents\Codex\2026-10-09\group-se-2421-team-members-tsybus\outputs\fuel_consumption_project\data\raw\benchmark_2015_2025_20261009\vehicles\37809.json,https://www.fueleconomy.gov/ws/rest/vehicle/37809,False,500
39a3cb0beb63b84a5d3b,37810,2017,Fiat,500,500,fiat,500,500,b5db053a2725edbbaa5f6a33984f15cf03ddda9aaf00286dccd27a211cb4a0f3,C:\Users\Nikeka\Documents\Codex\2026-10-09\group-se-2421-team-members-tsybus\outputs\fuel_consumption_project\data\raw\benchmark_2015_2025_20261009\vehicles\37810.json,https://www.fueleconomy.gov/ws/rest/vehicle/37810,False,500
39a3cb0beb63b84a5d3b,37811,2017,Fiat,500 Abarth,500,fiat,500 abarth,500,8137659844e415c964dcb4bc2ebb823c6ab7b74ee44c063ee72cc3d3c3728f10,C:\Users\Nikeka\Documents\Codex\2026-10-09\group-se-2421-team-members-tsybus\outputs\fuel_consumption_project\data\raw\benchmark_2015_2025_20261009\vehicles\37811.json,https://www.fueleconomy.gov/ws/rest/vehicle/37811,False,500
39a3cb0beb63b84a5d3b,37812,2017,Fiat,500 Abarth,500,fiat,500 abarth,500,2c1422cc89db8f209f9a63ff642569ffc5c82da255d3b74ed2485dd1a4a11737,C:\Users\Nikeka\Documents\Codex\2026-10-09\group-se-2421-team-members-tsybus\outputs\fuel_consumption_project\data\raw\benchmark_2015_2025_20261009\vehicles\37812.json,https://www.fueleconomy.gov/ws/rest/vehicle/37812,False,500
39a3cb0beb63b84a5d3b,39066,2018,Fiat,500 L,500 L,fiat,500 l,500 l,3b8b10dc50e8acabf0bfe77ad303dedf4ec06b963d567b6f8ead4741288afa0b,C:\Users\Nikeka\Documents\Codex\2026-10-09\group-se-2421-team-members-tsybus\outputs\fuel_consumption_project\data\raw\benchmark_2015_2025_20261009\vehicles\39066.json,https://www.fueleconomy.gov/ws/rest/vehicle/39066,True,500
39a3cb0beb63b84a5d3b,39954,2018,Fiat,500,500,fiat,500,500,286334e2f7fb7eee051a925b7b4e943ed1e9fa14a29cc8db63059fcb38745605,C:\Users\Nikeka\Documents\Codex\2026-10-09\group-se-2421-team-members-tsybus\outputs\fuel_consumption_project\data\raw\benchmark_2015_2025_20261009\vehicles\39954.json,https://www.fueleconomy.gov/ws/rest/vehicle/39954,False,500
39a3cb0beb63b84a5d3b,39955,2018,Fiat,500,500,fiat,500,500,f992af6f0b900eda7a3699a46156bcf24871e5ddc8ef8f4bfbf3123083a5acd8,C:\Users\Nikeka\Documents\Codex\2026-10-09\group-se-2421-team-members-tsybus\outputs\fuel_consumption_project\data\raw\benchmark_2015_2025_20261009\vehicles\39955.json,https://www.fueleconomy.gov/ws/rest/vehicle/39955,False,500
39a3cb0beb63b84a5d3b,39956,2018,Fiat,500 Abarth,500,fiat,500 abarth,500,8eb200d8e622e57e59cb02982347d1cd0a71bb86719b4229a8a295e6492aeb3a,C:\Users\Nikeka\Documents\Codex\2026-10-09\group-se-2421-team-members-tsybus\outputs\fuel_consumption_project\data\raw\benchmark_2015_2025_20261009\vehicles\39956.json,https://www.fueleconomy.gov/ws/rest/vehicle/39956,False,500
39a3cb0beb63b84a5d3b,39957,2018,Fiat,500 Abarth,500,fiat,500 abarth,500,b82a7c5bcc67804dbfc309d3188d58cd40d0bbe5d07ee2852f424974bbf3585c,C:\Users\Nikeka\Documents\Codex\2026-10-09\group-se-2421-team-members-tsybus\outputs\fuel_consumption_project\data\raw\benchmark_2015_2025_20261009\vehicles\39957.json,https://www.fueleconomy.gov/ws/rest/vehicle/39957,False,500
39a3cb0beb63b84a5d3b,40419,2019,Fiat,500 L,500,fiat,500 l,500,938a0980a59badd2706c41f787bae07fc2e12ae8d236210e0258b16fc446d521,C:\Users\Nikeka\Documents\Codex\2026-10-09\group-se-2421-team-members-tsybus\outputs\fuel_consumption_project\data\raw\benchmark_2015_2025_20261009\vehicles\40419.json,https://www.fueleconomy.gov/ws/rest/vehicle/40419,True,500
39a3cb0beb63b84a5d3b,41148,2019,Fiat,500,500,fiat,500,500,9efb3f4311f69ed661b74841afae9045c30beed7e73eea85dd6dba630ecf2b50,C:\Users\Nikeka\Documents\Codex\2026-10-09\group-se-2421-team-members-tsybus\outputs\fuel_consumption_project\data\raw\benchmark_2015_2025_20261009\vehicles\41148.json,https://www.fueleconomy.gov/ws/rest/vehicle/41148,False,500
39a3cb0beb63b84a5d3b,41149,2019,Fiat,500,500,fiat,500,500,15595bade5c3494199e593301056b972770a8345f209d60eddc180a15513a0b7,C:\Users\Nikeka\Documents\Codex\2026-10-09\group-se-2421-team-members-tsybus\outputs\fuel_consumption_project\data\raw\benchmark_2015_2025_20261009\vehicles\41149.json,https://www.fueleconomy.gov/ws/rest/vehicle/41149,False,500
39a3cb0beb63b84a5d3b,41150,2019,Fiat,500 Abarth,500,fiat,500 abarth,500,f9ede9eb471e8acefc1d506db8f6721e00c783f85c3f26f22ef8b0e96be7926d,C:\Users\Nikeka\Documents\Codex\2026-10-09\group-se-2421-team-members-tsybus\outputs\fuel_consumption_project\data\raw\benchmark_2015_2025_20261009\vehicles\41150.json,https://www.fueleconomy.gov/ws/rest/vehicle/41150,False,500
39a3cb0beb63b84a5d3b,41151,2019,Fiat,500 Abarth,500,fiat,500 abarth,500,46af7ddec86cf3b4423f555b87178bb3b728a81755cfbfa60f1dafacc0e19ee4,C:\Users\Nikeka\Documents\Codex\2026-10-09\group-se-2421-team-members-tsybus\outputs\fuel_consumption_project\data\raw\benchmark_2015_2025_20261009\vehicles\41151.json,https://www.fueleconomy.gov/ws/rest/vehicle/41151,False,500
39a3cb0beb63b84a5d3b,41304,2019,Fiat,500X AWD,500,fiat,500x awd,500,75907e462dce1da0b1141d9c2976f3ae29488755ffced2976635f2028725720c,C:\Users\Nikeka\Documents\Codex\2026-10-09\group-se-2421-team-members-tsybus\outputs\fuel_consumption_project\data\raw\benchmark_2015_2025_20261009\vehicles\41304.json,https://www.fueleconomy.gov/ws/rest/vehicle/41304,False,500
39a3cb0beb63b84a5d3b,41650,2020,Fiat,500 L,500,fiat,500 l,500,dd7113fec12af4ffe64469dab2cfdbf45271a5f784648ef2b76d22873cb5efe1,C:\Users\Nikeka\Documents\Codex\2026-10-09\group-se-2421-team-members-tsybus\outputs\fuel_consumption_project\data\raw\benchmark_2015_2025_20261009\vehicles\41650.json,https://www.fueleconomy.gov/ws/rest/vehicle/41650,True,500
39a3cb0beb63b84a5d3b,42205,2020,Fiat,500X AWD,500,fiat,500x awd,500,9fa5d4d082d8981635aa390ccc2390189ee16f9974adc86b45435eb6b46e1653,C:\Users\Nikeka\Documents\Codex\2026-10-09\group-se-2421-team-members-tsybus\outputs\fuel_consumption_project\data\raw\benchmark_2015_2025_20261009\vehicles\42205.json,https://www.fueleconomy.gov/ws/rest/vehicle/42205,False,500
39a3cb0beb63b84a5d3b,43373,2021,Fiat,500X AWD,500,fiat,500x awd,500,f73e72a13bcb25cda8ef16a10144b219a7a7eb5380ba25d9b5840b8b831a3358,C:\Users\Nikeka\Documents\Codex\2026-10-09\group-se-2421-team-members-tsybus\outputs\fuel_consumption_project\data\raw\benchmark_2015_2025_20261009\vehicles\43373.json,https://www.fueleconomy.gov/ws/rest/vehicle/43373,False,500
39a3cb0beb63b84a5d3b,44708,2022,Fiat,500X AWD,500,fiat,500x awd,500,4bbe4c7077fa799320a800e20c63f2b39c0016676dd006906245b2648431666b,C:\Users\Nikeka\Documents\Codex\2026-10-09\group-se-2421-team-members-tsybus\outputs\fuel_consumption_project\data\raw\benchmark_2015_2025_20261009\vehicles\44708.json,https://www.fueleconomy.gov/ws/rest/vehicle/44708,False,500
39a3cb0beb63b84a5d3b,46326,2023,Fiat,500X AWD,500,fiat,500x awd,500,a43b0d10551db1169e6380c1225160835b52d3c6a0bd23fa83862a797d95bec9,C:\Users\Nikeka\Documents\Codex\2026-10-09\group-se-2421-team-members-tsybus\outputs\fuel_consumption_project\data\raw\benchmark_2015_2025_20261009\vehicles\46326.json,https://www.fueleconomy.gov/ws/rest/vehicle/46326,False,500
3b0202a1a7312716f1e1,37133,2016,Lexus,RC 300 AWD,RC,lexus,rc 300 awd,rc,35825b3f64a354f23cc5ce9d2816e06e4a473f59aa73fb64b2dd209d420f290f,C:\Users\Nikeka\Documents\Codex\2026-10-09\group-se-2421-team-members-tsybus\outputs\fuel_consumption_project\data\raw\benchmark_2015_2025_20261009\vehicles\37133.json,https://www.fueleconomy.gov/ws/rest/vehicle/37133,False,rc
3b0202a1a7312716f1e1,37136,2016,Lexus,RC F,RC F,lexus,rc f,rc f,b4674cd1fab4a4d2ea69e1e6342ae8b8e2c67f3c246a851442f7b592a3ed7de3,C:\Users\Nikeka\Documents\Codex\2026-10-09\group-se-2421-team-members-tsybus\outputs\fuel_consumption_project\data\raw\benchmark_2015_2025_20261009\vehicles\37136.json,https://www.fueleconomy.gov/ws/rest/vehicle/37136,True,rc
3b0202a1a7312716f1e1,38188,2017,Lexus,RC 300 AWD,RC,lexus,rc 300 awd,rc,0ce2e6b255d01a873cd1cb8205c39c7099e9a324555f00f9a242064100dd5674,C:\Users\Nikeka\Documents\Codex\2026-10-09\group-se-2421-team-members-tsybus\outputs\fuel_consumption_project\data\raw\benchmark_2015_2025_20261009\vehicles\38188.json,https://www.fueleconomy.gov/ws/rest/vehicle/38188,False,rc
3b0202a1a7312716f1e1,38189,2017,Lexus,RC 350,RC,lexus,rc 350,rc,c4ff788de592c97ebf6e594184d108c86817f7e4d0d8c21708163857346a2c7d,C:\Users\Nikeka\Documents\Codex\2026-10-09\group-se-2421-team-members-tsybus\outputs\fuel_consumption_project\data\raw\benchmark_2015_2025_20261009\vehicles\38189.json,https://www.fueleconomy.gov/ws/rest/vehicle/38189,False,rc
3b0202a1a7312716f1e1,39815,2018,Lexus,RC F,RC,lexus,rc f,rc,c6e1b2c5d83037e0a9b018d9b0560ed96d62dcd85225e84f4f528460fc449f28,C:\Users\Nikeka\Documents\Codex\2026-10-09\group-se-2421-team-members-tsybus\outputs\fuel_consumption_project\data\raw\benchmark_2015_2025_20261009\vehicles\39815.json,https://www.fueleconomy.gov/ws/rest/vehicle/39815,True,rc
3b0202a1a7312716f1e1,40184,2019,Lexus,RC F,RC,lexus,rc f,rc,97a6300d549a39b60727f6758f33e238ebeb62bac4f32353b67e1b0cd84ae254,C:\Users\Nikeka\Documents\Codex\2026-10-09\group-se-2421-team-members-tsybus\outputs\fuel_consumption_project\data\raw\benchmark_2015_2025_20261009\vehicles\40184.json,https://www.fueleconomy.gov/ws/rest/vehicle/40184,True,rc
3b0202a1a7312716f1e1,41453,2020,Lexus,RC F,RC,lexus,rc f,rc,5942d82141040aa5235ed602bf92915fd6ea06183607241b87be3179992fcd6f,C:\Users\Nikeka\Documents\Codex\2026-10-09\group-se-2421-team-members-tsybus\outputs\fuel_consumption_project\data\raw\benchmark_2015_2025_20261009\vehicles\41453.json,https://www.fueleconomy.gov/ws/rest/vehicle/41453,True,rc
3b0202a1a7312716f1e1,43231,2021,Lexus,RC 350,RC,lexus,rc 350,rc,48abf12b4b43bc53e456a7604c736f54606f7f3142892c41621b3b96b70a3a7a,C:\Users\Nikeka\Documents\Codex\2026-10-09\group-se-2421-team-members-tsybus\outputs\fuel_consumption_project\data\raw\benchmark_2015_2025_20261009\vehicles\43231.json,https://www.fueleconomy.gov/ws/rest/vehicle/43231,False,rc
3b0202a1a7312716f1e1,43233,2021,Lexus,RC 300,RC,lexus,rc 300,rc,ed17a636641c78c9bd1a5e4d9600aa0ad916d69e7daeb819180a65bfd9903076,C:\Users\Nikeka\Documents\Codex\2026-10-09\group-se-2421-team-members-tsybus\outputs\fuel_consumption_project\data\raw\benchmark_2015_2025_20261009\vehicles\43233.json,https://www.fueleconomy.gov/ws/rest/vehicle/43233,False,rc
3b0202a1a7312716f1e1,44533,2022,Lexus,RC 300,RC,lexus,rc 300,rc,b61322a391fae8dc50e70699cb1d2093d41441d05bb0912cd263fa4ff884cab1,C:\Users\Nikeka\Documents\Codex\2026-10-09\group-se-2421-team-members-tsybus\outputs\fuel_consumption_project\data\raw\benchmark_2015_2025_20261009\vehicles\44533.json,https://www.fueleconomy.gov/ws/rest/vehicle/44533,False,rc
3b0202a1a7312716f1e1,46350,2023,Lexus,RC F,RC,lexus,rc f,rc,de3db16897c7059e66a8fdf1a1de7ddccf9cbb73bca035286b67791fd7b252a0,C:\Users\Nikeka\Documents\Codex\2026-10-09\group-se-2421-team-members-tsybus\outputs\fuel_consumption_project\data\raw\benchmark_2015_2025_20261009\vehicles\46350.json,https://www.fueleconomy.gov/ws/rest/vehicle/46350,True,rc
3b0202a1a7312716f1e1,47320,2024,Lexus,RC 350 AWD,RC,lexus,rc 350 awd,rc,615093d3c4603a58de80f56c2b0a1e10ea540fc9e8ac7dfb5f5efa2ca84058f7,C:\Users\Nikeka\Documents\Codex\2026-10-09\group-se-2421-team-members-tsybus\outputs\fuel_consumption_project\data\raw\benchmark_2015_2025_20261009\vehicles\47320.json,https://www.fueleconomy.gov/ws/rest/vehicle/47320,False,rc
3b0202a1a7312716f1e1,47321,2024,Lexus,RC 300,RC,lexus,rc 300,rc,b8bd1402222138fc9a416ec906db0c84e9682b6969f87c363cd811de14010f0d,C:\Users\Nikeka\Documents\Codex\2026-10-09\group-se-2421-team-members-tsybus\outputs\fuel_consumption_project\data\raw\benchmark_2015_2025_20261009\vehicles\47321.json,https://www.fueleconomy.gov/ws/rest/vehicle/47321,False,rc
3b0202a1a7312716f1e1,47322,2024,Lexus,RC F,RC,lexus,rc f,rc,032464fdf0928de8b83ea6aa5670de0aea44112003e0980743d01d7fc6198c3d,C:\Users\Nikeka\Documents\Codex\2026-10-09\group-se-2421-team-members-tsybus\outputs\fuel_consumption_project\data\raw\benchmark_2015_2025_20261009\vehicles\47322.json,https://www.fueleconomy.gov/ws/rest/vehicle/47322,True,rc
1861828bd1ce4a05494d,34804,2015,MINI,John Cooper Works Coupe,John Cooper Works,mini,john cooper works coupe,john cooper works,eeeac634ef25d517590cffc0a6aeb90c161d61a7bd6b87bf68363fd3642cb778,C:\Users\Nikeka\Documents\Codex\2026-10-09\group-se-2421-team-members-tsybus\outputs\fuel_consumption_project\data\raw\benchmark_2015_2025_20261009\vehicles\34804.json,https://www.fueleconomy.gov/ws/rest/vehicle/34804,False,countryman
1861828bd1ce4a05494d,34813,2015,MINI,Cooper S Countryman,Countryman,mini,cooper s countryman,countryman,42856a7c5b7aacb88cba91d200ad1df40e98ad2cd1f16a7bd64d97c4c42e48b4,C:\Users\Nikeka\Documents\Codex\2026-10-09\group-se-2421-team-members-tsybus\outputs\fuel_consumption_project\data\raw\benchmark_2015_2025_20261009\vehicles\34813.json,https://www.fueleconomy.gov/ws/rest/vehicle/34813,False,countryman
1861828bd1ce4a05494d,34814,2015,MINI,Cooper S Countryman,Countryman,mini,cooper s countryman,countryman,8c1bec49562a0da1e458dfc1da8e3d6f7c3054e112d6d21d4cd87e8c3569b1da,C:\Users\Nikeka\Documents\Codex\2026-10-09\group-se-2421-team-members-tsybus\outputs\fuel_consumption_project\data\raw\benchmark_2015_2025_20261009\vehicles\34814.json,https://www.fueleconomy.gov/ws/rest/vehicle/34814,False,countryman
1861828bd1ce4a05494d,34865,2015,MINI,John Cooper Works Coupe,John Cooper Works,mini,john cooper works coupe,john cooper works,fb22e2ba6122ef873815da16e128a140fddf1a0504d855bd86411eea38115fc1,C:\Users\Nikeka\Documents\Codex\2026-10-09\group-se-2421-team-members-tsybus\outputs\fuel_consumption_project\data\raw\benchmark_2015_2025_20261009\vehicles\34865.json,https://www.fueleconomy.gov/ws/rest/vehicle/34865,False,countryman
1861828bd1ce4a05494d,36566,2016,MINI,Cooper Countryman,Countryman,mini,cooper countryman,countryman,f221818d759f99811aa74e65a6f4f2f4c3b9ae7937874c82cb6665b82f659b43,C:\Users\Nikeka\Documents\Codex\2026-10-09\group-se-2421-team-members-tsybus\outputs\fuel_consumption_project\data\raw\benchmark_2015_2025_20261009\vehicles\36566.json,https://www.fueleconomy.gov/ws/rest/vehicle/36566,False,countryman
1861828bd1ce4a05494d,36660,2016,MINI,Cooper Countryman,Countryman,mini,cooper countryman,countryman,212fa16b77779472e23048fc9ffa313fabc8243d07011679868d369d72c2eff5,C:\Users\Nikeka\Documents\Codex\2026-10-09\group-se-2421-team-members-tsybus\outputs\fuel_consumption_project\data\raw\benchmark_2015_2025_20261009\vehicles\36660.json,https://www.fueleconomy.gov/ws/rest/vehicle/36660,False,countryman
1861828bd1ce4a05494d,36664,2016,MINI,Cooper S Countryman All4,Countryman,mini,cooper s countryman all4,countryman,aada66da66d1c667ff44882d005870e65f3801ab86b3e894567959cde9b8deee,C:\Users\Nikeka\Documents\Codex\2026-10-09\group-se-2421-team-members-tsybus\outputs\fuel_consumption_project\data\raw\benchmark_2015_2025_20261009\vehicles\36664.json,https://www.fueleconomy.gov/ws/rest/vehicle/36664,False,countryman
1861828bd1ce4a05494d,36665,2016,MINI,Cooper S Countryman All4,Countryman,mini,cooper s countryman all4,countryman,e873a0afe43b53c44d07ac7b8bba0ee6d00df01d5c979dcd7b6bbb21b77b7b94,C:\Users\Nikeka\Documents\Codex\2026-10-09\group-se-2421-team-members-tsybus\outputs\fuel_consumption_project\data\raw\benchmark_2015_2025_20261009\vehicles\36665.json,https://www.fueleconomy.gov/ws/rest/vehicle/36665,False,countryman
1861828bd1ce4a05494d,36670,2016,MINI,JCW Countryman All4,Countryman,mini,jcw countryman all4,countryman,9ea185d2b7d9b2a068554eddfbabe997ff4b671955cba01e18ead0a3833a6ab1,C:\Users\Nikeka\Documents\Codex\2026-10-09\group-se-2421-team-members-tsybus\outputs\fuel_consumption_project\data\raw\benchmark_2015_2025_20261009\vehicles\36670.json,https://www.fueleconomy.gov/ws/rest/vehicle/36670,True,countryman
1861828bd1ce4a05494d,36671,2016,MINI,JCW Countryman All4,Countryman,mini,jcw countryman all4,countryman,e3712527c38508d2eef12f3673816f3d13163da9fab725cad2048c89a8ceabe7,C:\Users\Nikeka\Documents\Codex\2026-10-09\group-se-2421-team-members-tsybus\outputs\fuel_consumption_project\data\raw\benchmark_2015_2025_20261009\vehicles\36671.json,https://www.fueleconomy.gov/ws/rest/vehicle/36671,True,countryman
1861828bd1ce4a05494d,36720,2016,MINI,John Cooper Works Hardtop,John Cooper Works,mini,john cooper works hardtop,john cooper works,f3bdb23f84cca9ca926a61a74db10bcf1e6261209aae97231dc863879dc9e9e1,C:\Users\Nikeka\Documents\Codex\2026-10-09\group-se-2421-team-members-tsybus\outputs\fuel_consumption_project\data\raw\benchmark_2015_2025_20261009\vehicles\36720.json,https://www.fueleconomy.gov/ws/rest/vehicle/36720,False,countryman
1861828bd1ce4a05494d,36721,2016,MINI,John Cooper Works Hardtop,John Cooper Works,mini,john cooper works hardtop,john cooper works,705ebc79dc4a12749f025abc8eb09feeee8576677dbd6c7e997b2f29ea42adf7,C:\Users\Nikeka\Documents\Codex\2026-10-09\group-se-2421-team-members-tsybus\outputs\fuel_consumption_project\data\raw\benchmark_2015_2025_20261009\vehicles\36721.json,https://www.fueleconomy.gov/ws/rest/vehicle/36721,False,countryman
1861828bd1ce4a05494d,37325,2017,MINI,John Cooper Works Convertible,John Cooper Works,mini,john cooper works convertible,john cooper works,bd8c8d47b86d7cb37dc925cd95b166851bbffd85a9784ef78faffdc2b7960a98,C:\Users\Nikeka\Documents\Codex\2026-10-09\group-se-2421-team-members-tsybus\outputs\fuel_consumption_project\data\raw\benchmark_2015_2025_20261009\vehicles\37325.json,https://www.fueleconomy.gov/ws/rest/vehicle/37325,False,countryman
1861828bd1ce4a05494d,37352,2017,MINI,John Cooper Works Convertible,John Cooper Works,mini,john cooper works convertible,john cooper works,9a1e437c3f18cf1c5c459f2f22ca91eb4d0e3e2a07b04e271387d4796f5a53e1,C:\Users\Nikeka\Documents\Codex\2026-10-09\group-se-2421-team-members-tsybus\outputs\fuel_consumption_project\data\raw\benchmark_2015_2025_20261009\vehicles\37352.json,https://www.fueleconomy.gov/ws/rest/vehicle/37352,False,countryman
1861828bd1ce4a05494d,38501,2017,MINI,Cooper Countryman All4,Countryman,mini,cooper countryman all4,countryman,158c0d9d34b49b0fe9a00ec01205bf7cf17b1e3acc835dfc417b2a9769c54ee1,C:\Users\Nikeka\Documents\Codex\2026-10-09\group-se-2421-team-members-tsybus\outputs\fuel_consumption_project\data\raw\benchmark_2015_2025_20261009\vehicles\38501.json,https://www.fueleconomy.gov/ws/rest/vehicle/38501,False,countryman
1861828bd1ce4a05494d,38555,2017,MINI,Cooper S Countryman,Countryman,mini,cooper s countryman,countryman,44c43ba3337fc8035ff3fb2f94f23aea8803ca2c564a9c778d5b3c2ac97064ab,C:\Users\Nikeka\Documents\Codex\2026-10-09\group-se-2421-team-members-tsybus\outputs\fuel_consumption_project\data\raw\benchmark_2015_2025_20261009\vehicles\38555.json,https://www.fueleconomy.gov/ws/rest/vehicle/38555,False,countryman
1861828bd1ce4a05494d,38559,2017,MINI,Cooper Countryman,Countryman,mini,cooper countryman,countryman,8f0cae66d137b0e865cec1ef377d4d45d3fec8aee5ef003c0167ec00bcdae7b1,C:\Users\Nikeka\Documents\Codex\2026-10-09\group-se-2421-team-members-tsybus\outputs\fuel_consumption_project\data\raw\benchmark_2015_2025_20261009\vehicles\38559.json,https://www.fueleconomy.gov/ws/rest/vehicle/38559,False,countryman
1861828bd1ce4a05494d,38560,2017,MINI,Cooper Countryman,Countryman,mini,cooper countryman,countryman,238e3f0251e8488e967701b7db85ac2c7d4b99e2fb014fcd39ef72f2e020e157,C:\Users\Nikeka\Documents\Codex\2026-10-09\group-se-2421-team-members-tsybus\outputs\fuel_consumption_project\data\raw\benchmark_2015_2025_20261009\vehicles\38560.json,https://www.fueleconomy.gov/ws/rest/vehicle/38560,False,countryman
1861828bd1ce4a05494d,38561,2017,MINI,Cooper Countryman All4,Countryman,mini,cooper countryman all4,countryman,a03f63b81a65a810a96806605c072486422f4d5f568d446cb12a480efcb9c09c,C:\Users\Nikeka\Documents\Codex\2026-10-09\group-se-2421-team-members-tsybus\outputs\fuel_consumption_project\data\raw\benchmark_2015_2025_20261009\vehicles\38561.json,https://www.fueleconomy.gov/ws/rest/vehicle/38561,False,countryman
1861828bd1ce4a05494d,39167,2018,MINI,Cooper Countryman All4,Countryman,mini,cooper countryman all4,countryman,5ca4350d6fc2286abc5caba374385c8eb47aeca4d9e12f4a2a7c9695449d05c1,C:\Users\Nikeka\Documents\Codex\2026-10-09\group-se-2421-team-members-tsybus\outputs\fuel_consumption_project\data\raw\benchmark_2015_2025_20261009\vehicles\39167.json,https://www.fueleconomy.gov/ws/rest/vehicle/39167,False,countryman
1861828bd1ce4a05494d,39168,2018,MINI,Cooper Countryman All4,Countryman,mini,cooper countryman all4,countryman,70e3d8f1abca21484600290c5d4ac1092c70690469086ea21c18c2819c975da3,C:\Users\Nikeka\Documents\Codex\2026-10-09\group-se-2421-team-members-tsybus\outputs\fuel_consumption_project\data\raw\benchmark_2015_2025_20261009\vehicles\39168.json,https://www.fueleconomy.gov/ws/rest/vehicle/39168,False,countryman
1861828bd1ce4a05494d,39171,2018,MINI,Cooper S Countryman,Countryman,mini,cooper s countryman,countryman,62c67457b17cca0a87274e7b72069d26e342e34c2fa18ac22d3da431585fdab9,C:\Users\Nikeka\Documents\Codex\2026-10-09\group-se-2421-team-members-tsybus\outputs\fuel_consumption_project\data\raw\benchmark_2015_2025_20261009\vehicles\39171.json,https://www.fueleconomy.gov/ws/rest/vehicle/39171,False,countryman
1861828bd1ce4a05494d,40010,2019,MINI,Cooper Countryman,Countryman,mini,cooper countryman,countryman,634696cc10f6bc9004c7854afca0eeb55e146c39b6d991e97587799f4a628f5f,C:\Users\Nikeka\Documents\Codex\2026-10-09\group-se-2421-team-members-tsybus\outputs\fuel_consumption_project\data\raw\benchmark_2015_2025_20261009\vehicles\40010.json,https://www.fueleconomy.gov/ws/rest/vehicle/40010,False,countryman
1861828bd1ce4a05494d,40011,2019,MINI,Cooper Countryman,Countryman,mini,cooper countryman,countryman,bb3ba46bca26f9b6ff1b1871e44665181a0fa717ed82482ad4b8bbd12472cb5d,C:\Users\Nikeka\Documents\Codex\2026-10-09\group-se-2421-team-members-tsybus\outputs\fuel_consumption_project\data\raw\benchmark_2015_2025_20261009\vehicles\40011.json,https://www.fueleconomy.gov/ws/rest/vehicle/40011,False,countryman
1861828bd1ce4a05494d,40025,2019,MINI,JCW Countryman All4,John Cooper Works,mini,jcw countryman all4,john cooper works,a445f70e01b1db2639bb9e465dd30945b0ab88396e731533cb04510ae66301ed,C:\Users\Nikeka\Documents\Codex\2026-10-09\group-se-2421-team-members-tsybus\outputs\fuel_consumption_project\data\raw\benchmark_2015_2025_20261009\vehicles\40025.json,https://www.fueleconomy.gov/ws/rest/vehicle/40025,True,countryman
1861828bd1ce4a05494d,40058,2019,MINI,JCW Countryman All4,John Cooper Works,mini,jcw countryman all4,john cooper works,e820e24287be0dec529fa86f700b63319ad954679f894b208ff5937513d77252,C:\Users\Nikeka\Documents\Codex\2026-10-09\group-se-2421-team-members-tsybus\outputs\fuel_consumption_project\data\raw\benchmark_2015_2025_20261009\vehicles\40058.json,https://www.fueleconomy.gov/ws/rest/vehicle/40058,True,countryman
1861828bd1ce4a05494d,41696,2020,MINI,John Cooper Works Convertible,John Cooper Works,mini,john cooper works convertible,john cooper works,8e10cc76783a7152a5489087e595d980e0aa615d9b2485f5843bb5489b73974b,C:\Users\Nikeka\Documents\Codex\2026-10-09\group-se-2421-team-members-tsybus\outputs\fuel_consumption_project\data\raw\benchmark_2015_2025_20261009\vehicles\41696.json,https://www.fueleconomy.gov/ws/rest/vehicle/41696,False,countryman
1861828bd1ce4a05494d,41709,2020,MINI,John Cooper Works Hardtop,John Cooper Works,mini,john cooper works hardtop,john cooper works,a1ad10e083101a5e24d3f35ebbb8ecb4caad89b68a6055a890c618889543e1ea,C:\Users\Nikeka\Documents\Codex\2026-10-09\group-se-2421-team-members-tsybus\outputs\fuel_consumption_project\data\raw\benchmark_2015_2025_20261009\vehicles\41709.json,https://www.fueleconomy.gov/ws/rest/vehicle/41709,False,countryman
1861828bd1ce4a05494d,41737,2020,MINI,Cooper Countryman All4,Countryman,mini,cooper countryman all4,countryman,09b4ae95a63a48e056b86896a2940fa4312db5ce0dc434a4490ebbe2b5446be0,C:\Users\Nikeka\Documents\Codex\2026-10-09\group-se-2421-team-members-tsybus\outputs\fuel_consumption_project\data\raw\benchmark_2015_2025_20261009\vehicles\41737.json,https://www.fueleconomy.gov/ws/rest/vehicle/41737,False,countryman
1861828bd1ce4a05494d,42534,2021,MINI,John Cooper Works Hardtop,John Cooper Works,mini,john cooper works hardtop,john cooper works,edd371e1d0388f30304d58216fd18448e6153d641efa7eefc06b9404cc2f3509,C:\Users\Nikeka\Documents\Codex\2026-10-09\group-se-2421-team-members-tsybus\outputs\fuel_consumption_project\data\raw\benchmark_2015_2025_20261009\vehicles\42534.json,https://www.fueleconomy.gov/ws/rest/vehicle/42534,False,countryman
1861828bd1ce4a05494d,42535,2021,MINI,John Cooper Works Hardtop,John Cooper Works,mini,john cooper works hardtop,john cooper works,87a75ec3c1aae3683407238c6f1377a976a270961598717c47a2783a90270b65,C:\Users\Nikeka\Documents\Codex\2026-10-09\group-se-2421-team-members-tsybus\outputs\fuel_consumption_project\data\raw\benchmark_2015_2025_20261009\vehicles\42535.json,https://www.fueleconomy.gov/ws/rest/vehicle/42535,False,countryman
1861828bd1ce4a05494d,42827,2021,MINI,Cooper S Countryman All4,Countryman,mini,cooper s countryman all4,countryman,acae100df47d68a010bef3b5775fe65e2cddb37fa70d023cb5d0e5f2386c38f8,C:\Users\Nikeka\Documents\Codex\2026-10-09\group-se-2421-team-members-tsybus\outputs\fuel_consumption_project\data\raw\benchmark_2015_2025_20261009\vehicles\42827.json,https://www.fueleconomy.gov/ws/rest/vehicle/42827,False,countryman
1861828bd1ce4a05494d,43790,2022,MINI,John Cooper Works Hardtop 2 door,John Cooper Works,mini,john cooper works hardtop 2 door,john cooper works,6a6092a7727f6bb7fc9d26ad78a9e314ba402d7fdce56f9b3eaa772ecf5e7d84,C:\Users\Nikeka\Documents\Codex\2026-10-09\group-se-2421-team-members-tsybus\outputs\fuel_consumption_project\data\raw\benchmark_2015_2025_20261009\vehicles\43790.json,https://www.fueleconomy.gov/ws/rest/vehicle/43790,False,countryman
1861828bd1ce4a05494d,43830,2022,MINI,John Cooper Works Hardtop 2 door,John Cooper Works,mini,john cooper works hardtop 2 door,john cooper works,2b0acfd349bc51e4b642dd1779ab3d6b581c5a58e2ecf9858c6bc4cd4bce2cbc,C:\Users\Nikeka\Documents\Codex\2026-10-09\group-se-2421-team-members-tsybus\outputs\fuel_consumption_project\data\raw\benchmark_2015_2025_20261009\vehicles\43830.json,https://www.fueleconomy.gov/ws/rest/vehicle/43830,False,countryman
1861828bd1ce4a05494d,43837,2022,MINI,Cooper S Countryman,Countryman,mini,cooper s countryman,countryman,1199ecd2373cd905f2c6e44e1f7620429ae355bf63b46ab51f11e613a1ff8741,C:\Users\Nikeka\Documents\Codex\2026-10-09\group-se-2421-team-members-tsybus\outputs\fuel_consumption_project\data\raw\benchmark_2015_2025_20261009\vehicles\43837.json,https://www.fueleconomy.gov/ws/rest/vehicle/43837,False,countryman
1861828bd1ce4a05494d,43838,2022,MINI,Cooper S Countryman All4,Countryman,mini,cooper s countryman all4,countryman,702f6b5448370662924d91b420809bbc725940cbdec284cfc949d3ace478f9a4,C:\Users\Nikeka\Documents\Codex\2026-10-09\group-se-2421-team-members-tsybus\outputs\fuel_consumption_project\data\raw\benchmark_2015_2025_20261009\vehicles\43838.json,https://www.fueleconomy.gov/ws/rest/vehicle/43838,False,countryman
1861828bd1ce4a05494d,45241,2023,MINI,John Cooper Works Clubman All4,John Cooper Works,mini,john cooper works clubman all4,john cooper works,66940a4a6af9f06fe9b10f0abe166cdf62d63fe95186adc47721e142281392ac,C:\Users\Nikeka\Documents\Codex\2026-10-09\group-se-2421-team-members-tsybus\outputs\fuel_consumption_project\data\raw\benchmark_2015_2025_20261009\vehicles\45241.json,https://www.fueleconomy.gov/ws/rest/vehicle/45241,False,countryman
1861828bd1ce4a05494d,45262,2023,MINI,John Cooper Works Convertible,John Cooper Works,mini,john cooper works convertible,john cooper works,1ed23267d43197109d51aaaa5bee3beca3d68fc5441959838cc491905dad7173,C:\Users\Nikeka\Documents\Codex\2026-10-09\group-se-2421-team-members-tsybus\outputs\fuel_consumption_project\data\raw\benchmark_2015_2025_20261009\vehicles\45262.json,https://www.fueleconomy.gov/ws/rest/vehicle/45262,False,countryman
1861828bd1ce4a05494d,45271,2023,MINI,John Cooper Works Hardtop 2 door,John Cooper Works,mini,john cooper works hardtop 2 door,john cooper works,14bb55832dd2211be70ec4cf0b14464b1bd3d383a142f3f6b9ec20dabcb73500,C:\Users\Nikeka\Documents\Codex\2026-10-09\group-se-2421-team-members-tsybus\outputs\fuel_consumption_project\data\raw\benchmark_2015_2025_20261009\vehicles\45271.json,https://www.fueleconomy.gov/ws/rest/vehicle/45271,False,countryman
1861828bd1ce4a05494d,45272,2023,MINI,John Cooper Works Hardtop 2 door,John Cooper Works,mini,john cooper works hardtop 2 door,john cooper works,dc579e19623f7acfd4fedd03a35e8aec72fb9d01eb94f774e763c83623773d16,C:\Users\Nikeka\Documents\Codex\2026-10-09\group-se-2421-team-members-tsybus\outputs\fuel_consumption_project\data\raw\benchmark_2015_2025_20261009\vehicles\45272.json,https://www.fueleconomy.gov/ws/rest/vehicle/45272,False,countryman
1861828bd1ce4a05494d,45280,2023,MINI,Cooper S Countryman,Countryman,mini,cooper s countryman,countryman,7a53fee5bd3fba43823e2b0424e6b10435b63823641e9594b4940fdec1ac3a16,C:\Users\Nikeka\Documents\Codex\2026-10-09\group-se-2421-team-members-tsybus\outputs\fuel_consumption_project\data\raw\benchmark_2015_2025_20261009\vehicles\45280.json,https://www.fueleconomy.gov/ws/rest/vehicle/45280,False,countryman
1861828bd1ce4a05494d,45281,2023,MINI,Cooper S Countryman All4,Countryman,mini,cooper s countryman all4,countryman,05c29408f7879eea83cb56316b4c6890f5a7fe74898b433901512727a9c42306,C:\Users\Nikeka\Documents\Codex\2026-10-09\group-se-2421-team-members-tsybus\outputs\fuel_consumption_project\data\raw\benchmark_2015_2025_20261009\vehicles\45281.json,https://www.fueleconomy.gov/ws/rest/vehicle/45281,False,countryman
1861828bd1ce4a05494d,46465,2024,MINI,John Cooper Works Convertible,John Cooper Works,mini,john cooper works convertible,john cooper works,0902f283f6f355581c2bb4c13a5c57c4d9c2beb173eed1dccafbfa3e3305fb45,C:\Users\Nikeka\Documents\Codex\2026-10-09\group-se-2421-team-members-tsybus\outputs\fuel_consumption_project\data\raw\benchmark_2015_2025_20261009\vehicles\46465.json,https://www.fueleconomy.gov/ws/rest/vehicle/46465,False,countryman
1861828bd1ce4a05494d,46500,2024,MINI,Cooper Countryman All4,Countryman,mini,cooper countryman all4,countryman,df50dc5c8155e5f4ebec7a13f3c60244f92425440449db6e0cc21030c3500c6f,C:\Users\Nikeka\Documents\Codex\2026-10-09\group-se-2421-team-members-tsybus\outputs\fuel_consumption_project\data\raw\benchmark_2015_2025_20261009\vehicles\46500.json,https://www.fueleconomy.gov/ws/rest/vehicle/46500,False,countryman
1861828bd1ce4a05494d,46502,2024,MINI,JCW Countryman All4,John Cooper Works,mini,jcw countryman all4,john cooper works,a3e52cb9e43042ef7df893173c93c74dedef97466467e96213a95bb5dea49a99,C:\Users\Nikeka\Documents\Codex\2026-10-09\group-se-2421-team-members-tsybus\outputs\fuel_consumption_project\data\raw\benchmark_2015_2025_20261009\vehicles\46502.json,https://www.fueleconomy.gov/ws/rest/vehicle/46502,True,countryman
1861828bd1ce4a05494d,47799,2025,MINI,Countryman S All4,Countryman,mini,countryman s all4,countryman,4094e70f40c4ea2ff44f1a538ccf3c650db80244d98e2cf5dac8b9c257d05fb4,C:\Users\Nikeka\Documents\Codex\2026-10-09\group-se-2421-team-members-tsybus\outputs\fuel_consumption_project\data\raw\benchmark_2015_2025_20261009\vehicles\47799.json,https://www.fueleconomy.gov/ws/rest/vehicle/47799,False,countryman
1861828bd1ce4a05494d,47800,2025,MINI,JCW Countryman All4,John Cooper Works,mini,jcw countryman all4,john cooper works,6b1448f0883ba6cba54040b713ca84b430a55f76048ffc90e4b3686d16aced85,C:\Users\Nikeka\Documents\Codex\2026-10-09\group-se-2421-team-members-tsybus\outputs\fuel_consumption_project\data\raw\benchmark_2015_2025_20261009\vehicles\47800.json,https://www.fueleconomy.gov/ws/rest/vehicle/47800,True,countryman
1861828bd1ce4a05494d,48820,2025,MINI,JCW Convertible,John Cooper Works,mini,jcw convertible,john cooper works,1993e6a3a58f1b13423dfd7dd7a89b7a8f7925826c80257c8d07a64789e07598,C:\Users\Nikeka\Documents\Codex\2026-10-09\group-se-2421-team-members-tsybus\outputs\fuel_consumption_project\data\raw\benchmark_2015_2025_20261009\vehicles\48820.json,https://www.fueleconomy.gov/ws/rest/vehicle/48820,False,countryman
1861828bd1ce4a05494d,48840,2025,MINI,JCW Hardtop 2 Door,John Cooper Works,mini,jcw hardtop 2 door,john cooper works,a61b124359bddf705922669dcc0ee63c8b725ff553371ba571f682bcaeef8ea0,C:\Users\Nikeka\Documents\Codex\2026-10-09\group-se-2421-team-members-tsybus\outputs\fuel_consumption_project\data\raw\benchmark_2015_2025_20261009\vehicles\48840.json,https://www.fueleconomy.gov/ws/rest/vehicle/48840,False,countryman
9dd8a253c972561d0298,36005,2015,Nissan,Rogue Select FWD,Rogue,nissan,rogue select fwd,rogue,681d31bea037b26b347d5d554da1f642bc49ce6b382cdc6d301e9aefd7fce532,C:\Users\Nikeka\Documents\Codex\2026-10-09\group-se-2421-team-members-tsybus\outputs\fuel_consumption_project\data\raw\benchmark_2015_2025_20261009\vehicles\36005.json,https://www.fueleconomy.gov/ws/rest/vehicle/36005,False,rogue
9dd8a253c972561d0298,38649,2017,Nissan,Rogue Sport AWD,Rogue,nissan,rogue sport awd,rogue,5fab7468f32abb136c52c18235b71ece862c1c8c9c13a3e1056a12b7390471d4,C:\Users\Nikeka\Documents\Codex\2026-10-09\group-se-2421-team-members-tsybus\outputs\fuel_consumption_project\data\raw\benchmark_2015_2025_20261009\vehicles\38649.json,https://www.fueleconomy.gov/ws/rest/vehicle/38649,True,rogue
9dd8a253c972561d0298,41662,2020,Nissan,Rogue FWD,Rogue,nissan,rogue fwd,rogue,8d67ec0e11fcae6b08c6425fff85fbcde3e9e31db9ce5d9dfd3b99a504c19f54,C:\Users\Nikeka\Documents\Codex\2026-10-09\group-se-2421-team-members-tsybus\outputs\fuel_consumption_project\data\raw\benchmark_2015_2025_20261009\vehicles\41662.json,https://www.fueleconomy.gov/ws/rest/vehicle/41662,False,rogue
9dd8a253c972561d0298,42336,2020,Nissan,Rogue Sport,Rogue Sport,nissan,rogue sport,rogue sport,264f2e83dc1c9762422860f03eab5dd883008ddcc18476b67e8900ffb9f421cc,C:\Users\Nikeka\Documents\Codex\2026-10-09\group-se-2421-team-members-tsybus\outputs\fuel_consumption_project\data\raw\benchmark_2015_2025_20261009\vehicles\42336.json,https://www.fueleconomy.gov/ws/rest/vehicle/42336,False,rogue
9dd8a253c972561d0298,42337,2020,Nissan,Rogue Sport AWD,Rogue Sport,nissan,rogue sport awd,rogue sport,6613bcba65201ac3f4276deff240f5fedf527a55d59fca00a08344865a6d84dc,C:\Users\Nikeka\Documents\Codex\2026-10-09\group-se-2421-team-members-tsybus\outputs\fuel_consumption_project\data\raw\benchmark_2015_2025_20261009\vehicles\42337.json,https://www.fueleconomy.gov/ws/rest/vehicle/42337,True,rogue
9dd8a253c972561d0298,43375,2021,Nissan,Rogue AWD,Rogue,nissan,rogue awd,rogue,0723d4966c9cf2616269b35789812416378565d55b25578d8f6da35dae86bc96,C:\Users\Nikeka\Documents\Codex\2026-10-09\group-se-2421-team-members-tsybus\outputs\fuel_consumption_project\data\raw\benchmark_2015_2025_20261009\vehicles\43375.json,https://www.fueleconomy.gov/ws/rest/vehicle/43375,False,rogue
9dd8a253c972561d0298,43737,2021,Nissan,Rogue Sport,Rogue Sport,nissan,rogue sport,rogue sport,216a8a3dd606dcdb5e5b0f386b767578c35d036646f6776fec9d55580e93eb4a,C:\Users\Nikeka\Documents\Codex\2026-10-09\group-se-2421-team-members-tsybus\outputs\fuel_consumption_project\data\raw\benchmark_2015_2025_20261009\vehicles\43737.json,https://www.fueleconomy.gov/ws/rest/vehicle/43737,False,rogue
9dd8a253c972561d0298,43772,2021,Nissan,Rogue AWD,Rogue,nissan,rogue awd,rogue,66c5d4d043f5441ae80365bd24b8786b03a343024e3e63acd2f97ee92ac4fd7c,C:\Users\Nikeka\Documents\Codex\2026-10-09\group-se-2421-team-members-tsybus\outputs\fuel_consumption_project\data\raw\benchmark_2015_2025_20261009\vehicles\43772.json,https://www.fueleconomy.gov/ws/rest/vehicle/43772,False,rogue
9dd8a253c972561d0298,43773,2021,Nissan,Rogue AWD SL/Platinum,Rogue,nissan,rogue awd sl/platinum,rogue,eef961792870b27bc4718020f4dce11cc4a374a64fdd1a090f41bd953034ac42,C:\Users\Nikeka\Documents\Codex\2026-10-09\group-se-2421-team-members-tsybus\outputs\fuel_consumption_project\data\raw\benchmark_2015_2025_20261009\vehicles\43773.json,https://www.fueleconomy.gov/ws/rest/vehicle/43773,False,rogue
9dd8a253c972561d0298,44942,2022,Nissan,Rogue FWD,Rogue,nissan,rogue fwd,rogue,6178dec0c62a03554da604b7050c9b83f8773de916006a419af76f5032bae996,C:\Users\Nikeka\Documents\Codex\2026-10-09\group-se-2421-team-members-tsybus\outputs\fuel_consumption_project\data\raw\benchmark_2015_2025_20261009\vehicles\44942.json,https://www.fueleconomy.gov/ws/rest/vehicle/44942,False,rogue
9dd8a253c972561d0298,44943,2022,Nissan,Rogue FWD SL/Platinum,Rogue,nissan,rogue fwd sl/platinum,rogue,60651860e7b4687b1cb7af7e1bf0e78c1a176c44ef15c336fe69753197e926e7,C:\Users\Nikeka\Documents\Codex\2026-10-09\group-se-2421-team-members-tsybus\outputs\fuel_consumption_project\data\raw\benchmark_2015_2025_20261009\vehicles\44943.json,https://www.fueleconomy.gov/ws/rest/vehicle/44943,False,rogue
9dd8a253c972561d0298,45826,2023,Nissan,Rogue FWD SL/Platinum,Rogue,nissan,rogue fwd sl/platinum,rogue,c166c275dd5c1580500366f523430f260483f5d12d56fe6ca09cedcaee5358b8,C:\Users\Nikeka\Documents\Codex\2026-10-09\group-se-2421-team-members-tsybus\outputs\fuel_consumption_project\data\raw\benchmark_2015_2025_20261009\vehicles\45826.json,https://www.fueleconomy.gov/ws/rest/vehicle/45826,False,rogue
9dd8a253c972561d0298,47634,2024,Nissan,Rogue FWD SL/Platinum,Rogue,nissan,rogue fwd sl/platinum,rogue,f768cb44fb35a8f4faa638fc54e672551b83bb1b5d26d53aca4e686ed1852f47,C:\Users\Nikeka\Documents\Codex\2026-10-09\group-se-2421-team-members-tsybus\outputs\fuel_consumption_project\data\raw\benchmark_2015_2025_20261009\vehicles\47634.json,https://www.fueleconomy.gov/ws/rest/vehicle/47634,False,rogue
9dd8a253c972561d0298,48542,2025,Nissan,Rogue AWD Rock Creek,Rogue,nissan,rogue awd rock creek,rogue,f8d0bca31db826ad5acf141de959a270330c255fce4647699cb9762ffd9405f0,C:\Users\Nikeka\Documents\Codex\2026-10-09\group-se-2421-team-members-tsybus\outputs\fuel_consumption_project\data\raw\benchmark_2015_2025_20261009\vehicles\48542.json,https://www.fueleconomy.gov/ws/rest/vehicle/48542,False,rogue
f840b93b8eb5fb617697,36835,2015,Roush Performance,Stage 3 Mustang,Mustang,roush performance,stage 3 mustang,mustang,5baea1d9539e65a4c7d3525234d08742b1bad6e7de0d223f0d829dd73c5332bd,C:\Users\Nikeka\Documents\Codex\2026-10-09\group-se-2421-team-members-tsybus\outputs\fuel_consumption_project\data\raw\benchmark_2015_2025_20261009\vehicles\36835.json,https://www.fueleconomy.gov/ws/rest/vehicle/36835,True,mustang
f840b93b8eb5fb617697,36836,2015,Roush Performance,Stage 3 Mustang,Mustang,roush performance,stage 3 mustang,mustang,b66f26eb4fd4481df6a7a9ff379c880500a9688117c164a2f102292d15dd492f,C:\Users\Nikeka\Documents\Codex\2026-10-09\group-se-2421-team-members-tsybus\outputs\fuel_consumption_project\data\raw\benchmark_2015_2025_20261009\vehicles\36836.json,https://www.fueleconomy.gov/ws/rest/vehicle/36836,True,mustang
f840b93b8eb5fb617697,36886,2016,Roush Performance,Stage 3 Mustang,Mustang,roush performance,stage 3 mustang,mustang,45bea1ba7bbc44951531cb7a28cb70aa31d4b258d236950fcd9540d48ada1414,C:\Users\Nikeka\Documents\Codex\2026-10-09\group-se-2421-team-members-tsybus\outputs\fuel_consumption_project\data\raw\benchmark_2015_2025_20261009\vehicles\36886.json,https://www.fueleconomy.gov/ws/rest/vehicle/36886,True,mustang
f840b93b8eb5fb617697,36887,2016,Roush Performance,Stage 3 Mustang,Mustang,roush performance,stage 3 mustang,mustang,b312948e7d43d092bbfa4cbde0911fac8a1f5b6b84db0b0f5118973c5074c642,C:\Users\Nikeka\Documents\Codex\2026-10-09\group-se-2421-team-members-tsybus\outputs\fuel_consumption_project\data\raw\benchmark_2015_2025_20261009\vehicles\36887.json,https://www.fueleconomy.gov/ws/rest/vehicle/36887,True,mustang
f840b93b8eb5fb617697,38193,2017,Roush Performance,Stage 3 Mustang,Mustang,roush performance,stage 3 mustang,mustang,e11057e3a9360845208119e3241fa5def66f36ff7bb2c8068f4fd5b2eafe5f89,C:\Users\Nikeka\Documents\Codex\2026-10-09\group-se-2421-team-members-tsybus\outputs\fuel_consumption_project\data\raw\benchmark_2015_2025_20261009\vehicles\38193.json,https://www.fueleconomy.gov/ws/rest/vehicle/38193,True,mustang
f840b93b8eb5fb617697,38194,2017,Roush Performance,Stage 3 Mustang,Mustang,roush performance,stage 3 mustang,mustang,8889b7cd5ad3c4b8737e751acb36dfdfd91e2d9658e88e7d82e54a0b0009add1,C:\Users\Nikeka\Documents\Codex\2026-10-09\group-se-2421-team-members-tsybus\outputs\fuel_consumption_project\data\raw\benchmark_2015_2025_20261009\vehicles\38194.json,https://www.fueleconomy.gov/ws/rest/vehicle/38194,True,mustang
f840b93b8eb5fb617697,41002,2019,Roush Performance,Stage 3 Mustang,Mustang,roush performance,stage 3 mustang,mustang,d485c70416fa8a21224cfee4ec483273892e083d20562162edf75aa67ace5661,C:\Users\Nikeka\Documents\Codex\2026-10-09\group-se-2421-team-members-tsybus\outputs\fuel_consumption_project\data\raw\benchmark_2015_2025_20261009\vehicles\41002.json,https://www.fueleconomy.gov/ws/rest/vehicle/41002,True,mustang
f840b93b8eb5fb617697,41075,2019,Roush Performance,Stage 3 Mustang,Mustang,roush performance,stage 3 mustang,mustang,72e156bb7a38454150924102ad396cf4917bb61918feffd55b2382d5db582f0b,C:\Users\Nikeka\Documents\Codex\2026-10-09\group-se-2421-team-members-tsybus\outputs\fuel_consumption_project\data\raw\benchmark_2015_2025_20261009\vehicles\41075.json,https://www.fueleconomy.gov/ws/rest/vehicle/41075,True,mustang
f840b93b8eb5fb617697,42318,2020,Roush Performance,Stage 3 Mustang,Stage 3 Mustang,roush performance,stage 3 mustang,stage 3 mustang,44d5f7528f784cb7b7243012f367bac8d801ecba93fe51e2d00dff57299aafb9,C:\Users\Nikeka\Documents\Codex\2026-10-09\group-se-2421-team-members-tsybus\outputs\fuel_consumption_project\data\raw\benchmark_2015_2025_20261009\vehicles\42318.json,https://www.fueleconomy.gov/ws/rest/vehicle/42318,True,mustang
f840b93b8eb5fb617697,42386,2020,Roush Performance,Stage 3 Mustang,Stage 3 Mustang,roush performance,stage 3 mustang,stage 3 mustang,2dc02840c6b0ddc11ea627fd3bc0b1889f46ab802851f07ea07036b5d21c7605,C:\Users\Nikeka\Documents\Codex\2026-10-09\group-se-2421-team-members-tsybus\outputs\fuel_consumption_project\data\raw\benchmark_2015_2025_20261009\vehicles\42386.json,https://www.fueleconomy.gov/ws/rest/vehicle/42386,True,mustang
f840b93b8eb5fb617697,44089,2021,Roush Performance,Mustang,Mustang,roush performance,mustang,mustang,fa66a3b4bf5bafce8f2bfed08018c6abb5f3d1152e4889e54b60b774b03896cc,C:\Users\Nikeka\Documents\Codex\2026-10-09\group-se-2421-team-members-tsybus\outputs\fuel_consumption_project\data\raw\benchmark_2015_2025_20261009\vehicles\44089.json,https://www.fueleconomy.gov/ws/rest/vehicle/44089,False,mustang
f840b93b8eb5fb617697,44161,2021,Roush Performance,Mustang,Mustang,roush performance,mustang,mustang,be5858d7ce005436f2b542f568a60a309791b268e363d2d3dcee8b6cf3c2edf4,C:\Users\Nikeka\Documents\Codex\2026-10-09\group-se-2421-team-members-tsybus\outputs\fuel_consumption_project\data\raw\benchmark_2015_2025_20261009\vehicles\44161.json,https://www.fueleconomy.gov/ws/rest/vehicle/44161,False,mustang
84a08efb295dfac65a05,35615,2015,Subaru,Impreza AWD,Impreza/Outback Sport,subaru,impreza awd,impreza/outback sport,e1dd716f9594688833ab1bfccd9762da4e8da02e568a4e6076eb4ec434af449d,C:\Users\Nikeka\Documents\Codex\2026-10-09\group-se-2421-team-members-tsybus\outputs\fuel_consumption_project\data\raw\benchmark_2015_2025_20261009\vehicles\35615.json,https://www.fueleconomy.gov/ws/rest/vehicle/35615,False,impreza
84a08efb295dfac65a05,35616,2015,Subaru,Impreza AWD,Impreza/Outback Sport,subaru,impreza awd,impreza/outback sport,5d3e0e40eca68f0cf281e9f7f377f22607f4d381d79c2ab623da28dd87e8a4b2,C:\Users\Nikeka\Documents\Codex\2026-10-09\group-se-2421-team-members-tsybus\outputs\fuel_consumption_project\data\raw\benchmark_2015_2025_20261009\vehicles\35616.json,https://www.fueleconomy.gov/ws/rest/vehicle/35616,False,impreza
84a08efb295dfac65a05,35630,2015,Subaru,Impreza Wagon AWD,Impreza/Outback Sport,subaru,impreza wagon awd,impreza/outback sport,5d4a7fe29394c9e19ba5a47b6e0a962839d7cc32c82b2009e613d9dca232f5e6,C:\Users\Nikeka\Documents\Codex\2026-10-09\group-se-2421-team-members-tsybus\outputs\fuel_consumption_project\data\raw\benchmark_2015_2025_20261009\vehicles\35630.json,https://www.fueleconomy.gov/ws/rest/vehicle/35630,False,impreza
84a08efb295dfac65a05,35631,2015,Subaru,Impreza Wagon AWD,Impreza/Outback Sport,subaru,impreza wagon awd,impreza/outback sport,ccd3bb8f51fd465d830c1aa323698a12feff8c204400e05661bb560b9082a769,C:\Users\Nikeka\Documents\Codex\2026-10-09\group-se-2421-team-members-tsybus\outputs\fuel_consumption_project\data\raw\benchmark_2015_2025_20261009\vehicles\35631.json,https://www.fueleconomy.gov/ws/rest/vehicle/35631,False,impreza
84a08efb295dfac65a05,36819,2016,Subaru,Impreza AWD,Impreza/Outback Sport,subaru,impreza awd,impreza/outback sport,4bd6a22ec091af0ecf9cdc870f575c545912a7550bb4f0017049654f89594944,C:\Users\Nikeka\Documents\Codex\2026-10-09\group-se-2421-team-members-tsybus\outputs\fuel_consumption_project\data\raw\benchmark_2015_2025_20261009\vehicles\36819.json,https://www.fueleconomy.gov/ws/rest/vehicle/36819,False,impreza
84a08efb295dfac65a05,36820,2016,Subaru,Impreza AWD,Impreza/Outback Sport,subaru,impreza awd,impreza/outback sport,0fe0386ad9d3cffdcb3c98e9e8aa085a3a5e51aaa28a82befcea561f3dd21b0e,C:\Users\Nikeka\Documents\Codex\2026-10-09\group-se-2421-team-members-tsybus\outputs\fuel_consumption_project\data\raw\benchmark_2015_2025_20261009\vehicles\36820.json,https://www.fueleconomy.gov/ws/rest/vehicle/36820,False,impreza
84a08efb295dfac65a05,36829,2016,Subaru,Impreza Sport AWD,Impreza/Outback Sport,subaru,impreza sport awd,impreza/outback sport,6ce8e23e151f3ff174af9812cea762d96c2fe3c2b65c80b4e997522688e6e3f8,C:\Users\Nikeka\Documents\Codex\2026-10-09\group-se-2421-team-members-tsybus\outputs\fuel_consumption_project\data\raw\benchmark_2015_2025_20261009\vehicles\36829.json,https://www.fueleconomy.gov/ws/rest/vehicle/36829,False,impreza
84a08efb295dfac65a05,36830,2016,Subaru,Impreza Sport AWD,Impreza/Outback Sport,subaru,impreza sport awd,impreza/outback sport,33151d379bba110a8262e94a279e53767161214b70d0c3e7b0ba118d7212bde1,C:\Users\Nikeka\Documents\Codex\2026-10-09\group-se-2421-team-members-tsybus\outputs\fuel_consumption_project\data\raw\benchmark_2015_2025_20261009\vehicles\36830.json,https://www.fueleconomy.gov/ws/rest/vehicle/36830,False,impreza
84a08efb295dfac65a05,38329,2017,Subaru,Impreza 4-Door,Impreza/Outback Sport,subaru,impreza 4-door,impreza/outback sport,4b810a902994a87f6d6f6f04d7722fdb96cd6e05d6522020649cc0c03a18f57f,C:\Users\Nikeka\Documents\Codex\2026-10-09\group-se-2421-team-members-tsybus\outputs\fuel_consumption_project\data\raw\benchmark_2015_2025_20261009\vehicles\38329.json,https://www.fueleconomy.gov/ws/rest/vehicle/38329,True,impreza
84a08efb295dfac65a05,38345,2017,Subaru,Impreza 5-Door,Impreza/Outback Sport,subaru,impreza 5-door,impreza/outback sport,c83855cb6e9147349dc0e029ca9ff0420cb34bf494f805a17c5640c443372e40,C:\Users\Nikeka\Documents\Codex\2026-10-09\group-se-2421-team-members-tsybus\outputs\fuel_consumption_project\data\raw\benchmark_2015_2025_20261009\vehicles\38345.json,https://www.fueleconomy.gov/ws/rest/vehicle/38345,True,impreza
84a08efb295dfac65a05,38346,2017,Subaru,Impreza Sport 5-Door,Impreza/Outback Sport,subaru,impreza sport 5-door,impreza/outback sport,a8efed2ef09d020f6cd5ae54af21d8e1f665eb260ec730de82cce6815109ddca,C:\Users\Nikeka\Documents\Codex\2026-10-09\group-se-2421-team-members-tsybus\outputs\fuel_consumption_project\data\raw\benchmark_2015_2025_20261009\vehicles\38346.json,https://www.fueleconomy.gov/ws/rest/vehicle/38346,True,impreza
84a08efb295dfac65a05,38538,2017,Subaru,Impreza 4-Door,Impreza/Outback Sport,subaru,impreza 4-door,impreza/outback sport,a0b99aa20c8714e87ebc85e81a40f3a7b25e128b114928cb95b9c2bcf0d4e307,C:\Users\Nikeka\Documents\Codex\2026-10-09\group-se-2421-team-members-tsybus\outputs\fuel_consumption_project\data\raw\benchmark_2015_2025_20261009\vehicles\38538.json,https://www.fueleconomy.gov/ws/rest/vehicle/38538,True,impreza
84a08efb295dfac65a05,38540,2017,Subaru,Impreza 5-Door,Impreza/Outback Sport,subaru,impreza 5-door,impreza/outback sport,43068500c0d9f0dadf466f529c9baf2bc157f2102059d278106e8b148d7f0bed,C:\Users\Nikeka\Documents\Codex\2026-10-09\group-se-2421-team-members-tsybus\outputs\fuel_consumption_project\data\raw\benchmark_2015_2025_20261009\vehicles\38540.json,https://www.fueleconomy.gov/ws/rest/vehicle/38540,True,impreza
84a08efb295dfac65a05,38541,2017,Subaru,Impreza Sport 5-Door,Impreza/Outback Sport,subaru,impreza sport 5-door,impreza/outback sport,79290393f8cda8a7d2d14364013761b66f500b79af9338281d31d1f0554b0376,C:\Users\Nikeka\Documents\Codex\2026-10-09\group-se-2421-team-members-tsybus\outputs\fuel_consumption_project\data\raw\benchmark_2015_2025_20261009\vehicles\38541.json,https://www.fueleconomy.gov/ws/rest/vehicle/38541,True,impreza
84a08efb295dfac65a05,38876,2018,Subaru,Impreza 4-Door,Impreza,subaru,impreza 4-door,impreza,606db9e4ae3d9a08cabd31e93d39ee3b4f9283ff22ba60f5a3120cee82880351,C:\Users\Nikeka\Documents\Codex\2026-10-09\group-se-2421-team-members-tsybus\outputs\fuel_consumption_project\data\raw\benchmark_2015_2025_20261009\vehicles\38876.json,https://www.fueleconomy.gov/ws/rest/vehicle/38876,True,impreza
84a08efb295dfac65a05,38877,2018,Subaru,Impreza 4-Door,Impreza,subaru,impreza 4-door,impreza,58489ebef2b840281e375d55a99c2076e2164d71947cb0a7386f794747bbea2a,C:\Users\Nikeka\Documents\Codex\2026-10-09\group-se-2421-team-members-tsybus\outputs\fuel_consumption_project\data\raw\benchmark_2015_2025_20261009\vehicles\38877.json,https://www.fueleconomy.gov/ws/rest/vehicle/38877,True,impreza
84a08efb295dfac65a05,38890,2018,Subaru,Impreza 5-Door,Impreza,subaru,impreza 5-door,impreza,72ee184d6cde4217959f9f8ccede3e6604c0a08d1ae073c5d00c8b500cd21ba0,C:\Users\Nikeka\Documents\Codex\2026-10-09\group-se-2421-team-members-tsybus\outputs\fuel_consumption_project\data\raw\benchmark_2015_2025_20261009\vehicles\38890.json,https://www.fueleconomy.gov/ws/rest/vehicle/38890,True,impreza
84a08efb295dfac65a05,38891,2018,Subaru,Impreza 5-Door,Impreza,subaru,impreza 5-door,impreza,65994a14c79ea67336a7b4ac132ae4068e5a67caa471c5a1fefd7b5e9ac1b152,C:\Users\Nikeka\Documents\Codex\2026-10-09\group-se-2421-team-members-tsybus\outputs\fuel_consumption_project\data\raw\benchmark_2015_2025_20261009\vehicles\38891.json,https://www.fueleconomy.gov/ws/rest/vehicle/38891,True,impreza
84a08efb295dfac65a05,40191,2019,Subaru,Impreza Sport 4-Door,Impreza,subaru,impreza sport 4-door,impreza,72b3a0753b326c13306ee33d418e7c066468bc1624f3ef260da9450d82e81a5b,C:\Users\Nikeka\Documents\Codex\2026-10-09\group-se-2421-team-members-tsybus\outputs\fuel_consumption_project\data\raw\benchmark_2015_2025_20261009\vehicles\40191.json,https://www.fueleconomy.gov/ws/rest/vehicle/40191,False,impreza
84a08efb295dfac65a05,40192,2019,Subaru,Impreza Sport 4-Door,Impreza,subaru,impreza sport 4-door,impreza,74de4ceeebea9b4ead58adfdcdddb16fadf3952ca4a9284ff6ff8b42959cd439,C:\Users\Nikeka\Documents\Codex\2026-10-09\group-se-2421-team-members-tsybus\outputs\fuel_consumption_project\data\raw\benchmark_2015_2025_20261009\vehicles\40192.json,https://www.fueleconomy.gov/ws/rest/vehicle/40192,False,impreza
84a08efb295dfac65a05,40207,2019,Subaru,Impreza Sport 5-Door,Impreza,subaru,impreza sport 5-door,impreza,ad20322fe1d97febd1c7536eae9f26e33725190375820d06c9491e0105f79984,C:\Users\Nikeka\Documents\Codex\2026-10-09\group-se-2421-team-members-tsybus\outputs\fuel_consumption_project\data\raw\benchmark_2015_2025_20261009\vehicles\40207.json,https://www.fueleconomy.gov/ws/rest/vehicle/40207,True,impreza
84a08efb295dfac65a05,40208,2019,Subaru,Impreza Sport 5-Door,Impreza,subaru,impreza sport 5-door,impreza,925ba502bae7712143f0d5f212e89157cfc99015ea71951af9fef29c11da3e46,C:\Users\Nikeka\Documents\Codex\2026-10-09\group-se-2421-team-members-tsybus\outputs\fuel_consumption_project\data\raw\benchmark_2015_2025_20261009\vehicles\40208.json,https://www.fueleconomy.gov/ws/rest/vehicle/40208,True,impreza
84a08efb295dfac65a05,42007,2020,Subaru,Impreza 4-Door,Impreza,subaru,impreza 4-door,impreza,a48a4e4438390d337c7fe315dfa89d7f2d759246834da9a8a6107acf58e48f9f,C:\Users\Nikeka\Documents\Codex\2026-10-09\group-se-2421-team-members-tsybus\outputs\fuel_consumption_project\data\raw\benchmark_2015_2025_20261009\vehicles\42007.json,https://www.fueleconomy.gov/ws/rest/vehicle/42007,True,impreza
84a08efb295dfac65a05,42008,2020,Subaru,Impreza 4-Door,Impreza,subaru,impreza 4-door,impreza,c0fb073aed5179630744298e697aff2a07e63bc77873e7f84472b9c1542b0813,C:\Users\Nikeka\Documents\Codex\2026-10-09\group-se-2421-team-members-tsybus\outputs\fuel_consumption_project\data\raw\benchmark_2015_2025_20261009\vehicles\42008.json,https://www.fueleconomy.gov/ws/rest/vehicle/42008,True,impreza
84a08efb295dfac65a05,42024,2020,Subaru,Impreza 5-Door,Impreza,subaru,impreza 5-door,impreza,d1f1a0390719c30f6fe31df69848a85190ad392edba4052d34187b329daa696c,C:\Users\Nikeka\Documents\Codex\2026-10-09\group-se-2421-team-members-tsybus\outputs\fuel_consumption_project\data\raw\benchmark_2015_2025_20261009\vehicles\42024.json,https://www.fueleconomy.gov/ws/rest/vehicle/42024,True,impreza
84a08efb295dfac65a05,42025,2020,Subaru,Impreza 5-Door,Impreza,subaru,impreza 5-door,impreza,297a5b1f6afb3a3054104ca4eae9006ee118e6fca5113fef5b200373eafbb51a,C:\Users\Nikeka\Documents\Codex\2026-10-09\group-se-2421-team-members-tsybus\outputs\fuel_consumption_project\data\raw\benchmark_2015_2025_20261009\vehicles\42025.json,https://www.fueleconomy.gov/ws/rest/vehicle/42025,True,impreza
84a08efb295dfac65a05,44064,2022,Subaru,Impreza Sport 5-Door,Impreza,subaru,impreza sport 5-door,impreza,0be3fbe2cc4a036ee9e76671407e2ca4ff047ea537117133f646df73eb00b9b6,C:\Users\Nikeka\Documents\Codex\2026-10-09\group-se-2421-team-members-tsybus\outputs\fuel_consumption_project\data\raw\benchmark_2015_2025_20261009\vehicles\44064.json,https://www.fueleconomy.gov/ws/rest/vehicle/44064,True,impreza
84a08efb295dfac65a05,44065,2022,Subaru,Impreza Sport 5-Door,Impreza,subaru,impreza sport 5-door,impreza,28e617c70404c0e28e186676dd44c2eb23e1f35aa838fed43e87ec391f4cc4a7,C:\Users\Nikeka\Documents\Codex\2026-10-09\group-se-2421-team-members-tsybus\outputs\fuel_consumption_project\data\raw\benchmark_2015_2025_20261009\vehicles\44065.json,https://www.fueleconomy.gov/ws/rest/vehicle/44065,True,impreza
84a08efb295dfac65a05,45436,2023,Subaru,Impreza 4-Door,Impreza,subaru,impreza 4-door,impreza,b15d02e15b4d54b60546afb4946fd6432cf98f07991952febc7aa752fcec93ac,C:\Users\Nikeka\Documents\Codex\2026-10-09\group-se-2421-team-members-tsybus\outputs\fuel_consumption_project\data\raw\benchmark_2015_2025_20261009\vehicles\45436.json,https://www.fueleconomy.gov/ws/rest/vehicle/45436,True,impreza
84a08efb295dfac65a05,45437,2023,Subaru,Impreza 4-Door,Impreza,subaru,impreza 4-door,impreza,5ad04814dc7ce68c21c0d68b70c1aade1863fe8bbe74c77c2208497d8d78e007,C:\Users\Nikeka\Documents\Codex\2026-10-09\group-se-2421-team-members-tsybus\outputs\fuel_consumption_project\data\raw\benchmark_2015_2025_20261009\vehicles\45437.json,https://www.fueleconomy.gov/ws/rest/vehicle/45437,True,impreza
84a08efb295dfac65a05,45438,2023,Subaru,Impreza Sport 4-Door,Impreza,subaru,impreza sport 4-door,impreza,19560c6c1238efbe73a860e6f8a23b1cdfa28271d7d55d04513e6a49574965f7,C:\Users\Nikeka\Documents\Codex\2026-10-09\group-se-2421-team-members-tsybus\outputs\fuel_consumption_project\data\raw\benchmark_2015_2025_20261009\vehicles\45438.json,https://www.fueleconomy.gov/ws/rest/vehicle/45438,False,impreza
84a08efb295dfac65a05,45442,2023,Subaru,Impreza Sport 5-Door,Impreza,subaru,impreza sport 5-door,impreza,bd9a86ad51e541be33dd27c74f91ec03b03f3718c05e95cb3869bd9db650b832,C:\Users\Nikeka\Documents\Codex\2026-10-09\group-se-2421-team-members-tsybus\outputs\fuel_consumption_project\data\raw\benchmark_2015_2025_20261009\vehicles\45442.json,https://www.fueleconomy.gov/ws/rest/vehicle/45442,True,impreza
84a08efb295dfac65a05,45443,2023,Subaru,Impreza Sport 5-Door,Impreza,subaru,impreza sport 5-door,impreza,3ea2e85ffa509990bbdced8a3c27120c480cba640fa54a2fec83297d6f052b38,C:\Users\Nikeka\Documents\Codex\2026-10-09\group-se-2421-team-members-tsybus\outputs\fuel_consumption_project\data\raw\benchmark_2015_2025_20261009\vehicles\45443.json,https://www.fueleconomy.gov/ws/rest/vehicle/45443,True,impreza
84a08efb295dfac65a05,46530,2024,Subaru,Impreza,Impreza,subaru,impreza,impreza,9e96d4c6a730e21c4de903bae17142790b46687ee54f4d1eb5b969b13af7885f,C:\Users\Nikeka\Documents\Codex\2026-10-09\group-se-2421-team-members-tsybus\outputs\fuel_consumption_project\data\raw\benchmark_2015_2025_20261009\vehicles\46530.json,https://www.fueleconomy.gov/ws/rest/vehicle/46530,False,impreza
84a08efb295dfac65a05,46531,2024,Subaru,Impreza,Impreza,subaru,impreza,impreza,a4d7eede2c2d07590f728152f9f3bde0b77f93de6f6ef9e75fd602cd156ffa92,C:\Users\Nikeka\Documents\Codex\2026-10-09\group-se-2421-team-members-tsybus\outputs\fuel_consumption_project\data\raw\benchmark_2015_2025_20261009\vehicles\46531.json,https://www.fueleconomy.gov/ws/rest/vehicle/46531,False,impreza
84a08efb295dfac65a05,48507,2025,Subaru,Impreza,Impreza,subaru,impreza,impreza,df66d02c449726cea43d47750d25e96fc43daf1ed2ff853075da3f148ae1299c,C:\Users\Nikeka\Documents\Codex\2026-10-09\group-se-2421-team-members-tsybus\outputs\fuel_consumption_project\data\raw\benchmark_2015_2025_20261009\vehicles\48507.json,https://www.fueleconomy.gov/ws/rest/vehicle/48507,False,impreza
84a08efb295dfac65a05,48508,2025,Subaru,Impreza,Impreza,subaru,impreza,impreza,7fef940c3643c3330ac24f3baba27e5815dd846775d11802ec5ea0f9306b3760,C:\Users\Nikeka\Documents\Codex\2026-10-09\group-se-2421-team-members-tsybus\outputs\fuel_consumption_project\data\raw\benchmark_2015_2025_20261009\vehicles\48508.json,https://www.fueleconomy.gov/ws/rest/vehicle/48508,False,impreza
82f8c2010ed3efb57219,35055,2015,Subaru,Outback AWD,Legacy/Outback,subaru,outback awd,legacy/outback,76da5fab049bb4820216dfbef87b00552a3e0cdae2db299063e82399b20a6e4b,C:\Users\Nikeka\Documents\Codex\2026-10-09\group-se-2421-team-members-tsybus\outputs\fuel_consumption_project\data\raw\benchmark_2015_2025_20261009\vehicles\35055.json,https://www.fueleconomy.gov/ws/rest/vehicle/35055,True,legacy
82f8c2010ed3efb57219,35056,2015,Subaru,Outback AWD,Legacy/Outback,subaru,outback awd,legacy/outback,6272e847a2dafff9ab8d50f26762d7793710c4829ee2304c0f5ba746625893ca,C:\Users\Nikeka\Documents\Codex\2026-10-09\group-se-2421-team-members-tsybus\outputs\fuel_consumption_project\data\raw\benchmark_2015_2025_20261009\vehicles\35056.json,https://www.fueleconomy.gov/ws/rest/vehicle/35056,True,legacy
82f8c2010ed3efb57219,36406,2016,Subaru,Legacy AWD,Legacy/Outback,subaru,legacy awd,legacy/outback,073807455696fbbc085d8ea433a5389c9a7c982575b6de433b8f711e6e011de0,C:\Users\Nikeka\Documents\Codex\2026-10-09\group-se-2421-team-members-tsybus\outputs\fuel_consumption_project\data\raw\benchmark_2015_2025_20261009\vehicles\36406.json,https://www.fueleconomy.gov/ws/rest/vehicle/36406,True,legacy
82f8c2010ed3efb57219,36407,2016,Subaru,Legacy AWD,Legacy/Outback,subaru,legacy awd,legacy/outback,6f3917c371739eef4c1f2d45c50be7304f852b169620752e1d15d5f7d7b16bb0,C:\Users\Nikeka\Documents\Codex\2026-10-09\group-se-2421-team-members-tsybus\outputs\fuel_consumption_project\data\raw\benchmark_2015_2025_20261009\vehicles\36407.json,https://www.fueleconomy.gov/ws/rest/vehicle/36407,True,legacy
82f8c2010ed3efb57219,36434,2016,Subaru,Outback AWD,Legacy/Outback,subaru,outback awd,legacy/outback,8dcf882750d1faee94f909d93474472e084a35c80847b476d7e9de18b70dd0fa,C:\Users\Nikeka\Documents\Codex\2026-10-09\group-se-2421-team-members-tsybus\outputs\fuel_consumption_project\data\raw\benchmark_2015_2025_20261009\vehicles\36434.json,https://www.fueleconomy.gov/ws/rest/vehicle/36434,True,legacy
82f8c2010ed3efb57219,36435,2016,Subaru,Outback AWD,Legacy/Outback,subaru,outback awd,legacy/outback,5d53ab230464f2cd5afb0e228d0931da7c2abede8545014e5b55f92243b876c7,C:\Users\Nikeka\Documents\Codex\2026-10-09\group-se-2421-team-members-tsybus\outputs\fuel_consumption_project\data\raw\benchmark_2015_2025_20261009\vehicles\36435.json,https://www.fueleconomy.gov/ws/rest/vehicle/36435,True,legacy
82f8c2010ed3efb57219,37430,2017,Subaru,Legacy AWD,Legacy/Outback,subaru,legacy awd,legacy/outback,bbd6fb7ea2ff1e2564f265e9d38f937f56bfb4a761fd7814bcc45a256936fde1,C:\Users\Nikeka\Documents\Codex\2026-10-09\group-se-2421-team-members-tsybus\outputs\fuel_consumption_project\data\raw\benchmark_2015_2025_20261009\vehicles\37430.json,https://www.fueleconomy.gov/ws/rest/vehicle/37430,True,legacy
82f8c2010ed3efb57219,37435,2017,Subaru,Outback AWD,Legacy/Outback,subaru,outback awd,legacy/outback,73fdbdcb2f43560eeb23780778c1c14128be40d6d7ac5f8aa5fcf0b0a2ddf9b2,C:\Users\Nikeka\Documents\Codex\2026-10-09\group-se-2421-team-members-tsybus\outputs\fuel_consumption_project\data\raw\benchmark_2015_2025_20261009\vehicles\37435.json,https://www.fueleconomy.gov/ws/rest/vehicle/37435,True,legacy
82f8c2010ed3efb57219,37451,2017,Subaru,Legacy AWD,Legacy/Outback,subaru,legacy awd,legacy/outback,9facdfa5cca9042af4bb8ab6f9d5997bc9558a4dab9c3c447d763b2e3fb689c4,C:\Users\Nikeka\Documents\Codex\2026-10-09\group-se-2421-team-members-tsybus\outputs\fuel_consumption_project\data\raw\benchmark_2015_2025_20261009\vehicles\37451.json,https://www.fueleconomy.gov/ws/rest/vehicle/37451,True,legacy
82f8c2010ed3efb57219,37466,2017,Subaru,Outback AWD,Legacy/Outback,subaru,outback awd,legacy/outback,06e01ec54671cd54da05e080a7b94ec972cbd4a39dcea2b9ce80077313cdfb7d,C:\Users\Nikeka\Documents\Codex\2026-10-09\group-se-2421-team-members-tsybus\outputs\fuel_consumption_project\data\raw\benchmark_2015_2025_20261009\vehicles\37466.json,https://www.fueleconomy.gov/ws/rest/vehicle/37466,True,legacy
82f8c2010ed3efb57219,38856,2018,Subaru,Outback AWD,Outback,subaru,outback awd,outback,6c31611d8651d0811070ed96dfbd99db527f60f98b7651d2d9e51cfb5db610e4,C:\Users\Nikeka\Documents\Codex\2026-10-09\group-se-2421-team-members-tsybus\outputs\fuel_consumption_project\data\raw\benchmark_2015_2025_20261009\vehicles\38856.json,https://www.fueleconomy.gov/ws/rest/vehicle/38856,True,legacy
82f8c2010ed3efb57219,38857,2018,Subaru,Outback AWD,Outback,subaru,outback awd,outback,255e51af3dcf5c70d1a12ecda62b701f5e6b99d912211d3efba0a6dafdf6f211,C:\Users\Nikeka\Documents\Codex\2026-10-09\group-se-2421-team-members-tsybus\outputs\fuel_consumption_project\data\raw\benchmark_2015_2025_20261009\vehicles\38857.json,https://www.fueleconomy.gov/ws/rest/vehicle/38857,True,legacy
82f8c2010ed3efb57219,40373,2019,Subaru,Legacy AWD,Legacy,subaru,legacy awd,legacy,48a682d58b345f5760bfc19efe770468ecbb5632974b861f06ec161e0f13da93,C:\Users\Nikeka\Documents\Codex\2026-10-09\group-se-2421-team-members-tsybus\outputs\fuel_consumption_project\data\raw\benchmark_2015_2025_20261009\vehicles\40373.json,https://www.fueleconomy.gov/ws/rest/vehicle/40373,True,legacy
82f8c2010ed3efb57219,40374,2019,Subaru,Legacy AWD,Legacy,subaru,legacy awd,legacy,52d29fc5ad7bfde378d0b9368616ba2e9ac5bbbcded521a54fd1a1e1fa7f783e,C:\Users\Nikeka\Documents\Codex\2026-10-09\group-se-2421-team-members-tsybus\outputs\fuel_consumption_project\data\raw\benchmark_2015_2025_20261009\vehicles\40374.json,https://www.fueleconomy.gov/ws/rest/vehicle/40374,True,legacy
82f8c2010ed3efb57219,40382,2019,Subaru,Outback AWD,Outback,subaru,outback awd,outback,4a15a790c2de89adb304b30322436819d4b77b4e5d937b4686fcfce638d866c6,C:\Users\Nikeka\Documents\Codex\2026-10-09\group-se-2421-team-members-tsybus\outputs\fuel_consumption_project\data\raw\benchmark_2015_2025_20261009\vehicles\40382.json,https://www.fueleconomy.gov/ws/rest/vehicle/40382,True,legacy
82f8c2010ed3efb57219,40383,2019,Subaru,Outback AWD,Outback,subaru,outback awd,outback,b370d802c085047fb56de2a46c222388a37221f4202ecbaf81fff2a4a23810fe,C:\Users\Nikeka\Documents\Codex\2026-10-09\group-se-2421-team-members-tsybus\outputs\fuel_consumption_project\data\raw\benchmark_2015_2025_20261009\vehicles\40383.json,https://www.fueleconomy.gov/ws/rest/vehicle/40383,True,legacy
82f8c2010ed3efb57219,42858,2021,Subaru,Outback AWD,Outback,subaru,outback awd,outback,2efda8242c9916a5855daa1b1526587f9675325f5fd8dd32b88eaef83f14ab4c,C:\Users\Nikeka\Documents\Codex\2026-10-09\group-se-2421-team-members-tsybus\outputs\fuel_consumption_project\data\raw\benchmark_2015_2025_20261009\vehicles\42858.json,https://www.fueleconomy.gov/ws/rest/vehicle/42858,True,legacy
82f8c2010ed3efb57219,42859,2021,Subaru,Outback AWD,Outback,subaru,outback awd,outback,b340aeac79176db20f1590a665b33c9fffeb1e4d282a7d24c9a0b329bbeb852d,C:\Users\Nikeka\Documents\Codex\2026-10-09\group-se-2421-team-members-tsybus\outputs\fuel_consumption_project\data\raw\benchmark_2015_2025_20261009\vehicles\42859.json,https://www.fueleconomy.gov/ws/rest/vehicle/42859,True,legacy
82f8c2010ed3efb57219,46528,2024,Subaru,Legacy AWD,Legacy,subaru,legacy awd,legacy,8eff5711a81001170881cd01d5f45d67dbbdeb59a4b88daec607642f8212272d,C:\Users\Nikeka\Documents\Codex\2026-10-09\group-se-2421-team-members-tsybus\outputs\fuel_consumption_project\data\raw\benchmark_2015_2025_20261009\vehicles\46528.json,https://www.fueleconomy.gov/ws/rest/vehicle/46528,True,legacy
82f8c2010ed3efb57219,46529,2024,Subaru,Legacy AWD,Legacy,subaru,legacy awd,legacy,b2b04cb15b7b2b729d26d7aeea8df379cc50d1d765035c760a47db316051d2fa,C:\Users\Nikeka\Documents\Codex\2026-10-09\group-se-2421-team-members-tsybus\outputs\fuel_consumption_project\data\raw\benchmark_2015_2025_20261009\vehicles\46529.json,https://www.fueleconomy.gov/ws/rest/vehicle/46529,True,legacy
82f8c2010ed3efb57219,46541,2024,Subaru,Outback AWD,Outback,subaru,outback awd,outback,098e94f86bfc5ade4a57bc53c256de1826fc5e4e1cab9e012db23408233be5c5,C:\Users\Nikeka\Documents\Codex\2026-10-09\group-se-2421-team-members-tsybus\outputs\fuel_consumption_project\data\raw\benchmark_2015_2025_20261009\vehicles\46541.json,https://www.fueleconomy.gov/ws/rest/vehicle/46541,True,legacy
82f8c2010ed3efb57219,46542,2024,Subaru,Outback AWD,Outback,subaru,outback awd,outback,9479322ee48ff5bcd86372330b8ac6d1a6dda564aafe0d2c7bff99395059cca5,C:\Users\Nikeka\Documents\Codex\2026-10-09\group-se-2421-team-members-tsybus\outputs\fuel_consumption_project\data\raw\benchmark_2015_2025_20261009\vehicles\46542.json,https://www.fueleconomy.gov/ws/rest/vehicle/46542,True,legacy
