component,numeric__model_year,numeric__displacement_l,numeric__cylinders,categorical__manufacturer_Acura,categorical__manufacturer_Alfa Romeo,categorical__manufacturer_Aston Martin,categorical__manufacturer_Audi,categorical__manufacturer_BMW,categorical__manufacturer_Bentley,categorical__manufacturer_Bugatti,categorical__manufacturer_Buick,categorical__manufacturer_Cadillac,categorical__manufacturer_Chevrolet,categorical__manufacturer_Chrysler,categorical__manufacturer_Dodge,categorical__manufacturer_Ferrari,categorical__manufacturer_Fiat,categorical__manufacturer_Ford,categorical__manufacturer_GMC,categorical__manufacturer_Genesis,categorical__manufacturer_Honda,categorical__manufacturer_Hyundai,categorical__manufacturer_INEOS Automotive,categorical__manufacturer_Infiniti,categorical__manufacturer_Jaguar,categorical__manufacturer_Jeep,categorical__manufacturer_Kia,categorical__manufacturer_Koenigsegg,categorical__manufacturer_Lamborghini,categorical__manufacturer_Land Rover,categorical__manufacturer_Lexus,categorical__manufacturer_Lincoln,categorical__manufacturer_Lotus,categorical__manufacturer_MINI,categorical__manufacturer_Maserati,categorical__manufacturer_Mazda,categorical__manufacturer_McLaren Automotive,categorical__manufacturer_Mercedes-Benz,categorical__manufacturer_Mitsubishi,categorical__manufacturer_Nissan,categorical__manufacturer_Pagani,categorical__manufacturer_Porsche,categorical__manufacturer_RUF Automobile,categorical__manufacturer_Rolls-Royce,categorical__manufacturer_Roush Performance,categorical__manufacturer_STI,categorical__manufacturer_Scion,categorical__manufacturer_Subaru,categorical__manufacturer_Toyota,categorical__manufacturer_Volkswagen,categorical__manufacturer_Volvo,categorical__manufacturer_smart,categorical__transmission_Automatic (AM-S6),categorical__transmission_Automatic (AM-S7),categorical__transmission_Automatic (AM-S8),categorical__transmission_Automatic (AM5),categorical__transmission_Automatic (AM6),categorical__transmission_Automatic (AM7),categorical__transmission_Automatic (AM8),categorical__transmission_Automatic (AV-S10),categorical__transmission_Automatic (AV-S6),categorical__transmission_Automatic (AV-S7),categorical__transmission_Automatic (AV-S8),categorical__transmission_Automatic (S10),categorical__transmission_Automatic (S4),categorical__transmission_Automatic (S5),categorical__transmission_Automatic (S6),categorical__transmission_Automatic (S7),categorical__transmission_Automatic (S8),categorical__transmission_Automatic (S9),categorical__transmission_Automatic (variable gear ratios),categorical__transmission_Automatic 10-spd,categorical__transmission_Automatic 4-spd,categorical__transmission_Automatic 5-spd,categorical__transmission_Automatic 6-spd,categorical__transmission_Automatic 7-spd,categorical__transmission_Automatic 8-spd,categorical__transmission_Automatic 9-spd,categorical__transmission_Manual 5-spd,categorical__transmission_Manual 6-spd,categorical__transmission_Manual 7-spd,categorical__drivetrain_4-Wheel Drive,categorical__drivetrain_All-Wheel Drive,categorical__drivetrain_Front-Wheel Drive,categorical__drivetrain_Part-time 4-Wheel Drive,categorical__drivetrain_Rear-Wheel Drive,categorical__vehicle_class_Compact Cars,categorical__vehicle_class_Large Cars,categorical__vehicle_class_Midsize Cars,categorical__vehicle_class_Midsize Station Wagons,categorical__vehicle_class_Minicompact Cars,categorical__vehicle_class_Small Sport Utility Vehicle 2WD,categorical__vehicle_class_Small Sport Utility Vehicle 4WD,categorical__vehicle_class_Small Station Wagons,categorical__vehicle_class_Standard Sport Utility Vehicle 2WD,categorical__vehicle_class_Standard Sport Utility Vehicle 4WD,categorical__vehicle_class_Subcompact Cars,categorical__vehicle_class_Two Seaters
0,-0.02424383451990697,0.6817848569779584,0.6833099226223514,-0.006576493900180502,-0.00641662329771301,0.012567297728248612,-0.0035192582641590643,4.9272325211099734e-05,0.02328633238684142,0.014107191526650522,-0.01672825591993429,-0.0039505245287936785,-0.003265122889713087,0.004180685857736656,0.012247557297925255,0.03116596248200475,-0.0026516867184601793,-0.005020875915482229,0.007122568161590107,0.002806765358224946,-0.017761223209724418,-0.006668662657239988,4.2495759663279126e-05,0.0010299382956645402,0.00412123906378176,-0.0010350166430941553,-0.009642991278059135,0.0003241612167914264,0.03350152437361897,0.002689256850142293,0.00031890315075699824,-0.00502332597474921,0.000260085557523471,-0.016045978667606497,0.006740853156132386,-0.021643071639302524,0.006199767869693039,0.005230576862196397,-0.02667508959667501,-0.002862123124666967,0.00063710662428484,0.00431097581510332,0.000419565361764885,0.03082223244845268,0.003651349302102387,-0.00016849468802418688,-0.0024439212220079684,-0.01827216303080951,-0.004813592608380146,-0.012373655985216312,-0.011804025719094209,-0.0024714873530199146,-0.0026070286666050797,0.04610901653911448,0.006776433999882603,-0.0005990781372804773,-0.0008640476574807934,0.024437204552541374,0.0034697652187760364,-0.0013841633649083914,-0.011091082904713069,-0.0096117661055614,-0.0161324809734824,-0.005781779823930652,-0.00018657464912986667,0.0006707637369800437,-0.04202269681680085,0.007697234934022009,0.04275012806205051,-0.007492025833582073,-0.024679876842502745,0.00954512732566885,-0.0008304521560864284,0.0005001957126332791,0.0008749425965242881,0.006862946845317559,0.020646407986311767,-0.005667595830417671,-0.013498327641135661,-0.02860134912730265,0.0007101590210977061,0.0069187741930888435,-0.0031755243284433605,-0.13263153195326302,0.003965220871517831,0.12492306121709972,-0.03960050292617451,0.030646500829296926,-0.031365651072415054,-0.0002716672581216876,0.021655120702625992,-0.041902703859169194,-0.060875767897509245,-0.01882607812933065,0.015303808094973169,0.039925664099160256,0.006756139285894729,0.0785551381307692
1,0.9823913831573833,0.008957849517057442,0.005359640042868208,0.0032280605324764428,0.00910318194515619,0.003970080921692351,-0.002574588912947692,4.609225465218812e-05,0.004639695228020622,0.002813776133833599,0.003963309903438539,0.006047176995620774,-0.004530287005005967,-0.002942786987966254,0.004410823076313059,-0.006491156573461056,-0.0029485385095454537,0.002538965027253,-0.003955149776480852,0.013752097621134095,-0.004428348823285782,0.002030875591192834,0.0033779285462010302,0.007678031561870331,0.00017521381126472038,0.002775594275432818,-0.006170683091985844,-0.00021600611732368357,0.0030177643020581975,-0.006924580275029399,-3.6445894558078594e-05,-0.004615123679312081,0.002220143976636782,-0.0013875338990288902,0.004201811288984221,-0.0029871642413757146,-0.0023302405252511684,-0.006870332031370152,0.0013113864127564552,-0.0009603187404556162,-0.00045495866688873227,0.001896114647351785,0.00010795972709828264,-0.003323270127322715,-0.0026570682433187443,-7.961113759830013e-05,-0.006139897668772213,0.0014183154269161815,0.002257215319096236,0.0032890754127095807,-0.013714725861932932,-0.003531873148943037,-0.004071579355306317,0.0022966749637354225,0.014785796891080978,-0.001183011073774518,-0.0012214252540184863,-0.016190085566103643,0.0054657238054118765,0.0005385253361514554,-0.009729709434308061,-0.0027367640251611345,0.025937040999661817,0.035278324920676396,-0.0006090427840021059,0.0010409262640380544,-0.07428419467456226,-0.0021830602184579376,0.042751090924409416,0.006897127823630564,0.0028031961610255536,0.008598121273310529,-0.002069509368726208,-0.003593982365947029,-0.016146650226906534,-0.011895320660748117,0.03826631671907621,0.0029402562039438163,-0.013464908033588933,-0.02804874184779659,-0.00017113739674364724,0.011140285015764112,0.08487902217125814,-0.077980933148401,0.007072792952943245,-0.025111166991564553,-0.03611437277723102,-0.01632470876464056,-0.01876751550882107,0.0006258895233162304,0.0037418456530190665,-0.009154704472169782,0.04462367864938311,-0.010807833107221993,0.004947256963390246,0.04982882195545918,-0.0053198058283058245,-0.0072785522861778355
2,-0.13740043214758535,-0.01860864713266497,0.0009668013758527272,0.006666714501017856,0.004216445773670807,-0.012572751773479676,0.03448940989233056,0.00830354197695761,0.03024272027490113,0.006024981528147767,0.012493026437613654,-0.001870039417636413,-0.021228175338582435,-0.004047947001042709,-0.0008430498915432187,-0.04090063873702785,-0.0017841156265800454,0.0050398144408013434,-0.008999018601128063,0.016346820771243206,-0.02814054776222745,-0.011109341041210386,-0.0008524844798529003,0.00682953261224714,0.01809018937886167,0.01795333774116261,-0.013395768658997137,-0.00046954261388497707,0.021623092527535404,0.024536914576165643,-0.005005973241427333,0.009607521247049328,-0.003123843792570037,-0.005471031854434729,0.005448443630323748,-0.05022204169936162,-0.013542152655200835,-0.00750833898540297,-0.04271507462200254,-0.02587664741557792,-0.0004182278401313553,0.00945646423979278,-0.0021655796938064536,-0.01925360932025473,-0.005462799615320384,0.0004898526483060894,-0.004557463763947076,0.07856877110921086,-0.014211396454965669,-0.002306348254390787,0.034293012570845646,-0.002666657726197457,0.005981071859121686,0.022322437807750128,0.005757933925549663,-0.0005506683530755155,-0.00047676430509440603,-0.03892892169246203,-0.004443853659546431,-0.002418690299274754,0.00577841856654379,0.009307076171045153,0.010284117402500757,-0.010911088797481375,-0.0003099772515717775,-0.0003757267484108353,-0.02029618948633271,-0.0005828948559707277,0.10612244982698961,0.028350052615178627,-0.04223629658676562,-0.014195090269571387,-0.0019958224546308386,0.00014635404498467429,-0.007614458118879016,-0.010211859533570974,0.018981019633449385,0.015110131597665881,-0.00594180792695499,-0.06269951888836964,-0.003951434222816637,0.0032698012680393205,0.7220591855278287,-0.4066531205688508,-0.005032301445568125,-0.3136435647814492,-0.06120678766497195,-0.029979797556093323,-0.06126525077126088,0.0015339978344739214,-0.02414874118599248,-0.15620258297135764,0.32384952220679875,0.021526206787520312,-0.05039496087778099,0.08973220948982348,0.002773110543771182,-0.056216925834930556
3,-0.032756661042083766,-0.15131129648969746,-0.12545917012889185,-0.04904481108457928,0.04225597042294088,0.007943495434188153,0.001828328783252564,0.055303767807007076,-0.03635822041178663,-0.026280053081535387,-0.0378302583075263,0.04207359490216963,-0.030276208345013843,0.015176409869790242,0.005804939296670756,0.04950370367411037,0.013304749914825631,-0.009179911266841504,-0.007761762172073457,0.05936502709242307,-0.04343731065566265,-0.014029904190463795,-0.001117250996524311,0.007018088460408222,0.07266582035461698,-0.02832216905172047,-0.026551234386342132,0.0008281779171843231,-0.04590757850769143,-0.009999687601123826,-0.004224560857611703,-0.029368014443425548,0.003962283979740423,-0.004153488062625374,0.060196448001089434,-0.049508721528294386,0.026586086790078782,0.009224254239782988,-0.048032766098220346,-0.024830568684563518,0.0003722398953888225,0.027009150472011117,0.004690572908516361,0.014089428800105037,0.006880204465196868,0.00021101449594135386,-0.005754119501552613,0.017296290241173556,-0.019885862485068143,-0.014672421759172731,0.006803251642356607,0.016133583618449625,0.000364297374737807,-0.05277693810359144,-0.018142490750001322,0.004060597420816849,0.005786186478413264,0.051463314249102984,0.0022966060803665074,-0.0025136482291545025,-0.019530856811343617,-0.015853030830245557,-0.014251336375597678,0.007598269272039736,-0.0005298766903010525,-0.0010925123036488427,-0.19265126325491772,0.017240431989450647,0.1865577501439242,-0.029860121859118533,-0.048657097803309755,-0.006576046786356596,-0.0030465274841435415,-0.0006596079807250184,-0.008538515405564955,0.02409032787780891,0.10416747890176432,-0.03380253724842619,-0.004432139851730497,0.03576060433587841,0.013528683643872799,-0.08130760188556944,-0.07000348297272081,-0.5081609752803508,-0.013479994857760256,0.6729520549964005,0.017262617298416105,0.0853658335540299,0.01229531312733661,-0.006575854482222471,0.034155748499427846,-0.21701836642779077,0.044568697088811726,-0.004033879428307616,0.021656861417264736,-0.14408431467033175,0.02558775548946953,0.1308195885338962
4,-0.012176048810461046,-0.00415385951389223,0.008256749318741416,-0.019412428634198273,-0.03476933788234081,0.0035673298424685196,0.01794786707870663,0.06023598848433678,0.05112861814580924,-0.008084282789445285,-0.020067614782143806,0.014346119108426425,-0.009598861052791785,-0.011994759480886241,-0.02932143404950156,-0.062280780385874035,-0.007976901188742823,-0.015709109984487497,-0.017489529432871277,0.11753622448144378,-0.003305272094365166,0.0225804003168627,0.0058065559057766765,-0.04035235238739099,0.07938084152712227,-0.07476629884789626,0.015354166119943821,-0.0007000780278333424,-0.03068947888288947,0.027007084629375462,0.036506743793831405,-0.013096183343764167,-0.0034275668982197147,0.03827941806740943,-0.03940593499170886,-0.05231796072296284,-0.021667616986670586,-0.02947401977890558,-0.03199847836950037,-0.020486885953025037,-0.0007388716911222948,-0.028697456454019492,-0.0028708285040946933,0.060978697877384455,-0.006023819826378666,-4.538132500383475e-05,0.0007155370406992307,-0.04026851312521039,0.02647004487356485,0.03402710157645285,0.07055510378166509,-0.005385804777035579,-0.0014076894698303699,-0.09425232754893108,-0.011825675079201969,-0.0013270485979029307,-0.0022464250343934493,-0.061879591243335225,-0.0077687659899273965,0.000644339054297196,-0.028873004757818673,-0.010790034761660508,-0.03442140301495181,-0.030613534888815335,6.302762190000933e-05,-0.0017882582581529116,-0.11666123625034244,-0.03294731602551281,0.8225658883060211,-0.0457051851437558,-0.0005743190672326669,-0.01705987098742452,0.0005731982445719456,-0.005039947180414089,-0.017162851970401637,-0.020589780138797534,-0.17152666062552677,-0.05384756609230049,-0.0019951666103320605,-0.036992463732236434,-0.016550330757590992,-0.14216391873322953,0.06077551977583576,0.17894419319714017,-0.01634210898962393,-0.08121368525012236,0.12068685382325386,0.12077078596461302,0.08096673200702692,0.00722671954321672,-0.038610662314907895,0.07176785433683822,-0.24863699025709698,0.009098504882199791,-0.04032267879952451,0.042289380999636805,0.006906643856826292,-0.13214314404208236
5,-0.033856181222977046,0.17225529307399765,-0.17203997152034753,-0.02194351566973383,-0.015935028916643168,0.014421439493051358,-0.04566923044589252,-0.009168396370532572,-0.021615225911252034,-0.028804345829030242,-0.009595437298500431,-0.0209154001887491,0.011049618476483891,0.004264878056633781,0.02192636067563855,-0.049326516414217106,-0.004130371528565516,0.012522663705793836,0.027122662785982556,0.026271065712498324,-0.03555138662544708,0.007091968767782088,0.013071085269689042,-0.008551222963726452,0.0030166227192283397,0.09934965147021219,0.0026859198429151697,-0.0002820662833180713,-0.10574966327226461,0.13015537013255105,0.009783810872400892,-2.101618748531804e-05,-0.0022143171744246587,-0.046814805789706974,-0.028519435224003298,0.05522089385376433,-0.02323361698649799,0.028152118461736753,0.06711820736369528,-0.006317694195265014,-0.0007253894752580803,0.0023209115495222634,-0.0012383082141952776,0.01944075137246789,-0.00028069509190489767,-0.0009161011245032797,-0.003721307622839047,-0.06342473185063734,0.00858295281938772,-0.014530520604865317,0.009926595566618691,-0.004299801708594564,-0.010405311754854799,-0.2010907484569473,-0.03468187049125733,-0.0009317499613047505,-0.0022023072950968,-0.04722459879306636,-0.00504355476411014,-0.002518975069583257,0.04131722812425421,-0.03510796776307824,0.007800759360100107,-0.03409337730424925,-6.488646024612995e-05,0.0037641053848099493,0.06975398335311893,-0.0001180519385475673,0.22000621515115334,0.03560616716157579,-0.03857725181408324,0.03629811943803038,-3.499031804616282e-05,0.010830011378671884,0.010375860207106954,0.0019871057467977116,0.039940585893860105,0.05144939258585625,-0.025783895677075272,-0.10029339264374437,0.009043396719955575,0.5262282694932676,-0.35679361573595836,-0.1492678317014017,0.01636839987797919,-0.03653522193388672,-0.10366378611321876,0.06219081000814502,-0.24440587737460204,0.0007229578481210018,-0.006609599438183911,0.022044360524873827,0.3429841202445059,-0.04934503967010915,0.03275546266294061,0.2504195735608445,-0.05668302065919239,-0.2504099615941247
6,-0.020473932876034186,0.14537658443666052,-0.14114519427101127,-0.045578749373489214,0.08421902539830364,-0.008972815829124292,-0.021431219324068884,-0.033976474207479845,-0.0009160326656757929,-0.019966627855828145,0.002537628087472321,-0.015609088796437298,0.007242236349419562,0.0571861624948346,0.08964413142824851,-0.07689702746786384,-0.009541908900469541,0.008803173776630983,0.01605543205098659,-0.004594536259828689,0.014586214380752922,-0.010088489829426632,-0.0008341460536394757,0.03426306706217642,-0.02700482145000296,0.037297671692481896,0.00833974829909897,-0.0006676899521067304,-0.0832375622332954,-0.016186538902524666,0.016625492826585826,0.0300565975771835,-0.003393320631193134,0.028668948354707343,0.16096768278198512,-0.016820490213131888,-0.03284530481741278,-0.010004056531962641,-0.09299178037810414,0.024379261141496678,-0.0011495786392474968,-0.03179898055992429,-0.002789822273617283,-0.0019371229514899497,0.0023963717140812356,-0.0006122566498912623,-0.001062539680231548,0.011766901372620401,0.0047941774993887805,-0.03906537137535371,-0.022581077154281367,-0.007274493331352733,-0.0027807674551717488,-0.1722250147060497,-0.013312225581091814,-0.001703196501836474,-0.0025047548124468083,-0.0854702743594491,-0.008004023706506663,-0.0005101947235629531,-0.03236798300964286,0.025615815106935058,-0.026483268918388578,-0.01367381570178848,4.295617269114396e-05,0.003493589900186434,0.02816237423293526,0.04410684734937425,-0.09031934691136463,-0.04077535816482622,0.009264136597694355,0.014416382467854498,-0.0003639390614620831,-0.001529248994055972,0.006425502824128732,-0.014291527640672827,0.4683305998574221,-0.010271494955859614,-0.0217426691845366,-0.05092896805354423,-0.010600132066964129,-0.060305765432791154,0.06541689999226201,-0.008328154325065163,0.0022043894162595105,0.0010126303493348944,-0.2880905954067585,0.20667373153010773,0.5328016713027502,-0.0012406641756381085,-0.05117669324620442,-0.05516711615231648,-0.22800006420188976,-0.009239768439180633,0.04392361914480897,0.1796493545670125,-0.029136205858678252,-0.3009972690640135
7,0.017858146024873126,-0.0611109804780852,0.07929345692446804,-0.06102673805556723,0.0003119046246601864,0.008501711007339104,0.0034520196627885746,-0.025768147330956212,-0.0042684536132517326,0.010828185752042002,0.033760168022449785,-0.06458641526601794,0.002755373048374421,-0.04401296287169837,-0.08910607435450224,0.055330352221891976,0.0031089608733099183,0.011390701680763282,-0.01886244607349344,-0.05426035181744497,-0.0056374985315929965,-0.018763107766063696,0.0011944554574943038,0.0174194667863757,0.07186989357706432,-0.04198518967543098,0.02392778796776502,0.00043520305661182477,0.03935403673830695,0.022300725881522095,0.04624235295719048,0.031142005833981728,0.0026578710018784293,0.05392232479695788,-0.08986030264308581,0.07605344065544281,0.019435027629223108,0.002703368851795446,-0.041830963161696516,0.04081451197674274,0.0007710036911102198,-0.011116338032989665,0.0016064194062048493,0.006253333718223621,0.00043848235905476673,-0.0021250880438285573,-0.004761116823645823,-0.02173199305874045,0.017287213958367603,-0.023480758724372535,0.015140457552835286,0.0027751850966104604,-0.007688504589340925,0.06641912560065596,-0.03114674495891592,0.0007300279054583797,0.0007961610527823963,0.04497156894777885,-0.0013745297335014028,-0.0009180972620897633,-0.0008101732962777726,0.018945827616328275,0.005755924635013393,-0.07095142404593907,-0.0003804926440071962,-0.004598537677868821,0.19939104108289485,0.02529227900193548,0.17043967062681858,0.004957441779534143,0.014454197532244797,-0.014243455171828736,-0.003114327847547951,0.002525331577645744,-0.012801257548988981,0.009897713873344241,-0.3001456781231036,0.01787836691356633,-0.04477318809011439,-0.09169635565118048,0.0021880884947033173,0.10106342370467283,-0.10333035524300795,-0.006748090570550114,0.000770350822181608,0.008244671286703566,-0.47487332717245717,-0.23750146029813404,0.5333849303718198,0.0017078244224879287,0.014339245048948616,-0.00930048210011342,0.2779451735526081,-0.027273853167992575,-0.035064329857127846,-0.20469748100710233,-0.02404678917785625,0.18538054938491944
8,0.014452441867513722,0.03891956784526618,-0.0074955628719986615,0.01073643465728494,0.01322536871481192,-0.010076888782620023,-0.03294815757480843,-0.030444112545061196,-0.027502699662341035,0.002713791333707194,0.05810575556178588,-0.03470863468473792,-0.014105551089886129,0.048189024405144554,0.0472483479373757,-0.004265433056072101,0.0016728203232463934,-0.0018590368668601753,0.0009794893932476567,0.07523414452197891,0.03295166987167343,0.04638369991050724,-0.012753235621931385,-0.06105864943013372,0.03903966374813708,0.015514937608888965,0.06007223601835833,0.00010967948855202564,-0.002582871957175866,-0.08095089562430378,-0.001044724383164467,0.07277928961691608,0.0009337801642824227,-0.052641914164038184,0.026362392721772366,-0.03224696676950818,0.0004019400420374201,-0.04942979549526739,-0.009625688602390875,-0.04436806979631335,0.00016154718618224752,-0.040727399627022064,0.0003152454060716996,0.02750299200591312,-0.00318125780103834,-0.0015862612239268693,-0.005234814341742491,-0.04799863850900824,-0.0008279906767906179,0.004140336116621695,0.01879302101860856,-0.001397919486963185,-0.004047417900820681,-0.034935817553052854,0.006784571701374752,-0.0003134570743079626,-0.0007069964137131513,-0.008090301047481327,-0.004351268762052586,-0.003121925571821177,0.0040829311453094005,-0.008743388399369173,0.007569237496622457,-0.047869363439744725,7.819514278094931e-05,-0.0056694189786019485,0.21848548147545113,-0.07092774453510327,0.039307178487150554,0.020394886836077764,-0.005581314295395064,-0.023859712285691226,0.002405694976717244,0.0005443721418025446,0.014949300797007866,-0.02061715470456005,0.14347981431740206,-0.006006772284363783,-0.02654576721452634,-0.1722788542943385,-0.014414989762753024,-0.3148434035873623,0.06970499496057973,0.1742577706232806,-0.029264708237536387,0.10014534624103824,-0.3185877573446269,0.4443763500188168,-0.31142930244576955,-0.003230902152344213,-0.036241530066578403,0.2800248456263003,0.2940588112926732,-0.014234929355118268,0.03866371525660529,-0.34576033793558686,-0.040733139665480755,0.013094176771109457
9,0.06475369175856902,0.1232275784240876,-0.03470675878108728,0.06408553579000717,-0.016905834494672978,-0.005980528192396417,-0.01882890421824973,0.014578372801855255,0.00712666778957749,-0.0013459300690375348,-0.024725325697807415,0.10975529544682419,0.009589594111861832,0.0013630042786862556,-0.007254745235386301,-0.03974476585273748,-0.015622509584178539,0.022219387368874584,-0.011775497222475825,0.048945976439491314,-0.07834580919471597,0.02393135472966546,-0.005264475451786177,-0.02159528043424748,-0.025661087731993056,-0.09094848572552883,0.029761487377640967,-0.00043053469504275533,-0.047698708082191336,-0.05435388404894592,0.012393426015882397,0.09058973009002605,0.0031952426157727627,0.005326823343345804,-0.056927571389244876,0.24980516726164945,-0.02325433418900162,-0.022422596836008796,-0.06757122322935652,-0.03435657015884883,-0.0005735503725972326,-0.05767699648777903,-0.002115278035177403,0.0615107876127137,0.008688934674911667,0.0012932127531852234,0.0014441062176378829,-0.014580774321611815,0.012025821279822897,-0.012009778284022743,-0.007818063559733204,-0.011840885204656895,-0.013101569043166098,-0.09351517578586221,0.002818359504537887,-0.0030372873492455444,-0.004711489068594968,-0.04431154205323808,0.0010630021466571647,0.0028109849623966362,-0.052500699189208605,-0.03542919190823556,-0.04346759762740838,0.08740723099553062,-0.00116881145994862,-0.002185796950562912,0.6061064158526611,-0.013274903209371377,-0.03198128523391106,-0.018130117233099218,-0.06940148993370732,0.00715150894396868,-0.004950344463214301,-0.0051134740425095426,-0.0516232524246407,-0.017354032692116855,-0.10071053761954156,-0.08608816386592384,-0.024540469141117592,0.024299327465018047,-0.015059599576145666,-0.02652810073658874,0.029217059394900186,-0.04981184331729133,-0.005466421894612538,0.05258930655359249,0.4717727077738011,0.09875556958083907,0.15795892465723393,-0.009994573449069392,-0.04235087158770696,-0.2690119447699259,0.08633963955555655,-0.08313811885536415,0.023850915745086017,-0.19592169639011692,-0.06700104881565229,-0.17125950344468138
10,0.012450270577784302,-0.2009467736436479,0.04652247959581768,-0.10883996277203699,-0.01520019793239863,0.010652739597100613,0.035249530790397665,-0.00590862863542474,-0.01938346060175227,0.0008659682506205468,0.012365968442959965,-0.05766716512069475,0.0066123600430258445,-0.0053872740892586535,-0.011612816287067477,0.03623879706567018,0.00905828639375228,0.030549666714176638,-0.03721581448626021,0.019826880790677293,-0.047615829820445155,0.007754736591721184,0.014055375891758412,-0.07339484183956163,0.02719432454662527,-0.07513282481772551,0.020592063487854806,0.00046380060778175266,0.08022254851425287,0.03704807559171261,-0.017876363630791245,0.07884930972193417,0.007098459736488268,0.0007355435273568348,0.08245011528549827,0.14210418062989572,0.03962918472130381,0.008138632382151682,-0.10474506622854292,-0.07479646750289076,0.00026999884585564055,0.08952267958085305,0.0040713715934445225,-0.07550076371750608,-0.011196577480359427,-0.001012294668409193,-0.003149288559308062,-0.08717727959917705,-0.014991769325442038,-0.010468934855165807,0.038481142192836014,0.01817188043251238,0.007671335183735645,0.13998195953522105,-0.0012425788190033352,0.004474510292175222,0.006511846662831446,0.03628977000079494,-0.0001799589738934359,-0.005204748025676932,-0.08442450474521326,-0.04374488411436638,-0.054734042389324014,-0.07942502934779784,-0.00017366298068454837,0.003791033498268291,0.45753427149674625,-0.0483629749415005,0.05399289123249686,-0.13007828503334384,-0.07372750628153048,-0.014141433703231584,-0.0021544554930102815,-0.0103759437585977,-0.023484794352085104,0.017094052820227523,0.04699752858694122,-0.0473329404856304,-0.016145977840897573,-0.158135808460618,0.018730330436966425,0.10705389873824907,0.02284489590970549,-0.14284920764832598,0.013706553353766887,-0.0007561403533955824,-0.18682372579583295,0.1099600323465813,-0.20549175303041498,-0.0035098351263262557,0.04644991039179055,-0.014409459519736146,-0.3905323050914839,0.04171519534807955,-0.09687233422214253,0.3761974445615715,0.005869716601654162,0.3174471135362598
11,0.020467473725407644,-0.13383732932125497,0.14472935605259252,-0.09887639401147345,-0.02369823565202145,0.0069539403864004035,0.020848820779106866,-0.0043372208667955825,-0.022905891101916542,0.023063864095630493,-0.09194563794954669,-0.05576213294230056,-0.0049783470749935055,0.047706666642091194,-0.030301080630111388,-0.05441218620870231,-0.002847084213880427,-0.03564178891001896,-0.06860037604475874,0.08793119638417249,0.17106100894350212,0.026680468883147568,0.003985646228762435,-0.12464215292078648,4.008825541765293e-05,-0.005303381610348129,0.006516297600358413,-0.0008332522970861365,0.06700998292141905,0.02168308429202147,-0.03969191333442313,-0.039862654204266296,-0.000722802914911994,0.06062845065041924,0.01728886609649724,0.028821792671216578,0.0018010833022403295,0.04136152805853754,0.017841735909712147,0.03511389355526673,-0.0003991030935990385,0.08323872373603736,-0.0030212134044966727,0.030012618599532304,-0.0077961854152890095,0.0007701139463916859,0.007081076356761876,-0.014697151284884262,-0.02827754773157234,0.00556845671469303,-0.04865683017085556,-0.004798841020297778,-0.0018925230518211558,0.1822898856582395,0.04027910812451345,-0.0013006122890244698,-0.0021436663921078226,-0.0497834517764177,-0.005167402396002916,0.0011943712078641478,-0.008739808267991386,0.041208752826322505,-0.02895500852012416,-0.13447332822535957,0.00025812669496941173,-0.01059839751266091,-0.15356609070211955,-0.0936980279839512,-0.025695553068073373,-0.0512096182564569,0.0910362014365642,-0.04800378825091933,-0.004936691470981414,-0.00047381707304825795,-0.07646159399148879,-0.004393639570613956,0.003422415163682537,0.019137966852783576,-0.011583259051926333,0.31991095163804945,0.014338498248100066,0.26894760143262153,-0.09214032113529194,0.05070955201326194,-0.023954902700512835,-0.20356192961007846,-0.029021608604514675,0.5333605274312132,0.06718086306502943,0.005901590587040439,0.05134984494644101,-0.3798791190210582,0.04724965633941042,0.043441888520004156,-0.16943309201125212,-0.1842715588633322,-0.022303091897344123,0.03642409950836241
12,-0.011799190387436672,0.0467092780320832,-0.0433773651322471,0.008138239907349486,0.08830985531042947,-0.04497054943459526,-0.027962228100596752,-0.048879561195158724,-0.09233215501794603,0.02375338300155748,-0.025504338360970324,0.0002680138505499266,-0.017603180572061117,0.016128742652276686,0.05703585488456078,-0.036227015031610195,0.0071739726519228775,-0.00764607897280499,-0.01605754861668554,-0.016800997043385835,-0.05181704647982934,0.0021383971091198384,0.0016450886773974327,-0.18132688077965875,0.08733250217827249,0.11720623450548656,-0.002822379419526372,0.0011639737697410751,0.14281340581306376,0.034029930779790864,0.010205401295105504,-0.03257819746815111,0.003508339152062348,-0.002396881816860817,0.10679239280022886,0.06787603822423086,0.03947377973021882,-0.05485326350973173,0.08579230739870014,-0.00776292839926641,0.0009194812733494211,-0.2182753498279845,0.003088321313771408,-0.001211596297999183,-0.02656357914632614,0.00047565666539492837,-0.002727466188648567,-0.044636907632951736,0.011797727992517727,0.016137919074856406,0.019345680896645626,0.008405488404148875,-0.02027335510124964,0.14624968352666767,-0.18001555245340797,0.002124835558302082,0.0006892521440139761,-0.012770146901271049,-0.02610453068773228,0.003543828673589981,0.03575240361121178,-0.0442180474656967,-0.020046936017502955,-0.05519741113575514,-0.0005110233897066578,-0.003369681407590688,-0.05611664751185418,-0.15347303562720596,0.13041415825293343,0.0100542946454098,-0.000638591216060263,-0.022814974867607953,0.0020331691493277733,0.0021394123861238437,-0.028896440224581425,0.006055894356362018,0.37466303747645097,-0.04586138235506349,0.016394293584720415,0.01227605510680149,-0.07208256210962878,0.023391561071106435,-0.030913474560354502,0.08276265319226042,-0.02691543070036534,-0.04832530900264684,0.2297668595876692,-0.12292875098978973,0.11459298065018113,-0.0072953498320659955,-0.34908560017789575,0.04366756107084684,0.16851623808592722,-0.09663012572817889,-0.05280293590397175,0.05286834402673111,-0.373404827713094,0.39273560692364
13,-0.012731697624794112,-0.3085902074689687,0.32981328064056653,0.04027410777482136,0.09684359085920419,0.09654807032835871,-0.024397894320853306,-0.0230911969217983,0.06405567135953952,0.006601486142719923,-0.001129738361247079,-0.016667107257589478,-0.027670215367477102,-0.0026677233828494296,-0.04718147758582393,0.16508791487948538,-0.01465938614814899,-0.00312376151881405,-0.07481733084717651,-0.058824806345286904,-0.05789499784339863,-0.007005866575494846,0.0007321898035331786,-0.14697129883093862,-0.07103272765880858,0.021907215870452246,-0.011751478995845,-0.0017310879178517313,-0.06654429766367959,-0.005143327784138507,0.006296123240551725,0.0011253052832765065,-0.010216573674321144,-0.01747312789451096,0.15250525950687166,-0.07090982757879079,-0.02054090119201128,0.023049646032569406,0.1419162119400982,-0.07191674034571587,0.0009525945334095911,0.1481884314715732,-0.006399836688239658,0.04343077111570718,-0.025412282966347538,-0.0016478849550287343,-0.0030393026957350514,-0.10388007864242967,-0.02113592021164283,-0.0069308878791627644,0.01865465902830277,-0.006360163119318895,-0.013536411088935683,-0.05347606736551207,0.11211079785734568,-0.001783333135540804,-0.004338327405308974,0.16359665143265034,0.02396037447259554,0.00317104572606143,0.04072335719654538,-0.040910050250925145,-0.014219253655588054,-0.0009445323686956032,-0.0008013957256707992,-0.0115454736478104,-0.0034951030548839267,-0.14446228893036014,0.04524944763335875,-0.020276940128033796,0.049503723967089,-0.07914223714212255,-7.41405828917919e-05,-0.0031133754643621458,-0.054212079782788504,-0.009037422922197063,0.2622991672890189,0.02752519679735349,0.023258520325371637,-0.3520443269783842,0.05601447693262098,0.04626195325190694,-0.03827149044849115,0.006184375855802715,0.021906675755257534,-0.0360815144144762,0.18393390383120517,-0.10983462828370212,0.09904348308048025,-0.007357447336286963,0.3884229463781597,0.05528859629930688,0.07536877622174559,-0.07910523949187485,-0.1563496511179859,-0.10118243032068819,-0.1366822404575294,-0.21154606880282972
14,0.010474011963810726,-0.11528642757573154,0.15115137523421301,-0.08724918085467934,0.0651062650814444,0.03384425293675172,0.09580410972742556,0.16504128617768257,0.09125537130642314,0.008879525505167938,0.008075496860308493,-0.0938080671034234,0.00603306062721902,-0.02001322878501824,0.0009404443094415856,-0.09217566039589581,0.004398114322692964,-0.00710620870799647,-0.021341727601739614,-0.10280796033448275,-0.06490564685635715,-0.00022349521220302315,-0.000586296486347393,-0.03592357453634909,-0.04026686763751431,0.14744479570393623,-0.0011795826036016255,-0.0009171959191165424,-0.018331352085596164,-0.019373605958001416,0.004339580135180515,-0.010958257914556485,0.001998354779383288,0.08047356720707538,0.14501280511673442,0.09916130642464022,-0.010030261917740336,0.003195314229973916,-0.12919373820385086,-0.06742986520029948,-0.0005477622099522183,-0.09629552294430414,-0.004877641894339539,0.00822339920247844,0.03798396793892917,0.0010281698332122776,0.009845660378122695,-0.19973326062998123,0.018708821379170248,0.08358075116538762,0.0134318303307897,-0.008530288686225476,0.019114085171979073,0.023379691207021554,0.0026931136815932515,-0.001981562022628105,-0.0009388659594243122,-0.11657508288977528,0.0009907116310453531,-0.0008831914730505531,-0.10186758024119089,-0.10697802282141067,-0.106365179303896,-0.15955233934636245,-0.0008179983868512407,-0.006083395944119371,0.10111435603865039,-0.021311544055154938,0.09558853163726051,-0.06466388117509238,-0.10521690241580162,-0.03497215702370213,-0.0009495025626833201,-0.0005658988217245805,0.018235020846390688,-0.009915739482089007,0.2535892434496276,0.06054103266187838,-0.06785292980370296,0.36688979785573006,-0.03464381045251752,-0.04158119508100463,-0.024227509475064406,0.07917901852855072,-0.03874833012164389,0.025378016149162304,-0.021970489278824404,-0.2566888492511084,-0.08593127031493285,-0.011938860756626181,-0.053427268027191194,0.026441913656736614,0.14533349042980884,-0.09954086027816898,-0.018234587106332925,-0.046408101462772605,0.5282745092791364,-0.10590962688972314
15,-0.009105887496203842,0.08505111036676699,-0.11842979581281288,-0.02227594755764297,0.031237741964393516,-0.027807646610936265,0.13271692249609035,0.049304969891413045,-0.023139016656957834,0.016051151052908216,-0.05603522789970202,0.019306470676219198,-0.015834031485093644,0.022548149658043914,0.011206489700738998,-0.32258664730851744,-0.011433826495352198,-0.04802177332462462,0.012275795837334822,0.03241805019779309,-0.14747830434105358,-0.023584269630326754,-0.0027566523812608823,0.11229777613998027,-0.023104222153235154,-0.0377178714847351,-0.01587308853543489,-0.00011827245688628141,0.15521567279276688,-0.02780349747795441,0.009214197108921407,-0.03643741312180421,-0.005504674857553432,-0.0036067216348416023,0.013300915994898263,-0.0076921002957677205,0.02434187772331494,0.016091155106945493,0.19857057619813828,-0.01663057778885323,-0.0027643159775098307,0.12563703982963903,0.0005495965091671443,-0.008774518875009936,0.000785704149799088,-0.0013566012504690225,-0.007280702636226566,-0.039218548645963705,-0.020711805133489507,-0.004530460590671253,-0.02330245785820139,0.0003109414375701263,0.01322075554592178,0.4745334159813771,0.02384619843692073,1.1723905029219911e-05,0.0011603774182163767,-0.3231332644142711,-0.028282441678346936,1.6637822041585745e-05,0.11193455493960305,-0.040229565833289446,0.04894344878121226,-0.02297638856954539,-0.0005311361867275555,-0.0069919494546919325,-0.02928181922513862,0.11171906877920265,0.007500250092649376,-0.042307992465930096,-0.02554270647685437,-0.0004477486755634294,0.0021011147366272725,0.003423939787709129,0.005846965876337047,0.004965640672907979,0.05655229271499761,-0.02393634136643128,0.03659631740912199,-0.3836018286448842,0.02489048009179929,0.1786762833861222,-0.014007379404077222,-0.08282563520365376,-0.08850835677581435,0.006665087997423175,0.08171176477512852,0.017228870067707572,0.05904040886925798,-0.0018071789685502396,-0.011624633466824658,0.1084480365928628,-0.11482794737834501,-0.08607451942922364,0.04593130361644753,-0.2532337841012338,0.21106467079857655,-0.055856991375803765
16,-0.005639164443947831,0.20528401685119896,-0.20842934897227736,-0.034468427085745636,0.01340967009825434,0.034226105366557555,-0.03598933413505073,-0.04018977429680297,-0.005609710352231512,-0.007684438770995061,-0.000912948975396944,-0.0005412049824752088,-0.009574820825936874,-0.0067135309373397845,0.06665460692333709,-0.11750276199309782,0.0041745071196654625,-0.007582578783984384,0.05779684495782691,-0.015133532846941897,-0.05124533541403735,0.005881723481984569,-0.004891917620018615,-0.23582609689225548,0.0236307999778069,0.08289604502489174,0.012832627840502264,7.836039879000056e-05,0.03240345667926692,-0.028161688420374545,0.0201456220226357,-0.022724765320201457,0.00404980669436833,0.06200686124709691,-0.11928925655023609,0.09375060729028326,-0.010798616341463249,-0.10745905561720964,-0.14500619383217658,-0.03166155906348614,-0.0018584097771171613,0.4073897421454042,0.004534195397088358,-0.0385981659365074,-0.00339833462102343,0.002024611740982958,0.003123012999287295,0.05962777447264089,0.04501493818880906,0.028245056049151514,0.023544017389208517,-0.004618534113734085,-0.016638928338864538,0.15048210041003246,0.12710331798179647,-0.0008370238209164252,-0.00314372020902043,-0.1473307644444291,-0.012530003007210803,-0.000780473386862204,-0.035242326643554436,-0.024283040629158655,-0.05365845984940933,-0.072271811777439,0.00022941262089235925,0.005944233255011722,-0.0006292567631525602,-0.18877300774359812,0.046929191228934214,-0.036904124806072885,-0.12252812493631328,0.041740268534223246,0.0031226037664278776,0.004040108600713172,0.013786082947801287,-0.043777149902264306,0.0403437063441555,-0.07190183280798307,-0.03310128284647155,0.3088391718031845,0.12177113441954782,-0.06718747906272513,0.04566016212451722,0.010879050209630817,-0.029388307064079102,0.04003657379265626,-0.06206455066893963,-0.1705938343424048,-0.01853568805619478,-0.004223149172915615,0.41840476395578613,0.11506545027218806,-0.0021864323542388903,-0.008421120727788348,0.09411725663271187,-0.029985708742263376,-0.30791442627171617,-0.023662560524224423
17,-0.025197840794121438,-0.057243358878873773,0.015132271361408822,0.28984528221167855,-0.013951613258846054,-0.0008686546970294584,0.02810000304478638,-0.008457311469648041,-0.048284902827526344,-0.0006270327536880005,0.11121903242328027,0.15732867143924717,0.019616370339283234,0.0007562243012225744,-0.023642040249739676,-0.12344969195408254,0.00948270428067488,0.0643024530863982,0.019614599939688754,-0.027158419606507,0.09837627831061879,-0.005201149819336046,0.0013997548839496388,-0.11509161028191955,0.019729545653858815,0.037847152671186796,0.0016105156119441619,7.300427090675687e-05,0.05378953781955283,0.08540839109968706,0.015773936546990126,0.04990318639721725,-0.0035052668947603283,0.012760715210140721,-0.005005412958992449,-0.1452088075178178,0.026090977509732074,0.04303540388834175,-0.318506299802725,0.04102183031864096,-0.0008366589394968524,0.05770802993025338,0.00048532474711584,-0.025452937891552455,-2.7712102916525178e-06,-0.001319326127384886,0.0012889708200076169,-0.37166509929843033,0.001869296796290625,-0.011400858543820258,-0.004201547783884114,0.005400220334783525,0.001086888184345199,0.1766873315322978,-0.007620156858473863,0.0019756707121734653,0.002629403301958834,-0.11947377380908777,-0.012637811015373203,0.0030274892598209017,-0.23465727306195924,-0.0417763031142995,-0.2643013146402558,0.4101872653540799,0.0001373337938945082,0.0044108258774534625,-0.08473467142248131,-0.07674229566548699,-0.014552332741106283,0.22717329936308486,0.09049443954492091,0.011874761789631807,-0.0001722648630126597,0.0032639785892686624,0.043392516254587316,0.021199239279472523,-0.05397151841721241,0.15000042154072848,-0.10598642200293762,-0.14068754910029813,0.009772822334266315,-0.053883634388701286,-0.06218190305808699,0.04149392233197301,0.056914114978793263,0.017657500136021916,-0.03753790128106485,0.041896376284944345,0.009603679441450423,0.001955509100431522,-0.014904657471223416,-0.14781195364869276,0.07350839941549495,-0.10004355368230725,0.06997316507541239,0.11123434405647067,-0.005668494172704755,-0.002204913118211794
18,-0.007920301700909436,-0.029436830092997933,0.02460123014054244,0.14079402554951384,-0.009901672390047416,-0.008914532408416567,0.006099971348060826,0.018637083563617887,0.001147144841717948,0.0009590908783578128,0.0034640416182083675,0.1618544851959285,-0.05211010178966767,0.023711542841234917,-0.054075372252773334,0.01653081806562111,0.020371809411144172,-0.011381158897079413,-0.06955311870493883,0.07802999110543954,-0.1997079265397955,-0.013666642788573005,0.0004192709860252816,-0.10630408793578666,0.014909986880894344,0.11825508026479052,0.003359415364623669,0.00021115081465142294,-0.024353359845284105,-0.02270085211496048,0.02184961193541196,0.02582372615260492,0.002612791707730544,0.027098427624515423,-0.02827577772779042,0.04787129443434377,-0.0017433136565740293,0.1330330356537503,0.06460411247420936,-0.1508681643347064,0.00033416518180843087,-0.027536335706265763,-0.0005418606717381936,0.005931788972338557,0.017336284950682394,0.0017532524573863374,-0.013946590702505725,0.04726975146960227,-0.04316394331812827,-0.03866562610513278,-0.1282175784570246,0.0013548646029743344,-0.01099716877411359,-0.08339184011073816,0.005699576129296974,0.0004906401770099732,6.106208875363722e-05,0.024106634280624678,-0.0032904272379289065,-0.006894957757891,0.09913201109957363,-0.12261120459875872,0.053296580823648854,0.2878197272629615,-0.0031230222644668647,-0.007661933713935777,-0.03541808920733561,-0.093837278781293,-0.06133142717424103,-0.033687531957231544,-0.2794857965454707,-0.06279858827833672,0.0017358842853983265,1.4249532455258736e-05,-0.04256394170361451,0.03426492665227534,-0.127371014349832,0.26455629772968203,-0.022763911209525055,0.23776916228987371,-0.011718618686840349,0.11915957395057583,0.05772789768311278,-0.1735055513976988,0.020346051791069582,-0.023727972027059174,-0.04382402852599468,0.1868383180567149,0.14383241451090578,-0.024741290271409196,-0.06915039703878122,0.419993237342712,-0.12835262980625894,-0.2510669961296969,-0.24921762933879532,-0.03818206764687937,0.02055629562083479,0.03331477322664822
19,0.019392535037440962,0.03799432007100073,-0.04310473363522277,-0.20592028377970184,-0.0278521180378112,0.02216008400634642,5.4029196227434184e-05,-0.01303260024184471,-0.01204173467087169,-0.0032601994587494465,0.22165932083801007,-0.0446807111284061,0.0705920616846834,0.022992036194699417,0.007983526691552487,0.007188676200870048,0.01962908851948379,-0.04235183805709153,0.0739501097704846,0.06146987972398843,-0.03737399089908139,-0.005144817426209092,-0.0031937515187779597,-0.1513089419887369,-0.022279011694536378,0.2987880601623619,-0.020271987513813334,0.0005528868472070292,-0.00895301921239093,-0.12761206368229838,-0.016608178631931925,-0.044049231688956414,-0.0007474318030744331,-0.028514615570811704,-0.11666813414424303,-0.007668704327639305,0.0030258150008140635,0.24134660776051525,-0.12113697648923567,-0.0034411631954351773,-0.00011413960429567218,-0.0729696399939612,0.0009333468857581856,0.006237627931446351,-0.01520819341946863,-9.672333843586609e-05,-0.0009618159044887682,0.06823328237284702,-0.002315213763430835,-0.008587044577981288,0.03636210056260233,0.0012057354138122374,0.005469507785902177,-0.03404048156127213,-0.024230719016023892,-7.160802111424568e-05,0.00023042475366637032,0.01896104962805382,0.008894518672903803,0.0028541268990200774,-0.08244917395427692,0.04029920005671115,-0.05640474979921723,-0.20336306116363487,0.000829644292698327,0.00046103412942168293,0.005464644868479383,-0.10503777772751924,-0.008880628330232574,-0.2028670478482031,0.06510628688549304,0.05011539908740158,-0.0012350907339581472,0.004256142319468677,0.050295618379677526,0.046029431763045255,-0.05806188655540702,0.6291768304241184,0.049564958044536145,-0.18626388382279016,-0.015102709456947742,0.011709660012852612,0.03560921374273245,-0.006393618950373986,-0.046741893166216235,0.005816638361005478,0.10247379461919698,-0.028909321967899856,0.002005901582698425,0.028637705430127412,-0.03258445703436927,-0.09407627977341534,-0.10709181062025899,0.11000571619351956,0.17902560739772683,-0.11416545057737601,-0.04546778459422745,0.00014637934427757376
20,-0.00023687473877906677,0.03079748279144672,-0.06071101950232018,-0.04845341959936235,0.011335730769690723,-0.021210873246525843,-0.02481468682435159,-0.06921232772226756,-0.05307893688262646,-0.0056849541348011744,0.05242253210250411,-0.05674505615845715,-0.04176867693790623,0.026682622211049414,0.013980633366703124,0.12578584052391958,0.005285331411144924,-0.058805087853230846,-0.04325728864209735,0.0997264221047344,-0.1291629058094798,0.04975161828989945,-0.003348420561389541,0.5004679773185717,0.05550227345518956,0.10719204352204374,0.027761347630460915,-0.0005050675940758151,-0.008474046042693023,0.012250394167676221,-0.02960809456772981,-0.07770084180638419,-0.0010215347586703429,0.043865770363375974,-0.06329762367566152,0.06511640007409174,-0.01956260306914312,-0.011243021259716914,-0.14873568135682816,0.0038943545125382784,0.0005217304160778074,0.1154722225974305,0.0008442196392942497,-0.057584337549484936,-0.03422404191046638,0.0015110197902368089,-0.0027226578758248465,-0.2987489762804497,0.003910461944847156,0.015640891315014685,-0.028792579582629665,-0.0011580958242402434,-0.013357656033388163,-0.004247049587947971,0.037973131122517725,0.00020338800656279077,-0.0008103277751706152,0.18195685511442966,-0.003599134072560498,0.003966678174575418,-0.14965638771493528,-0.12346822455801854,-0.06052785968962553,-0.25674845451262024,-0.0017900248068628208,-0.005047222454499057,-0.06936578393428874,0.38066904139958607,0.009848949368823301,0.16260027776012131,-0.07439256897675282,-0.05396444124811299,0.003230020641846961,-0.0005701516131565165,-0.056368137171457736,-0.034280350831682446,0.04863525070658219,0.10014785736478032,-0.0798100809042655,0.02760494334273636,0.03116746288278288,0.013678132440176682,0.059999147110737824,0.047045227955741,-0.0468135116277662,-0.07390899587888929,0.12172973485016805,0.09876718673555583,0.016049006437741757,-0.007515339925833045,0.11047658449053768,0.04435379474679586,-0.006250781196187952,-0.2599045031653518,-0.02898986727270228,-0.036679992249750215,-0.15998718436880036,0.10795136091782606
21,-0.00035411615997985165,0.2401279147438735,-0.2770433863209476,0.028984715401467066,-0.0204970993617806,-0.11335113250416119,0.15465423393137548,0.025027201228299902,0.004593969269246266,-0.0298285250200589,-0.1270979090615973,-0.018373733187464644,0.015271977741957533,0.03505445321240998,0.10335787723527774,0.35071039223031975,-0.013225245533714871,0.01569165383519198,0.06341971816382956,0.04668757405098231,-0.16880455902542016,0.04833929210504829,-0.004428088429914372,-0.2359488271920093,0.02892625349940781,-0.023103569577977996,0.026144093331080833,-8.697198699174e-05,-0.057474559046053295,-0.01913002102841439,0.01573912316233878,-0.026420961850274222,-0.0032887474688750896,0.12019940355760556,-0.08841610901953416,-0.011911366033840885,-0.04556574532663446,-0.013993477904769458,0.07544536736832141,0.018759327444238867,0.000832004177136803,0.02749201104200163,0.0029067541116185973,-0.15141273676907416,0.013706897186202603,-0.00037627258060298364,0.0064084245884591315,-0.08217200231702482,0.054894813012917355,0.0062498536525252835,-0.031186796855192433,-0.0034029274578801574,0.03801801064504218,0.03500837841057847,0.042418255424631235,-0.0007132810611052386,0.002544775727447025,0.3751757793778672,0.022468817777490865,0.007131136619600565,0.06833488730496026,-0.05778290561511758,-0.08638726294351023,0.0458637478916325,-6.873308003423236e-05,0.009861051614618463,-0.08852242374313327,-0.17915522759436614,0.012261764928355727,-0.056827404508579205,-0.05222211927217713,0.05702819757734055,0.002537089518895551,-0.00024355277344331565,0.0313475119811628,-0.04612208285120029,0.04303018941762474,-0.09784962859338907,0.008110943137445675,-0.14688037395335304,0.011634458634714843,-0.0015940457566206087,0.006813491302935265,0.07484231475537137,0.07008644292037636,-0.1501482032220627,-0.04425247017429604,0.028996639332354066,0.009825558289144564,0.008323092290950497,0.028652024904732558,-0.2147896989841404,-0.030043755103048145,-0.21237977942782157,0.06855802250405252,-0.0781291551316659,0.33054002872504573,0.10469949277469148
22,0.005537415716012748,0.0671589825578576,-0.05743155020220335,0.20529258878191958,0.06304511662913699,-0.020196312565124046,0.029277368583644173,-0.025774351927945492,-0.006867195824424792,-0.0005695000133976863,-0.1693938826109631,0.04403706972152535,-0.061815971197622666,0.017278301438200652,0.011149349532350483,0.08490458520976372,-0.016271651048200178,-0.11185158896633832,-0.0645835183479955,-0.008182138690598209,0.10570735782287925,-0.028429161621355434,-0.0005336632636369909,-0.011334306239639144,0.026459751473394577,0.08754381468231892,-0.05142680511926356,4.2618152303733337e-05,-0.02737526695656048,0.04470157601208824,0.0049304606155875785,-0.1371735472281859,-0.0021519667587993896,-0.07793695072059681,-0.006302669897129673,0.24533711045701107,-0.02340487474730693,0.03884769498807958,-0.35122408702848174,0.10935840342244972,0.0004203838075535736,-0.07158292045681967,0.0002012993195105138,-0.030437192379318887,-0.0002982223680885309,-0.00020936401464469092,-0.0011877828607732219,0.09612599733555831,-0.05513994277139021,0.04860152023890401,0.10343084546213896,-0.005038378061716718,0.031930975075169926,-0.06741173346162302,-0.0016593183627079677,-0.001172215135603321,0.0005628769614376902,0.09451043154177127,0.014739736226459164,-0.006139126822123846,-0.1713825931947585,0.18914085570094477,-0.08349936174329756,0.07154663691191944,0.0029001731971786595,-0.02060176843116563,-0.025748375111377397,0.005857095863803216,0.046274536311094856,0.1413555837647287,-0.040964338988918936,-0.06862025573428719,0.004680936458565169,0.013618254736581405,-0.07711912125219816,-0.004369005037599825,0.1535413882510611,-0.0953344194172616,-0.01293311007016935,-0.0932440431664406,-0.00046069507118289,0.2500104122629987,0.011779730929335513,-0.08336960979192962,-0.08395811659583455,-0.09446241680456983,0.00728748020408139,-0.08078523472801594,-0.046537519765680976,0.047823425252898524,4.014027217021446e-05,0.1928749580408055,-0.15740896637780133,0.3748333347896276,-0.11658800340135946,-0.33941707838781526,0.08130847769904073,0.03656898640204961
23,0.010713841236734847,0.04365231063359594,-0.0364206258334693,-0.002963075993019079,-0.016639147907550646,-0.01564354896714447,-0.013149315965336167,0.034330079377622016,0.11032166978573105,-0.00719565665092621,0.3161999335020624,-0.03344306866442415,-0.002259143459256291,0.0011037595046054227,0.010406644310907279,-0.07304124686411415,0.010034635766798833,-0.09638391573338684,0.019550792164048564,0.019793907457712034,-0.017210365202707842,-0.03114205350890789,-0.002947301213105963,-0.21552030541469283,0.15040026765229628,-0.2520072258617706,-0.01994393805230721,0.0016971496939741093,-0.07957115388429176,0.12881623120123048,-0.043760061472621625,-0.14649905119187498,0.005311403270617854,-0.06224735804350987,0.12045592196520183,0.11548787951857353,0.012766862668172493,0.050162838372896104,0.06296787499754311,0.21121767443114692,-5.156831788327281e-05,0.03320356433375342,0.005639363583998149,-0.0021755029420201903,0.007430610168973346,0.0010008666111760347,-0.007290459752265208,-0.008981482259138501,-0.03833196182033609,-0.09010979915535244,-0.15596679854602105,0.006174576504923965,0.00291888880608146,-0.18703243766606847,0.11983222574422678,0.0015990994528921956,0.006302080811347331,-0.09920166277122303,-0.000874849577817232,-0.004006872440110162,0.040813670404080876,-0.016700523929922134,-0.048153764754702066,-0.3044902115899552,-0.0023052183132033117,-0.004730898268903845,0.010586837738838256,-0.16908483855026382,-0.07163362427386506,0.4729454975889071,0.19630057585582728,-0.0017544004365253729,0.0019882858820714174,-0.0032774643403138347,0.10347871867904541,0.048589312876474354,-0.06584537889917827,-0.003030153689473975,-0.01687265997401814,-0.01804247574720351,0.011682241382954789,0.03524572159951517,0.0819425983369418,-0.05120276228861551,-0.11882221754976242,0.052836659901921296,0.05366842044295385,0.005064297010082097,0.027100994647907793,0.013360636736567736,-0.019685914560870023,0.08011883998217598,-0.09143955120818104,-0.1608824505291735,-0.08490232958029331,-0.005125902058955037,0.10197832183172262,0.08074463728606292
24,-0.01077498486296955,0.08690513752905245,-0.07745981674232,-0.10642454973707813,0.013004881465955808,-0.02811414150671366,-0.015518019962747778,0.012465484704367286,0.1122627666146003,-0.006653642103562646,-0.1090297220067463,0.113014047891556,-0.03700592983549887,-0.012425666341717906,0.03282069490289466,-0.03676178954246763,0.004741855657230731,-0.005796579616024061,-0.047745538177258046,0.014520547151192054,0.28534642101645874,-0.048797349322970224,-0.004511670838153126,-0.005393522146315527,0.10387456781551593,0.16675588769596508,0.0048479412374578534,0.001428694667990421,-0.03883722216732419,-0.17801235216619,0.011973501903385073,0.013377152496659855,0.005597971373012515,-0.10642072688129367,-0.11572682439100587,0.08832627482222122,-0.004586006377891957,-0.04203311585345626,0.17703852785792523,0.15545734093592606,0.00022480130325006759,0.07336998237422349,0.006395970123441159,-0.03626863870845275,0.0162068277874306,0.0015436927030551082,-0.007891313341551454,-0.3017469573560156,-0.025817241831348023,-0.07941930120569206,-0.016948901159004475,0.0032908880747649985,0.0008551414401738872,-0.17048074045043876,0.0805056645355415,0.001536460093019075,0.004995720030713899,-0.05005862127905692,-0.01104840203945913,-0.007963871082118766,0.08356518243699962,-0.05741827809971088,-0.17287959466611869,0.12674278699970754,-0.0017541370733238307,-0.003162303284383826,0.043661312972227015,0.08715112273165401,-0.008156294963729362,-0.34134917442307194,0.5090743191981667,-0.03419686297434367,0.0021407782385146987,0.015349878953939532,-0.05533722439276707,0.004337064517558692,-0.001940008141845819,-0.0467722047483244,-0.07387260632736138,0.04653197152899141,0.029942920268846464,0.015736729849203122,0.09771946672123984,-0.10805668878077877,-0.016742244318631708,0.01134273652896757,0.015506107843297633,-0.06636745997813769,-0.005651173132524459,0.005244243562508933,0.009192336491241584,0.13949258899655992,-0.01895174945286251,-0.06247951528960613,-0.14005825417919132,-0.01913720678972025,0.032699930182867536,0.11051015174556739
25,0.0007030846567794807,-0.028033883267079843,0.036416598221938226,0.20553379316300324,-0.04497715528525816,0.03244646232078415,-0.140815520606378,-0.19461152466972698,0.13809854294862545,0.0032433114547964523,-0.18086086759774658,-0.09686730748610264,0.028529844594632196,0.00612773618798469,-0.009672924383251309,-0.1937660368318353,0.017874576608486528,-0.0046248275862673825,0.006745219768788092,-0.17021586179937243,-0.16405599964857984,0.016897922053083502,-0.0029332081178192176,0.05430061792827191,0.36907490268513937,0.026156460166037634,-0.05441248743838141,0.002710435955539889,-0.07409171748514953,-0.07745771475116424,-0.019729579429628802,0.03542561628931854,0.007233954395630061,0.03538568865781852,0.10862078229880179,0.012416052299979372,0.034754058749254246,0.08878675568948155,0.17828791402481087,0.001656142871382939,0.0003965109781578005,0.05594468273406751,0.009418787126738062,-0.051128593139958656,-0.007285972471637802,-0.0008782860662242455,0.012090825148607223,-0.06668428624612327,-0.00833518540740849,-0.02995020991685,0.08440985023818126,0.02078781902746188,0.007805371716431156,-0.3301509655217073,0.19483594770857443,0.004372557070700391,0.007135190909297847,-0.19529408882789778,-0.018702567371702006,0.002790729425122998,0.09041587953476252,0.014472139818188078,-0.0300172450039303,0.10848848580018534,0.0020650088633543794,-0.005628456702554277,-0.014207765583223272,0.07274217690452348,0.022349535939958386,-0.011379209560894943,-0.23012067338781048,-0.0021384208216772144,-0.0035788015253353615,-0.007014401565440628,-0.03713304495960327,0.07329577733993224,0.05355783760310931,0.11185773716073412,0.10515555987344118,-0.02497262888530674,0.038998334048769,0.0012946448394885457,0.006240376326106509,0.1251813289402669,-0.048069100241788065,-0.08464724986407401,-0.07171621712224649,-0.02611032316281313,-0.06243359751482423,0.04170810999200811,0.05728403589444658,-0.2599072302346672,-0.051585129551607004,0.05821828100740258,0.13834893651541086,-0.09657738846319974,0.01559942932420609,0.25717109331588406
26,0.008141266965142328,-0.04509417679071532,0.04934954116257672,-0.07281018540148032,0.028606578023009307,-0.009633807371738731,0.026958598908777526,-0.07225382179320435,-0.027190610252801617,0.01629136299310243,0.2864938944213445,0.11543981119336795,0.007715794990484515,-0.013429224513068577,-0.011573480827013496,0.08514183829121029,-0.0005078536049873128,-0.04042829399192713,0.16166139276383323,0.05224609241833997,0.08521714513388472,-0.05330636963520633,0.0017948680077324586,0.006426929012737101,-0.05642001862318399,-0.1877928381065688,-0.09068971474610577,-0.0018282299390423758,0.033241947964138124,0.013433808050305654,-0.02249048429784367,0.034699824972877394,-0.0010590834208142885,0.05901600271728804,0.06602088911691707,0.03770108850577064,-0.049787028071441364,-0.015551026514812688,0.22109600314801453,-0.23724997237296613,0.00012382011972413617,-0.1006277589581072,-0.006434679912700594,-0.04351188908904751,-0.0104376507706007,0.0021496017434305837,-0.007898599641401063,-0.3234255736844631,-0.0720679642936057,0.03250614512053955,0.1662516973597889,-0.01182897514248693,0.0067147454488913575,-0.028847556414180853,-0.06886371931738951,-0.0026660419004705324,-0.006871483897480941,0.08319703366258759,0.010739094719399095,-0.01026479503778458,0.15914942283130298,-0.16472863010205221,-0.20054082560299485,0.057456406106929786,0.0014808119484077927,-0.009902890217474272,-0.020714652594204463,0.012323828933223036,0.007577692594377225,0.033494749073618366,-0.09005448911727071,0.0889963206576375,-0.006014193469473496,-0.00978583556598778,0.16809309583224655,-0.046662247573132115,0.0228109232884336,-0.08367504045464762,-0.0497118573580436,0.1697455548876252,-0.022475421362092365,0.167413220020675,0.0642951356447549,-0.11522114963000937,-0.024424827504850567,-0.09206237853057003,-0.061242223303955484,-0.014681383891347363,0.01100606621600605,-0.027957749730419933,-0.017140244695270937,0.05525775883302764,-0.14321238399867686,0.24251732799178266,0.3451395653330907,-0.21323864390606775,-0.12102932357779621,-0.055418765270372226
27,-0.018477655743951077,0.039477940866118624,-0.032704387648249816,0.12196544262198297,-0.09540503014438273,-0.037613002570380145,-0.02210133041100229,-0.09938444851793724,0.023427656225150403,-0.0027602849355464615,0.11037790523726372,-0.12878085468741501,0.0013835339925241039,-0.02289128469376986,-0.0657174888785792,-0.006495468839983573,0.01814494225627672,0.028467354866390376,0.1310845320864769,0.06283627990982937,0.1318757587251138,0.007910124035540249,-0.0013913158772362877,0.06914866313410373,-0.017871957171121416,-0.14841597543516827,-0.0010294150292783927,0.00022821456536945006,0.0023097182053967436,-0.1120390484037049,0.03128501633528109,-0.334735974313637,-0.007189076921730625,-0.08846716500531937,0.3800758916424641,0.3997859213821976,-0.005662301084056617,-0.015452590477058924,-0.1378033687013677,-0.27807277800722013,0.00035047675632977546,0.08593381890172658,0.0015771236084301359,0.012445093416630238,-0.007417891913860565,-0.0011834196090139667,-0.0026506896075089263,0.09860910151432892,0.017819790316033174,-0.030499120156758916,-0.06364117732771948,-0.002369901014083329,-0.017697393549624924,0.005924416574739148,0.050350136199944495,7.203458033401122e-05,-0.00395524023161507,0.018392314857885308,-0.012372977842484712,0.005613981843334941,-0.07109036073066229,-0.042857684607554444,0.10087887255350848,0.1245971503348593,-0.00028485004560947335,0.00220773674426629,-0.1435668409259095,0.024094193114109912,0.02353249256427233,-0.29314342531136517,0.052131709387862685,0.02420977105566332,-0.003559970019085701,-0.008941451045403965,0.31836454678208465,-0.00826177968321188,-0.05828859127626071,0.022994533840622618,-0.043306689164483665,-0.08748951308577482,0.02145287708555912,-0.02895678393079131,-0.026351961488034006,0.05568195842810971,0.02768990329795832,-0.028063116307242404,0.016894792856449292,0.012009135347819604,0.00911134336511403,-0.05054448650119435,-0.00769119416960698,-0.030701255171267084,0.12247883635161479,-0.09820637227385326,-0.057316016760876255,0.032922665127270004,0.014825141440838518,0.036217410387692155
28,-0.004288373326558018,-0.06931536749037623,0.0659725931353751,-0.08581567542550286,-0.06925186400940332,-0.0092018217880616,-0.027850756543494358,-0.09071668226765092,-0.027931028991932855,0.013104615991028148,-0.04510413380029297,0.033092271315215006,-0.0028874662339401034,-0.06188793631262027,-0.1682440093822579,-0.023751907289286056,0.014518708129308475,0.012719249938363077,0.1131754526046527,0.2009595931945672,-0.3091281210254233,0.014420051678628368,0.0033726567307099317,-0.04954424592593733,-0.22200266821788453,-0.031179130773591295,0.02217373251511958,-0.0002655127196111509,-0.0014243236084056088,-0.06075258569180744,-0.010101440464689769,0.16350255981946177,0.00020093513119677497,-0.013942772584991894,0.3397816060889781,-0.08523071157847681,-0.002306868499431714,-0.021129150122400252,-0.10257469411422572,0.5697826092520157,0.00048257920448539944,-0.0003023506767961953,-0.0007297159030593969,-0.03941648691814735,-0.015117079233131455,0.0012884299484171718,-0.003875941951325755,-0.02019811870922157,-0.008869412286897846,0.051961567085495056,0.05543576309328215,0.0007622313289756127,0.012500105620937563,-0.07041566102408622,-0.006863902370367821,0.0008225479006897934,0.008124310268899579,-0.005455031608910722,-0.015535136391867155,-0.001576567778982154,-0.07767549262140117,0.1594925288642458,0.014496320754345267,0.060012113312258246,-0.0022187644051239117,-0.004800433460528268,-0.02928297881755095,0.0323604799778421,0.007568367078423115,-0.18608143249004755,-0.0013058978632844304,0.03825176659586617,0.003889261183381315,0.026024013077448532,0.16239549091731662,0.004029951022462442,-0.04370244595056455,-0.09257801964151047,-0.07882646202236487,0.07364664202760227,0.012704327844872076,0.09360593533561648,0.0071007314097803614,-0.043492007336629876,0.014404665822592392,-0.07161932523135921,0.004495202198473824,-0.003078135247449154,-0.04422803014554298,0.11223821657679771,-0.014359459726187879,0.08559934998548788,-0.0063515001972160555,-0.15485122101004634,0.15996215152362184,-0.10176710671172765,-0.07385116369900543,0.03619169645279582
29,-0.002917913431408501,-0.07103680764018087,0.0650517767798854,-0.238323639160848,-0.047927610870985835,-0.01878671534543437,0.09498917383852734,-0.05954257514848194,0.04871541367003207,0.012421112018983344,-0.15410577867806077,0.2695520477800166,0.07452955059000844,-0.038232769429553067,-0.13292057373080843,0.011237669637948866,-0.006855942900665326,-0.050440526545053044,0.14101690441456616,-0.20864050314831253,0.1455051267516801,0.018979085400395043,0.0035682618198514815,0.02510843382094184,0.32004879452023877,0.21071849354319017,0.04401378312262898,-0.0015610776183282056,-0.04134841112841493,0.11887957773664368,-0.025868634647029654,0.20122537738439084,-0.003940743829554519,0.0004659474867996574,0.09520918217386906,-0.10630313856394445,-0.02911685693073,-0.09512833579521304,-0.1614336600762835,-0.19835878576836985,0.00035688444288317547,-0.03096115419395501,-0.004020883050056382,-0.029492147882915536,-0.01842546118905199,0.00021534994402573615,-0.005633963085810621,0.16033641790561065,-0.03515829251818134,-0.052803803011624045,-0.20181211983252828,5.1516076962299095e-05,-0.01000432826610717,-0.029751104751589395,0.04144134571495883,-0.0001395878240444126,-0.002684421912968856,0.02950986589166099,-0.016224039135968434,-0.0020126036482164093,-0.20128453356767345,-0.11584460354916594,0.2334906828654312,-0.014837294352535939,-0.0028358621597026276,-0.010344504925228214,0.0043991489504468795,-0.07268151403641053,0.005969161293552044,0.06398021322294305,0.1205139064734618,0.07937957168875788,-0.005649114399485974,0.007438652566457246,0.12392611758219643,-0.05218529198280681,-0.005176881229478847,-0.1321827216081052,0.011387793757458402,-0.039292626441509354,-0.008305426216327641,0.12829083659023116,0.010348966964898065,-0.027653434487402928,-0.04119874121334744,-0.06978762785437852,0.05145920342511448,0.03198738236590445,-0.0034284356527959636,-0.05696489977924027,0.0015924375837452764,0.06444238026706021,-0.07470423094225111,-0.1861697379372176,0.2529277495245381,-0.1123079594758791,0.011266574583882437,0.019899536037138843
30,0.003890969282034094,0.08821627987991909,-0.0670772964511424,-0.3314285615440386,-0.03663101203770832,-0.006113555846669424,-0.031280702072000274,-0.13493661157135264,-0.0356632486140334,-0.0016094688204730326,0.22511381162239716,0.5279342149218347,-0.05465547401398575,0.051583176652251705,0.10257986230151636,0.004666489805238365,-0.003478151809363674,0.008292991247000447,-0.10931138939295354,-0.40427749571104177,-0.12435878720201024,0.07562779124090185,-0.0008973121825424975,0.029552357697513135,0.0983124598390745,-0.22732703380856778,0.08400126886970367,0.00018437451012973984,0.0015918037789028616,-0.02622572423661039,0.031302827254557325,-0.1840949269673904,-0.00042034335153112723,-0.023184105497976854,0.07460171729923055,-0.08464227441409629,-0.023254700720570454,0.04863456333029305,-0.03387543449036225,0.09543820772327108,-0.00012863982452741233,0.046554457337303484,0.0018142853728622815,0.03429441608472519,0.011389493049103003,-0.00038838047542925913,0.009468710427791259,-0.008160455294932346,0.05658993636483153,0.15895904295346486,0.12056069331516625,-0.01270516309889535,0.027319427721080425,0.013654465841649116,-0.03124209714376964,-0.0025933051914862476,-0.00220019867688751,0.023367408974850012,-0.0016675595112227229,0.006929429169369387,-0.009425025267804504,0.0494597771321118,0.03519180236847046,0.06622098659705822,0.0021847850320346265,0.001989276320953068,-0.004724707020821305,0.04034294294193464,0.016662041833442102,-0.10178427914888986,-0.08660287246223418,-0.09654436805637162,0.006618667689014451,-0.005821958632150424,0.004473569935689925,-0.010173769581764625,0.036757462794488396,0.05828455728859454,-0.05367552802514579,-0.005245659955989357,0.02224472703379677,-0.011784522380799203,-0.03766433729283361,0.06659821610215041,0.018589776455165533,-0.03573913288368284,0.004255869548140695,0.027316650762204332,-0.03764438424853522,0.04619281422587951,0.022750650904722763,-0.04907190992949684,0.07573382102928462,0.08866499195795105,-0.23737004472966444,-0.004303687839781134,0.05096913261973898,0.012506095699555325
31,0.005175163632852294,-0.008206094839942495,0.0071387125815184,-0.011471410666501126,-0.17516018966362623,0.007097401600489701,-0.029475073253175985,0.007861318165197771,0.012734288285289719,-0.0027658125502834016,0.22421906644640935,0.1724661321892763,-0.03702039284297978,-0.032140631651380515,-0.1644992776643208,0.06099697766945516,-0.010298605547360864,-0.016224883319943206,-0.07916751948338044,0.10160214518407998,-0.10892283067262212,-0.031160731299983535,-0.00011580395989074094,-0.002593601769498237,0.0018463103304470312,0.51635004767876,-0.057500631172640246,-0.0034439529544894043,0.04580184315142563,-0.005530669820887922,-0.013321588236151885,-0.15572705170774215,0.0007773789775962492,0.03907438896636481,0.12730704978601903,0.07739910872216374,-0.059536396994806416,-0.43905659179281575,0.12860751873444903,0.05921055272352264,-0.00023887592889533342,0.0030578528835485674,-0.0001834698027807502,0.04076954589505573,0.013797134246678402,-0.0020941596387705416,0.008728544403576705,0.04262091981499477,-0.05408803360675543,-0.15654512318202693,-0.05394652207837435,0.009904305407283556,-0.012806304393640812,0.03896451964958973,-0.004612288740264352,0.0003440640393159444,0.001797632770556075,-0.020410244775751735,-0.0013859235915973864,-0.005023969331709429,0.10893727993834093,0.07612957488704722,-0.13898091239809213,0.05449927621738394,0.0021131806080052565,-0.007875870222920023,0.04516873690175549,0.04781003143659889,0.011325367926725588,0.1197760023085709,-0.07807231460283391,-0.07384664989968814,-0.011992420853441786,0.012874768743823355,0.06620912094438997,-0.24938977202474405,-0.06544510976389453,-0.06403979218897948,0.20071481916558992,-0.045459626161961086,-0.007323176588174121,-0.04771887233940236,-0.01668212332003166,0.05285626663436672,-0.03493279670007699,0.0464775257251443,-0.05651998767343671,0.0341338802250125,0.005619413744426968,-0.021269532352967187,0.02444239168441914,-0.1352194232732503,-0.02153376953133183,0.13081080624025504,-0.07627427949897016,0.05617005157951558,0.06937835818604353,-0.009737909329717104
32,-0.004200497453030089,-0.0037037366302863223,0.016041640325405764,0.2311570126157392,0.041798085420388834,0.025798016499275538,-0.0021293359358330946,0.21534117885001036,-0.15595584437929752,0.010102799443998573,0.488157484456977,-0.31105930498885886,-0.030497288126271567,0.03777000325168751,0.0643173877676497,0.024816768829589577,-0.01532651445643196,-0.024674916621466328,-0.045897664753196885,-0.16533156413595157,-0.1826943007617217,-0.014108832613151424,0.008969747077776539,0.025467041221989964,0.3134567624747887,-0.046402342258210355,-0.02814936845671335,-0.001992148307152412,-0.025499211541694745,-0.10172498324754246,-0.011059097652857702,0.12309270318944271,-0.001060297612740277,0.008757850726586497,-0.1451449238253776,-0.15847573544332388,-0.05595219308678004,-0.12316443689952204,-0.06606894642518993,0.08988403408081885,6.879769935077065e-05,0.012786538024043156,-0.0016745931596011086,0.046688579754580364,0.004905977409277999,0.001114552669496241,0.0057358774721226295,0.11922892809334854,-0.0617824783930134,0.012618205916989145,-0.12658692691651452,-0.009621082947512724,0.0012898990827867642,0.0011404018867675475,-0.11117782094877343,-0.0021414486901807014,-0.0023087898224024017,0.021849532412457406,-0.0024874855467424406,-0.006776586533612686,-0.08488596447605654,-0.05423197310929802,0.10188610859753798,0.1391500671592718,0.00010996589343732766,-0.01587066580077825,0.02161397597582658,0.06905646246334632,0.03551069839451437,-0.23782619990843348,0.14366377170920283,-0.050771463000074346,0.0025816715455303854,0.003465655427954434,0.043957274566030935,-0.09612393234333524,0.10569711451638492,-0.10410745299562421,-0.023095431277506663,0.0706449341244672,0.030187680697302415,0.14341677735438954,-0.037413842358391916,-0.03630532652427354,0.009580056612797726,-0.07927766508452186,0.0452693624135885,0.0341127746217077,-0.02205448345676348,-0.0018198579925264502,0.041700886785255235,-0.010300704527812232,-0.04621116897214689,0.03204014839195084,-0.007769896475447395,-0.08655916612155756,0.01048275224315115,0.011109353090600134
33,-0.002023580106424529,-0.025441416480857133,0.026363863983921994,-0.10850072195468097,-0.08416792757466734,0.06470959613226739,0.05450820634905082,0.32296019496241396,-0.23690971916054684,0.005693970653864147,-0.16731293963978006,-0.021946974756399767,-0.10561453848136604,0.001430427598339027,-0.0005326333671783513,0.054289556279622446,-0.005690847978196156,0.05814456221219259,0.0467459443483577,-0.17424697463860123,0.14427803833019728,-0.05158624729142419,-0.003830311575969139,0.01797561186162675,0.30028714785783894,-0.09450441873022458,-0.18868894297083186,-0.0038909301125625816,0.002152249410578632,-0.08844280028879518,-0.03266452711789203,0.12876540022698457,-0.01178609450276209,-0.14616073646607397,0.13044615026580544,0.3115039914095554,-0.09238594824309372,0.015813341631831415,0.07287519100513844,0.1364351111364028,-0.0011777097429231387,0.002029612584248483,-0.008346108678821844,-0.0021185445275485465,-0.021586117772465024,-5.5694239036953655e-05,-0.008562495219340688,-0.05469329643889753,0.008663289485391069,-0.0395803172754683,-0.1031006310090039,-0.021622443987156556,-0.012090211998823652,0.09848336586390735,-0.24086996653384163,-0.004696552920804265,-0.005845794297664408,0.04415592236716656,0.010270833742558716,-0.0012286414311939668,0.14771695288699305,0.2826315087252868,-0.1335282746489535,0.0017903093598588687,-0.00176647798624416,0.011883675953054881,-0.06037436526894453,0.002811736671830725,0.00431179303001375,0.07271748288599031,-0.16057044784284297,0.018841011811706943,0.003586982092189068,-0.0006065959048192071,-0.041939836224645324,-0.11409234396752907,-0.033968030423808734,0.1827832974107269,-0.07113272145754856,-0.018832737196774897,0.019558125303154886,-0.0971611474962979,0.019792769208231004,-0.005972583300264234,0.10677618273791235,-0.023435221149580715,-0.005478045444360327,0.01639425334533437,-0.03006121803699996,0.08171281226588813,0.08585825061022906,0.032877132229787595,-0.012395419944476446,-0.11265629650790714,0.10179001130573379,0.04072717264040663,-0.06516891460889722,-0.1335997378547381
34,0.020557746255169936,0.07553494391487808,-0.05821445219634272,-0.011951643642776677,-0.020554924886652504,-0.019221182743404487,0.07895741064806405,-0.27236579572529596,-0.09955233962731475,-0.002042660869530614,-0.012571390069095731,-0.09699912161454173,0.09061335463828317,-0.0554167209782064,-0.09254734045741447,-0.002788907896235898,-0.00551465439522604,0.04347567017619585,-0.014562375638052377,0.2045591734468595,0.09383630588864023,-0.02273923156326141,-0.00034989560277498555,-0.01148555935098598,0.2133280150037681,0.008196468945203636,0.057751342215425244,0.0007832948144234214,-0.08232566799647245,-0.06254491823639163,0.03898436021434458,0.10984036251845913,0.004854686717596455,-0.05785789359178523,0.17214309040115527,-0.27901758793744297,-0.00257186518926851,0.04451097732102521,-0.03772508855867608,-0.109312634764265,-0.0007036701548074968,0.0361402818504907,0.003804451217375814,0.014431872337650675,0.016294145605754203,0.0012201911087370905,0.00595831919486111,-0.0070172671476789045,0.11799193239095082,0.4216591881208776,-0.39203799961908764,-0.007556556519496747,0.0717600027074218,0.017632185904829206,-0.06458838629794698,-0.0027351259074937214,-0.004901931540319737,-0.009894390811364567,0.01906431506252658,0.011615137347135216,0.1186369532868734,0.09676159007741901,-0.3242205440230265,-0.09943678925577984,0.0014380335367895885,0.015650556354153414,0.07719366841655728,0.05208896657349667,-0.032640926662132086,-0.014146185331396444,-0.08146110880407607,0.035256521024447485,-0.005627122950624829,-0.0009572534711225289,0.07388144202386575,0.027889606688138467,-0.043230086406444934,-0.03261824478838721,0.06369085956284429,-0.0019073737919612713,0.03580563147557908,0.004847533465466236,-0.02435930071267796,-0.041200985227915904,0.05762183517165727,0.003090917303469963,0.08254374597259082,-0.08040473447900368,0.030258372376109094,-0.037273238190385014,-0.0004692516970891403,0.05402384665019766,0.029586797087081312,0.13881623928192632,-0.20547274509091296,-0.011418387967694912,0.028701926142145527,-0.02889257008496508
35,0.0278612885278968,0.12088462375915837,-0.10218895253840683,0.17966572051161875,-0.2136300716567651,-0.04876830058272098,-0.188729402096063,0.31001231777950744,-0.2647686801972099,-0.0034618980444550227,-0.18389353689623217,-0.018452097984914817,0.15139902408818498,-0.03109356537340468,-0.0662578816281783,0.04825331727935847,-0.003513771397468654,-0.10991476741060091,0.006868854391883172,-0.12815564465573046,0.038850018956878785,-0.002553994716448016,-0.0017267809113075405,-0.0018488304737304334,-0.018234858523963837,0.04123092347697463,0.21927679272670977,1.6186474465648693e-05,0.018006936199864723,-0.08094508207470044,0.024771106384635158,-0.07483802851451822,0.009630657656047516,0.11446036340709573,0.3836447687869493,-0.3082292845814394,-0.04847561434046842,0.06480165285493729,0.0315159168953623,-0.07464120146134225,-0.00045576490379107496,0.1307109538944936,0.006104675798396406,-0.014152550099416829,0.011099199665759407,0.0017187535064223016,-0.004419721228109415,-0.030650794166868944,0.040376435805190986,-0.1269618888864758,0.23506993571396206,-0.0187104994483746,-0.04324429826654359,-0.014801706372213903,-0.1185130814617103,-0.003913921168306878,-0.0061660268979402254,0.04339289328994346,0.019977330623903625,0.0005072495164034976,0.033358555203444704,-0.15095699067798773,0.020717971782622024,-0.11701941668308691,0.0003297581811104004,-0.001971743536525062,0.13414799402398858,-0.007837912067798408,-0.006892993496275247,0.067502015744558,0.11665644174487966,0.06024216478548274,-0.007912866406329176,-0.003270690997141959,-0.005565650883029079,-0.03607654093592526,-0.08791480058144228,0.09111331847326273,-0.08427617091937828,0.053936099520633864,0.05445301846140078,0.056258877733159664,0.05164869627824589,-0.011456869084485344,-0.11145826227973685,0.01500755735281642,0.03063566226877619,-0.016479489459400642,0.03009265193070368,-0.01368124915381902,-0.003326209949010034,0.032662333605909165,-0.031730153888315446,0.10552761463361127,-0.10178257257884243,-0.045319756171301864,-0.004779944919284483,0.018181113680973596
36,0.011405266669475759,-0.019526303606758652,0.0023189825477229267,-0.053035620297350386,0.10017423581350698,-0.18020818994394372,-0.25930603529705115,0.43517346683836533,0.19470793757572485,-0.0035883745847812426,0.06605876325868187,-0.021067299185636046,-0.034596810108483915,0.009982168403163759,-0.07775776953339647,-0.011156822351856804,0.011357978284430928,-0.014655171272263061,0.07758023929736967,-0.20109388974594053,0.05799795496612543,0.15922677981205657,0.0057709934542321956,0.007836013540894804,-0.1613321142265334,0.03925415693819956,0.1298686869233056,0.001123245399616217,0.020927162138385948,0.05384703062976096,0.01765646200194733,0.08830823670299581,0.0012363797129700885,-0.21680470926845302,-0.07807003465659038,-0.08240983852354306,0.03871012781350239,-0.02618808147726752,-0.0627767482806978,-0.09200589583740641,0.0012851566506606152,0.1675861815576041,0.0028364126365311264,-0.021649375121398685,-0.031997506696470536,-0.00029862742742420983,-0.007003599489074752,-0.02513454681598533,-0.003956533899408421,0.05913246568037114,-0.09521860022505338,0.01367395823560743,-0.025274822119032734,-0.03863984927150341,0.32654987215556963,0.002765041062391716,0.001916052319640319,0.06451828610172407,-0.03011122456239484,0.007648224726684857,0.05785216360906667,0.21021600495930204,-0.23716767598082605,-0.045422971818661534,-0.00024328934076261674,-0.0034830218259591893,-0.050580666625337084,0.02839772877006129,-0.010625074090127806,-0.08506721006942018,-0.218051558962166,0.008147868331284412,-0.0032375885215101836,0.002081818878102687,0.15074282244712778,0.03661532656684348,-0.012978770296055799,-0.09681017853853319,0.0459949152402096,-0.07109525903947728,-0.014656964106240133,0.05979225868978007,-0.014712952568302656,-0.005031845631998634,-0.014881026963420908,-0.025166433526057852,0.05056569382961984,0.060604833321931145,0.06779513989927394,0.004031475566416138,-0.22734931532135816,0.021013187795813678,0.0210615733944039,-0.005747061242670659,0.012421964485596114,-0.02101169371108972,-0.06373649959326513,0.08035070157532868
37,-0.002528044295859161,0.05910122887848888,-0.0567389973509856,-0.012629609021861561,-0.038298677846372864,0.08279132904802168,-0.25041480693531387,0.005249685665693376,-0.0027016175653223687,-0.006524787346791452,0.1129802075012668,0.10367376672327379,-0.27072864253853934,-0.028268474799293467,0.10807029840367459,-0.028806903882427834,0.007310064000743693,-0.14466784568257818,-0.04396499422974598,0.12255865193008462,0.2563530366167914,-0.005765313092424315,0.0017618863628173671,0.04895624276516905,-0.15258250312009108,-0.06283195812797673,-0.10706028693211785,0.0024812598931298196,0.07352077851687944,0.08248748848141829,0.043049213783739944,0.16427411367542724,0.004698094463656377,0.43958427244152687,0.045941276909315196,-0.10665758912711182,0.033603808794512344,0.07669982334904009,-0.035665853707331316,-0.09259674685750427,8.796301488976166e-05,-0.0930737292182606,0.007367743875735593,-0.11485831648688902,0.0032841485264775566,-0.0005916688850500472,0.006496025657144203,0.11240811364294412,0.07509975015359245,-0.20288947594518333,-0.2202653305490301,0.0010560877002494529,-0.05826722373095202,-0.06888498163634829,-0.09833958435806656,0.0017143901711145918,0.0020103245075869273,-0.03256509564668348,-0.002540584875478133,0.0069456601515450415,0.08398127301470948,0.23234812275815495,-0.03455413542513863,0.04211175617458261,-0.00117459407138739,-0.003348380165226131,0.04831138586393791,0.04112900947655712,0.06609642821181932,-0.06961835068046915,-0.0572776831816994,-0.17694551000069458,0.004080631528554424,-0.0023428412584121407,0.056806432209722944,0.06440592276019576,0.08483231692831342,0.018203831322298067,-0.11231500978851967,-0.05540966579347722,0.020606155533459722,0.058133992212161076,0.012691029002512497,0.06979432167529859,-0.12672007351069567,-0.0138992693792762,0.028337806661110555,-0.09895821338583596,-0.07772268406606347,0.015332832628474315,0.16266628983141934,-0.053378829746513715,0.001585500820355329,-0.12694086734162263,0.0003025714167356752,-0.051163262458823786,0.07585089984874997,0.12408795579201429
38,-0.002780941797669728,0.08422927633509314,-0.07345012576750716,-0.03674606611353111,-0.1770786102638705,-0.10612371364561116,-0.05069027220057632,-0.037164124431116365,-0.04407529874578184,-0.00837668621046223,0.06958337193910671,-0.029099199008522425,-0.16688292056833082,0.005422701485077137,0.040753915647723765,0.03268917970964533,-0.006017480985760309,-0.15960454481692704,-0.1455400395831937,-0.05516620155176671,-0.050383152592197444,-0.04307360967973734,-0.0070657695734892955,-0.0005001076284546144,-0.21855627462498128,0.028552713336302455,-0.2932657301464291,0.0013982344648355216,-0.020888890746257948,0.11505089598212141,0.05808611031525351,0.49587241678540317,-4.097203027108101e-05,-0.23104511632762842,0.1786028751724286,0.1690453584412719,0.002037409706146659,0.01605884139069507,0.005244002616535952,-0.07694874767791754,0.0005973559832591468,0.2266118280576953,0.0086138721424419,0.04614183232094712,0.013943379138575115,-0.0006073229328067036,0.003015915221546109,0.08510354309603757,0.07148696256922918,0.22393177468428715,0.06212969490978741,0.004966666969267744,0.0408156086096298,-0.025460142724501506,-0.00048447462619644055,0.00022625866916823473,-0.0001956444734710263,0.02602858970407937,-0.009422901930084791,0.008119776028699906,-0.010030719053899437,-0.25634025764618174,0.03873831783637658,0.04775679575053772,0.0017119293801246445,0.006851702130527174,-0.09080301024637549,0.0047586261663693785,0.045248133565336496,0.0844190146658255,0.15459497216701903,-0.1484507014726113,-0.0009895483578663267,-0.005843310619145586,-0.13014338172422488,0.008689295684917206,-0.020170857055775402,0.07458142835714612,0.09971931819537833,-0.0015798506461611253,0.05765503366535971,-0.03505996643214034,0.001319927946951932,0.06439451724271114,-0.03233150407427392,0.001677025316751235,-0.019489686745753642,-0.00824070049917712,0.03162893948005326,-0.06654052652935573,-0.07434494241260106,-0.07078766808967246,0.016957101344318336,0.056851797645975255,0.012992378520687423,-0.020199837943691262,0.07031709151816512,0.07085605371105186
39,0.017368927208359926,0.03046851412059927,-0.02831871984840939,0.10228295340250232,-0.06352865666306262,-0.09151831261721016,0.4972557187550571,-0.2166132502023157,-0.012060606856995587,-0.00121216083838388,0.10748538832322127,-0.12350441286443697,-0.2614203973219301,-0.026321107031947358,-0.012789304374182256,0.018737977905254652,0.004826512338799424,-0.09905316984951815,0.0022571982989366994,-0.12166215953489798,0.21164672127016593,0.0768113405542418,0.006208037016431814,-0.009030250107735047,-0.017381326345910254,0.1169725659558154,-0.008340407915143927,0.0011966025160728647,-0.21545376049495257,-0.08936394063518538,0.019686305607471005,0.09746420857557561,0.007636769763334474,-0.06465545975926036,0.033407295879107624,-0.16014831428542262,0.04314220493085777,0.0024354421314729674,0.07418049610510508,0.004750469880057236,0.00047361816733089944,0.1455310299803804,0.002776101164797238,0.14826519522675832,0.006734949687420749,0.0015661566538995356,-0.006471713853882205,-0.11496850908260849,0.026581328702206683,-0.23314356963277505,0.1994302687593713,-0.011102067283890356,-0.0049574547629414045,0.03816168167409628,0.08939740991079864,-0.0005896819162578004,-0.001274467211939044,0.032891398024275875,0.00039755115141716646,0.005190511939397076,-0.006553765948074064,0.21669534573703506,0.14030348820539015,-0.08992047151405173,-0.0012326792451930642,0.003262829551758401,0.05271404075533029,-0.053255530209607944,-0.002593134736995545,-0.019886967094573188,-0.20183492861240848,-0.09369772193349914,-0.0027043422133984155,0.007543558962448085,0.08927953194129848,0.037570277146594167,-0.0437220351937327,-0.02813134473723289,-0.19503720872300706,0.03748039037584079,-0.005496281322768134,0.019545907347942648,0.0013200720537333843,-0.002273032258874763,-0.08041394116048536,0.06182099401768386,0.08312410510989605,-0.0033714810482414967,0.03823696855740314,0.05716352522746035,-0.1422787727661543,0.0037121554274145404,-0.005282120375898647,-0.014177130344206229,-0.04491504345361609,0.052362669813936544,-0.025973560822097008,0.0013986846741025826
40,-0.008570874387816386,0.04918049865066518,-0.030049639298359188,-0.07679839190513658,0.035077724563982685,-0.08948869946844525,-0.25275302052555443,0.15653081958955406,0.0010911384946794,0.0031820376594635658,0.012695795609078315,0.06273231291888473,-0.011172454865775783,-0.004558796173300163,-0.01539805730937048,-0.0026635598882590057,-0.003815016232108462,0.11840217447106768,0.06329639181864892,0.22544851712459738,0.08805011552117716,-0.10599807875649422,-0.007842863154783932,-0.014552002775704884,0.12789747806979412,0.09570193239676403,-0.3489012565972529,0.0019055914371703744,0.00802200119435846,-0.19939156654109086,-0.011708967826220999,0.03184418088422418,-0.003035663621055746,0.0680381090157248,-0.061497673960602656,-0.0514361640832036,0.01703774865912202,0.06482127502213529,0.11922885114418214,0.03101258369458193,-3.1244214522455505e-05,0.08472336294165056,0.004043649838884049,-0.035663344320953284,0.012487214354977244,-0.0004007413681250335,0.008447925991202766,-0.2751557711113626,-0.03481542561226733,0.1270005655313432,0.044889085621851885,-0.006529823257511655,0.01829055833917867,-0.016882548185044297,-0.02534090345680362,-0.0016032852998631303,-0.0009352121387149123,-0.015369911241140871,0.008605935919704162,0.0006208138044170482,-0.29922372912757444,0.01786017467426139,0.4172766994087454,-0.0538975417090839,0.002960259378071692,0.00031694889713710387,0.0117718411796248,-0.12880932247355772,-0.057445367571435015,0.07752345492812325,-0.17041213020086526,0.008719796502751185,0.0006766142887633091,0.010268795981884394,0.21765293279494136,0.08545268548816992,-0.008573446262179669,-0.1055556548800558,0.011876799045731457,-0.05738673370099538,0.05156147561580873,-0.03498111483651435,-0.026100865391060865,-0.013125395396641037,0.11092399124909928,-0.03671661562488307,0.021723700956095326,-0.026489895792245324,0.05465712828922127,0.021234006298744397,-0.0360150953452512,-0.022069731386274105,0.014543585851271343,0.13039280020446203,-0.20018142810601114,0.00754668056465288,0.04826023319936269,-0.013601984734028114
41,0.0020980850013055216,0.017890905695054513,-0.0030640451454955996,-0.1265172301476153,0.10597130252081462,-0.021652401565913953,0.008507820251180753,-0.005758389801594377,-0.027973064446420063,0.010880118104222642,0.11829899045914122,0.023811525048562474,0.11937547380545024,-0.012257613437915987,-0.07992699714905414,-0.04684586311503559,-0.014915408392009444,0.1645715404882369,-0.12115701927512279,0.1882821927675067,-0.01671570971035007,0.031489335126518775,-0.003598557871909082,0.024171589684352922,0.07743573143356497,-0.06807634727113433,-0.11259669962799987,0.00027255128283642377,0.06633717860138343,-0.036209228053464264,-0.00237241889029152,0.05074729887209277,0.0009534398966023643,-0.2800316369919846,0.04411337209557846,-0.11120948097998674,-0.01690932223090154,0.06457530023404627,-0.08818812165229943,-0.09280515724677864,-4.7252079994378107e-05,0.014678753991527349,0.003492002902102117,-0.10278598752754732,0.014344965434431572,0.001294727337812822,0.016177432181212592,0.08426674606184753,0.5089368029440297,-0.49750547899022196,0.1431017086418943,-3.2513711405373485e-05,-0.08318195738353137,-0.03538296373562072,0.0021826880768327644,-0.0014602599679150387,-0.0027543718713106844,-0.012972942171521827,-0.012684066984235734,0.04212752879927094,-0.03365023275303718,-0.01605110907893184,-0.09899292881569352,0.007845127351488103,0.0006224193888451573,0.072915917125955,-0.02102216263306604,0.024689667989979625,-0.003991186650365221,0.03438314608907728,-0.027165047626809935,0.024225655030011964,-0.0019852924538937312,-0.003266563176691842,-0.09254965843012306,0.01137683102755618,0.06500888485879001,-0.06833497582117766,0.11383111475897591,0.061738092441541624,0.05449864661560132,0.009912624366979761,-0.08236063955802696,-0.03168113930072611,0.22312764920858782,-0.11899849471681505,0.0331772189474864,-0.0438305819035172,-0.0069794043042015474,0.007729164942682736,0.017315814148072234,0.03084804897049674,0.004992824597834698,-0.006731271364082726,-0.038180723297600944,-0.10697023933154991,0.07296547153633987,0.03566367705803945
42,-0.008330913521088754,0.012661386249720796,-0.010619165343847617,0.07721471813582366,0.13154667766239742,0.046383612867140794,0.09863881217918169,-0.013300879082393205,-0.009193519522811278,-0.0022301204265113075,-0.013537123892241133,0.113631746249439,0.5549708206959828,0.01863005109086996,0.07878730055686864,0.0374735642201,0.032210389619671924,-0.2140461719780157,-0.037376381590328855,0.08284633217132023,0.09810360905024194,0.05216329477736595,0.0013714302803707768,0.019407505662486564,-0.10076036792469678,-0.21500000034603944,-0.25777837073105675,-0.002690234883526557,-0.009287958049636086,0.07988314166413438,0.11694591176509399,0.06412529841812882,0.006046147595549105,-0.15103699116715263,-0.010913878833632807,-0.0853572985916,-0.07456999184379563,-0.24014021518689305,0.0276807566920977,0.004465546756285341,0.001142070545896899,0.0910650388288016,0.006023089004679565,-0.04718411888513772,0.008293321986497446,-3.991471407791859e-05,0.009401356246874812,-0.0667853455086078,-0.14719486747825725,-0.07582750853836279,-0.09639664299822226,0.012196357449696008,-0.00359043018826298,-0.054766780969906476,-0.0014280574224349724,0.00296550084009526,0.0043803918258599125,-0.0055435204992873716,-0.01666301047123194,-0.00622749748672162,-0.07064220660576512,0.1545127356896366,0.0951840664963724,0.006788599585259736,-0.00016520559452682694,-0.043000842400425204,0.02637372797023585,0.003776897408495898,0.03323467384872093,-0.12167877346202774,-0.1164646564823383,0.10250320088175584,0.005396758526164072,-0.008878115684121918,-0.07078417529917452,-0.22226479555996764,0.044716034474327454,0.19915436127721262,0.018893843552411624,0.03100663407680971,0.013210641672833881,0.05323189037006715,0.04407760832119456,0.08769392238800836,-0.2357343420543238,0.0507309209750534,-0.0040572488920647826,-0.04656316670481492,0.004977051539611893,0.0034897150231817074,-0.01389070270767216,-0.012193078958578692,0.05391909358579256,-0.04324894157878769,-0.07463784181066957,0.016974747783532043,0.026437196333327355,0.08879317638714165
43,0.014202741887747977,0.0007968829139177319,0.002806376768208843,-0.0853568174553906,0.03766374779858904,-0.12277247550816761,-0.06426711916820721,-0.14550885537240837,-0.04798145921570757,0.00814487878670582,-0.012981693299787624,-0.0772062369813792,0.22662088847964867,0.022058584565220862,-0.053947801346676705,-0.007679943791622432,-0.004515319102175702,0.11198046555725638,0.02568564296092389,-0.18083362287435778,-0.028160780795434465,0.14005514374781156,0.0009367795608541639,0.00020833591653589278,0.020706485020430487,-0.008043359445702749,-0.37511484246950544,0.0004466249590766025,-0.07723790696397541,-0.05751439792334376,-0.06800157842464118,0.11967622427395591,-0.0030138911126567774,0.4599254431420215,-0.014610516849682426,0.06197322062050548,0.02850056351787856,0.024831824814593888,-0.1411069603232314,-0.0035978160174706952,0.00012652506456807284,0.10905070094696376,0.0005474315807699574,0.23484819313142757,-0.003640469513217205,8.011353792814271e-05,-0.0171676911299261,0.12313714895132392,-0.21447718126400936,-0.13215525371228454,0.18991539401924243,-0.00022637089327098674,-0.04207502945745095,0.03844295186069959,0.046439508883035135,-0.001250254988067287,-0.0011117573948137803,0.02187066726445572,-0.004060718875066628,-0.018552458046052413,0.09191954440171449,-0.005098366637629893,-0.2691897352302774,-0.049968131879827016,-0.0023166770121747712,-0.024996855758600812,-0.0532946845756479,0.04907642591313672,-0.021552041753453738,0.008277742928731902,0.08136712644504494,0.1310382435439835,0.002495884524167706,0.003106118589936452,0.05193874755102013,0.03537672810995049,-0.02850687561117196,-0.0647034976671163,0.07179376993638914,-0.058078821218304405,0.011612446153390146,-0.027287580135465894,-0.03190908221000606,-0.05919217130227564,0.12178759274468506,-0.0033987590969374037,0.07285690978967718,0.0605101563214909,-0.021767234367248398,0.013421961498646749,-0.12895094533561957,0.1449623500098808,0.0473754267664071,-0.053189838046910125,-0.14400293395137798,0.008694759857136664,0.030633383831728866,-0.03054399637381222
44,0.013816593501534125,0.05097931957769049,-0.04392510721234711,-0.09302722615280819,0.10736637797421456,0.04759915770989803,-0.07995908171001186,-0.1240538354170363,0.0029791758563198073,-0.016338245921211164,-0.08757168869487225,-0.05380185119507149,-0.05930866101978843,0.002357803336815553,0.07861889358273874,0.014751840832426824,0.033341721596193835,-0.09568099920647044,0.0904530452924265,0.10502636746294253,-0.050753814966984764,-0.11850278536493937,-0.0026374874367106477,-0.0005946834240050519,0.13122924517818593,-0.1138524950853567,0.3997360410112357,-0.0027492750869959615,0.10706366688581942,0.04954368978633969,-0.041627463919515786,0.38804696177477005,-0.003999803125466231,-0.09571500836478868,-0.05652355016954049,0.07764922303746781,-0.09075722366445999,0.008950038189228626,-0.00198149390194291,-0.0052735185668759815,-0.0013420734796806902,-0.048684976341605374,-0.002610243432435204,-0.021515389980905075,0.024103428741085967,0.0007940812182908874,0.014032138612499686,-0.0071150072523832875,-0.30655075057085235,-0.25155751871674475,0.15429696519826913,-0.003853711107711044,-0.05031283464578937,0.06103154941080019,-0.01716295480071864,-0.003353910747167538,-0.003970957920638174,-0.0001694757006996117,0.027787131244159567,-0.019373437787473354,-0.074721379079487,-0.04299636203660556,-0.0785155513513629,0.003711494163925383,0.0024971359020563577,-0.04772998678179233,-0.10095102965807234,0.01639903158140755,-0.023792652929758115,0.024340426448066027,-0.045118892184611396,-0.09553341754956421,0.005652711580817718,-0.012406908981520713,0.33882641596293545,-0.124684536013066,0.003936034421691312,0.09442912566039133,0.16205495094260514,0.015439748865962305,-0.015311468016491418,-0.04262262701895052,-0.031219820301289856,0.03894123194122378,0.011174434950924461,0.023726780428092543,0.05273266783234303,-0.05236476100650179,0.013017269514579155,0.011522835481159656,0.05414171133040277,-0.024453409778265184,0.05594758664781849,0.09672490750441336,-0.25821850348287084,0.03696984132874896,0.07368172987923303,-0.05970187525106084
45,0.010184026049005842,-0.041361529554003344,0.07028375653953313,-0.03500280464750141,0.05395238248461115,0.04698278723649067,0.19916351889747644,0.11138833539757947,-0.35464413603706624,0.05542767183664737,-0.03593672006486391,0.09863678632471871,0.07262879615779574,-0.015001240576272536,0.03723787288884668,-0.0551798043181638,0.007584122208600823,-0.047306282026387356,0.07563653414199602,-0.09371199451513769,-0.056572663564302565,-0.10681125299666938,0.00010622217848990645,0.012202999308938443,-0.23197583488380186,0.038939996475118005,0.10865416453220185,0.005763187964111127,-0.20635011820098434,-0.0196604353979022,0.06716597500117086,-0.0636213087618776,0.003389234360919924,0.02438593069130267,-0.13548690479023015,0.10668168018148186,0.12879143742085072,0.11480333945342491,0.07018825048640064,-0.004030304492195949,0.001542076207584832,0.15010459331984077,0.014228626205347695,0.17448959643617018,-0.024061288830497792,-0.0009715172684036655,0.0020673009461858443,-0.06712108037235961,0.04586170287678772,-0.1092019529877973,-0.1954945569603063,0.03013708007163248,0.019411297958678866,-0.20268005096910058,-0.25595903194879505,0.001958818821666472,0.004240128088715538,-0.07128583650585693,0.008158562868507677,0.007511060511460687,-0.14046954398014772,-0.02151061136104874,-0.08717735152503915,0.01882887108212747,0.00022541042721014454,-0.0033647783459716603,-0.03650148569220917,0.021844875257441165,0.025022658017121197,-0.001187122370428905,-0.03298997603115492,-0.02108339643032446,8.549203794877905e-05,-0.006807608503174512,0.1714909209945954,0.23853507031480337,0.023115163032490272,-0.1513677567619445,0.38409652022108953,-0.02229606661011173,0.1301557674014513,-0.011944307961250566,0.07153679032655204,0.06298190494035813,-0.06650890117371938,-0.05606548613193987,-0.05768707327135844,0.01766536726642859,-0.021766488445134603,-0.00901877940376504,0.02919378362210147,-0.0387197234670625,0.010137680903065445,0.0006405615946196708,-0.004188257912971845,-0.03256344784668265,-0.014052451769993077,0.12035882873075261
46,-0.004512620313729413,0.029299237339291268,-0.05537856532350609,0.08197640029343034,-0.054507465508547105,0.0088862503903122,0.10660062682050535,0.02204904633530269,0.18252736710564743,-0.041146559198517875,-0.12770309146619832,-0.0704245772521154,-0.029868809720685178,0.06903886483029695,0.04561319932971782,0.010322483206078854,0.03955449785340243,-0.10016069190225733,0.08931668517626501,-0.23522485214052116,-0.09128576284502432,0.0729969814155163,-0.0021468859841363673,-0.021954548125788943,-0.06444615537210059,-0.10175469079985816,-0.06572548662302963,-0.002801106590272731,0.07010721859699275,0.04945228878864796,-0.09160061871469694,0.0940002720227766,-0.0005458079149882854,0.2516300605974734,0.05659315664607787,0.06476270402618285,-0.07354581514325834,-0.07898649600038321,0.06509599222572654,0.11039750084357884,-0.001030126651156621,-0.19469763627466496,-0.006505593228287609,0.06259119477705256,-0.02612644289356367,0.0010878582930143772,-0.01070844442545697,-0.20885267481408154,0.46008867569913736,-0.08218688777293112,-0.2522443737121583,0.02149227580154501,0.003889302950584036,0.05250618669389919,0.136300282857037,0.002892129319473101,0.0044082961014002935,0.010125386462078154,0.007902058241566458,0.029669314218610597,-0.19442482021658333,-0.08096181470376758,0.03601415098290617,-0.05390017413312565,0.0035761693294856026,0.07401965305953323,-0.03790743707707031,0.008851922272475075,-0.01586933908962517,-0.0781686132838377,0.02504467797331783,-0.0019727574688129194,0.006402912958276079,0.0065708124017450145,0.10332939947636974,-0.15343814178401283,-0.08152535922326822,0.11965322787869796,0.1840244082289833,-0.008606437436380815,-0.10840539698995318,-0.0009384345188295871,0.02402090774159532,-0.09451282497189004,0.00727785709806184,0.06415249465106218,-0.008070399694782932,0.052377134896923916,-0.016511888731965935,-0.04328798419676859,0.01782247137327407,0.08659042604565542,0.01195120386433738,0.23663556794242355,-0.12049933762399767,-0.003190339530883629,-0.15338031183541234,-0.0604365425088026
47,0.013591015977323246,-0.051219836748502265,0.04090086998748113,0.12472804330337801,0.1869313583927058,0.13665985861587215,-0.0935041034275731,-0.05074879211291974,-0.12124164020583847,0.0005298437369492537,-0.09103799295155984,0.06973727148187191,0.007618849406570434,0.0748869401266968,-0.16061228503323752,0.0319406226455444,0.031134609079457747,-0.27025865656991227,0.1885698451481089,-0.05096439863686639,-0.03478640433374473,-0.03609585392674272,0.010511278176462469,-0.023394499158886882,0.026598638415474593,0.0743230415230867,-0.18109077699525336,-0.00021318981787013525,0.042342041669989325,-0.03512341986368557,-0.21549369337793955,-0.0009502796698261512,0.0027353203337107806,-0.13280282221006234,-0.2236081581754348,-0.010193481622460608,0.02559744847558881,-0.08008659339728594,-0.048374495114025626,-0.02988045258337227,-0.0008533555217697109,-0.0918694114724821,-0.002208952169268641,0.02209477457319314,0.007535245023257191,-0.0009655634630087312,-0.007728305765628406,0.10373489576700488,0.3472969767257127,0.19999538551606597,0.2809442480278811,-0.0023589585879241065,0.028725775733017496,-0.024699522202611124,-0.08232788979142136,0.0012297762501634335,0.003212887966080699,-0.05909808516030103,0.03510614732596053,0.024366220859044642,0.17009900953839252,-0.02012070777034633,-0.07906991079434791,-0.058186833796586096,-0.003969093324175901,0.04412501918619538,0.015756231960781103,0.017890832677528334,-0.04387056517473535,-0.004201849314226208,0.05175593522845509,-0.05056234479534904,-0.014889503048668536,-0.009876508366141247,0.32885304727734166,-0.0012697006737382097,-0.017366580142374157,-0.04269213298316371,-0.14667895870281514,-0.02886249892073768,-0.033378199041222065,0.03652122054076449,0.04214336068611496,0.04521817741598128,-0.17763048341640664,0.05374772477354607,-0.01831286818347852,0.09052076362506564,0.02878566421795585,0.017300789006989302,0.08851730126266677,-0.05380910851836381,-0.02801634143229287,-0.17802072082560083,-0.1092455146013747,0.08917086386349059,0.06937557785591364,0.003733593729029261
48,0.006638682031984711,0.04117216507224028,-0.04626853119306701,-0.003187290187253458,-0.173056854367291,0.16916576138631917,0.1771890486610765,0.15157889173566347,0.04029730904961863,-0.016905399021751616,-0.008782013181784593,0.031116496280058345,0.02482637903053455,-0.01483272543865554,0.02864323414529965,-0.043633165178606874,-0.005512089631548561,-0.05650419060043657,0.025811200209616997,-0.0019363036947367268,-0.06281540223736419,0.4703230412152916,0.0029155167571238566,0.010647632396743448,0.007052995203407242,0.06386283310363199,-0.21217856985437167,0.004115299224517857,0.002517059266323403,-0.15089401790517207,0.280220852147934,0.04622056074701988,0.00026946894713047315,-0.1585571672657186,0.03288387700536123,-0.03715371101961268,0.11617878400183218,0.1273090176209311,-0.05628973864154263,0.01646941443747027,-0.0016137327912339825,-0.3126036288309879,-0.007408107873397123,-0.2415055942644546,-0.025161458315913758,-0.00026291929969338656,0.008314075094041744,0.022500383024667572,-0.19939845360369246,-0.05642458561754493,-0.009646606584779754,-0.004165405284071173,-0.006819562002315566,0.052387072124750626,0.036481703789834445,-0.001361142221642383,-0.00411859069017392,-0.016333277880108354,0.02204704847233256,-0.0005362404281636438,0.06313885060970933,-0.169558015869183,-0.06891729788544695,-0.030949877100344473,0.00240843517947431,-0.03431674373135045,-0.01612539545985038,0.040415824463407704,-0.010650473892326845,0.032441013293743104,0.0027951836676444256,-0.023252423056116994,0.0025235799726563146,0.0039028105947442604,0.1358871229506988,0.20448284034025893,-0.026843707859629418,-0.13387357755563767,0.02081592059467885,0.011738300283511777,-0.08780938070515545,-0.005865636093790164,-0.008211426379184018,0.044001339746737096,-0.04370693808466823,0.013782660810905942,-0.03181285913778009,0.008995945273461092,0.01912420984199721,-0.02964639274107806,0.2269490573257553,-0.04372829875376149,0.030520189377430097,0.060099615268144835,-0.13818461748950797,0.03652408194256718,-0.11369494178410999,-0.025145989123117704
