vehicle_id,metadata_field,status
34652,fuelType1,present
34652,fuelType2,present
34652,atvType,present
34652,evMotor,present
34652,phevBlended,present
34653,fuelType1,present
34653,fuelType2,present
34653,atvType,present
34653,evMotor,present
34653,phevBlended,present
34654,fuelType1,present
34654,fuelType2,present
34654,atvType,present
34654,evMotor,present
34654,phevBlended,present
34659,fuelType1,present
34659,fuelType2,present
34659,atvType,present
34659,evMotor,present
34659,phevBlended,present
34660,fuelType1,present
34660,fuelType2,present
34660,atvType,present
34660,evMotor,present
34660,phevBlended,present
34664,fuelType1,present
34664,fuelType2,present
34664,atvType,present
34664,evMotor,present
34664,phevBlended,present
34668,fuelType1,present
34668,fuelType2,present
34668,atvType,present
34668,evMotor,present
34668,phevBlended,present
34669,fuelType1,present
34669,fuelType2,present
34669,atvType,present
34669,evMotor,present
34669,phevBlended,present
34671,fuelType1,present
34671,fuelType2,present
34671,atvType,present
34671,evMotor,present
34671,phevBlended,present
34672,fuelType1,present
34672,fuelType2,present
34672,atvType,present
34672,evMotor,present
34672,phevBlended,present
34673,fuelType1,present
34673,fuelType2,present
34673,atvType,present
34673,evMotor,present
34673,phevBlended,present
34679,fuelType1,present
34679,fuelType2,present
34679,atvType,present
34679,evMotor,present
34679,phevBlended,present
34684,fuelType1,present
34684,fuelType2,present
34684,atvType,present
34684,evMotor,present
34684,phevBlended,present
34686,fuelType1,present
34686,fuelType2,present
34686,atvType,present
34686,evMotor,present
34686,phevBlended,present
34700,fuelType1,present
34700,fuelType2,present
34700,atvType,present
34700,evMotor,present
34700,phevBlended,present
34704,fuelType1,present
34704,fuelType2,present
34704,atvType,present
34704,evMotor,present
34704,phevBlended,present
34705,fuelType1,present
34705,fuelType2,present
34705,atvType,present
34705,evMotor,present
34705,phevBlended,present
34711,fuelType1,present
34711,fuelType2,present
34711,atvType,present
34711,evMotor,present
34711,phevBlended,present
34712,fuelType1,present
34712,fuelType2,present
34712,atvType,present
34712,evMotor,present
34712,phevBlended,present
34713,fuelType1,present
34713,fuelType2,present
34713,atvType,present
34713,evMotor,present
34713,phevBlended,present
34714,fuelType1,present
34714,fuelType2,present
34714,atvType,present
34714,evMotor,present
34714,phevBlended,present
34767,fuelType1,present
34767,fuelType2,present
34767,atvType,present
34767,evMotor,present
34767,phevBlended,present
34769,fuelType1,present
34769,fuelType2,present
34769,atvType,present
34769,evMotor,present
34769,phevBlended,present
34777,fuelType1,present
34777,fuelType2,present
34777,atvType,present
34777,evMotor,present
34777,phevBlended,present
34779,fuelType1,present
34779,fuelType2,present
34779,atvType,present
34779,evMotor,present
34779,phevBlended,present
34782,fuelType1,present
34782,fuelType2,present
34782,atvType,present
34782,evMotor,present
34782,phevBlended,present
34801,fuelType1,present
34801,fuelType2,present
34801,atvType,present
34801,evMotor,present
34801,phevBlended,present
34804,fuelType1,present
34804,fuelType2,present
34804,atvType,present
34804,evMotor,present
34804,phevBlended,present
34809,fuelType1,present
34809,fuelType2,present
34809,atvType,present
34809,evMotor,present
34809,phevBlended,present
34810,fuelType1,present
34810,fuelType2,present
34810,atvType,present
34810,evMotor,present
34810,phevBlended,present
34813,fuelType1,present
34813,fuelType2,present
34813,atvType,present
34813,evMotor,present
34813,phevBlended,present
34814,fuelType1,present
34814,fuelType2,present
34814,atvType,present
34814,evMotor,present
34814,phevBlended,present
34817,fuelType1,present
34817,fuelType2,present
34817,atvType,present
34817,evMotor,present
34817,phevBlended,present
34818,fuelType1,present
34818,fuelType2,present
34818,atvType,present
34818,evMotor,present
34818,phevBlended,present
34823,fuelType1,present
34823,fuelType2,present
34823,atvType,present
34823,evMotor,present
34823,phevBlended,present
34824,fuelType1,present
34824,fuelType2,present
34824,atvType,present
34824,evMotor,present
34824,phevBlended,present
34825,fuelType1,present
34825,fuelType2,present
34825,atvType,present
34825,evMotor,present
34825,phevBlended,present
34826,fuelType1,present
34826,fuelType2,present
34826,atvType,present
34826,evMotor,present
34826,phevBlended,present
34829,fuelType1,present
34829,fuelType2,present
34829,atvType,present
34829,evMotor,present
34829,phevBlended,present
34830,fuelType1,present
34830,fuelType2,present
34830,atvType,present
34830,evMotor,present
34830,phevBlended,present
34831,fuelType1,present
34831,fuelType2,present
34831,atvType,present
34831,evMotor,present
34831,phevBlended,present
34838,fuelType1,present
34838,fuelType2,present
34838,atvType,present
34838,evMotor,present
34838,phevBlended,present
34839,fuelType1,present
34839,fuelType2,present
34839,atvType,present
34839,evMotor,present
34839,phevBlended,present
34841,fuelType1,present
34841,fuelType2,present
34841,atvType,present
34841,evMotor,present
34841,phevBlended,present
34843,fuelType1,present
34843,fuelType2,present
34843,atvType,present
34843,evMotor,present
34843,phevBlended,present
34846,fuelType1,present
34846,fuelType2,present
34846,atvType,present
34846,evMotor,present
34846,phevBlended,present
34847,fuelType1,present
34847,fuelType2,present
34847,atvType,present
34847,evMotor,present
34847,phevBlended,present
34851,fuelType1,present
34851,fuelType2,present
34851,atvType,present
34851,evMotor,present
34851,phevBlended,present
34855,fuelType1,present
34855,fuelType2,present
34855,atvType,present
34855,evMotor,present
34855,phevBlended,present
34862,fuelType1,present
34862,fuelType2,present
34862,atvType,present
34862,evMotor,present
34862,phevBlended,present
34865,fuelType1,present
34865,fuelType2,present
34865,atvType,present
34865,evMotor,present
34865,phevBlended,present
34884,fuelType1,present
34884,fuelType2,present
34884,atvType,present
34884,evMotor,present
34884,phevBlended,present
34885,fuelType1,present
34885,fuelType2,present
34885,atvType,present
34885,evMotor,present
34885,phevBlended,present
34886,fuelType1,present
34886,fuelType2,present
34886,atvType,present
34886,evMotor,present
34886,phevBlended,present
34888,fuelType1,present
34888,fuelType2,present
34888,atvType,present
34888,evMotor,present
34888,phevBlended,present
34889,fuelType1,present
34889,fuelType2,present
34889,atvType,present
34889,evMotor,present
34889,phevBlended,present
34890,fuelType1,present
34890,fuelType2,present
34890,atvType,present
34890,evMotor,present
34890,phevBlended,present
34894,fuelType1,present
34894,fuelType2,present
34894,atvType,present
34894,evMotor,present
34894,phevBlended,present
34896,fuelType1,present
34896,fuelType2,present
34896,atvType,present
34896,evMotor,present
34896,phevBlended,present
34900,fuelType1,present
34900,fuelType2,present
34900,atvType,present
34900,evMotor,present
34900,phevBlended,present
34912,fuelType1,present
34912,fuelType2,present
34912,atvType,present
34912,evMotor,present
34912,phevBlended,present
34913,fuelType1,present
34913,fuelType2,present
34913,atvType,present
34913,evMotor,present
34913,phevBlended,present
34917,fuelType1,present
34917,fuelType2,present
34917,atvType,present
34917,evMotor,present
34917,phevBlended,present
34921,fuelType1,present
34921,fuelType2,present
34921,atvType,present
34921,evMotor,present
34921,phevBlended,present
34922,fuelType1,present
34922,fuelType2,present
34922,atvType,present
34922,evMotor,present
34922,phevBlended,present
34923,fuelType1,present
34923,fuelType2,present
34923,atvType,present
34923,evMotor,present
34923,phevBlended,present
34927,fuelType1,present
34927,fuelType2,present
34927,atvType,present
34927,evMotor,present
34927,phevBlended,present
34933,fuelType1,present
34933,fuelType2,present
34933,atvType,present
34933,evMotor,present
34933,phevBlended,present
34934,fuelType1,present
34934,fuelType2,present
34934,atvType,present
34934,evMotor,present
34934,phevBlended,present
34935,fuelType1,present
34935,fuelType2,present
34935,atvType,present
34935,evMotor,present
34935,phevBlended,present
34936,fuelType1,present
34936,fuelType2,present
34936,atvType,present
34936,evMotor,present
34936,phevBlended,present
34937,fuelType1,present
34937,fuelType2,present
34937,atvType,present
34937,evMotor,present
34937,phevBlended,present
34938,fuelType1,present
34938,fuelType2,present
34938,atvType,present
34938,evMotor,present
34938,phevBlended,present
34939,fuelType1,present
34939,fuelType2,present
34939,atvType,present
34939,evMotor,present
34939,phevBlended,present
34940,fuelType1,present
34940,fuelType2,present
34940,atvType,present
34940,evMotor,present
34940,phevBlended,present
34941,fuelType1,present
34941,fuelType2,present
34941,atvType,present
34941,evMotor,present
34941,phevBlended,present
34944,fuelType1,present
34944,fuelType2,present
34944,atvType,present
34944,evMotor,present
34944,phevBlended,present
34945,fuelType1,present
34945,fuelType2,present
34945,atvType,present
34945,evMotor,present
34945,phevBlended,present
34946,fuelType1,present
34946,fuelType2,present
34946,atvType,present
34946,evMotor,present
34946,phevBlended,present
34947,fuelType1,present
34947,fuelType2,present
34947,atvType,present
34947,evMotor,present
34947,phevBlended,present
34948,fuelType1,present
34948,fuelType2,present
34948,atvType,present
34948,evMotor,present
34948,phevBlended,present
34949,fuelType1,present
34949,fuelType2,present
34949,atvType,present
34949,evMotor,present
34949,phevBlended,present
34958,fuelType1,present
34958,fuelType2,present
34958,atvType,present
34958,evMotor,present
34958,phevBlended,present
34959,fuelType1,present
34959,fuelType2,present
34959,atvType,present
34959,evMotor,present
34959,phevBlended,present
34960,fuelType1,present
34960,fuelType2,present
34960,atvType,present
34960,evMotor,present
34960,phevBlended,present
34966,fuelType1,present
34966,fuelType2,present
34966,atvType,present
34966,evMotor,present
34966,phevBlended,present
34971,fuelType1,present
34971,fuelType2,present
34971,atvType,present
34971,evMotor,present
34971,phevBlended,present
34972,fuelType1,present
34972,fuelType2,present
34972,atvType,present
34972,evMotor,present
34972,phevBlended,present
34973,fuelType1,present
34973,fuelType2,present
34973,atvType,present
34973,evMotor,present
34973,phevBlended,present
34978,fuelType1,present
34978,fuelType2,present
34978,atvType,present
34978,evMotor,present
34978,phevBlended,present
34980,fuelType1,present
34980,fuelType2,present
34980,atvType,present
34980,evMotor,present
34980,phevBlended,present
34981,fuelType1,present
34981,fuelType2,present
34981,atvType,present
34981,evMotor,present
34981,phevBlended,present
34983,fuelType1,present
34983,fuelType2,present
34983,atvType,present
34983,evMotor,present
34983,phevBlended,present
34986,fuelType1,present
34986,fuelType2,present
34986,atvType,present
34986,evMotor,present
34986,phevBlended,present
34988,fuelType1,present
34988,fuelType2,present
34988,atvType,present
34988,evMotor,present
34988,phevBlended,present
34989,fuelType1,present
34989,fuelType2,present
34989,atvType,present
34989,evMotor,present
34989,phevBlended,present
34990,fuelType1,present
34990,fuelType2,present
34990,atvType,present
34990,evMotor,present
34990,phevBlended,present
34991,fuelType1,present
34991,fuelType2,present
34991,atvType,present
34991,evMotor,present
34991,phevBlended,present
34992,fuelType1,present
34992,fuelType2,present
34992,atvType,present
34992,evMotor,present
34992,phevBlended,present
34995,fuelType1,present
34995,fuelType2,present
34995,atvType,present
34995,evMotor,present
34995,phevBlended,present
34998,fuelType1,present
34998,fuelType2,present
34998,atvType,present
34998,evMotor,present
34998,phevBlended,present
35001,fuelType1,present
35001,fuelType2,present
35001,atvType,present
35001,evMotor,present
35001,phevBlended,present
35002,fuelType1,present
35002,fuelType2,present
35002,atvType,present
35002,evMotor,present
35002,phevBlended,present
35021,fuelType1,present
35021,fuelType2,present
35021,atvType,present
35021,evMotor,present
35021,phevBlended,present
35022,fuelType1,present
35022,fuelType2,present
35022,atvType,present
35022,evMotor,present
35022,phevBlended,present
35023,fuelType1,present
35023,fuelType2,present
35023,atvType,present
35023,evMotor,present
35023,phevBlended,present
35024,fuelType1,present
35024,fuelType2,present
35024,atvType,present
35024,evMotor,present
35024,phevBlended,present
35025,fuelType1,present
35025,fuelType2,present
35025,atvType,present
35025,evMotor,present
35025,phevBlended,present
35027,fuelType1,present
35027,fuelType2,present
35027,atvType,present
35027,evMotor,present
35027,phevBlended,present
35031,fuelType1,present
35031,fuelType2,present
35031,atvType,present
35031,evMotor,present
35031,phevBlended,present
35032,fuelType1,present
35032,fuelType2,present
35032,atvType,present
35032,evMotor,present
35032,phevBlended,present
35039,fuelType1,present
35039,fuelType2,present
35039,atvType,present
35039,evMotor,present
35039,phevBlended,present
35040,fuelType1,present
35040,fuelType2,present
35040,atvType,present
35040,evMotor,present
35040,phevBlended,present
35049,fuelType1,present
35049,fuelType2,present
35049,atvType,present
35049,evMotor,present
35049,phevBlended,present
35052,fuelType1,present
35052,fuelType2,present
35052,atvType,present
35052,evMotor,present
35052,phevBlended,present
35053,fuelType1,present
35053,fuelType2,present
35053,atvType,present
35053,evMotor,present
35053,phevBlended,present
35055,fuelType1,present
35055,fuelType2,present
35055,atvType,present
35055,evMotor,present
35055,phevBlended,present
35056,fuelType1,present
35056,fuelType2,present
35056,atvType,present
35056,evMotor,present
35056,phevBlended,present
35057,fuelType1,present
35057,fuelType2,present
35057,atvType,present
35057,evMotor,present
35057,phevBlended,present
35058,fuelType1,present
35058,fuelType2,present
35058,atvType,present
35058,evMotor,present
35058,phevBlended,present
35063,fuelType1,present
35063,fuelType2,present
35063,atvType,present
35063,evMotor,present
35063,phevBlended,present
35065,fuelType1,present
35065,fuelType2,present
35065,atvType,present
35065,evMotor,present
35065,phevBlended,present
35068,fuelType1,present
35068,fuelType2,present
35068,atvType,present
35068,evMotor,present
35068,phevBlended,present
35071,fuelType1,present
35071,fuelType2,present
35071,atvType,present
35071,evMotor,present
35071,phevBlended,present
35081,fuelType1,present
35081,fuelType2,present
35081,atvType,present
35081,evMotor,present
35081,phevBlended,present
35086,fuelType1,present
35086,fuelType2,present
35086,atvType,present
35086,evMotor,present
35086,phevBlended,present
35089,fuelType1,present
35089,fuelType2,present
35089,atvType,present
35089,evMotor,present
35089,phevBlended,present
35090,fuelType1,present
35090,fuelType2,present
35090,atvType,present
35090,evMotor,present
35090,phevBlended,present
35095,fuelType1,present
35095,fuelType2,present
35095,atvType,present
35095,evMotor,present
35095,phevBlended,present
35098,fuelType1,present
35098,fuelType2,present
35098,atvType,present
35098,evMotor,present
35098,phevBlended,present
35100,fuelType1,present
35100,fuelType2,present
35100,atvType,present
35100,evMotor,present
35100,phevBlended,present
35101,fuelType1,present
35101,fuelType2,present
35101,atvType,present
35101,evMotor,present
35101,phevBlended,present
35112,fuelType1,present
35112,fuelType2,present
35112,atvType,present
35112,evMotor,present
35112,phevBlended,present
35114,fuelType1,present
35114,fuelType2,present
35114,atvType,present
35114,evMotor,present
35114,phevBlended,present
35116,fuelType1,present
35116,fuelType2,present
35116,atvType,present
35116,evMotor,present
35116,phevBlended,present
35118,fuelType1,present
35118,fuelType2,present
35118,atvType,present
35118,evMotor,present
35118,phevBlended,present
35120,fuelType1,present
35120,fuelType2,present
35120,atvType,present
35120,evMotor,present
35120,phevBlended,present
35130,fuelType1,present
35130,fuelType2,present
35130,atvType,present
35130,evMotor,present
35130,phevBlended,present
35149,fuelType1,present
35149,fuelType2,present
35149,atvType,present
35149,evMotor,present
35149,phevBlended,present
35150,fuelType1,present
35150,fuelType2,present
35150,atvType,present
35150,evMotor,present
35150,phevBlended,present
35154,fuelType1,present
35154,fuelType2,present
35154,atvType,present
35154,evMotor,present
35154,phevBlended,present
35155,fuelType1,present
35155,fuelType2,present
35155,atvType,present
35155,evMotor,present
35155,phevBlended,present
35156,fuelType1,present
35156,fuelType2,present
35156,atvType,present
35156,evMotor,present
35156,phevBlended,present
35157,fuelType1,present
35157,fuelType2,present
35157,atvType,present
35157,evMotor,present
35157,phevBlended,present
35158,fuelType1,present
35158,fuelType2,present
35158,atvType,present
35158,evMotor,present
35158,phevBlended,present
35159,fuelType1,present
35159,fuelType2,present
35159,atvType,present
35159,evMotor,present
35159,phevBlended,present
35175,fuelType1,present
35175,fuelType2,present
35175,atvType,present
35175,evMotor,present
35175,phevBlended,present
35176,fuelType1,present
35176,fuelType2,present
35176,atvType,present
35176,evMotor,present
35176,phevBlended,present
35177,fuelType1,present
35177,fuelType2,present
35177,atvType,present
35177,evMotor,present
35177,phevBlended,present
35183,fuelType1,present
35183,fuelType2,present
35183,atvType,present
35183,evMotor,present
35183,phevBlended,present
35184,fuelType1,present
35184,fuelType2,present
35184,atvType,present
35184,evMotor,present
35184,phevBlended,present
35185,fuelType1,present
35185,fuelType2,present
35185,atvType,present
35185,evMotor,present
35185,phevBlended,present
35186,fuelType1,present
35186,fuelType2,present
35186,atvType,present
35186,evMotor,present
35186,phevBlended,present
35195,fuelType1,present
35195,fuelType2,present
35195,atvType,present
35195,evMotor,present
35195,phevBlended,present
35198,fuelType1,present
35198,fuelType2,present
35198,atvType,present
35198,evMotor,present
35198,phevBlended,present
35199,fuelType1,present
35199,fuelType2,present
35199,atvType,present
35199,evMotor,present
35199,phevBlended,present
35200,fuelType1,present
35200,fuelType2,present
35200,atvType,present
35200,evMotor,present
35200,phevBlended,present
35201,fuelType1,present
35201,fuelType2,present
35201,atvType,present
35201,evMotor,present
35201,phevBlended,present
35202,fuelType1,present
35202,fuelType2,present
35202,atvType,present
35202,evMotor,present
35202,phevBlended,present
35203,fuelType1,present
35203,fuelType2,present
35203,atvType,present
35203,evMotor,present
35203,phevBlended,present
35206,fuelType1,present
35206,fuelType2,present
35206,atvType,present
35206,evMotor,present
35206,phevBlended,present
35211,fuelType1,present
35211,fuelType2,present
35211,atvType,present
35211,evMotor,present
35211,phevBlended,present
35213,fuelType1,present
35213,fuelType2,present
35213,atvType,present
35213,evMotor,present
35213,phevBlended,present
35214,fuelType1,present
35214,fuelType2,present
35214,atvType,present
35214,evMotor,present
35214,phevBlended,present
35227,fuelType1,present
35227,fuelType2,present
35227,atvType,present
35227,evMotor,present
35227,phevBlended,present
35228,fuelType1,present
35228,fuelType2,present
35228,atvType,present
35228,evMotor,present
35228,phevBlended,present
35237,fuelType1,present
35237,fuelType2,present
35237,atvType,present
35237,evMotor,present
35237,phevBlended,present
35240,fuelType1,present
35240,fuelType2,present
35240,atvType,present
35240,evMotor,present
35240,phevBlended,present
35245,fuelType1,present
35245,fuelType2,present
35245,atvType,present
35245,evMotor,present
35245,phevBlended,present
35253,fuelType1,present
35253,fuelType2,present
35253,atvType,present
35253,evMotor,present
35253,phevBlended,present
35254,fuelType1,present
35254,fuelType2,present
35254,atvType,present
35254,evMotor,present
35254,phevBlended,present
35255,fuelType1,present
35255,fuelType2,present
35255,atvType,present
35255,evMotor,present
35255,phevBlended,present
35265,fuelType1,present
35265,fuelType2,present
35265,atvType,present
35265,evMotor,present
35265,phevBlended,present
35266,fuelType1,present
35266,fuelType2,present
35266,atvType,present
35266,evMotor,present
35266,phevBlended,present
35267,fuelType1,present
35267,fuelType2,present
35267,atvType,present
35267,evMotor,present
35267,phevBlended,present
35268,fuelType1,present
35268,fuelType2,present
35268,atvType,present
35268,evMotor,present
35268,phevBlended,present
35271,fuelType1,present
35271,fuelType2,present
35271,atvType,present
35271,evMotor,present
35271,phevBlended,present
35275,fuelType1,present
35275,fuelType2,present
35275,atvType,present
35275,evMotor,present
35275,phevBlended,present
35289,fuelType1,present
35289,fuelType2,present
35289,atvType,present
35289,evMotor,present
35289,phevBlended,present
35292,fuelType1,present
35292,fuelType2,present
35292,atvType,present
35292,evMotor,present
35292,phevBlended,present
35294,fuelType1,present
35294,fuelType2,present
35294,atvType,present
35294,evMotor,present
35294,phevBlended,present
35306,fuelType1,present
35306,fuelType2,present
35306,atvType,present
35306,evMotor,present
35306,phevBlended,present
35307,fuelType1,present
35307,fuelType2,present
35307,atvType,present
35307,evMotor,present
35307,phevBlended,present
35308,fuelType1,present
35308,fuelType2,present
35308,atvType,present
35308,evMotor,present
35308,phevBlended,present
35309,fuelType1,present
35309,fuelType2,present
35309,atvType,present
35309,evMotor,present
35309,phevBlended,present
35310,fuelType1,present
35310,fuelType2,present
35310,atvType,present
35310,evMotor,present
35310,phevBlended,present
35313,fuelType1,present
35313,fuelType2,present
35313,atvType,present
35313,evMotor,present
35313,phevBlended,present
35325,fuelType1,present
35325,fuelType2,present
35325,atvType,present
35325,evMotor,present
35325,phevBlended,present
35326,fuelType1,present
35326,fuelType2,present
35326,atvType,present
35326,evMotor,present
35326,phevBlended,present
35327,fuelType1,present
35327,fuelType2,present
35327,atvType,present
35327,evMotor,present
35327,phevBlended,present
35329,fuelType1,present
35329,fuelType2,present
35329,atvType,present
35329,evMotor,present
35329,phevBlended,present
35342,fuelType1,present
35342,fuelType2,present
35342,atvType,present
35342,evMotor,present
35342,phevBlended,present
35359,fuelType1,present
35359,fuelType2,present
35359,atvType,present
35359,evMotor,present
35359,phevBlended,present
35360,fuelType1,present
35360,fuelType2,present
35360,atvType,present
35360,evMotor,present
35360,phevBlended,present
35361,fuelType1,present
35361,fuelType2,present
35361,atvType,present
35361,evMotor,present
35361,phevBlended,present
35366,fuelType1,present
35366,fuelType2,present
35366,atvType,present
35366,evMotor,present
35366,phevBlended,present
35377,fuelType1,present
35377,fuelType2,present
35377,atvType,present
35377,evMotor,present
35377,phevBlended,present
35379,fuelType1,present
35379,fuelType2,present
35379,atvType,present
35379,evMotor,present
35379,phevBlended,present
35381,fuelType1,present
35381,fuelType2,present
35381,atvType,present
35381,evMotor,present
35381,phevBlended,present
35389,fuelType1,present
35389,fuelType2,present
35389,atvType,present
35389,evMotor,present
35389,phevBlended,present
35390,fuelType1,present
35390,fuelType2,present
35390,atvType,present
35390,evMotor,present
35390,phevBlended,present
35391,fuelType1,present
35391,fuelType2,present
35391,atvType,present
35391,evMotor,present
35391,phevBlended,present
35393,fuelType1,present
35393,fuelType2,present
35393,atvType,present
35393,evMotor,present
35393,phevBlended,present
35394,fuelType1,present
35394,fuelType2,present
35394,atvType,present
35394,evMotor,present
35394,phevBlended,present
35399,fuelType1,present
35399,fuelType2,present
35399,atvType,present
35399,evMotor,present
35399,phevBlended,present
35406,fuelType1,present
35406,fuelType2,present
35406,atvType,present
35406,evMotor,present
35406,phevBlended,present
35417,fuelType1,present
35417,fuelType2,present
35417,atvType,present
35417,evMotor,present
35417,phevBlended,present
35426,fuelType1,present
35426,fuelType2,present
35426,atvType,present
35426,evMotor,present
35426,phevBlended,present
35427,fuelType1,present
35427,fuelType2,present
35427,atvType,present
35427,evMotor,present
35427,phevBlended,present
35428,fuelType1,present
35428,fuelType2,present
35428,atvType,present
35428,evMotor,present
35428,phevBlended,present
35429,fuelType1,present
35429,fuelType2,present
35429,atvType,present
35429,evMotor,present
35429,phevBlended,present
35430,fuelType1,present
35430,fuelType2,present
35430,atvType,present
35430,evMotor,present
35430,phevBlended,present
35431,fuelType1,present
35431,fuelType2,present
35431,atvType,present
35431,evMotor,present
35431,phevBlended,present
35438,fuelType1,present
35438,fuelType2,present
35438,atvType,present
35438,evMotor,present
35438,phevBlended,present
35440,fuelType1,present
35440,fuelType2,present
35440,atvType,present
35440,evMotor,present
35440,phevBlended,present
35448,fuelType1,present
35448,fuelType2,present
35448,atvType,present
35448,evMotor,present
35448,phevBlended,present
35452,fuelType1,present
35452,fuelType2,present
35452,atvType,present
35452,evMotor,present
35452,phevBlended,present
35453,fuelType1,present
35453,fuelType2,present
35453,atvType,present
35453,evMotor,present
35453,phevBlended,present
35454,fuelType1,present
35454,fuelType2,present
35454,atvType,present
35454,evMotor,present
35454,phevBlended,present
35455,fuelType1,present
35455,fuelType2,present
35455,atvType,present
35455,evMotor,present
35455,phevBlended,present
35456,fuelType1,present
35456,fuelType2,present
35456,atvType,present
35456,evMotor,present
35456,phevBlended,present
35461,fuelType1,present
35461,fuelType2,present
35461,atvType,present
35461,evMotor,present
35461,phevBlended,present
35464,fuelType1,present
35464,fuelType2,present
35464,atvType,present
35464,evMotor,present
35464,phevBlended,present
35465,fuelType1,present
35465,fuelType2,present
35465,atvType,present
35465,evMotor,present
35465,phevBlended,present
35469,fuelType1,present
35469,fuelType2,present
35469,atvType,present
35469,evMotor,present
35469,phevBlended,present
35470,fuelType1,present
35470,fuelType2,present
35470,atvType,present
35470,evMotor,present
35470,phevBlended,present
35471,fuelType1,present
35471,fuelType2,present
35471,atvType,present
35471,evMotor,present
35471,phevBlended,present
35472,fuelType1,present
35472,fuelType2,present
35472,atvType,present
35472,evMotor,present
35472,phevBlended,present
35473,fuelType1,present
35473,fuelType2,present
35473,atvType,present
35473,evMotor,present
35473,phevBlended,present
35474,fuelType1,present
35474,fuelType2,present
35474,atvType,present
35474,evMotor,present
35474,phevBlended,present
35479,fuelType1,present
35479,fuelType2,present
35479,atvType,present
35479,evMotor,present
35479,phevBlended,present
35481,fuelType1,present
35481,fuelType2,present
35481,atvType,present
35481,evMotor,present
35481,phevBlended,present
35484,fuelType1,present
35484,fuelType2,present
35484,atvType,present
35484,evMotor,present
35484,phevBlended,present
35487,fuelType1,present
35487,fuelType2,present
35487,atvType,present
35487,evMotor,present
35487,phevBlended,present
35504,fuelType1,present
35504,fuelType2,present
35504,atvType,present
35504,evMotor,present
35504,phevBlended,present
35508,fuelType1,present
35508,fuelType2,present
35508,atvType,present
35508,evMotor,present
35508,phevBlended,present
35510,fuelType1,present
35510,fuelType2,present
35510,atvType,present
35510,evMotor,present
35510,phevBlended,present
35526,fuelType1,present
35526,fuelType2,present
35526,atvType,present
35526,evMotor,present
35526,phevBlended,present
35527,fuelType1,present
35527,fuelType2,present
35527,atvType,present
35527,evMotor,present
35527,phevBlended,present
35530,fuelType1,present
35530,fuelType2,present
35530,atvType,present
35530,evMotor,present
35530,phevBlended,present
35531,fuelType1,present
35531,fuelType2,present
35531,atvType,present
35531,evMotor,present
35531,phevBlended,present
35532,fuelType1,present
35532,fuelType2,present
35532,atvType,present
35532,evMotor,present
35532,phevBlended,present
35533,fuelType1,present
35533,fuelType2,present
35533,atvType,present
35533,evMotor,present
35533,phevBlended,present
35534,fuelType1,present
35534,fuelType2,present
35534,atvType,present
35534,evMotor,present
35534,phevBlended,present
35535,fuelType1,present
35535,fuelType2,present
35535,atvType,present
35535,evMotor,present
35535,phevBlended,present
35537,fuelType1,present
35537,fuelType2,present
35537,atvType,present
35537,evMotor,present
35537,phevBlended,present
35543,fuelType1,present
35543,fuelType2,present
35543,atvType,present
35543,evMotor,present
35543,phevBlended,present
35544,fuelType1,present
35544,fuelType2,present
35544,atvType,present
35544,evMotor,present
35544,phevBlended,present
35546,fuelType1,present
35546,fuelType2,present
35546,atvType,present
35546,evMotor,present
35546,phevBlended,present
35547,fuelType1,present
35547,fuelType2,present
35547,atvType,present
35547,evMotor,present
35547,phevBlended,present
35548,fuelType1,present
35548,fuelType2,present
35548,atvType,present
35548,evMotor,present
35548,phevBlended,present
35549,fuelType1,present
35549,fuelType2,present
35549,atvType,present
35549,evMotor,present
35549,phevBlended,present
35550,fuelType1,present
35550,fuelType2,present
35550,atvType,present
35550,evMotor,present
35550,phevBlended,present
35551,fuelType1,present
35551,fuelType2,present
35551,atvType,present
35551,evMotor,present
35551,phevBlended,present
35552,fuelType1,present
35552,fuelType2,present
35552,atvType,present
35552,evMotor,present
35552,phevBlended,present
35553,fuelType1,present
35553,fuelType2,present
35553,atvType,present
35553,evMotor,present
35553,phevBlended,present
35554,fuelType1,present
35554,fuelType2,present
35554,atvType,present
35554,evMotor,present
35554,phevBlended,present
35555,fuelType1,present
35555,fuelType2,present
35555,atvType,present
35555,evMotor,present
35555,phevBlended,present
35556,fuelType1,present
35556,fuelType2,present
35556,atvType,present
35556,evMotor,present
35556,phevBlended,present
35564,fuelType1,present
35564,fuelType2,present
35564,atvType,present
35564,evMotor,present
35564,phevBlended,present
35565,fuelType1,present
35565,fuelType2,present
35565,atvType,present
35565,evMotor,present
35565,phevBlended,present
35566,fuelType1,present
35566,fuelType2,present
35566,atvType,present
35566,evMotor,present
35566,phevBlended,present
35567,fuelType1,present
35567,fuelType2,present
35567,atvType,present
35567,evMotor,present
35567,phevBlended,present
35604,fuelType1,present
35604,fuelType2,present
35604,atvType,present
35604,evMotor,present
35604,phevBlended,present
35605,fuelType1,present
35605,fuelType2,present
35605,atvType,present
35605,evMotor,present
35605,phevBlended,present
35606,fuelType1,present
35606,fuelType2,present
35606,atvType,present
35606,evMotor,present
35606,phevBlended,present
35607,fuelType1,present
35607,fuelType2,present
35607,atvType,present
35607,evMotor,present
35607,phevBlended,present
35608,fuelType1,present
35608,fuelType2,present
35608,atvType,present
35608,evMotor,present
35608,phevBlended,present
35609,fuelType1,present
35609,fuelType2,present
35609,atvType,present
35609,evMotor,present
35609,phevBlended,present
35613,fuelType1,present
35613,fuelType2,present
35613,atvType,present
35613,evMotor,present
35613,phevBlended,present
35614,fuelType1,present
35614,fuelType2,present
35614,atvType,present
35614,evMotor,present
35614,phevBlended,present
35615,fuelType1,present
35615,fuelType2,present
35615,atvType,present
35615,evMotor,present
35615,phevBlended,present
35616,fuelType1,present
35616,fuelType2,present
35616,atvType,present
35616,evMotor,present
35616,phevBlended,present
35628,fuelType1,present
35628,fuelType2,present
35628,atvType,present
35628,evMotor,present
35628,phevBlended,present
35630,fuelType1,present
35630,fuelType2,present
35630,atvType,present
35630,evMotor,present
35630,phevBlended,present
35631,fuelType1,present
35631,fuelType2,present
35631,atvType,present
35631,evMotor,present
35631,phevBlended,present
35639,fuelType1,present
35639,fuelType2,present
35639,atvType,present
35639,evMotor,present
35639,phevBlended,present
35642,fuelType1,present
35642,fuelType2,present
35642,atvType,present
35642,evMotor,present
35642,phevBlended,present
35643,fuelType1,present
35643,fuelType2,present
35643,atvType,present
35643,evMotor,present
35643,phevBlended,present
35644,fuelType1,present
35644,fuelType2,present
35644,atvType,present
35644,evMotor,present
35644,phevBlended,present
35646,fuelType1,present
35646,fuelType2,present
35646,atvType,present
35646,evMotor,present
35646,phevBlended,present
35647,fuelType1,present
35647,fuelType2,present
35647,atvType,present
35647,evMotor,present
35647,phevBlended,present
35648,fuelType1,present
35648,fuelType2,present
35648,atvType,present
35648,evMotor,present
35648,phevBlended,present
35652,fuelType1,present
35652,fuelType2,present
35652,atvType,present
35652,evMotor,present
35652,phevBlended,present
35656,fuelType1,present
35656,fuelType2,present
35656,atvType,present
35656,evMotor,present
35656,phevBlended,present
35666,fuelType1,present
35666,fuelType2,present
35666,atvType,present
35666,evMotor,present
35666,phevBlended,present
35671,fuelType1,present
35671,fuelType2,present
35671,atvType,present
35671,evMotor,present
35671,phevBlended,present
35673,fuelType1,present
35673,fuelType2,present
35673,atvType,present
35673,evMotor,present
35673,phevBlended,present
35676,fuelType1,present
35676,fuelType2,present
35676,atvType,present
35676,evMotor,present
35676,phevBlended,present
35679,fuelType1,present
35679,fuelType2,present
35679,atvType,present
35679,evMotor,present
35679,phevBlended,present
35680,fuelType1,present
35680,fuelType2,present
35680,atvType,present
35680,evMotor,present
35680,phevBlended,present
35682,fuelType1,present
35682,fuelType2,present
35682,atvType,present
35682,evMotor,present
35682,phevBlended,present
35691,fuelType1,present
35691,fuelType2,present
35691,atvType,present
35691,evMotor,present
35691,phevBlended,present
35692,fuelType1,present
35692,fuelType2,present
35692,atvType,present
35692,evMotor,present
35692,phevBlended,present
35699,fuelType1,present
35699,fuelType2,present
35699,atvType,present
35699,evMotor,present
35699,phevBlended,present
35704,fuelType1,present
35704,fuelType2,present
35704,atvType,present
35704,evMotor,present
35704,phevBlended,present
35705,fuelType1,present
35705,fuelType2,present
35705,atvType,present
35705,evMotor,present
35705,phevBlended,present
35709,fuelType1,present
35709,fuelType2,present
35709,atvType,present
35709,evMotor,present
35709,phevBlended,present
35710,fuelType1,present
35710,fuelType2,present
35710,atvType,present
35710,evMotor,present
35710,phevBlended,present
35711,fuelType1,present
35711,fuelType2,present
35711,atvType,present
35711,evMotor,present
35711,phevBlended,present
35717,fuelType1,present
35717,fuelType2,present
35717,atvType,present
35717,evMotor,present
35717,phevBlended,present
35722,fuelType1,present
35722,fuelType2,present
35722,atvType,present
35722,evMotor,present
35722,phevBlended,present
35726,fuelType1,present
35726,fuelType2,present
35726,atvType,present
35726,evMotor,present
35726,phevBlended,present
35727,fuelType1,present
35727,fuelType2,present
35727,atvType,present
35727,evMotor,present
35727,phevBlended,present
35728,fuelType1,present
35728,fuelType2,present
35728,atvType,present
35728,evMotor,present
35728,phevBlended,present
35730,fuelType1,present
35730,fuelType2,present
35730,atvType,present
35730,evMotor,present
35730,phevBlended,present
35733,fuelType1,present
35733,fuelType2,present
35733,atvType,present
35733,evMotor,present
35733,phevBlended,present
35739,fuelType1,present
35739,fuelType2,present
35739,atvType,present
35739,evMotor,present
35739,phevBlended,present
35740,fuelType1,present
35740,fuelType2,present
35740,atvType,present
35740,evMotor,present
35740,phevBlended,present
35741,fuelType1,present
35741,fuelType2,present
35741,atvType,present
35741,evMotor,present
35741,phevBlended,present
35742,fuelType1,present
35742,fuelType2,present
35742,atvType,present
35742,evMotor,present
35742,phevBlended,present
35743,fuelType1,present
35743,fuelType2,present
35743,atvType,present
35743,evMotor,present
35743,phevBlended,present
35744,fuelType1,present
35744,fuelType2,present
35744,atvType,present
35744,evMotor,present
35744,phevBlended,present
35745,fuelType1,present
35745,fuelType2,present
35745,atvType,present
35745,evMotor,present
35745,phevBlended,present
35746,fuelType1,present
35746,fuelType2,present
35746,atvType,present
35746,evMotor,present
35746,phevBlended,present
35747,fuelType1,present
35747,fuelType2,present
35747,atvType,present
35747,evMotor,present
35747,phevBlended,present
35754,fuelType1,present
35754,fuelType2,present
35754,atvType,present
35754,evMotor,present
35754,phevBlended,present
35757,fuelType1,present
35757,fuelType2,present
35757,atvType,present
35757,evMotor,present
35757,phevBlended,present
35758,fuelType1,present
35758,fuelType2,present
35758,atvType,present
35758,evMotor,present
35758,phevBlended,present
35760,fuelType1,present
35760,fuelType2,present
35760,atvType,present
35760,evMotor,present
35760,phevBlended,present
35761,fuelType1,present
35761,fuelType2,present
35761,atvType,present
35761,evMotor,present
35761,phevBlended,present
35762,fuelType1,present
35762,fuelType2,present
35762,atvType,present
35762,evMotor,present
35762,phevBlended,present
35767,fuelType1,present
35767,fuelType2,present
35767,atvType,present
35767,evMotor,present
35767,phevBlended,present
35776,fuelType1,present
35776,fuelType2,present
35776,atvType,present
35776,evMotor,present
35776,phevBlended,present
35781,fuelType1,present
35781,fuelType2,present
35781,atvType,present
35781,evMotor,present
35781,phevBlended,present
35791,fuelType1,present
35791,fuelType2,present
35791,atvType,present
35791,evMotor,present
35791,phevBlended,present
35799,fuelType1,present
35799,fuelType2,present
35799,atvType,present
35799,evMotor,present
35799,phevBlended,present
35800,fuelType1,present
35800,fuelType2,present
35800,atvType,present
35800,evMotor,present
35800,phevBlended,present
35819,fuelType1,present
35819,fuelType2,present
35819,atvType,present
35819,evMotor,present
35819,phevBlended,present
35823,fuelType1,present
35823,fuelType2,present
35823,atvType,present
35823,evMotor,present
35823,phevBlended,present
35824,fuelType1,present
35824,fuelType2,present
35824,atvType,present
35824,evMotor,present
35824,phevBlended,present
35826,fuelType1,present
35826,fuelType2,present
35826,atvType,present
35826,evMotor,present
35826,phevBlended,present
35829,fuelType1,present
35829,fuelType2,present
35829,atvType,present
35829,evMotor,present
35829,phevBlended,present
35833,fuelType1,present
35833,fuelType2,present
35833,atvType,present
35833,evMotor,present
35833,phevBlended,present
35839,fuelType1,present
35839,fuelType2,present
35839,atvType,present
35839,evMotor,present
35839,phevBlended,present
35846,fuelType1,present
35846,fuelType2,present
35846,atvType,present
35846,evMotor,present
35846,phevBlended,present
35849,fuelType1,present
35849,fuelType2,present
35849,atvType,present
35849,evMotor,present
35849,phevBlended,present
35850,fuelType1,present
35850,fuelType2,present
35850,atvType,present
35850,evMotor,present
35850,phevBlended,present
35852,fuelType1,present
35852,fuelType2,present
35852,atvType,present
35852,evMotor,present
35852,phevBlended,present
35855,fuelType1,present
35855,fuelType2,present
35855,atvType,present
35855,evMotor,present
35855,phevBlended,present
35858,fuelType1,present
35858,fuelType2,present
35858,atvType,present
35858,evMotor,present
35858,phevBlended,present
35859,fuelType1,present
35859,fuelType2,present
35859,atvType,present
35859,evMotor,present
35859,phevBlended,present
35864,fuelType1,present
35864,fuelType2,present
35864,atvType,present
35864,evMotor,present
35864,phevBlended,present
35865,fuelType1,present
35865,fuelType2,present
35865,atvType,present
35865,evMotor,present
35865,phevBlended,present
35866,fuelType1,present
35866,fuelType2,present
35866,atvType,present
35866,evMotor,present
35866,phevBlended,present
35872,fuelType1,present
35872,fuelType2,present
35872,atvType,present
35872,evMotor,present
35872,phevBlended,present
35873,fuelType1,present
35873,fuelType2,present
35873,atvType,present
35873,evMotor,present
35873,phevBlended,present
35890,fuelType1,present
35890,fuelType2,present
35890,atvType,present
35890,evMotor,present
35890,phevBlended,present
35892,fuelType1,present
35892,fuelType2,present
35892,atvType,present
35892,evMotor,present
35892,phevBlended,present
35895,fuelType1,present
35895,fuelType2,present
35895,atvType,present
35895,evMotor,present
35895,phevBlended,present
35899,fuelType1,present
35899,fuelType2,present
35899,atvType,present
35899,evMotor,present
35899,phevBlended,present
35903,fuelType1,present
35903,fuelType2,present
35903,atvType,present
35903,evMotor,present
35903,phevBlended,present
35904,fuelType1,present
35904,fuelType2,present
35904,atvType,present
35904,evMotor,present
35904,phevBlended,present
35908,fuelType1,present
35908,fuelType2,present
35908,atvType,present
35908,evMotor,present
35908,phevBlended,present
35909,fuelType1,present
35909,fuelType2,present
35909,atvType,present
35909,evMotor,present
35909,phevBlended,present
35910,fuelType1,present
35910,fuelType2,present
35910,atvType,present
35910,evMotor,present
35910,phevBlended,present
35913,fuelType1,present
35913,fuelType2,present
35913,atvType,present
35913,evMotor,present
35913,phevBlended,present
35915,fuelType1,present
35915,fuelType2,present
35915,atvType,present
35915,evMotor,present
35915,phevBlended,present
35916,fuelType1,present
35916,fuelType2,present
35916,atvType,present
35916,evMotor,present
35916,phevBlended,present
35917,fuelType1,present
35917,fuelType2,present
35917,atvType,present
35917,evMotor,present
35917,phevBlended,present
35924,fuelType1,present
35924,fuelType2,present
35924,atvType,present
35924,evMotor,present
35924,phevBlended,present
35925,fuelType1,present
35925,fuelType2,present
35925,atvType,present
35925,evMotor,present
35925,phevBlended,present
35926,fuelType1,present
35926,fuelType2,present
35926,atvType,present
35926,evMotor,present
35926,phevBlended,present
35928,fuelType1,present
35928,fuelType2,present
35928,atvType,present
35928,evMotor,present
35928,phevBlended,present
35929,fuelType1,present
35929,fuelType2,present
35929,atvType,present
35929,evMotor,present
35929,phevBlended,present
35930,fuelType1,present
35930,fuelType2,present
35930,atvType,present
35930,evMotor,present
35930,phevBlended,present
35946,fuelType1,present
35946,fuelType2,present
35946,atvType,present
35946,evMotor,present
35946,phevBlended,present
35947,fuelType1,present
35947,fuelType2,present
35947,atvType,present
35947,evMotor,present
35947,phevBlended,present
35948,fuelType1,present
35948,fuelType2,present
35948,atvType,present
35948,evMotor,present
35948,phevBlended,present
35950,fuelType1,present
35950,fuelType2,present
35950,atvType,present
35950,evMotor,present
35950,phevBlended,present
35959,fuelType1,present
35959,fuelType2,present
35959,atvType,present
35959,evMotor,present
35959,phevBlended,present
35969,fuelType1,present
35969,fuelType2,present
35969,atvType,present
35969,evMotor,present
35969,phevBlended,present
35973,fuelType1,present
35973,fuelType2,present
35973,atvType,present
35973,evMotor,present
35973,phevBlended,present
35979,fuelType1,present
35979,fuelType2,present
35979,atvType,present
35979,evMotor,present
35979,phevBlended,present
35980,fuelType1,present
35980,fuelType2,present
35980,atvType,present
35980,evMotor,present
35980,phevBlended,present
35984,fuelType1,present
35984,fuelType2,present
35984,atvType,present
35984,evMotor,present
35984,phevBlended,present
35988,fuelType1,present
35988,fuelType2,present
35988,atvType,present
35988,evMotor,present
35988,phevBlended,present
35989,fuelType1,present
35989,fuelType2,present
35989,atvType,present
35989,evMotor,present
35989,phevBlended,present
35991,fuelType1,present
35991,fuelType2,present
35991,atvType,present
35991,evMotor,present
35991,phevBlended,present
35992,fuelType1,present
35992,fuelType2,present
35992,atvType,present
35992,evMotor,present
35992,phevBlended,present
35993,fuelType1,present
35993,fuelType2,present
35993,atvType,present
35993,evMotor,present
35993,phevBlended,present
35998,fuelType1,present
35998,fuelType2,present
35998,atvType,present
35998,evMotor,present
35998,phevBlended,present
35999,fuelType1,present
35999,fuelType2,present
35999,atvType,present
35999,evMotor,present
35999,phevBlended,present
36000,fuelType1,present
36000,fuelType2,present
36000,atvType,present
36000,evMotor,present
36000,phevBlended,present
36001,fuelType1,present
36001,fuelType2,present
36001,atvType,present
36001,evMotor,present
36001,phevBlended,present
36002,fuelType1,present
36002,fuelType2,present
36002,atvType,present
36002,evMotor,present
36002,phevBlended,present
36004,fuelType1,present
36004,fuelType2,present
36004,atvType,present
36004,evMotor,present
36004,phevBlended,present
36005,fuelType1,present
36005,fuelType2,present
36005,atvType,present
36005,evMotor,present
36005,phevBlended,present
36006,fuelType1,present
36006,fuelType2,present
36006,atvType,present
36006,evMotor,present
36006,phevBlended,present
36008,fuelType1,present
36008,fuelType2,present
36008,atvType,present
36008,evMotor,present
36008,phevBlended,present
36009,fuelType1,present
36009,fuelType2,present
36009,atvType,present
36009,evMotor,present
36009,phevBlended,present
36010,fuelType1,present
36010,fuelType2,present
36010,atvType,present
36010,evMotor,present
36010,phevBlended,present
36012,fuelType1,present
36012,fuelType2,present
36012,atvType,present
36012,evMotor,present
36012,phevBlended,present
36015,fuelType1,present
36015,fuelType2,present
36015,atvType,present
36015,evMotor,present
36015,phevBlended,present
36017,fuelType1,present
36017,fuelType2,present
36017,atvType,present
36017,evMotor,present
36017,phevBlended,present
36022,fuelType1,present
36022,fuelType2,present
36022,atvType,present
36022,evMotor,present
36022,phevBlended,present
36023,fuelType1,present
36023,fuelType2,present
36023,atvType,present
36023,evMotor,present
36023,phevBlended,present
36027,fuelType1,present
36027,fuelType2,present
36027,atvType,present
36027,evMotor,present
36027,phevBlended,present
36028,fuelType1,present
36028,fuelType2,present
36028,atvType,present
36028,evMotor,present
36028,phevBlended,present
36029,fuelType1,present
36029,fuelType2,present
36029,atvType,present
36029,evMotor,present
36029,phevBlended,present
36034,fuelType1,present
36034,fuelType2,present
36034,atvType,present
36034,evMotor,present
36034,phevBlended,present
36036,fuelType1,present
36036,fuelType2,present
36036,atvType,present
36036,evMotor,present
36036,phevBlended,present
36040,fuelType1,present
36040,fuelType2,present
36040,atvType,present
36040,evMotor,present
36040,phevBlended,present
36043,fuelType1,present
36043,fuelType2,present
36043,atvType,present
36043,evMotor,present
36043,phevBlended,present
36044,fuelType1,present
36044,fuelType2,present
36044,atvType,present
36044,evMotor,present
36044,phevBlended,present
36046,fuelType1,present
36046,fuelType2,present
36046,atvType,present
36046,evMotor,present
36046,phevBlended,present
36047,fuelType1,present
36047,fuelType2,present
36047,atvType,present
36047,evMotor,present
36047,phevBlended,present
36051,fuelType1,present
36051,fuelType2,present
36051,atvType,present
36051,evMotor,present
36051,phevBlended,present
36057,fuelType1,present
36057,fuelType2,present
36057,atvType,present
36057,evMotor,present
36057,phevBlended,present
36059,fuelType1,present
36059,fuelType2,present
36059,atvType,present
36059,evMotor,present
36059,phevBlended,present
36066,fuelType1,present
36066,fuelType2,present
36066,atvType,present
36066,evMotor,present
36066,phevBlended,present
36074,fuelType1,present
36074,fuelType2,present
36074,atvType,present
36074,evMotor,present
36074,phevBlended,present
36075,fuelType1,present
36075,fuelType2,present
36075,atvType,present
36075,evMotor,present
36075,phevBlended,present
36077,fuelType1,present
36077,fuelType2,present
36077,atvType,present
36077,evMotor,present
36077,phevBlended,present
36080,fuelType1,present
36080,fuelType2,present
36080,atvType,present
36080,evMotor,present
36080,phevBlended,present
36088,fuelType1,present
36088,fuelType2,present
36088,atvType,present
36088,evMotor,present
36088,phevBlended,present
36109,fuelType1,present
36109,fuelType2,present
36109,atvType,present
36109,evMotor,present
36109,phevBlended,present
36111,fuelType1,present
36111,fuelType2,present
36111,atvType,present
36111,evMotor,present
36111,phevBlended,present
36121,fuelType1,present
36121,fuelType2,present
36121,atvType,present
36121,evMotor,present
36121,phevBlended,present
36122,fuelType1,present
36122,fuelType2,present
36122,atvType,present
36122,evMotor,present
36122,phevBlended,present
36126,fuelType1,present
36126,fuelType2,present
36126,atvType,present
36126,evMotor,present
36126,phevBlended,present
36127,fuelType1,present
36127,fuelType2,present
36127,atvType,present
36127,evMotor,present
36127,phevBlended,present
36128,fuelType1,present
36128,fuelType2,present
36128,atvType,present
36128,evMotor,present
36128,phevBlended,present
36132,fuelType1,present
36132,fuelType2,present
36132,atvType,present
36132,evMotor,present
36132,phevBlended,present
36135,fuelType1,present
36135,fuelType2,present
36135,atvType,present
36135,evMotor,present
36135,phevBlended,present
36136,fuelType1,present
36136,fuelType2,present
36136,atvType,present
36136,evMotor,present
36136,phevBlended,present
36137,fuelType1,present
36137,fuelType2,present
36137,atvType,present
36137,evMotor,present
36137,phevBlended,present
36138,fuelType1,present
36138,fuelType2,present
36138,atvType,present
36138,evMotor,present
36138,phevBlended,present
36140,fuelType1,present
36140,fuelType2,present
36140,atvType,present
36140,evMotor,present
36140,phevBlended,present
36146,fuelType1,present
36146,fuelType2,present
36146,atvType,present
36146,evMotor,present
36146,phevBlended,present
36147,fuelType1,present
36147,fuelType2,present
36147,atvType,present
36147,evMotor,present
36147,phevBlended,present
36148,fuelType1,present
36148,fuelType2,present
36148,atvType,present
36148,evMotor,present
36148,phevBlended,present
36155,fuelType1,present
36155,fuelType2,present
36155,atvType,present
36155,evMotor,present
36155,phevBlended,present
36156,fuelType1,present
36156,fuelType2,present
36156,atvType,present
36156,evMotor,present
36156,phevBlended,present
36158,fuelType1,present
36158,fuelType2,present
36158,atvType,present
36158,evMotor,present
36158,phevBlended,present
36159,fuelType1,present
36159,fuelType2,present
36159,atvType,present
36159,evMotor,present
36159,phevBlended,present
36160,fuelType1,present
36160,fuelType2,present
36160,atvType,present
36160,evMotor,present
36160,phevBlended,present
36161,fuelType1,present
36161,fuelType2,present
36161,atvType,present
36161,evMotor,present
36161,phevBlended,present
36162,fuelType1,present
36162,fuelType2,present
36162,atvType,present
36162,evMotor,present
36162,phevBlended,present
36163,fuelType1,present
36163,fuelType2,present
36163,atvType,present
36163,evMotor,present
36163,phevBlended,present
36164,fuelType1,present
36164,fuelType2,present
36164,atvType,present
36164,evMotor,present
36164,phevBlended,present
36165,fuelType1,present
36165,fuelType2,present
36165,atvType,present
36165,evMotor,present
36165,phevBlended,present
36166,fuelType1,present
36166,fuelType2,present
36166,atvType,present
36166,evMotor,present
36166,phevBlended,present
36174,fuelType1,present
36174,fuelType2,present
36174,atvType,present
36174,evMotor,present
36174,phevBlended,present
36175,fuelType1,present
36175,fuelType2,present
36175,atvType,present
36175,evMotor,present
36175,phevBlended,present
36188,fuelType1,present
36188,fuelType2,present
36188,atvType,present
36188,evMotor,present
36188,phevBlended,present
36191,fuelType1,present
36191,fuelType2,present
36191,atvType,present
36191,evMotor,present
36191,phevBlended,present
36192,fuelType1,present
36192,fuelType2,present
36192,atvType,present
36192,evMotor,present
36192,phevBlended,present
36194,fuelType1,present
36194,fuelType2,present
36194,atvType,present
36194,evMotor,present
36194,phevBlended,present
36195,fuelType1,present
36195,fuelType2,present
36195,atvType,present
36195,evMotor,present
36195,phevBlended,present
36197,fuelType1,present
36197,fuelType2,present
36197,atvType,present
36197,evMotor,present
36197,phevBlended,present
36200,fuelType1,present
36200,fuelType2,present
36200,atvType,present
36200,evMotor,present
36200,phevBlended,present
36205,fuelType1,present
36205,fuelType2,present
36205,atvType,present
36205,evMotor,present
36205,phevBlended,present
36206,fuelType1,present
36206,fuelType2,present
36206,atvType,present
36206,evMotor,present
36206,phevBlended,present
36214,fuelType1,present
36214,fuelType2,present
36214,atvType,present
36214,evMotor,present
36214,phevBlended,present
36222,fuelType1,present
36222,fuelType2,present
36222,atvType,present
36222,evMotor,present
36222,phevBlended,present
36227,fuelType1,present
36227,fuelType2,present
36227,atvType,present
36227,evMotor,present
36227,phevBlended,present
36236,fuelType1,present
36236,fuelType2,present
36236,atvType,present
36236,evMotor,present
36236,phevBlended,present
36237,fuelType1,present
36237,fuelType2,present
36237,atvType,present
36237,evMotor,present
36237,phevBlended,present
36238,fuelType1,present
36238,fuelType2,present
36238,atvType,present
36238,evMotor,present
36238,phevBlended,present
36240,fuelType1,present
36240,fuelType2,present
36240,atvType,present
36240,evMotor,present
36240,phevBlended,present
36242,fuelType1,present
36242,fuelType2,present
36242,atvType,present
36242,evMotor,present
36242,phevBlended,present
36243,fuelType1,present
36243,fuelType2,present
36243,atvType,present
36243,evMotor,present
36243,phevBlended,present
36245,fuelType1,present
36245,fuelType2,present
36245,atvType,present
36245,evMotor,present
36245,phevBlended,present
36249,fuelType1,present
36249,fuelType2,present
36249,atvType,present
36249,evMotor,present
36249,phevBlended,present
36258,fuelType1,present
36258,fuelType2,present
36258,atvType,present
36258,evMotor,present
36258,phevBlended,present
36259,fuelType1,present
36259,fuelType2,present
36259,atvType,present
36259,evMotor,present
36259,phevBlended,present
36270,fuelType1,present
36270,fuelType2,present
36270,atvType,present
36270,evMotor,present
36270,phevBlended,present
36271,fuelType1,present
36271,fuelType2,present
36271,atvType,present
36271,evMotor,present
36271,phevBlended,present
36276,fuelType1,present
36276,fuelType2,present
36276,atvType,present
36276,evMotor,present
36276,phevBlended,present
36278,fuelType1,present
36278,fuelType2,present
36278,atvType,present
36278,evMotor,present
36278,phevBlended,present
36279,fuelType1,present
36279,fuelType2,present
36279,atvType,present
36279,evMotor,present
36279,phevBlended,present
36280,fuelType1,present
36280,fuelType2,present
36280,atvType,present
36280,evMotor,present
36280,phevBlended,present
36281,fuelType1,present
36281,fuelType2,present
36281,atvType,present
36281,evMotor,present
36281,phevBlended,present
36283,fuelType1,present
36283,fuelType2,present
36283,atvType,present
36283,evMotor,present
36283,phevBlended,present
36286,fuelType1,present
36286,fuelType2,present
36286,atvType,present
36286,evMotor,present
36286,phevBlended,present
36287,fuelType1,present
36287,fuelType2,present
36287,atvType,present
36287,evMotor,present
36287,phevBlended,present
36290,fuelType1,present
36290,fuelType2,present
36290,atvType,present
36290,evMotor,present
36290,phevBlended,present
36291,fuelType1,present
36291,fuelType2,present
36291,atvType,present
36291,evMotor,present
36291,phevBlended,present
36307,fuelType1,present
36307,fuelType2,present
36307,atvType,present
36307,evMotor,present
36307,phevBlended,present
36309,fuelType1,present
36309,fuelType2,present
36309,atvType,present
36309,evMotor,present
36309,phevBlended,present
36311,fuelType1,present
36311,fuelType2,present
36311,atvType,present
36311,evMotor,present
36311,phevBlended,present
36317,fuelType1,present
36317,fuelType2,present
36317,atvType,present
36317,evMotor,present
36317,phevBlended,present
36318,fuelType1,present
36318,fuelType2,present
36318,atvType,present
36318,evMotor,present
36318,phevBlended,present
36320,fuelType1,present
36320,fuelType2,present
36320,atvType,present
36320,evMotor,present
36320,phevBlended,present
36323,fuelType1,present
36323,fuelType2,present
36323,atvType,present
36323,evMotor,present
36323,phevBlended,present
36324,fuelType1,present
36324,fuelType2,present
36324,atvType,present
36324,evMotor,present
36324,phevBlended,present
36327,fuelType1,present
36327,fuelType2,present
36327,atvType,present
36327,evMotor,present
36327,phevBlended,present
36329,fuelType1,present
36329,fuelType2,present
36329,atvType,present
36329,evMotor,present
36329,phevBlended,present
36338,fuelType1,present
36338,fuelType2,present
36338,atvType,present
36338,evMotor,present
36338,phevBlended,present
36339,fuelType1,present
36339,fuelType2,present
36339,atvType,present
36339,evMotor,present
36339,phevBlended,present
36340,fuelType1,present
36340,fuelType2,present
36340,atvType,present
36340,evMotor,present
36340,phevBlended,present
36350,fuelType1,present
36350,fuelType2,present
36350,atvType,present
36350,evMotor,present
36350,phevBlended,present
36353,fuelType1,present
36353,fuelType2,present
36353,atvType,present
36353,evMotor,present
36353,phevBlended,present
36363,fuelType1,present
36363,fuelType2,present
36363,atvType,present
36363,evMotor,present
36363,phevBlended,present
36364,fuelType1,present
36364,fuelType2,present
36364,atvType,present
36364,evMotor,present
36364,phevBlended,present
36372,fuelType1,present
36372,fuelType2,present
36372,atvType,present
36372,evMotor,present
36372,phevBlended,present
36373,fuelType1,present
36373,fuelType2,present
36373,atvType,present
36373,evMotor,present
36373,phevBlended,present
36374,fuelType1,present
36374,fuelType2,present
36374,atvType,present
36374,evMotor,present
36374,phevBlended,present
36379,fuelType1,present
36379,fuelType2,present
36379,atvType,present
36379,evMotor,present
36379,phevBlended,present
36380,fuelType1,present
36380,fuelType2,present
36380,atvType,present
36380,evMotor,present
36380,phevBlended,present
36381,fuelType1,present
36381,fuelType2,present
36381,atvType,present
36381,evMotor,present
36381,phevBlended,present
36382,fuelType1,present
36382,fuelType2,present
36382,atvType,present
36382,evMotor,present
36382,phevBlended,present
36385,fuelType1,present
36385,fuelType2,present
36385,atvType,present
36385,evMotor,present
36385,phevBlended,present
36390,fuelType1,present
36390,fuelType2,present
36390,atvType,present
36390,evMotor,present
36390,phevBlended,present
36398,fuelType1,present
36398,fuelType2,present
36398,atvType,present
36398,evMotor,present
36398,phevBlended,present
36406,fuelType1,present
36406,fuelType2,present
36406,atvType,present
36406,evMotor,present
36406,phevBlended,present
36407,fuelType1,present
36407,fuelType2,present
36407,atvType,present
36407,evMotor,present
36407,phevBlended,present
36423,fuelType1,present
36423,fuelType2,present
36423,atvType,present
36423,evMotor,present
36423,phevBlended,present
36434,fuelType1,present
36434,fuelType2,present
36434,atvType,present
36434,evMotor,present
36434,phevBlended,present
36435,fuelType1,present
36435,fuelType2,present
36435,atvType,present
36435,evMotor,present
36435,phevBlended,present
36436,fuelType1,present
36436,fuelType2,present
36436,atvType,present
36436,evMotor,present
36436,phevBlended,present
36442,fuelType1,present
36442,fuelType2,present
36442,atvType,present
36442,evMotor,present
36442,phevBlended,present
36453,fuelType1,present
36453,fuelType2,present
36453,atvType,present
36453,evMotor,present
36453,phevBlended,present
36456,fuelType1,present
36456,fuelType2,present
36456,atvType,present
36456,evMotor,present
36456,phevBlended,present
36457,fuelType1,present
36457,fuelType2,present
36457,atvType,present
36457,evMotor,present
36457,phevBlended,present
36458,fuelType1,present
36458,fuelType2,present
36458,atvType,present
36458,evMotor,present
36458,phevBlended,present
36460,fuelType1,present
36460,fuelType2,present
36460,atvType,present
36460,evMotor,present
36460,phevBlended,present
36465,fuelType1,present
36465,fuelType2,present
36465,atvType,present
36465,evMotor,present
36465,phevBlended,present
36467,fuelType1,present
36467,fuelType2,present
36467,atvType,present
36467,evMotor,present
36467,phevBlended,present
36468,fuelType1,present
36468,fuelType2,present
36468,atvType,present
36468,evMotor,present
36468,phevBlended,present
36470,fuelType1,present
36470,fuelType2,present
36470,atvType,present
36470,evMotor,present
36470,phevBlended,present
36481,fuelType1,present
36481,fuelType2,present
36481,atvType,present
36481,evMotor,present
36481,phevBlended,present
36486,fuelType1,present
36486,fuelType2,present
36486,atvType,present
36486,evMotor,present
36486,phevBlended,present
36487,fuelType1,present
36487,fuelType2,present
36487,atvType,present
36487,evMotor,present
36487,phevBlended,present
36494,fuelType1,present
36494,fuelType2,present
36494,atvType,present
36494,evMotor,present
36494,phevBlended,present
36495,fuelType1,present
36495,fuelType2,present
36495,atvType,present
36495,evMotor,present
36495,phevBlended,present
36499,fuelType1,present
36499,fuelType2,present
36499,atvType,present
36499,evMotor,present
36499,phevBlended,present
36500,fuelType1,present
36500,fuelType2,present
36500,atvType,present
36500,evMotor,present
36500,phevBlended,present
36511,fuelType1,present
36511,fuelType2,present
36511,atvType,present
36511,evMotor,present
36511,phevBlended,present
36512,fuelType1,present
36512,fuelType2,present
36512,atvType,present
36512,evMotor,present
36512,phevBlended,present
36513,fuelType1,present
36513,fuelType2,present
36513,atvType,present
36513,evMotor,present
36513,phevBlended,present
36514,fuelType1,present
36514,fuelType2,present
36514,atvType,present
36514,evMotor,present
36514,phevBlended,present
36529,fuelType1,present
36529,fuelType2,present
36529,atvType,present
36529,evMotor,present
36529,phevBlended,present
36534,fuelType1,present
36534,fuelType2,present
36534,atvType,present
36534,evMotor,present
36534,phevBlended,present
36537,fuelType1,present
36537,fuelType2,present
36537,atvType,present
36537,evMotor,present
36537,phevBlended,present
36538,fuelType1,present
36538,fuelType2,present
36538,atvType,present
36538,evMotor,present
36538,phevBlended,present
36542,fuelType1,present
36542,fuelType2,present
36542,atvType,present
36542,evMotor,present
36542,phevBlended,present
36543,fuelType1,present
36543,fuelType2,present
36543,atvType,present
36543,evMotor,present
36543,phevBlended,present
36544,fuelType1,present
36544,fuelType2,present
36544,atvType,present
36544,evMotor,present
36544,phevBlended,present
36545,fuelType1,present
36545,fuelType2,present
36545,atvType,present
36545,evMotor,present
36545,phevBlended,present
36546,fuelType1,present
36546,fuelType2,present
36546,atvType,present
36546,evMotor,present
36546,phevBlended,present
36547,fuelType1,present
36547,fuelType2,present
36547,atvType,present
36547,evMotor,present
36547,phevBlended,present
36548,fuelType1,present
36548,fuelType2,present
36548,atvType,present
36548,evMotor,present
36548,phevBlended,present
36549,fuelType1,present
36549,fuelType2,present
36549,atvType,present
36549,evMotor,present
36549,phevBlended,present
36563,fuelType1,present
36563,fuelType2,present
36563,atvType,present
36563,evMotor,present
36563,phevBlended,present
36566,fuelType1,present
36566,fuelType2,present
36566,atvType,present
36566,evMotor,present
36566,phevBlended,present
36571,fuelType1,present
36571,fuelType2,present
36571,atvType,present
36571,evMotor,present
36571,phevBlended,present
36572,fuelType1,present
36572,fuelType2,present
36572,atvType,present
36572,evMotor,present
36572,phevBlended,present
36577,fuelType1,present
36577,fuelType2,present
36577,atvType,present
36577,evMotor,present
36577,phevBlended,present
36578,fuelType1,present
36578,fuelType2,present
36578,atvType,present
36578,evMotor,present
36578,phevBlended,present
36581,fuelType1,present
36581,fuelType2,present
36581,atvType,present
36581,evMotor,present
36581,phevBlended,present
36582,fuelType1,present
36582,fuelType2,present
36582,atvType,present
36582,evMotor,present
36582,phevBlended,present
36583,fuelType1,present
36583,fuelType2,present
36583,atvType,present
36583,evMotor,present
36583,phevBlended,present
36597,fuelType1,present
36597,fuelType2,present
36597,atvType,present
36597,evMotor,present
36597,phevBlended,present
36600,fuelType1,present
36600,fuelType2,present
36600,atvType,present
36600,evMotor,present
36600,phevBlended,present
36602,fuelType1,present
36602,fuelType2,present
36602,atvType,present
36602,evMotor,present
36602,phevBlended,present
36603,fuelType1,present
36603,fuelType2,present
36603,atvType,present
36603,evMotor,present
36603,phevBlended,present
36605,fuelType1,present
36605,fuelType2,present
36605,atvType,present
36605,evMotor,present
36605,phevBlended,present
36606,fuelType1,present
36606,fuelType2,present
36606,atvType,present
36606,evMotor,present
36606,phevBlended,present
36608,fuelType1,present
36608,fuelType2,present
36608,atvType,present
36608,evMotor,present
36608,phevBlended,present
36624,fuelType1,present
36624,fuelType2,present
36624,atvType,present
36624,evMotor,present
36624,phevBlended,present
36626,fuelType1,present
36626,fuelType2,present
36626,atvType,present
36626,evMotor,present
36626,phevBlended,present
36628,fuelType1,present
36628,fuelType2,present
36628,atvType,present
36628,evMotor,present
36628,phevBlended,present
36629,fuelType1,present
36629,fuelType2,present
36629,atvType,present
36629,evMotor,present
36629,phevBlended,present
36630,fuelType1,present
36630,fuelType2,present
36630,atvType,present
36630,evMotor,present
36630,phevBlended,present
36631,fuelType1,present
36631,fuelType2,present
36631,atvType,present
36631,evMotor,present
36631,phevBlended,present
36632,fuelType1,present
36632,fuelType2,present
36632,atvType,present
36632,evMotor,present
36632,phevBlended,present
36637,fuelType1,present
36637,fuelType2,present
36637,atvType,present
36637,evMotor,present
36637,phevBlended,present
36645,fuelType1,present
36645,fuelType2,present
36645,atvType,present
36645,evMotor,present
36645,phevBlended,present
36646,fuelType1,present
36646,fuelType2,present
36646,atvType,present
36646,evMotor,present
36646,phevBlended,present
36647,fuelType1,present
36647,fuelType2,present
36647,atvType,present
36647,evMotor,present
36647,phevBlended,present
36648,fuelType1,present
36648,fuelType2,present
36648,atvType,present
36648,evMotor,present
36648,phevBlended,present
36660,fuelType1,present
36660,fuelType2,present
36660,atvType,present
36660,evMotor,present
36660,phevBlended,present
36664,fuelType1,present
36664,fuelType2,present
36664,atvType,present
36664,evMotor,present
36664,phevBlended,present
36665,fuelType1,present
36665,fuelType2,present
36665,atvType,present
36665,evMotor,present
36665,phevBlended,present
36670,fuelType1,present
36670,fuelType2,present
36670,atvType,present
36670,evMotor,present
36670,phevBlended,present
36671,fuelType1,present
36671,fuelType2,present
36671,atvType,present
36671,evMotor,present
36671,phevBlended,present
36677,fuelType1,present
36677,fuelType2,present
36677,atvType,present
36677,evMotor,present
36677,phevBlended,present
36678,fuelType1,present
36678,fuelType2,present
36678,atvType,present
36678,evMotor,present
36678,phevBlended,present
36683,fuelType1,present
36683,fuelType2,present
36683,atvType,present
36683,evMotor,present
36683,phevBlended,present
36684,fuelType1,present
36684,fuelType2,present
36684,atvType,present
36684,evMotor,present
36684,phevBlended,present
36696,fuelType1,present
36696,fuelType2,present
36696,atvType,present
36696,evMotor,present
36696,phevBlended,present
36697,fuelType1,present
36697,fuelType2,present
36697,atvType,present
36697,evMotor,present
36697,phevBlended,present
36701,fuelType1,present
36701,fuelType2,present
36701,atvType,present
36701,evMotor,present
36701,phevBlended,present
36720,fuelType1,present
36720,fuelType2,present
36720,atvType,present
36720,evMotor,present
36720,phevBlended,present
36721,fuelType1,present
36721,fuelType2,present
36721,atvType,present
36721,evMotor,present
36721,phevBlended,present
36722,fuelType1,present
36722,fuelType2,present
36722,atvType,present
36722,evMotor,present
36722,phevBlended,present
36733,fuelType1,present
36733,fuelType2,present
36733,atvType,present
36733,evMotor,present
36733,phevBlended,present
36734,fuelType1,present
36734,fuelType2,present
36734,atvType,present
36734,evMotor,present
36734,phevBlended,present
36735,fuelType1,present
36735,fuelType2,present
36735,atvType,present
36735,evMotor,present
36735,phevBlended,present
36739,fuelType1,present
36739,fuelType2,present
36739,atvType,present
36739,evMotor,present
36739,phevBlended,present
36766,fuelType1,present
36766,fuelType2,present
36766,atvType,present
36766,evMotor,present
36766,phevBlended,present
36768,fuelType1,present
36768,fuelType2,present
36768,atvType,present
36768,evMotor,present
36768,phevBlended,present
36781,fuelType1,present
36781,fuelType2,present
36781,atvType,present
36781,evMotor,present
36781,phevBlended,present
36783,fuelType1,present
36783,fuelType2,present
36783,atvType,present
36783,evMotor,present
36783,phevBlended,present
36786,fuelType1,present
36786,fuelType2,present
36786,atvType,present
36786,evMotor,present
36786,phevBlended,present
36787,fuelType1,present
36787,fuelType2,present
36787,atvType,present
36787,evMotor,present
36787,phevBlended,present
36795,fuelType1,present
36795,fuelType2,present
36795,atvType,present
36795,evMotor,present
36795,phevBlended,present
36797,fuelType1,present
36797,fuelType2,present
36797,atvType,present
36797,evMotor,present
36797,phevBlended,present
36798,fuelType1,present
36798,fuelType2,present
36798,atvType,present
36798,evMotor,present
36798,phevBlended,present
36805,fuelType1,present
36805,fuelType2,present
36805,atvType,present
36805,evMotor,present
36805,phevBlended,present
36806,fuelType1,present
36806,fuelType2,present
36806,atvType,present
36806,evMotor,present
36806,phevBlended,present
36808,fuelType1,present
36808,fuelType2,present
36808,atvType,present
36808,evMotor,present
36808,phevBlended,present
36809,fuelType1,present
36809,fuelType2,present
36809,atvType,present
36809,evMotor,present
36809,phevBlended,present
36815,fuelType1,present
36815,fuelType2,present
36815,atvType,present
36815,evMotor,present
36815,phevBlended,present
36817,fuelType1,present
36817,fuelType2,present
36817,atvType,present
36817,evMotor,present
36817,phevBlended,present
36818,fuelType1,present
36818,fuelType2,present
36818,atvType,present
36818,evMotor,present
36818,phevBlended,present
36819,fuelType1,present
36819,fuelType2,present
36819,atvType,present
36819,evMotor,present
36819,phevBlended,present
36820,fuelType1,present
36820,fuelType2,present
36820,atvType,present
36820,evMotor,present
36820,phevBlended,present
36822,fuelType1,present
36822,fuelType2,present
36822,atvType,present
36822,evMotor,present
36822,phevBlended,present
36825,fuelType1,present
36825,fuelType2,present
36825,atvType,present
36825,evMotor,present
36825,phevBlended,present
36826,fuelType1,present
36826,fuelType2,present
36826,atvType,present
36826,evMotor,present
36826,phevBlended,present
36829,fuelType1,present
36829,fuelType2,present
36829,atvType,present
36829,evMotor,present
36829,phevBlended,present
36830,fuelType1,present
36830,fuelType2,present
36830,atvType,present
36830,evMotor,present
36830,phevBlended,present
36831,fuelType1,present
36831,fuelType2,present
36831,atvType,present
36831,evMotor,present
36831,phevBlended,present
36832,fuelType1,present
36832,fuelType2,present
36832,atvType,present
36832,evMotor,present
36832,phevBlended,present
36835,fuelType1,present
36835,fuelType2,present
36835,atvType,present
36835,evMotor,present
36835,phevBlended,present
36836,fuelType1,present
36836,fuelType2,present
36836,atvType,present
36836,evMotor,present
36836,phevBlended,present
36837,fuelType1,present
36837,fuelType2,present
36837,atvType,present
36837,evMotor,present
36837,phevBlended,present
36838,fuelType1,present
36838,fuelType2,present
36838,atvType,present
36838,evMotor,present
36838,phevBlended,present
36839,fuelType1,present
36839,fuelType2,present
36839,atvType,present
36839,evMotor,present
36839,phevBlended,present
36840,fuelType1,present
36840,fuelType2,present
36840,atvType,present
36840,evMotor,present
36840,phevBlended,present
36844,fuelType1,present
36844,fuelType2,present
36844,atvType,present
36844,evMotor,present
36844,phevBlended,present
36853,fuelType1,present
36853,fuelType2,present
36853,atvType,present
36853,evMotor,present
36853,phevBlended,present
36854,fuelType1,present
36854,fuelType2,present
36854,atvType,present
36854,evMotor,present
36854,phevBlended,present
36856,fuelType1,present
36856,fuelType2,present
36856,atvType,present
36856,evMotor,present
36856,phevBlended,present
36860,fuelType1,present
36860,fuelType2,present
36860,atvType,present
36860,evMotor,present
36860,phevBlended,present
36861,fuelType1,present
36861,fuelType2,present
36861,atvType,present
36861,evMotor,present
36861,phevBlended,present
36864,fuelType1,present
36864,fuelType2,present
36864,atvType,present
36864,evMotor,present
36864,phevBlended,present
36865,fuelType1,present
36865,fuelType2,present
36865,atvType,present
36865,evMotor,present
36865,phevBlended,present
36866,fuelType1,present
36866,fuelType2,present
36866,atvType,present
36866,evMotor,present
36866,phevBlended,present
36867,fuelType1,present
36867,fuelType2,present
36867,atvType,present
36867,evMotor,present
36867,phevBlended,present
36868,fuelType1,present
36868,fuelType2,present
36868,atvType,present
36868,evMotor,present
36868,phevBlended,present
36869,fuelType1,present
36869,fuelType2,present
36869,atvType,present
36869,evMotor,present
36869,phevBlended,present
36870,fuelType1,present
36870,fuelType2,present
36870,atvType,present
36870,evMotor,present
36870,phevBlended,present
36871,fuelType1,present
36871,fuelType2,present
36871,atvType,present
36871,evMotor,present
36871,phevBlended,present
36872,fuelType1,present
36872,fuelType2,present
36872,atvType,present
36872,evMotor,present
36872,phevBlended,present
36873,fuelType1,present
36873,fuelType2,present
36873,atvType,present
36873,evMotor,present
36873,phevBlended,present
36874,fuelType1,present
36874,fuelType2,present
36874,atvType,present
36874,evMotor,present
36874,phevBlended,present
36875,fuelType1,present
36875,fuelType2,present
36875,atvType,present
36875,evMotor,present
36875,phevBlended,present
36876,fuelType1,present
36876,fuelType2,present
36876,atvType,present
36876,evMotor,present
36876,phevBlended,present
36886,fuelType1,present
36886,fuelType2,present
36886,atvType,present
36886,evMotor,present
36886,phevBlended,present
36887,fuelType1,present
36887,fuelType2,present
36887,atvType,present
36887,evMotor,present
36887,phevBlended,present
36888,fuelType1,present
36888,fuelType2,present
36888,atvType,present
36888,evMotor,present
36888,phevBlended,present
36889,fuelType1,present
36889,fuelType2,present
36889,atvType,present
36889,evMotor,present
36889,phevBlended,present
36891,fuelType1,present
36891,fuelType2,present
36891,atvType,present
36891,evMotor,present
36891,phevBlended,present
36895,fuelType1,present
36895,fuelType2,present
36895,atvType,present
36895,evMotor,present
36895,phevBlended,present
36896,fuelType1,present
36896,fuelType2,present
36896,atvType,present
36896,evMotor,present
36896,phevBlended,present
36898,fuelType1,present
36898,fuelType2,present
36898,atvType,present
36898,evMotor,present
36898,phevBlended,present
36899,fuelType1,present
36899,fuelType2,present
36899,atvType,present
36899,evMotor,present
36899,phevBlended,present
36900,fuelType1,present
36900,fuelType2,present
36900,atvType,present
36900,evMotor,present
36900,phevBlended,present
36901,fuelType1,present
36901,fuelType2,present
36901,atvType,present
36901,evMotor,present
36901,phevBlended,present
36902,fuelType1,present
36902,fuelType2,present
36902,atvType,present
36902,evMotor,present
36902,phevBlended,present
36905,fuelType1,present
36905,fuelType2,present
36905,atvType,present
36905,evMotor,present
36905,phevBlended,present
36906,fuelType1,present
36906,fuelType2,present
36906,atvType,present
36906,evMotor,present
36906,phevBlended,present
36907,fuelType1,present
36907,fuelType2,present
36907,atvType,present
36907,evMotor,present
36907,phevBlended,present
36908,fuelType1,present
36908,fuelType2,present
36908,atvType,present
36908,evMotor,present
36908,phevBlended,present
36912,fuelType1,present
36912,fuelType2,present
36912,atvType,present
36912,evMotor,present
36912,phevBlended,present
36913,fuelType1,present
36913,fuelType2,present
36913,atvType,present
36913,evMotor,present
36913,phevBlended,present
36916,fuelType1,present
36916,fuelType2,present
36916,atvType,present
36916,evMotor,present
36916,phevBlended,present
36917,fuelType1,present
36917,fuelType2,present
36917,atvType,present
36917,evMotor,present
36917,phevBlended,present
36927,fuelType1,present
36927,fuelType2,present
36927,atvType,present
36927,evMotor,present
36927,phevBlended,present
36928,fuelType1,present
36928,fuelType2,present
36928,atvType,present
36928,evMotor,present
36928,phevBlended,present
36933,fuelType1,present
36933,fuelType2,present
36933,atvType,present
36933,evMotor,present
36933,phevBlended,present
36934,fuelType1,present
36934,fuelType2,present
36934,atvType,present
36934,evMotor,present
36934,phevBlended,present
36935,fuelType1,present
36935,fuelType2,present
36935,atvType,present
36935,evMotor,present
36935,phevBlended,present
36936,fuelType1,present
36936,fuelType2,present
36936,atvType,present
36936,evMotor,present
36936,phevBlended,present
36938,fuelType1,present
36938,fuelType2,present
36938,atvType,present
36938,evMotor,present
36938,phevBlended,present
36939,fuelType1,present
36939,fuelType2,present
36939,atvType,present
36939,evMotor,present
36939,phevBlended,present
36946,fuelType1,present
36946,fuelType2,present
36946,atvType,present
36946,evMotor,present
36946,phevBlended,present
36947,fuelType1,present
36947,fuelType2,present
36947,atvType,present
36947,evMotor,present
36947,phevBlended,present
36948,fuelType1,present
36948,fuelType2,present
36948,atvType,present
36948,evMotor,present
36948,phevBlended,present
36949,fuelType1,present
36949,fuelType2,present
36949,atvType,present
36949,evMotor,present
36949,phevBlended,present
36950,fuelType1,present
36950,fuelType2,present
36950,atvType,present
36950,evMotor,present
36950,phevBlended,present
36951,fuelType1,present
36951,fuelType2,present
36951,atvType,present
36951,evMotor,present
36951,phevBlended,present
36952,fuelType1,present
36952,fuelType2,present
36952,atvType,present
36952,evMotor,present
36952,phevBlended,present
36953,fuelType1,present
36953,fuelType2,present
36953,atvType,present
36953,evMotor,present
36953,phevBlended,present
36954,fuelType1,present
36954,fuelType2,present
36954,atvType,present
36954,evMotor,present
36954,phevBlended,present
36955,fuelType1,present
36955,fuelType2,present
36955,atvType,present
36955,evMotor,present
36955,phevBlended,present
36956,fuelType1,present
36956,fuelType2,present
36956,atvType,present
36956,evMotor,present
36956,phevBlended,present
36957,fuelType1,present
36957,fuelType2,present
36957,atvType,present
36957,evMotor,present
36957,phevBlended,present
36958,fuelType1,present
36958,fuelType2,present
36958,atvType,present
36958,evMotor,present
36958,phevBlended,present
36959,fuelType1,present
36959,fuelType2,present
36959,atvType,present
36959,evMotor,present
36959,phevBlended,present
36960,fuelType1,present
36960,fuelType2,present
36960,atvType,present
36960,evMotor,present
36960,phevBlended,present
36961,fuelType1,present
36961,fuelType2,present
36961,atvType,present
36961,evMotor,present
36961,phevBlended,present
36964,fuelType1,present
36964,fuelType2,present
36964,atvType,present
36964,evMotor,present
36964,phevBlended,present
36965,fuelType1,present
36965,fuelType2,present
36965,atvType,present
36965,evMotor,present
36965,phevBlended,present
36966,fuelType1,present
36966,fuelType2,present
36966,atvType,present
36966,evMotor,present
36966,phevBlended,present
36967,fuelType1,present
36967,fuelType2,present
36967,atvType,present
36967,evMotor,present
36967,phevBlended,present
36968,fuelType1,present
36968,fuelType2,present
36968,atvType,present
36968,evMotor,present
36968,phevBlended,present
36970,fuelType1,present
36970,fuelType2,present
36970,atvType,present
36970,evMotor,present
36970,phevBlended,present
36971,fuelType1,present
36971,fuelType2,present
36971,atvType,present
36971,evMotor,present
36971,phevBlended,present
36979,fuelType1,present
36979,fuelType2,present
36979,atvType,present
36979,evMotor,present
36979,phevBlended,present
36980,fuelType1,present
36980,fuelType2,present
36980,atvType,present
36980,evMotor,present
36980,phevBlended,present
36989,fuelType1,present
36989,fuelType2,present
36989,atvType,present
36989,evMotor,present
36989,phevBlended,present
36991,fuelType1,present
36991,fuelType2,present
36991,atvType,present
36991,evMotor,present
36991,phevBlended,present
36994,fuelType1,present
36994,fuelType2,present
36994,atvType,present
36994,evMotor,present
36994,phevBlended,present
37002,fuelType1,present
37002,fuelType2,present
37002,atvType,present
37002,evMotor,present
37002,phevBlended,present
37004,fuelType1,present
37004,fuelType2,present
37004,atvType,present
37004,evMotor,present
37004,phevBlended,present
37005,fuelType1,present
37005,fuelType2,present
37005,atvType,present
37005,evMotor,present
37005,phevBlended,present
37006,fuelType1,present
37006,fuelType2,present
37006,atvType,present
37006,evMotor,present
37006,phevBlended,present
37007,fuelType1,present
37007,fuelType2,present
37007,atvType,present
37007,evMotor,present
37007,phevBlended,present
37008,fuelType1,present
37008,fuelType2,present
37008,atvType,present
37008,evMotor,present
37008,phevBlended,present
37010,fuelType1,present
37010,fuelType2,present
37010,atvType,present
37010,evMotor,present
37010,phevBlended,present
37024,fuelType1,present
37024,fuelType2,present
37024,atvType,present
37024,evMotor,present
37024,phevBlended,present
37027,fuelType1,present
37027,fuelType2,present
37027,atvType,present
37027,evMotor,present
37027,phevBlended,present
37028,fuelType1,present
37028,fuelType2,present
37028,atvType,present
37028,evMotor,present
37028,phevBlended,present
37030,fuelType1,present
37030,fuelType2,present
37030,atvType,present
37030,evMotor,present
37030,phevBlended,present
37031,fuelType1,present
37031,fuelType2,present
37031,atvType,present
37031,evMotor,present
37031,phevBlended,present
37032,fuelType1,present
37032,fuelType2,present
37032,atvType,present
37032,evMotor,present
37032,phevBlended,present
37035,fuelType1,present
37035,fuelType2,present
37035,atvType,present
37035,evMotor,present
37035,phevBlended,present
37039,fuelType1,present
37039,fuelType2,present
37039,atvType,present
37039,evMotor,present
37039,phevBlended,present
37040,fuelType1,present
37040,fuelType2,present
37040,atvType,present
37040,evMotor,present
37040,phevBlended,present
37047,fuelType1,present
37047,fuelType2,present
37047,atvType,present
37047,evMotor,present
37047,phevBlended,present
37048,fuelType1,present
37048,fuelType2,present
37048,atvType,present
37048,evMotor,present
37048,phevBlended,present
37059,fuelType1,present
37059,fuelType2,present
37059,atvType,present
37059,evMotor,present
37059,phevBlended,present
37060,fuelType1,present
37060,fuelType2,present
37060,atvType,present
37060,evMotor,present
37060,phevBlended,present
37061,fuelType1,present
37061,fuelType2,present
37061,atvType,present
37061,evMotor,present
37061,phevBlended,present
37069,fuelType1,present
37069,fuelType2,present
37069,atvType,present
37069,evMotor,present
37069,phevBlended,present
37070,fuelType1,present
37070,fuelType2,present
37070,atvType,present
37070,evMotor,present
37070,phevBlended,present
37071,fuelType1,present
37071,fuelType2,present
37071,atvType,present
37071,evMotor,present
37071,phevBlended,present
37074,fuelType1,present
37074,fuelType2,present
37074,atvType,present
37074,evMotor,present
37074,phevBlended,present
37078,fuelType1,present
37078,fuelType2,present
37078,atvType,present
37078,evMotor,present
37078,phevBlended,present
37079,fuelType1,present
37079,fuelType2,present
37079,atvType,present
37079,evMotor,present
37079,phevBlended,present
37082,fuelType1,present
37082,fuelType2,present
37082,atvType,present
37082,evMotor,present
37082,phevBlended,present
37084,fuelType1,present
37084,fuelType2,present
37084,atvType,present
37084,evMotor,present
37084,phevBlended,present
37092,fuelType1,present
37092,fuelType2,present
37092,atvType,present
37092,evMotor,present
37092,phevBlended,present
37099,fuelType1,present
37099,fuelType2,present
37099,atvType,present
37099,evMotor,present
37099,phevBlended,present
37100,fuelType1,present
37100,fuelType2,present
37100,atvType,present
37100,evMotor,present
37100,phevBlended,present
37101,fuelType1,present
37101,fuelType2,present
37101,atvType,present
37101,evMotor,present
37101,phevBlended,present
37102,fuelType1,present
37102,fuelType2,present
37102,atvType,present
37102,evMotor,present
37102,phevBlended,present
37113,fuelType1,present
37113,fuelType2,present
37113,atvType,present
37113,evMotor,present
37113,phevBlended,present
37114,fuelType1,present
37114,fuelType2,present
37114,atvType,present
37114,evMotor,present
37114,phevBlended,present
37116,fuelType1,present
37116,fuelType2,present
37116,atvType,present
37116,evMotor,present
37116,phevBlended,present
37117,fuelType1,present
37117,fuelType2,present
37117,atvType,present
37117,evMotor,present
37117,phevBlended,present
37122,fuelType1,present
37122,fuelType2,present
37122,atvType,present
37122,evMotor,present
37122,phevBlended,present
37123,fuelType1,present
37123,fuelType2,present
37123,atvType,present
37123,evMotor,present
37123,phevBlended,present
37124,fuelType1,present
37124,fuelType2,present
37124,atvType,present
37124,evMotor,present
37124,phevBlended,present
37125,fuelType1,present
37125,fuelType2,present
37125,atvType,present
37125,evMotor,present
37125,phevBlended,present
37130,fuelType1,present
37130,fuelType2,present
37130,atvType,present
37130,evMotor,present
37130,phevBlended,present
37133,fuelType1,present
37133,fuelType2,present
37133,atvType,present
37133,evMotor,present
37133,phevBlended,present
37136,fuelType1,present
37136,fuelType2,present
37136,atvType,present
37136,evMotor,present
37136,phevBlended,present
37141,fuelType1,present
37141,fuelType2,present
37141,atvType,present
37141,evMotor,present
37141,phevBlended,present
37144,fuelType1,present
37144,fuelType2,present
37144,atvType,present
37144,evMotor,present
37144,phevBlended,present
37145,fuelType1,present
37145,fuelType2,present
37145,atvType,present
37145,evMotor,present
37145,phevBlended,present
37150,fuelType1,present
37150,fuelType2,present
37150,atvType,present
37150,evMotor,present
37150,phevBlended,present
37152,fuelType1,present
37152,fuelType2,present
37152,atvType,present
37152,evMotor,present
37152,phevBlended,present
37154,fuelType1,present
37154,fuelType2,present
37154,atvType,present
37154,evMotor,present
37154,phevBlended,present
37156,fuelType1,present
37156,fuelType2,present
37156,atvType,present
37156,evMotor,present
37156,phevBlended,present
37158,fuelType1,present
37158,fuelType2,present
37158,atvType,present
37158,evMotor,present
37158,phevBlended,present
37160,fuelType1,present
37160,fuelType2,present
37160,atvType,present
37160,evMotor,present
37160,phevBlended,present
37175,fuelType1,present
37175,fuelType2,present
37175,atvType,present
37175,evMotor,present
37175,phevBlended,present
37176,fuelType1,present
37176,fuelType2,present
37176,atvType,present
37176,evMotor,present
37176,phevBlended,present
37178,fuelType1,present
37178,fuelType2,present
37178,atvType,present
37178,evMotor,present
37178,phevBlended,present
37183,fuelType1,present
37183,fuelType2,present
37183,atvType,present
37183,evMotor,present
37183,phevBlended,present
37187,fuelType1,present
37187,fuelType2,present
37187,atvType,present
37187,evMotor,present
37187,phevBlended,present
37192,fuelType1,present
37192,fuelType2,present
37192,atvType,present
37192,evMotor,present
37192,phevBlended,present
37197,fuelType1,present
37197,fuelType2,present
37197,atvType,present
37197,evMotor,present
37197,phevBlended,present
37205,fuelType1,present
37205,fuelType2,present
37205,atvType,present
37205,evMotor,present
37205,phevBlended,present
37208,fuelType1,present
37208,fuelType2,present
37208,atvType,present
37208,evMotor,present
37208,phevBlended,present
37209,fuelType1,present
37209,fuelType2,present
37209,atvType,present
37209,evMotor,present
37209,phevBlended,present
37212,fuelType1,present
37212,fuelType2,present
37212,atvType,present
37212,evMotor,present
37212,phevBlended,present
37217,fuelType1,present
37217,fuelType2,present
37217,atvType,present
37217,evMotor,present
37217,phevBlended,present
37218,fuelType1,present
37218,fuelType2,present
37218,atvType,present
37218,evMotor,present
37218,phevBlended,present
37229,fuelType1,present
37229,fuelType2,present
37229,atvType,present
37229,evMotor,present
37229,phevBlended,present
37230,fuelType1,present
37230,fuelType2,present
37230,atvType,present
37230,evMotor,present
37230,phevBlended,present
37234,fuelType1,present
37234,fuelType2,present
37234,atvType,present
37234,evMotor,present
37234,phevBlended,present
37235,fuelType1,present
37235,fuelType2,present
37235,atvType,present
37235,evMotor,present
37235,phevBlended,present
37236,fuelType1,present
37236,fuelType2,present
37236,atvType,present
37236,evMotor,present
37236,phevBlended,present
37237,fuelType1,present
37237,fuelType2,present
37237,atvType,present
37237,evMotor,present
37237,phevBlended,present
37238,fuelType1,present
37238,fuelType2,present
37238,atvType,present
37238,evMotor,present
37238,phevBlended,present
37239,fuelType1,present
37239,fuelType2,present
37239,atvType,present
37239,evMotor,present
37239,phevBlended,present
37241,fuelType1,present
37241,fuelType2,present
37241,atvType,present
37241,evMotor,present
37241,phevBlended,present
37242,fuelType1,present
37242,fuelType2,present
37242,atvType,present
37242,evMotor,present
37242,phevBlended,present
37243,fuelType1,present
37243,fuelType2,present
37243,atvType,present
37243,evMotor,present
37243,phevBlended,present
37245,fuelType1,present
37245,fuelType2,present
37245,atvType,present
37245,evMotor,present
37245,phevBlended,present
37246,fuelType1,present
37246,fuelType2,present
37246,atvType,present
37246,evMotor,present
37246,phevBlended,present
37247,fuelType1,present
37247,fuelType2,present
37247,atvType,present
37247,evMotor,present
37247,phevBlended,present
37251,fuelType1,present
37251,fuelType2,present
37251,atvType,present
37251,evMotor,present
37251,phevBlended,present
37256,fuelType1,present
37256,fuelType2,present
37256,atvType,present
37256,evMotor,present
37256,phevBlended,present
37257,fuelType1,present
37257,fuelType2,present
37257,atvType,present
37257,evMotor,present
37257,phevBlended,present
37258,fuelType1,present
37258,fuelType2,present
37258,atvType,present
37258,evMotor,present
37258,phevBlended,present
37265,fuelType1,present
37265,fuelType2,present
37265,atvType,present
37265,evMotor,present
37265,phevBlended,present
37270,fuelType1,present
37270,fuelType2,present
37270,atvType,present
37270,evMotor,present
37270,phevBlended,present
37273,fuelType1,present
37273,fuelType2,present
37273,atvType,present
37273,evMotor,present
37273,phevBlended,present
37287,fuelType1,present
37287,fuelType2,present
37287,atvType,present
37287,evMotor,present
37287,phevBlended,present
37290,fuelType1,present
37290,fuelType2,present
37290,atvType,present
37290,evMotor,present
37290,phevBlended,present
37291,fuelType1,present
37291,fuelType2,present
37291,atvType,present
37291,evMotor,present
37291,phevBlended,present
37293,fuelType1,present
37293,fuelType2,present
37293,atvType,present
37293,evMotor,present
37293,phevBlended,present
37294,fuelType1,present
37294,fuelType2,present
37294,atvType,present
37294,evMotor,present
37294,phevBlended,present
37295,fuelType1,present
37295,fuelType2,present
37295,atvType,present
37295,evMotor,present
37295,phevBlended,present
37299,fuelType1,present
37299,fuelType2,present
37299,atvType,present
37299,evMotor,present
37299,phevBlended,present
37301,fuelType1,present
37301,fuelType2,present
37301,atvType,present
37301,evMotor,present
37301,phevBlended,present
37304,fuelType1,present
37304,fuelType2,present
37304,atvType,present
37304,evMotor,present
37304,phevBlended,present
37305,fuelType1,present
37305,fuelType2,present
37305,atvType,present
37305,evMotor,present
37305,phevBlended,present
37307,fuelType1,present
37307,fuelType2,present
37307,atvType,present
37307,evMotor,present
37307,phevBlended,present
37308,fuelType1,present
37308,fuelType2,present
37308,atvType,present
37308,evMotor,present
37308,phevBlended,present
37310,fuelType1,present
37310,fuelType2,present
37310,atvType,present
37310,evMotor,present
37310,phevBlended,present
37316,fuelType1,present
37316,fuelType2,present
37316,atvType,present
37316,evMotor,present
37316,phevBlended,present
37318,fuelType1,present
37318,fuelType2,present
37318,atvType,present
37318,evMotor,present
37318,phevBlended,present
37322,fuelType1,present
37322,fuelType2,present
37322,atvType,present
37322,evMotor,present
37322,phevBlended,present
37325,fuelType1,present
37325,fuelType2,present
37325,atvType,present
37325,evMotor,present
37325,phevBlended,present
37327,fuelType1,present
37327,fuelType2,present
37327,atvType,present
37327,evMotor,present
37327,phevBlended,present
37328,fuelType1,present
37328,fuelType2,present
37328,atvType,present
37328,evMotor,present
37328,phevBlended,present
37346,fuelType1,present
37346,fuelType2,present
37346,atvType,present
37346,evMotor,present
37346,phevBlended,present
37349,fuelType1,present
37349,fuelType2,present
37349,atvType,present
37349,evMotor,present
37349,phevBlended,present
37352,fuelType1,present
37352,fuelType2,present
37352,atvType,present
37352,evMotor,present
37352,phevBlended,present
37360,fuelType1,present
37360,fuelType2,present
37360,atvType,present
37360,evMotor,present
37360,phevBlended,present
37376,fuelType1,present
37376,fuelType2,present
37376,atvType,present
37376,evMotor,present
37376,phevBlended,present
37377,fuelType1,present
37377,fuelType2,present
37377,atvType,present
37377,evMotor,present
37377,phevBlended,present
37378,fuelType1,present
37378,fuelType2,present
37378,atvType,present
37378,evMotor,present
37378,phevBlended,present
37383,fuelType1,present
37383,fuelType2,present
37383,atvType,present
37383,evMotor,present
37383,phevBlended,present
37385,fuelType1,present
37385,fuelType2,present
37385,atvType,present
37385,evMotor,present
37385,phevBlended,present
37386,fuelType1,present
37386,fuelType2,present
37386,atvType,present
37386,evMotor,present
37386,phevBlended,present
37388,fuelType1,present
37388,fuelType2,present
37388,atvType,present
37388,evMotor,present
37388,phevBlended,present
37389,fuelType1,present
37389,fuelType2,present
37389,atvType,present
37389,evMotor,present
37389,phevBlended,present
37390,fuelType1,present
37390,fuelType2,present
37390,atvType,present
37390,evMotor,present
37390,phevBlended,present
37394,fuelType1,present
37394,fuelType2,present
37394,atvType,present
37394,evMotor,present
37394,phevBlended,present
37403,fuelType1,present
37403,fuelType2,present
37403,atvType,present
37403,evMotor,present
37403,phevBlended,present
37405,fuelType1,present
37405,fuelType2,present
37405,atvType,present
37405,evMotor,present
37405,phevBlended,present
37406,fuelType1,present
37406,fuelType2,present
37406,atvType,present
37406,evMotor,present
37406,phevBlended,present
37410,fuelType1,present
37410,fuelType2,present
37410,atvType,present
37410,evMotor,present
37410,phevBlended,present
37411,fuelType1,present
37411,fuelType2,present
37411,atvType,present
37411,evMotor,present
37411,phevBlended,present
37417,fuelType1,present
37417,fuelType2,present
37417,atvType,present
37417,evMotor,present
37417,phevBlended,present
37422,fuelType1,present
37422,fuelType2,present
37422,atvType,present
37422,evMotor,present
37422,phevBlended,present
37423,fuelType1,present
37423,fuelType2,present
37423,atvType,present
37423,evMotor,present
37423,phevBlended,present
37426,fuelType1,present
37426,fuelType2,present
37426,atvType,present
37426,evMotor,present
37426,phevBlended,present
37430,fuelType1,present
37430,fuelType2,present
37430,atvType,present
37430,evMotor,present
37430,phevBlended,present
37435,fuelType1,present
37435,fuelType2,present
37435,atvType,present
37435,evMotor,present
37435,phevBlended,present
37436,fuelType1,present
37436,fuelType2,present
37436,atvType,present
37436,evMotor,present
37436,phevBlended,present
37439,fuelType1,present
37439,fuelType2,present
37439,atvType,present
37439,evMotor,present
37439,phevBlended,present
37445,fuelType1,present
37445,fuelType2,present
37445,atvType,present
37445,evMotor,present
37445,phevBlended,present
37446,fuelType1,present
37446,fuelType2,present
37446,atvType,present
37446,evMotor,present
37446,phevBlended,present
37451,fuelType1,present
37451,fuelType2,present
37451,atvType,present
37451,evMotor,present
37451,phevBlended,present
37456,fuelType1,present
37456,fuelType2,present
37456,atvType,present
37456,evMotor,present
37456,phevBlended,present
37457,fuelType1,present
37457,fuelType2,present
37457,atvType,present
37457,evMotor,present
37457,phevBlended,present
37458,fuelType1,present
37458,fuelType2,present
37458,atvType,present
37458,evMotor,present
37458,phevBlended,present
37466,fuelType1,present
37466,fuelType2,present
37466,atvType,present
37466,evMotor,present
37466,phevBlended,present
37467,fuelType1,present
37467,fuelType2,present
37467,atvType,present
37467,evMotor,present
37467,phevBlended,present
37469,fuelType1,present
37469,fuelType2,present
37469,atvType,present
37469,evMotor,present
37469,phevBlended,present
37470,fuelType1,present
37470,fuelType2,present
37470,atvType,present
37470,evMotor,present
37470,phevBlended,present
37471,fuelType1,present
37471,fuelType2,present
37471,atvType,present
37471,evMotor,present
37471,phevBlended,present
37472,fuelType1,present
37472,fuelType2,present
37472,atvType,present
37472,evMotor,present
37472,phevBlended,present
37473,fuelType1,present
37473,fuelType2,present
37473,atvType,present
37473,evMotor,present
37473,phevBlended,present
37474,fuelType1,present
37474,fuelType2,present
37474,atvType,present
37474,evMotor,present
37474,phevBlended,present
37482,fuelType1,present
37482,fuelType2,present
37482,atvType,present
37482,evMotor,present
37482,phevBlended,present
37485,fuelType1,present
37485,fuelType2,present
37485,atvType,present
37485,evMotor,present
37485,phevBlended,present
37486,fuelType1,present
37486,fuelType2,present
37486,atvType,present
37486,evMotor,present
37486,phevBlended,present
37487,fuelType1,present
37487,fuelType2,present
37487,atvType,present
37487,evMotor,present
37487,phevBlended,present
37488,fuelType1,present
37488,fuelType2,present
37488,atvType,present
37488,evMotor,present
37488,phevBlended,present
37490,fuelType1,present
37490,fuelType2,present
37490,atvType,present
37490,evMotor,present
37490,phevBlended,present
37493,fuelType1,present
37493,fuelType2,present
37493,atvType,present
37493,evMotor,present
37493,phevBlended,present
37496,fuelType1,present
37496,fuelType2,present
37496,atvType,present
37496,evMotor,present
37496,phevBlended,present
37497,fuelType1,present
37497,fuelType2,present
37497,atvType,present
37497,evMotor,present
37497,phevBlended,present
37498,fuelType1,present
37498,fuelType2,present
37498,atvType,present
37498,evMotor,present
37498,phevBlended,present
37502,fuelType1,present
37502,fuelType2,present
37502,atvType,present
37502,evMotor,present
37502,phevBlended,present
37503,fuelType1,present
37503,fuelType2,present
37503,atvType,present
37503,evMotor,present
37503,phevBlended,present
37504,fuelType1,present
37504,fuelType2,present
37504,atvType,present
37504,evMotor,present
37504,phevBlended,present
37520,fuelType1,present
37520,fuelType2,present
37520,atvType,present
37520,evMotor,present
37520,phevBlended,present
37521,fuelType1,present
37521,fuelType2,present
37521,atvType,present
37521,evMotor,present
37521,phevBlended,present
37523,fuelType1,present
37523,fuelType2,present
37523,atvType,present
37523,evMotor,present
37523,phevBlended,present
37524,fuelType1,present
37524,fuelType2,present
37524,atvType,present
37524,evMotor,present
37524,phevBlended,present
37525,fuelType1,present
37525,fuelType2,present
37525,atvType,present
37525,evMotor,present
37525,phevBlended,present
37527,fuelType1,present
37527,fuelType2,present
37527,atvType,present
37527,evMotor,present
37527,phevBlended,present
37528,fuelType1,present
37528,fuelType2,present
37528,atvType,present
37528,evMotor,present
37528,phevBlended,present
37533,fuelType1,present
37533,fuelType2,present
37533,atvType,present
37533,evMotor,present
37533,phevBlended,present
37535,fuelType1,present
37535,fuelType2,present
37535,atvType,present
37535,evMotor,present
37535,phevBlended,present
37536,fuelType1,present
37536,fuelType2,present
37536,atvType,present
37536,evMotor,present
37536,phevBlended,present
37537,fuelType1,present
37537,fuelType2,present
37537,atvType,present
37537,evMotor,present
37537,phevBlended,present
37538,fuelType1,present
37538,fuelType2,present
37538,atvType,present
37538,evMotor,present
37538,phevBlended,present
37539,fuelType1,present
37539,fuelType2,present
37539,atvType,present
37539,evMotor,present
37539,phevBlended,present
37540,fuelType1,present
37540,fuelType2,present
37540,atvType,present
37540,evMotor,present
37540,phevBlended,present
37541,fuelType1,present
37541,fuelType2,present
37541,atvType,present
37541,evMotor,present
37541,phevBlended,present
37542,fuelType1,present
37542,fuelType2,present
37542,atvType,present
37542,evMotor,present
37542,phevBlended,present
37550,fuelType1,present
37550,fuelType2,present
37550,atvType,present
37550,evMotor,present
37550,phevBlended,present
37551,fuelType1,present
37551,fuelType2,present
37551,atvType,present
37551,evMotor,present
37551,phevBlended,present
37552,fuelType1,present
37552,fuelType2,present
37552,atvType,present
37552,evMotor,present
37552,phevBlended,present
37553,fuelType1,present
37553,fuelType2,present
37553,atvType,present
37553,evMotor,present
37553,phevBlended,present
37554,fuelType1,present
37554,fuelType2,present
37554,atvType,present
37554,evMotor,present
37554,phevBlended,present
37558,fuelType1,present
37558,fuelType2,present
37558,atvType,present
37558,evMotor,present
37558,phevBlended,present
37559,fuelType1,present
37559,fuelType2,present
37559,atvType,present
37559,evMotor,present
37559,phevBlended,present
37560,fuelType1,present
37560,fuelType2,present
37560,atvType,present
37560,evMotor,present
37560,phevBlended,present
37565,fuelType1,present
37565,fuelType2,present
37565,atvType,present
37565,evMotor,present
37565,phevBlended,present
37566,fuelType1,present
37566,fuelType2,present
37566,atvType,present
37566,evMotor,present
37566,phevBlended,present
37567,fuelType1,present
37567,fuelType2,present
37567,atvType,present
37567,evMotor,present
37567,phevBlended,present
37568,fuelType1,present
37568,fuelType2,present
37568,atvType,present
37568,evMotor,present
37568,phevBlended,present
37569,fuelType1,present
37569,fuelType2,present
37569,atvType,present
37569,evMotor,present
37569,phevBlended,present
37570,fuelType1,present
37570,fuelType2,present
37570,atvType,present
37570,evMotor,present
37570,phevBlended,present
37586,fuelType1,present
37586,fuelType2,present
37586,atvType,present
37586,evMotor,present
37586,phevBlended,present
37591,fuelType1,present
37591,fuelType2,present
37591,atvType,present
37591,evMotor,present
37591,phevBlended,present
37593,fuelType1,present
37593,fuelType2,present
37593,atvType,present
37593,evMotor,present
37593,phevBlended,present
37594,fuelType1,present
37594,fuelType2,present
37594,atvType,present
37594,evMotor,present
37594,phevBlended,present
37599,fuelType1,present
37599,fuelType2,present
37599,atvType,present
37599,evMotor,present
37599,phevBlended,present
37600,fuelType1,present
37600,fuelType2,present
37600,atvType,present
37600,evMotor,present
37600,phevBlended,present
37604,fuelType1,present
37604,fuelType2,present
37604,atvType,present
37604,evMotor,present
37604,phevBlended,present
37605,fuelType1,present
37605,fuelType2,present
37605,atvType,present
37605,evMotor,present
37605,phevBlended,present
37607,fuelType1,present
37607,fuelType2,present
37607,atvType,present
37607,evMotor,present
37607,phevBlended,present
37618,fuelType1,present
37618,fuelType2,present
37618,atvType,present
37618,evMotor,present
37618,phevBlended,present
37619,fuelType1,present
37619,fuelType2,present
37619,atvType,present
37619,evMotor,present
37619,phevBlended,present
37627,fuelType1,present
37627,fuelType2,present
37627,atvType,present
37627,evMotor,present
37627,phevBlended,present
37629,fuelType1,present
37629,fuelType2,present
37629,atvType,present
37629,evMotor,present
37629,phevBlended,present
37630,fuelType1,present
37630,fuelType2,present
37630,atvType,present
37630,evMotor,present
37630,phevBlended,present
37631,fuelType1,present
37631,fuelType2,present
37631,atvType,present
37631,evMotor,present
37631,phevBlended,present
37634,fuelType1,present
37634,fuelType2,present
37634,atvType,present
37634,evMotor,present
37634,phevBlended,present
37635,fuelType1,present
37635,fuelType2,present
37635,atvType,present
37635,evMotor,present
37635,phevBlended,present
37636,fuelType1,present
37636,fuelType2,present
37636,atvType,present
37636,evMotor,present
37636,phevBlended,present
37637,fuelType1,present
37637,fuelType2,present
37637,atvType,present
37637,evMotor,present
37637,phevBlended,present
37638,fuelType1,present
37638,fuelType2,present
37638,atvType,present
37638,evMotor,present
37638,phevBlended,present
37639,fuelType1,present
37639,fuelType2,present
37639,atvType,present
37639,evMotor,present
37639,phevBlended,present
37640,fuelType1,present
37640,fuelType2,present
37640,atvType,present
37640,evMotor,present
37640,phevBlended,present
37663,fuelType1,present
37663,fuelType2,present
37663,atvType,present
37663,evMotor,present
37663,phevBlended,present
37664,fuelType1,present
37664,fuelType2,present
37664,atvType,present
37664,evMotor,present
37664,phevBlended,present
37667,fuelType1,present
37667,fuelType2,present
37667,atvType,present
37667,evMotor,present
37667,phevBlended,present
37668,fuelType1,present
37668,fuelType2,present
37668,atvType,present
37668,evMotor,present
37668,phevBlended,present
37669,fuelType1,present
37669,fuelType2,present
37669,atvType,present
37669,evMotor,present
37669,phevBlended,present
37673,fuelType1,present
37673,fuelType2,present
37673,atvType,present
37673,evMotor,present
37673,phevBlended,present
37674,fuelType1,present
37674,fuelType2,present
37674,atvType,present
37674,evMotor,present
37674,phevBlended,present
37675,fuelType1,present
37675,fuelType2,present
37675,atvType,present
37675,evMotor,present
37675,phevBlended,present
37688,fuelType1,present
37688,fuelType2,present
37688,atvType,present
37688,evMotor,present
37688,phevBlended,present
37694,fuelType1,present
37694,fuelType2,present
37694,atvType,present
37694,evMotor,present
37694,phevBlended,present
37696,fuelType1,present
37696,fuelType2,present
37696,atvType,present
37696,evMotor,present
37696,phevBlended,present
37698,fuelType1,present
37698,fuelType2,present
37698,atvType,present
37698,evMotor,present
37698,phevBlended,present
37699,fuelType1,present
37699,fuelType2,present
37699,atvType,present
37699,evMotor,present
37699,phevBlended,present
37700,fuelType1,present
37700,fuelType2,present
37700,atvType,present
37700,evMotor,present
37700,phevBlended,present
37701,fuelType1,present
37701,fuelType2,present
37701,atvType,present
37701,evMotor,present
37701,phevBlended,present
37704,fuelType1,present
37704,fuelType2,present
37704,atvType,present
37704,evMotor,present
37704,phevBlended,present
37705,fuelType1,present
37705,fuelType2,present
37705,atvType,present
37705,evMotor,present
37705,phevBlended,present
37706,fuelType1,present
37706,fuelType2,present
37706,atvType,present
37706,evMotor,present
37706,phevBlended,present
37709,fuelType1,present
37709,fuelType2,present
37709,atvType,present
37709,evMotor,present
37709,phevBlended,present
37710,fuelType1,present
37710,fuelType2,present
37710,atvType,present
37710,evMotor,present
37710,phevBlended,present
37713,fuelType1,present
37713,fuelType2,present
37713,atvType,present
37713,evMotor,present
37713,phevBlended,present
37715,fuelType1,present
37715,fuelType2,present
37715,atvType,present
37715,evMotor,present
37715,phevBlended,present
37720,fuelType1,present
37720,fuelType2,present
37720,atvType,present
37720,evMotor,present
37720,phevBlended,present
37721,fuelType1,present
37721,fuelType2,present
37721,atvType,present
37721,evMotor,present
37721,phevBlended,present
37723,fuelType1,present
37723,fuelType2,present
37723,atvType,present
37723,evMotor,present
37723,phevBlended,present
37729,fuelType1,present
37729,fuelType2,present
37729,atvType,present
37729,evMotor,present
37729,phevBlended,present
37730,fuelType1,present
37730,fuelType2,present
37730,atvType,present
37730,evMotor,present
37730,phevBlended,present
37731,fuelType1,present
37731,fuelType2,present
37731,atvType,present
37731,evMotor,present
37731,phevBlended,present
37733,fuelType1,present
37733,fuelType2,present
37733,atvType,present
37733,evMotor,present
37733,phevBlended,present
37756,fuelType1,present
37756,fuelType2,present
37756,atvType,present
37756,evMotor,present
37756,phevBlended,present
37757,fuelType1,present
37757,fuelType2,present
37757,atvType,present
37757,evMotor,present
37757,phevBlended,present
37758,fuelType1,present
37758,fuelType2,present
37758,atvType,present
37758,evMotor,present
37758,phevBlended,present
37765,fuelType1,present
37765,fuelType2,present
37765,atvType,present
37765,evMotor,present
37765,phevBlended,present
37776,fuelType1,present
37776,fuelType2,present
37776,atvType,present
37776,evMotor,present
37776,phevBlended,present
37778,fuelType1,present
37778,fuelType2,present
37778,atvType,present
37778,evMotor,present
37778,phevBlended,present
37785,fuelType1,present
37785,fuelType2,present
37785,atvType,present
37785,evMotor,present
37785,phevBlended,present
37786,fuelType1,present
37786,fuelType2,present
37786,atvType,present
37786,evMotor,present
37786,phevBlended,present
37787,fuelType1,present
37787,fuelType2,present
37787,atvType,present
37787,evMotor,present
37787,phevBlended,present
37789,fuelType1,present
37789,fuelType2,present
37789,atvType,present
37789,evMotor,present
37789,phevBlended,present
37800,fuelType1,present
37800,fuelType2,present
37800,atvType,present
37800,evMotor,present
37800,phevBlended,present
37802,fuelType1,present
37802,fuelType2,present
37802,atvType,present
37802,evMotor,present
37802,phevBlended,present
37804,fuelType1,present
37804,fuelType2,present
37804,atvType,present
37804,evMotor,present
37804,phevBlended,present
37805,fuelType1,present
37805,fuelType2,present
37805,atvType,present
37805,evMotor,present
37805,phevBlended,present
37806,fuelType1,present
37806,fuelType2,present
37806,atvType,present
37806,evMotor,present
37806,phevBlended,present
37807,fuelType1,present
37807,fuelType2,present
37807,atvType,present
37807,evMotor,present
37807,phevBlended,present
37808,fuelType1,present
37808,fuelType2,present
37808,atvType,present
37808,evMotor,present
37808,phevBlended,present
37809,fuelType1,present
37809,fuelType2,present
37809,atvType,present
37809,evMotor,present
37809,phevBlended,present
37810,fuelType1,present
37810,fuelType2,present
37810,atvType,present
37810,evMotor,present
37810,phevBlended,present
37811,fuelType1,present
37811,fuelType2,present
37811,atvType,present
37811,evMotor,present
37811,phevBlended,present
37812,fuelType1,present
37812,fuelType2,present
37812,atvType,present
37812,evMotor,present
37812,phevBlended,present
37819,fuelType1,present
37819,fuelType2,present
37819,atvType,present
37819,evMotor,present
37819,phevBlended,present
37820,fuelType1,present
37820,fuelType2,present
37820,atvType,present
37820,evMotor,present
37820,phevBlended,present
37823,fuelType1,present
37823,fuelType2,present
37823,atvType,present
37823,evMotor,present
37823,phevBlended,present
37838,fuelType1,present
37838,fuelType2,present
37838,atvType,present
37838,evMotor,present
37838,phevBlended,present
37841,fuelType1,present
37841,fuelType2,present
37841,atvType,present
37841,evMotor,present
37841,phevBlended,present
37843,fuelType1,present
37843,fuelType2,present
37843,atvType,present
37843,evMotor,present
37843,phevBlended,present
37844,fuelType1,present
37844,fuelType2,present
37844,atvType,present
37844,evMotor,present
37844,phevBlended,present
37846,fuelType1,present
37846,fuelType2,present
37846,atvType,present
37846,evMotor,present
37846,phevBlended,present
37851,fuelType1,present
37851,fuelType2,present
37851,atvType,present
37851,evMotor,present
37851,phevBlended,present
37854,fuelType1,present
37854,fuelType2,present
37854,atvType,present
37854,evMotor,present
37854,phevBlended,present
37873,fuelType1,present
37873,fuelType2,present
37873,atvType,present
37873,evMotor,present
37873,phevBlended,present
37874,fuelType1,present
37874,fuelType2,present
37874,atvType,present
37874,evMotor,present
37874,phevBlended,present
37881,fuelType1,present
37881,fuelType2,present
37881,atvType,present
37881,evMotor,present
37881,phevBlended,present
37886,fuelType1,present
37886,fuelType2,present
37886,atvType,present
37886,evMotor,present
37886,phevBlended,present
37892,fuelType1,present
37892,fuelType2,present
37892,atvType,present
37892,evMotor,present
37892,phevBlended,present
37898,fuelType1,present
37898,fuelType2,present
37898,atvType,present
37898,evMotor,present
37898,phevBlended,present
37899,fuelType1,present
37899,fuelType2,present
37899,atvType,present
37899,evMotor,present
37899,phevBlended,present
37908,fuelType1,present
37908,fuelType2,present
37908,atvType,present
37908,evMotor,present
37908,phevBlended,present
37914,fuelType1,present
37914,fuelType2,present
37914,atvType,present
37914,evMotor,present
37914,phevBlended,present
37917,fuelType1,present
37917,fuelType2,present
37917,atvType,present
37917,evMotor,present
37917,phevBlended,present
37918,fuelType1,present
37918,fuelType2,present
37918,atvType,present
37918,evMotor,present
37918,phevBlended,present
37921,fuelType1,present
37921,fuelType2,present
37921,atvType,present
37921,evMotor,present
37921,phevBlended,present
37922,fuelType1,present
37922,fuelType2,present
37922,atvType,present
37922,evMotor,present
37922,phevBlended,present
37923,fuelType1,present
37923,fuelType2,present
37923,atvType,present
37923,evMotor,present
37923,phevBlended,present
37927,fuelType1,present
37927,fuelType2,present
37927,atvType,present
37927,evMotor,present
37927,phevBlended,present
37929,fuelType1,present
37929,fuelType2,present
37929,atvType,present
37929,evMotor,present
37929,phevBlended,present
37933,fuelType1,present
37933,fuelType2,present
37933,atvType,present
37933,evMotor,present
37933,phevBlended,present
37937,fuelType1,present
37937,fuelType2,present
37937,atvType,present
37937,evMotor,present
37937,phevBlended,present
37938,fuelType1,present
37938,fuelType2,present
37938,atvType,present
37938,evMotor,present
37938,phevBlended,present
37940,fuelType1,present
37940,fuelType2,present
37940,atvType,present
37940,evMotor,present
37940,phevBlended,present
37941,fuelType1,present
37941,fuelType2,present
37941,atvType,present
37941,evMotor,present
37941,phevBlended,present
37942,fuelType1,present
37942,fuelType2,present
37942,atvType,present
37942,evMotor,present
37942,phevBlended,present
37943,fuelType1,present
37943,fuelType2,present
37943,atvType,present
37943,evMotor,present
37943,phevBlended,present
37945,fuelType1,present
37945,fuelType2,present
37945,atvType,present
37945,evMotor,present
37945,phevBlended,present
37947,fuelType1,present
37947,fuelType2,present
37947,atvType,present
37947,evMotor,present
37947,phevBlended,present
37948,fuelType1,present
37948,fuelType2,present
37948,atvType,present
37948,evMotor,present
37948,phevBlended,present
37950,fuelType1,present
37950,fuelType2,present
37950,atvType,present
37950,evMotor,present
37950,phevBlended,present
37955,fuelType1,present
37955,fuelType2,present
37955,atvType,present
37955,evMotor,present
37955,phevBlended,present
37956,fuelType1,present
37956,fuelType2,present
37956,atvType,present
37956,evMotor,present
37956,phevBlended,present
37957,fuelType1,present
37957,fuelType2,present
37957,atvType,present
37957,evMotor,present
37957,phevBlended,present
37962,fuelType1,present
37962,fuelType2,present
37962,atvType,present
37962,evMotor,present
37962,phevBlended,present
37963,fuelType1,present
37963,fuelType2,present
37963,atvType,present
37963,evMotor,present
37963,phevBlended,present
37964,fuelType1,present
37964,fuelType2,present
37964,atvType,present
37964,evMotor,present
37964,phevBlended,present
37974,fuelType1,present
37974,fuelType2,present
37974,atvType,present
37974,evMotor,present
37974,phevBlended,present
37975,fuelType1,present
37975,fuelType2,present
37975,atvType,present
37975,evMotor,present
37975,phevBlended,present
37976,fuelType1,present
37976,fuelType2,present
37976,atvType,present
37976,evMotor,present
37976,phevBlended,present
37978,fuelType1,present
37978,fuelType2,present
37978,atvType,present
37978,evMotor,present
37978,phevBlended,present
37991,fuelType1,present
37991,fuelType2,present
37991,atvType,present
37991,evMotor,present
37991,phevBlended,present
37992,fuelType1,present
37992,fuelType2,present
37992,atvType,present
37992,evMotor,present
37992,phevBlended,present
37993,fuelType1,present
37993,fuelType2,present
37993,atvType,present
37993,evMotor,present
37993,phevBlended,present
37994,fuelType1,present
37994,fuelType2,present
37994,atvType,present
37994,evMotor,present
37994,phevBlended,present
37995,fuelType1,present
37995,fuelType2,present
37995,atvType,present
37995,evMotor,present
37995,phevBlended,present
37996,fuelType1,present
37996,fuelType2,present
37996,atvType,present
37996,evMotor,present
37996,phevBlended,present
37997,fuelType1,present
37997,fuelType2,present
37997,atvType,present
37997,evMotor,present
37997,phevBlended,present
38002,fuelType1,present
38002,fuelType2,present
38002,atvType,present
38002,evMotor,present
38002,phevBlended,present
38003,fuelType1,present
38003,fuelType2,present
38003,atvType,present
38003,evMotor,present
38003,phevBlended,present
38004,fuelType1,present
38004,fuelType2,present
38004,atvType,present
38004,evMotor,present
38004,phevBlended,present
38014,fuelType1,present
38014,fuelType2,present
38014,atvType,present
38014,evMotor,present
38014,phevBlended,present
38020,fuelType1,present
38020,fuelType2,present
38020,atvType,present
38020,evMotor,present
38020,phevBlended,present
38023,fuelType1,present
38023,fuelType2,present
38023,atvType,present
38023,evMotor,present
38023,phevBlended,present
38024,fuelType1,present
38024,fuelType2,present
38024,atvType,present
38024,evMotor,present
38024,phevBlended,present
38027,fuelType1,present
38027,fuelType2,present
38027,atvType,present
38027,evMotor,present
38027,phevBlended,present
38030,fuelType1,present
38030,fuelType2,present
38030,atvType,present
38030,evMotor,present
38030,phevBlended,present
38039,fuelType1,present
38039,fuelType2,present
38039,atvType,present
38039,evMotor,present
38039,phevBlended,present
38040,fuelType1,present
38040,fuelType2,present
38040,atvType,present
38040,evMotor,present
38040,phevBlended,present
38041,fuelType1,present
38041,fuelType2,present
38041,atvType,present
38041,evMotor,present
38041,phevBlended,present
38047,fuelType1,present
38047,fuelType2,present
38047,atvType,present
38047,evMotor,present
38047,phevBlended,present
38048,fuelType1,present
38048,fuelType2,present
38048,atvType,present
38048,evMotor,present
38048,phevBlended,present
38050,fuelType1,present
38050,fuelType2,present
38050,atvType,present
38050,evMotor,present
38050,phevBlended,present
38052,fuelType1,present
38052,fuelType2,present
38052,atvType,present
38052,evMotor,present
38052,phevBlended,present
38054,fuelType1,present
38054,fuelType2,present
38054,atvType,present
38054,evMotor,present
38054,phevBlended,present
38060,fuelType1,present
38060,fuelType2,present
38060,atvType,present
38060,evMotor,present
38060,phevBlended,present
38061,fuelType1,present
38061,fuelType2,present
38061,atvType,present
38061,evMotor,present
38061,phevBlended,present
38069,fuelType1,present
38069,fuelType2,present
38069,atvType,present
38069,evMotor,present
38069,phevBlended,present
38079,fuelType1,present
38079,fuelType2,present
38079,atvType,present
38079,evMotor,present
38079,phevBlended,present
38082,fuelType1,present
38082,fuelType2,present
38082,atvType,present
38082,evMotor,present
38082,phevBlended,present
38083,fuelType1,present
38083,fuelType2,present
38083,atvType,present
38083,evMotor,present
38083,phevBlended,present
38084,fuelType1,present
38084,fuelType2,present
38084,atvType,present
38084,evMotor,present
38084,phevBlended,present
38090,fuelType1,present
38090,fuelType2,present
38090,atvType,present
38090,evMotor,present
38090,phevBlended,present
38098,fuelType1,present
38098,fuelType2,present
38098,atvType,present
38098,evMotor,present
38098,phevBlended,present
38099,fuelType1,present
38099,fuelType2,present
38099,atvType,present
38099,evMotor,present
38099,phevBlended,present
38100,fuelType1,present
38100,fuelType2,present
38100,atvType,present
38100,evMotor,present
38100,phevBlended,present
38101,fuelType1,present
38101,fuelType2,present
38101,atvType,present
38101,evMotor,present
38101,phevBlended,present
38103,fuelType1,present
38103,fuelType2,present
38103,atvType,present
38103,evMotor,present
38103,phevBlended,present
38105,fuelType1,present
38105,fuelType2,present
38105,atvType,present
38105,evMotor,present
38105,phevBlended,present
38108,fuelType1,present
38108,fuelType2,present
38108,atvType,present
38108,evMotor,present
38108,phevBlended,present
38111,fuelType1,present
38111,fuelType2,present
38111,atvType,present
38111,evMotor,present
38111,phevBlended,present
38114,fuelType1,present
38114,fuelType2,present
38114,atvType,present
38114,evMotor,present
38114,phevBlended,present
38115,fuelType1,present
38115,fuelType2,present
38115,atvType,present
38115,evMotor,present
38115,phevBlended,present
38116,fuelType1,present
38116,fuelType2,present
38116,atvType,present
38116,evMotor,present
38116,phevBlended,present
38122,fuelType1,present
38122,fuelType2,present
38122,atvType,present
38122,evMotor,present
38122,phevBlended,present
38124,fuelType1,present
38124,fuelType2,present
38124,atvType,present
38124,evMotor,present
38124,phevBlended,present
38129,fuelType1,present
38129,fuelType2,present
38129,atvType,present
38129,evMotor,present
38129,phevBlended,present
38130,fuelType1,present
38130,fuelType2,present
38130,atvType,present
38130,evMotor,present
38130,phevBlended,present
38131,fuelType1,present
38131,fuelType2,present
38131,atvType,present
38131,evMotor,present
38131,phevBlended,present
38134,fuelType1,present
38134,fuelType2,present
38134,atvType,present
38134,evMotor,present
38134,phevBlended,present
38135,fuelType1,present
38135,fuelType2,present
38135,atvType,present
38135,evMotor,present
38135,phevBlended,present
38136,fuelType1,present
38136,fuelType2,present
38136,atvType,present
38136,evMotor,present
38136,phevBlended,present
38137,fuelType1,present
38137,fuelType2,present
38137,atvType,present
38137,evMotor,present
38137,phevBlended,present
38138,fuelType1,present
38138,fuelType2,present
38138,atvType,present
38138,evMotor,present
38138,phevBlended,present
38139,fuelType1,present
38139,fuelType2,present
38139,atvType,present
38139,evMotor,present
38139,phevBlended,present
38147,fuelType1,present
38147,fuelType2,present
38147,atvType,present
38147,evMotor,present
38147,phevBlended,present
38148,fuelType1,present
38148,fuelType2,present
38148,atvType,present
38148,evMotor,present
38148,phevBlended,present
38152,fuelType1,present
38152,fuelType2,present
38152,atvType,present
38152,evMotor,present
38152,phevBlended,present
38153,fuelType1,present
38153,fuelType2,present
38153,atvType,present
38153,evMotor,present
38153,phevBlended,present
38154,fuelType1,present
38154,fuelType2,present
38154,atvType,present
38154,evMotor,present
38154,phevBlended,present
38158,fuelType1,present
38158,fuelType2,present
38158,atvType,present
38158,evMotor,present
38158,phevBlended,present
38159,fuelType1,present
38159,fuelType2,present
38159,atvType,present
38159,evMotor,present
38159,phevBlended,present
38160,fuelType1,present
38160,fuelType2,present
38160,atvType,present
38160,evMotor,present
38160,phevBlended,present
38163,fuelType1,present
38163,fuelType2,present
38163,atvType,present
38163,evMotor,present
38163,phevBlended,present
38164,fuelType1,present
38164,fuelType2,present
38164,atvType,present
38164,evMotor,present
38164,phevBlended,present
38169,fuelType1,present
38169,fuelType2,present
38169,atvType,present
38169,evMotor,present
38169,phevBlended,present
38170,fuelType1,present
38170,fuelType2,present
38170,atvType,present
38170,evMotor,present
38170,phevBlended,present
38172,fuelType1,present
38172,fuelType2,present
38172,atvType,present
38172,evMotor,present
38172,phevBlended,present
38175,fuelType1,present
38175,fuelType2,present
38175,atvType,present
38175,evMotor,present
38175,phevBlended,present
38183,fuelType1,present
38183,fuelType2,present
38183,atvType,present
38183,evMotor,present
38183,phevBlended,present
38188,fuelType1,present
38188,fuelType2,present
38188,atvType,present
38188,evMotor,present
38188,phevBlended,present
38189,fuelType1,present
38189,fuelType2,present
38189,atvType,present
38189,evMotor,present
38189,phevBlended,present
38193,fuelType1,present
38193,fuelType2,present
38193,atvType,present
38193,evMotor,present
38193,phevBlended,present
38194,fuelType1,present
38194,fuelType2,present
38194,atvType,present
38194,evMotor,present
38194,phevBlended,present
38203,fuelType1,present
38203,fuelType2,present
38203,atvType,present
38203,evMotor,present
38203,phevBlended,present
38205,fuelType1,present
38205,fuelType2,present
38205,atvType,present
38205,evMotor,present
38205,phevBlended,present
38210,fuelType1,present
38210,fuelType2,present
38210,atvType,present
38210,evMotor,present
38210,phevBlended,present
38219,fuelType1,present
38219,fuelType2,present
38219,atvType,present
38219,evMotor,present
38219,phevBlended,present
38220,fuelType1,present
38220,fuelType2,present
38220,atvType,present
38220,evMotor,present
38220,phevBlended,present
38221,fuelType1,present
38221,fuelType2,present
38221,atvType,present
38221,evMotor,present
38221,phevBlended,present
38224,fuelType1,present
38224,fuelType2,present
38224,atvType,present
38224,evMotor,present
38224,phevBlended,present
38227,fuelType1,present
38227,fuelType2,present
38227,atvType,present
38227,evMotor,present
38227,phevBlended,present
38231,fuelType1,present
38231,fuelType2,present
38231,atvType,present
38231,evMotor,present
38231,phevBlended,present
38234,fuelType1,present
38234,fuelType2,present
38234,atvType,present
38234,evMotor,present
38234,phevBlended,present
38244,fuelType1,present
38244,fuelType2,present
38244,atvType,present
38244,evMotor,present
38244,phevBlended,present
38259,fuelType1,present
38259,fuelType2,present
38259,atvType,present
38259,evMotor,present
38259,phevBlended,present
38262,fuelType1,present
38262,fuelType2,present
38262,atvType,present
38262,evMotor,present
38262,phevBlended,present
38268,fuelType1,present
38268,fuelType2,present
38268,atvType,present
38268,evMotor,present
38268,phevBlended,present
38269,fuelType1,present
38269,fuelType2,present
38269,atvType,present
38269,evMotor,present
38269,phevBlended,present
38275,fuelType1,present
38275,fuelType2,present
38275,atvType,present
38275,evMotor,present
38275,phevBlended,present
38283,fuelType1,present
38283,fuelType2,present
38283,atvType,present
38283,evMotor,present
38283,phevBlended,present
38284,fuelType1,present
38284,fuelType2,present
38284,atvType,present
38284,evMotor,present
38284,phevBlended,present
38286,fuelType1,present
38286,fuelType2,present
38286,atvType,present
38286,evMotor,present
38286,phevBlended,present
38287,fuelType1,present
38287,fuelType2,present
38287,atvType,present
38287,evMotor,present
38287,phevBlended,present
38288,fuelType1,present
38288,fuelType2,present
38288,atvType,present
38288,evMotor,present
38288,phevBlended,present
38289,fuelType1,present
38289,fuelType2,present
38289,atvType,present
38289,evMotor,present
38289,phevBlended,present
38290,fuelType1,present
38290,fuelType2,present
38290,atvType,present
38290,evMotor,present
38290,phevBlended,present
38291,fuelType1,present
38291,fuelType2,present
38291,atvType,present
38291,evMotor,present
38291,phevBlended,present
38292,fuelType1,present
38292,fuelType2,present
38292,atvType,present
38292,evMotor,present
38292,phevBlended,present
38310,fuelType1,present
38310,fuelType2,present
38310,atvType,present
38310,evMotor,present
38310,phevBlended,present
38311,fuelType1,present
38311,fuelType2,present
38311,atvType,present
38311,evMotor,present
38311,phevBlended,present
38312,fuelType1,present
38312,fuelType2,present
38312,atvType,present
38312,evMotor,present
38312,phevBlended,present
38313,fuelType1,present
38313,fuelType2,present
38313,atvType,present
38313,evMotor,present
38313,phevBlended,present
38314,fuelType1,present
38314,fuelType2,present
38314,atvType,present
38314,evMotor,present
38314,phevBlended,present
38316,fuelType1,present
38316,fuelType2,present
38316,atvType,present
38316,evMotor,present
38316,phevBlended,present
38318,fuelType1,present
38318,fuelType2,present
38318,atvType,present
38318,evMotor,present
38318,phevBlended,present
38319,fuelType1,present
38319,fuelType2,present
38319,atvType,present
38319,evMotor,present
38319,phevBlended,present
38320,fuelType1,present
38320,fuelType2,present
38320,atvType,present
38320,evMotor,present
38320,phevBlended,present
38321,fuelType1,present
38321,fuelType2,present
38321,atvType,present
38321,evMotor,present
38321,phevBlended,present
38322,fuelType1,present
38322,fuelType2,present
38322,atvType,present
38322,evMotor,present
38322,phevBlended,present
38323,fuelType1,present
38323,fuelType2,present
38323,atvType,present
38323,evMotor,present
38323,phevBlended,present
38329,fuelType1,present
38329,fuelType2,present
38329,atvType,present
38329,evMotor,present
38329,phevBlended,present
38331,fuelType1,present
38331,fuelType2,present
38331,atvType,present
38331,evMotor,present
38331,phevBlended,present
38332,fuelType1,present
38332,fuelType2,present
38332,atvType,present
38332,evMotor,present
38332,phevBlended,present
38333,fuelType1,present
38333,fuelType2,present
38333,atvType,present
38333,evMotor,present
38333,phevBlended,present
38334,fuelType1,present
38334,fuelType2,present
38334,atvType,present
38334,evMotor,present
38334,phevBlended,present
38340,fuelType1,present
38340,fuelType2,present
38340,atvType,present
38340,evMotor,present
38340,phevBlended,present
38341,fuelType1,present
38341,fuelType2,present
38341,atvType,present
38341,evMotor,present
38341,phevBlended,present
38343,fuelType1,present
38343,fuelType2,present
38343,atvType,present
38343,evMotor,present
38343,phevBlended,present
38345,fuelType1,present
38345,fuelType2,present
38345,atvType,present
38345,evMotor,present
38345,phevBlended,present
38346,fuelType1,present
38346,fuelType2,present
38346,atvType,present
38346,evMotor,present
38346,phevBlended,present
38347,fuelType1,present
38347,fuelType2,present
38347,atvType,present
38347,evMotor,present
38347,phevBlended,present
38353,fuelType1,present
38353,fuelType2,present
38353,atvType,present
38353,evMotor,present
38353,phevBlended,present
38354,fuelType1,present
38354,fuelType2,present
38354,atvType,present
38354,evMotor,present
38354,phevBlended,present
38355,fuelType1,present
38355,fuelType2,present
38355,atvType,present
38355,evMotor,present
38355,phevBlended,present
38358,fuelType1,present
38358,fuelType2,present
38358,atvType,present
38358,evMotor,present
38358,phevBlended,present
38370,fuelType1,present
38370,fuelType2,present
38370,atvType,present
38370,evMotor,present
38370,phevBlended,present
38372,fuelType1,present
38372,fuelType2,present
38372,atvType,present
38372,evMotor,present
38372,phevBlended,present
38375,fuelType1,present
38375,fuelType2,present
38375,atvType,present
38375,evMotor,present
38375,phevBlended,present
38378,fuelType1,present
38378,fuelType2,present
38378,atvType,present
38378,evMotor,present
38378,phevBlended,present
38380,fuelType1,present
38380,fuelType2,present
38380,atvType,present
38380,evMotor,present
38380,phevBlended,present
38381,fuelType1,present
38381,fuelType2,present
38381,atvType,present
38381,evMotor,present
38381,phevBlended,present
38382,fuelType1,present
38382,fuelType2,present
38382,atvType,present
38382,evMotor,present
38382,phevBlended,present
38383,fuelType1,present
38383,fuelType2,present
38383,atvType,present
38383,evMotor,present
38383,phevBlended,present
38396,fuelType1,present
38396,fuelType2,present
38396,atvType,present
38396,evMotor,present
38396,phevBlended,present
38397,fuelType1,present
38397,fuelType2,present
38397,atvType,present
38397,evMotor,present
38397,phevBlended,present
38407,fuelType1,present
38407,fuelType2,present
38407,atvType,present
38407,evMotor,present
38407,phevBlended,present
38408,fuelType1,present
38408,fuelType2,present
38408,atvType,present
38408,evMotor,present
38408,phevBlended,present
38409,fuelType1,present
38409,fuelType2,present
38409,atvType,present
38409,evMotor,present
38409,phevBlended,present
38410,fuelType1,present
38410,fuelType2,present
38410,atvType,present
38410,evMotor,present
38410,phevBlended,present
38411,fuelType1,present
38411,fuelType2,present
38411,atvType,present
38411,evMotor,present
38411,phevBlended,present
38422,fuelType1,present
38422,fuelType2,present
38422,atvType,present
38422,evMotor,present
38422,phevBlended,present
38440,fuelType1,present
38440,fuelType2,present
38440,atvType,present
38440,evMotor,present
38440,phevBlended,present
38441,fuelType1,present
38441,fuelType2,present
38441,atvType,present
38441,evMotor,present
38441,phevBlended,present
38444,fuelType1,present
38444,fuelType2,present
38444,atvType,present
38444,evMotor,present
38444,phevBlended,present
38450,fuelType1,present
38450,fuelType2,present
38450,atvType,present
38450,evMotor,present
38450,phevBlended,present
38451,fuelType1,present
38451,fuelType2,present
38451,atvType,present
38451,evMotor,present
38451,phevBlended,present
38455,fuelType1,present
38455,fuelType2,present
38455,atvType,present
38455,evMotor,present
38455,phevBlended,present
38456,fuelType1,present
38456,fuelType2,present
38456,atvType,present
38456,evMotor,present
38456,phevBlended,present
38457,fuelType1,present
38457,fuelType2,present
38457,atvType,present
38457,evMotor,present
38457,phevBlended,present
38458,fuelType1,present
38458,fuelType2,present
38458,atvType,present
38458,evMotor,present
38458,phevBlended,present
38461,fuelType1,present
38461,fuelType2,present
38461,atvType,present
38461,evMotor,present
38461,phevBlended,present
38462,fuelType1,present
38462,fuelType2,present
38462,atvType,present
38462,evMotor,present
38462,phevBlended,present
38467,fuelType1,present
38467,fuelType2,present
38467,atvType,present
38467,evMotor,present
38467,phevBlended,present
38484,fuelType1,present
38484,fuelType2,present
38484,atvType,present
38484,evMotor,present
38484,phevBlended,present
38486,fuelType1,present
38486,fuelType2,present
38486,atvType,present
38486,evMotor,present
38486,phevBlended,present
38489,fuelType1,present
38489,fuelType2,present
38489,atvType,present
38489,evMotor,present
38489,phevBlended,present
38490,fuelType1,present
38490,fuelType2,present
38490,atvType,present
38490,evMotor,present
38490,phevBlended,present
38491,fuelType1,present
38491,fuelType2,present
38491,atvType,present
38491,evMotor,present
38491,phevBlended,present
38493,fuelType1,present
38493,fuelType2,present
38493,atvType,present
38493,evMotor,present
38493,phevBlended,present
38495,fuelType1,present
38495,fuelType2,present
38495,atvType,present
38495,evMotor,present
38495,phevBlended,present
38496,fuelType1,present
38496,fuelType2,present
38496,atvType,present
38496,evMotor,present
38496,phevBlended,present
38497,fuelType1,present
38497,fuelType2,present
38497,atvType,present
38497,evMotor,present
38497,phevBlended,present
38500,fuelType1,present
38500,fuelType2,present
38500,atvType,present
38500,evMotor,present
38500,phevBlended,present
38501,fuelType1,present
38501,fuelType2,present
38501,atvType,present
38501,evMotor,present
38501,phevBlended,present
38503,fuelType1,present
38503,fuelType2,present
38503,atvType,present
38503,evMotor,present
38503,phevBlended,present
38504,fuelType1,present
38504,fuelType2,present
38504,atvType,present
38504,evMotor,present
38504,phevBlended,present
38511,fuelType1,present
38511,fuelType2,present
38511,atvType,present
38511,evMotor,present
38511,phevBlended,present
38515,fuelType1,present
38515,fuelType2,present
38515,atvType,present
38515,evMotor,present
38515,phevBlended,present
38516,fuelType1,present
38516,fuelType2,present
38516,atvType,present
38516,evMotor,present
38516,phevBlended,present
38519,fuelType1,present
38519,fuelType2,present
38519,atvType,present
38519,evMotor,present
38519,phevBlended,present
38520,fuelType1,present
38520,fuelType2,present
38520,atvType,present
38520,evMotor,present
38520,phevBlended,present
38521,fuelType1,present
38521,fuelType2,present
38521,atvType,present
38521,evMotor,present
38521,phevBlended,present
38523,fuelType1,present
38523,fuelType2,present
38523,atvType,present
38523,evMotor,present
38523,phevBlended,present
38525,fuelType1,present
38525,fuelType2,present
38525,atvType,present
38525,evMotor,present
38525,phevBlended,present
38527,fuelType1,present
38527,fuelType2,present
38527,atvType,present
38527,evMotor,present
38527,phevBlended,present
38529,fuelType1,present
38529,fuelType2,present
38529,atvType,present
38529,evMotor,present
38529,phevBlended,present
38530,fuelType1,present
38530,fuelType2,present
38530,atvType,present
38530,evMotor,present
38530,phevBlended,present
38537,fuelType1,present
38537,fuelType2,present
38537,atvType,present
38537,evMotor,present
38537,phevBlended,present
38538,fuelType1,present
38538,fuelType2,present
38538,atvType,present
38538,evMotor,present
38538,phevBlended,present
38540,fuelType1,present
38540,fuelType2,present
38540,atvType,present
38540,evMotor,present
38540,phevBlended,present
38541,fuelType1,present
38541,fuelType2,present
38541,atvType,present
38541,evMotor,present
38541,phevBlended,present
38547,fuelType1,present
38547,fuelType2,present
38547,atvType,present
38547,evMotor,present
38547,phevBlended,present
38548,fuelType1,present
38548,fuelType2,present
38548,atvType,present
38548,evMotor,present
38548,phevBlended,present
38555,fuelType1,present
38555,fuelType2,present
38555,atvType,present
38555,evMotor,present
38555,phevBlended,present
38558,fuelType1,present
38558,fuelType2,present
38558,atvType,present
38558,evMotor,present
38558,phevBlended,present
38559,fuelType1,present
38559,fuelType2,present
38559,atvType,present
38559,evMotor,present
38559,phevBlended,present
38560,fuelType1,present
38560,fuelType2,present
38560,atvType,present
38560,evMotor,present
38560,phevBlended,present
38561,fuelType1,present
38561,fuelType2,present
38561,atvType,present
38561,evMotor,present
38561,phevBlended,present
38564,fuelType1,present
38564,fuelType2,present
38564,atvType,present
38564,evMotor,present
38564,phevBlended,present
38565,fuelType1,present
38565,fuelType2,present
38565,atvType,present
38565,evMotor,present
38565,phevBlended,present
38571,fuelType1,present
38571,fuelType2,present
38571,atvType,present
38571,evMotor,present
38571,phevBlended,present
38574,fuelType1,present
38574,fuelType2,present
38574,atvType,present
38574,evMotor,present
38574,phevBlended,present
38575,fuelType1,present
38575,fuelType2,present
38575,atvType,present
38575,evMotor,present
38575,phevBlended,present
38577,fuelType1,present
38577,fuelType2,present
38577,atvType,present
38577,evMotor,present
38577,phevBlended,present
38578,fuelType1,present
38578,fuelType2,present
38578,atvType,present
38578,evMotor,present
38578,phevBlended,present
38580,fuelType1,present
38580,fuelType2,present
38580,atvType,present
38580,evMotor,present
38580,phevBlended,present
38585,fuelType1,present
38585,fuelType2,present
38585,atvType,present
38585,evMotor,present
38585,phevBlended,present
38586,fuelType1,present
38586,fuelType2,present
38586,atvType,present
38586,evMotor,present
38586,phevBlended,present
38591,fuelType1,present
38591,fuelType2,present
38591,atvType,present
38591,evMotor,present
38591,phevBlended,present
38592,fuelType1,present
38592,fuelType2,present
38592,atvType,present
38592,evMotor,present
38592,phevBlended,present
38615,fuelType1,present
38615,fuelType2,present
38615,atvType,present
38615,evMotor,present
38615,phevBlended,present
38629,fuelType1,present
38629,fuelType2,present
38629,atvType,present
38629,evMotor,present
38629,phevBlended,present
38630,fuelType1,present
38630,fuelType2,present
38630,atvType,present
38630,evMotor,present
38630,phevBlended,present
38641,fuelType1,present
38641,fuelType2,present
38641,atvType,present
38641,evMotor,present
38641,phevBlended,present
38646,fuelType1,present
38646,fuelType2,present
38646,atvType,present
38646,evMotor,present
38646,phevBlended,present
38649,fuelType1,present
38649,fuelType2,present
38649,atvType,present
38649,evMotor,present
38649,phevBlended,present
38650,fuelType1,present
38650,fuelType2,present
38650,atvType,present
38650,evMotor,present
38650,phevBlended,present
38653,fuelType1,present
38653,fuelType2,present
38653,atvType,present
38653,evMotor,present
38653,phevBlended,present
38666,fuelType1,present
38666,fuelType2,present
38666,atvType,present
38666,evMotor,present
38666,phevBlended,present
38668,fuelType1,present
38668,fuelType2,present
38668,atvType,present
38668,evMotor,present
38668,phevBlended,present
38669,fuelType1,present
38669,fuelType2,present
38669,atvType,present
38669,evMotor,present
38669,phevBlended,present
38670,fuelType1,present
38670,fuelType2,present
38670,atvType,present
38670,evMotor,present
38670,phevBlended,present
38671,fuelType1,present
38671,fuelType2,present
38671,atvType,present
38671,evMotor,present
38671,phevBlended,present
38674,fuelType1,present
38674,fuelType2,present
38674,atvType,present
38674,evMotor,present
38674,phevBlended,present
38675,fuelType1,present
38675,fuelType2,present
38675,atvType,present
38675,evMotor,present
38675,phevBlended,present
38676,fuelType1,present
38676,fuelType2,present
38676,atvType,present
38676,evMotor,present
38676,phevBlended,present
38682,fuelType1,present
38682,fuelType2,present
38682,atvType,present
38682,evMotor,present
38682,phevBlended,present
38683,fuelType1,present
38683,fuelType2,present
38683,atvType,present
38683,evMotor,present
38683,phevBlended,present
38684,fuelType1,present
38684,fuelType2,present
38684,atvType,present
38684,evMotor,present
38684,phevBlended,present
38691,fuelType1,present
38691,fuelType2,present
38691,atvType,present
38691,evMotor,present
38691,phevBlended,present
38692,fuelType1,present
38692,fuelType2,present
38692,atvType,present
38692,evMotor,present
38692,phevBlended,present
38693,fuelType1,present
38693,fuelType2,present
38693,atvType,present
38693,evMotor,present
38693,phevBlended,present
38694,fuelType1,present
38694,fuelType2,present
38694,atvType,present
38694,evMotor,present
38694,phevBlended,present
38695,fuelType1,present
38695,fuelType2,present
38695,atvType,present
38695,evMotor,present
38695,phevBlended,present
38698,fuelType1,present
38698,fuelType2,present
38698,atvType,present
38698,evMotor,present
38698,phevBlended,present
38699,fuelType1,present
38699,fuelType2,present
38699,atvType,present
38699,evMotor,present
38699,phevBlended,present
38700,fuelType1,present
38700,fuelType2,present
38700,atvType,present
38700,evMotor,present
38700,phevBlended,present
38701,fuelType1,present
38701,fuelType2,present
38701,atvType,present
38701,evMotor,present
38701,phevBlended,present
38702,fuelType1,present
38702,fuelType2,present
38702,atvType,present
38702,evMotor,present
38702,phevBlended,present
38703,fuelType1,present
38703,fuelType2,present
38703,atvType,present
38703,evMotor,present
38703,phevBlended,present
38704,fuelType1,present
38704,fuelType2,present
38704,atvType,present
38704,evMotor,present
38704,phevBlended,present
38706,fuelType1,present
38706,fuelType2,present
38706,atvType,present
38706,evMotor,present
38706,phevBlended,present
38714,fuelType1,present
38714,fuelType2,present
38714,atvType,present
38714,evMotor,present
38714,phevBlended,present
38715,fuelType1,present
38715,fuelType2,present
38715,atvType,present
38715,evMotor,present
38715,phevBlended,present
38722,fuelType1,present
38722,fuelType2,present
38722,atvType,present
38722,evMotor,present
38722,phevBlended,present
38723,fuelType1,present
38723,fuelType2,present
38723,atvType,present
38723,evMotor,present
38723,phevBlended,present
38724,fuelType1,present
38724,fuelType2,present
38724,atvType,present
38724,evMotor,present
38724,phevBlended,present
38726,fuelType1,present
38726,fuelType2,present
38726,atvType,present
38726,evMotor,present
38726,phevBlended,present
38732,fuelType1,present
38732,fuelType2,present
38732,atvType,present
38732,evMotor,present
38732,phevBlended,present
38733,fuelType1,present
38733,fuelType2,present
38733,atvType,present
38733,evMotor,present
38733,phevBlended,present
38737,fuelType1,present
38737,fuelType2,present
38737,atvType,present
38737,evMotor,present
38737,phevBlended,present
38738,fuelType1,present
38738,fuelType2,present
38738,atvType,present
38738,evMotor,present
38738,phevBlended,present
38739,fuelType1,present
38739,fuelType2,present
38739,atvType,present
38739,evMotor,present
38739,phevBlended,present
38741,fuelType1,present
38741,fuelType2,present
38741,atvType,present
38741,evMotor,present
38741,phevBlended,present
38742,fuelType1,present
38742,fuelType2,present
38742,atvType,present
38742,evMotor,present
38742,phevBlended,present
38744,fuelType1,present
38744,fuelType2,present
38744,atvType,present
38744,evMotor,present
38744,phevBlended,present
38747,fuelType1,present
38747,fuelType2,present
38747,atvType,present
38747,evMotor,present
38747,phevBlended,present
38751,fuelType1,present
38751,fuelType2,present
38751,atvType,present
38751,evMotor,present
38751,phevBlended,present
38752,fuelType1,present
38752,fuelType2,present
38752,atvType,present
38752,evMotor,present
38752,phevBlended,present
38753,fuelType1,present
38753,fuelType2,present
38753,atvType,present
38753,evMotor,present
38753,phevBlended,present
38758,fuelType1,present
38758,fuelType2,present
38758,atvType,present
38758,evMotor,present
38758,phevBlended,present
38761,fuelType1,present
38761,fuelType2,present
38761,atvType,present
38761,evMotor,present
38761,phevBlended,present
38763,fuelType1,present
38763,fuelType2,present
38763,atvType,present
38763,evMotor,present
38763,phevBlended,present
38766,fuelType1,present
38766,fuelType2,present
38766,atvType,present
38766,evMotor,present
38766,phevBlended,present
38768,fuelType1,present
38768,fuelType2,present
38768,atvType,present
38768,evMotor,present
38768,phevBlended,present
38769,fuelType1,present
38769,fuelType2,present
38769,atvType,present
38769,evMotor,present
38769,phevBlended,present
38783,fuelType1,present
38783,fuelType2,present
38783,atvType,present
38783,evMotor,present
38783,phevBlended,present
38788,fuelType1,present
38788,fuelType2,present
38788,atvType,present
38788,evMotor,present
38788,phevBlended,present
38794,fuelType1,present
38794,fuelType2,present
38794,atvType,present
38794,evMotor,present
38794,phevBlended,present
38796,fuelType1,present
38796,fuelType2,present
38796,atvType,present
38796,evMotor,present
38796,phevBlended,present
38806,fuelType1,present
38806,fuelType2,present
38806,atvType,present
38806,evMotor,present
38806,phevBlended,present
38808,fuelType1,present
38808,fuelType2,present
38808,atvType,present
38808,evMotor,present
38808,phevBlended,present
38809,fuelType1,present
38809,fuelType2,present
38809,atvType,present
38809,evMotor,present
38809,phevBlended,present
38826,fuelType1,present
38826,fuelType2,present
38826,atvType,present
38826,evMotor,present
38826,phevBlended,present
38827,fuelType1,present
38827,fuelType2,present
38827,atvType,present
38827,evMotor,present
38827,phevBlended,present
38828,fuelType1,present
38828,fuelType2,present
38828,atvType,present
38828,evMotor,present
38828,phevBlended,present
38829,fuelType1,present
38829,fuelType2,present
38829,atvType,present
38829,evMotor,present
38829,phevBlended,present
38841,fuelType1,present
38841,fuelType2,present
38841,atvType,present
38841,evMotor,present
38841,phevBlended,present
38842,fuelType1,present
38842,fuelType2,present
38842,atvType,present
38842,evMotor,present
38842,phevBlended,present
38843,fuelType1,present
38843,fuelType2,present
38843,atvType,present
38843,evMotor,present
38843,phevBlended,present
38844,fuelType1,present
38844,fuelType2,present
38844,atvType,present
38844,evMotor,present
38844,phevBlended,present
38856,fuelType1,present
38856,fuelType2,present
38856,atvType,present
38856,evMotor,present
38856,phevBlended,present
38857,fuelType1,present
38857,fuelType2,present
38857,atvType,present
38857,evMotor,present
38857,phevBlended,present
38866,fuelType1,present
38866,fuelType2,present
38866,atvType,present
38866,evMotor,present
38866,phevBlended,present
38867,fuelType1,present
38867,fuelType2,present
38867,atvType,present
38867,evMotor,present
38867,phevBlended,present
38868,fuelType1,present
38868,fuelType2,present
38868,atvType,present
38868,evMotor,present
38868,phevBlended,present
38873,fuelType1,present
38873,fuelType2,present
38873,atvType,present
38873,evMotor,present
38873,phevBlended,present
38874,fuelType1,present
38874,fuelType2,present
38874,atvType,present
38874,evMotor,present
38874,phevBlended,present
38875,fuelType1,present
38875,fuelType2,present
38875,atvType,present
38875,evMotor,present
38875,phevBlended,present
38876,fuelType1,present
38876,fuelType2,present
38876,atvType,present
38876,evMotor,present
38876,phevBlended,present
38877,fuelType1,present
38877,fuelType2,present
38877,atvType,present
38877,evMotor,present
38877,phevBlended,present
38880,fuelType1,present
38880,fuelType2,present
38880,atvType,present
38880,evMotor,present
38880,phevBlended,present
38881,fuelType1,present
38881,fuelType2,present
38881,atvType,present
38881,evMotor,present
38881,phevBlended,present
38890,fuelType1,present
38890,fuelType2,present
38890,atvType,present
38890,evMotor,present
38890,phevBlended,present
38891,fuelType1,present
38891,fuelType2,present
38891,atvType,present
38891,evMotor,present
38891,phevBlended,present
38894,fuelType1,present
38894,fuelType2,present
38894,atvType,present
38894,evMotor,present
38894,phevBlended,present
38895,fuelType1,present
38895,fuelType2,present
38895,atvType,present
38895,evMotor,present
38895,phevBlended,present
38899,fuelType1,present
38899,fuelType2,present
38899,atvType,present
38899,evMotor,present
38899,phevBlended,present
38907,fuelType1,present
38907,fuelType2,present
38907,atvType,present
38907,evMotor,present
38907,phevBlended,present
38912,fuelType1,present
38912,fuelType2,present
38912,atvType,present
38912,evMotor,present
38912,phevBlended,present
38915,fuelType1,present
38915,fuelType2,present
38915,atvType,present
38915,evMotor,present
38915,phevBlended,present
38919,fuelType1,present
38919,fuelType2,present
38919,atvType,present
38919,evMotor,present
38919,phevBlended,present
38920,fuelType1,present
38920,fuelType2,present
38920,atvType,present
38920,evMotor,present
38920,phevBlended,present
38921,fuelType1,present
38921,fuelType2,present
38921,atvType,present
38921,evMotor,present
38921,phevBlended,present
38923,fuelType1,present
38923,fuelType2,present
38923,atvType,present
38923,evMotor,present
38923,phevBlended,present
38928,fuelType1,present
38928,fuelType2,present
38928,atvType,present
38928,evMotor,present
38928,phevBlended,present
38929,fuelType1,present
38929,fuelType2,present
38929,atvType,present
38929,evMotor,present
38929,phevBlended,present
38932,fuelType1,present
38932,fuelType2,present
38932,atvType,present
38932,evMotor,present
38932,phevBlended,present
38959,fuelType1,present
38959,fuelType2,present
38959,atvType,present
38959,evMotor,present
38959,phevBlended,present
38960,fuelType1,present
38960,fuelType2,present
38960,atvType,present
38960,evMotor,present
38960,phevBlended,present
38966,fuelType1,present
38966,fuelType2,present
38966,atvType,present
38966,evMotor,present
38966,phevBlended,present
38967,fuelType1,present
38967,fuelType2,present
38967,atvType,present
38967,evMotor,present
38967,phevBlended,present
38968,fuelType1,present
38968,fuelType2,present
38968,atvType,present
38968,evMotor,present
38968,phevBlended,present
38978,fuelType1,present
38978,fuelType2,present
38978,atvType,present
38978,evMotor,present
38978,phevBlended,present
38979,fuelType1,present
38979,fuelType2,present
38979,atvType,present
38979,evMotor,present
38979,phevBlended,present
38980,fuelType1,present
38980,fuelType2,present
38980,atvType,present
38980,evMotor,present
38980,phevBlended,present
38993,fuelType1,present
38993,fuelType2,present
38993,atvType,present
38993,evMotor,present
38993,phevBlended,present
38996,fuelType1,present
38996,fuelType2,present
38996,atvType,present
38996,evMotor,present
38996,phevBlended,present
38999,fuelType1,present
38999,fuelType2,present
38999,atvType,present
38999,evMotor,present
38999,phevBlended,present
39003,fuelType1,present
39003,fuelType2,present
39003,atvType,present
39003,evMotor,present
39003,phevBlended,present
39008,fuelType1,present
39008,fuelType2,present
39008,atvType,present
39008,evMotor,present
39008,phevBlended,present
39009,fuelType1,present
39009,fuelType2,present
39009,atvType,present
39009,evMotor,present
39009,phevBlended,present
39011,fuelType1,present
39011,fuelType2,present
39011,atvType,present
39011,evMotor,present
39011,phevBlended,present
39013,fuelType1,present
39013,fuelType2,present
39013,atvType,present
39013,evMotor,present
39013,phevBlended,present
39015,fuelType1,present
39015,fuelType2,present
39015,atvType,present
39015,evMotor,present
39015,phevBlended,present
39016,fuelType1,present
39016,fuelType2,present
39016,atvType,present
39016,evMotor,present
39016,phevBlended,present
39017,fuelType1,present
39017,fuelType2,present
39017,atvType,present
39017,evMotor,present
39017,phevBlended,present
39019,fuelType1,present
39019,fuelType2,present
39019,atvType,present
39019,evMotor,present
39019,phevBlended,present
39028,fuelType1,present
39028,fuelType2,present
39028,atvType,present
39028,evMotor,present
39028,phevBlended,present
39029,fuelType1,present
39029,fuelType2,present
39029,atvType,present
39029,evMotor,present
39029,phevBlended,present
39030,fuelType1,present
39030,fuelType2,present
39030,atvType,present
39030,evMotor,present
39030,phevBlended,present
39031,fuelType1,present
39031,fuelType2,present
39031,atvType,present
39031,evMotor,present
39031,phevBlended,present
39034,fuelType1,present
39034,fuelType2,present
39034,atvType,present
39034,evMotor,present
39034,phevBlended,present
39035,fuelType1,present
39035,fuelType2,present
39035,atvType,present
39035,evMotor,present
39035,phevBlended,present
39038,fuelType1,present
39038,fuelType2,present
39038,atvType,present
39038,evMotor,present
39038,phevBlended,present
39039,fuelType1,present
39039,fuelType2,present
39039,atvType,present
39039,evMotor,present
39039,phevBlended,present
39050,fuelType1,present
39050,fuelType2,present
39050,atvType,present
39050,evMotor,present
39050,phevBlended,present
39051,fuelType1,present
39051,fuelType2,present
39051,atvType,present
39051,evMotor,present
39051,phevBlended,present
39052,fuelType1,present
39052,fuelType2,present
39052,atvType,present
39052,evMotor,present
39052,phevBlended,present
39053,fuelType1,present
39053,fuelType2,present
39053,atvType,present
39053,evMotor,present
39053,phevBlended,present
39054,fuelType1,present
39054,fuelType2,present
39054,atvType,present
39054,evMotor,present
39054,phevBlended,present
39055,fuelType1,present
39055,fuelType2,present
39055,atvType,present
39055,evMotor,present
39055,phevBlended,present
39056,fuelType1,present
39056,fuelType2,present
39056,atvType,present
39056,evMotor,present
39056,phevBlended,present
39057,fuelType1,present
39057,fuelType2,present
39057,atvType,present
39057,evMotor,present
39057,phevBlended,present
39058,fuelType1,present
39058,fuelType2,present
39058,atvType,present
39058,evMotor,present
39058,phevBlended,present
39059,fuelType1,present
39059,fuelType2,present
39059,atvType,present
39059,evMotor,present
39059,phevBlended,present
39060,fuelType1,present
39060,fuelType2,present
39060,atvType,present
39060,evMotor,present
39060,phevBlended,present
39061,fuelType1,present
39061,fuelType2,present
39061,atvType,present
39061,evMotor,present
39061,phevBlended,present
39062,fuelType1,present
39062,fuelType2,present
39062,atvType,present
39062,evMotor,present
39062,phevBlended,present
39066,fuelType1,present
39066,fuelType2,present
39066,atvType,present
39066,evMotor,present
39066,phevBlended,present
39067,fuelType1,present
39067,fuelType2,present
39067,atvType,present
39067,evMotor,present
39067,phevBlended,present
39068,fuelType1,present
39068,fuelType2,present
39068,atvType,present
39068,evMotor,present
39068,phevBlended,present
39085,fuelType1,present
39085,fuelType2,present
39085,atvType,present
39085,evMotor,present
39085,phevBlended,present
39086,fuelType1,present
39086,fuelType2,present
39086,atvType,present
39086,evMotor,present
39086,phevBlended,present
39087,fuelType1,present
39087,fuelType2,present
39087,atvType,present
39087,evMotor,present
39087,phevBlended,present
39091,fuelType1,present
39091,fuelType2,present
39091,atvType,present
39091,evMotor,present
39091,phevBlended,present
39092,fuelType1,present
39092,fuelType2,present
39092,atvType,present
39092,evMotor,present
39092,phevBlended,present
39093,fuelType1,present
39093,fuelType2,present
39093,atvType,present
39093,evMotor,present
39093,phevBlended,present
39094,fuelType1,present
39094,fuelType2,present
39094,atvType,present
39094,evMotor,present
39094,phevBlended,present
39109,fuelType1,present
39109,fuelType2,present
39109,atvType,present
39109,evMotor,present
39109,phevBlended,present
39110,fuelType1,present
39110,fuelType2,present
39110,atvType,present
39110,evMotor,present
39110,phevBlended,present
39114,fuelType1,present
39114,fuelType2,present
39114,atvType,present
39114,evMotor,present
39114,phevBlended,present
39122,fuelType1,present
39122,fuelType2,present
39122,atvType,present
39122,evMotor,present
39122,phevBlended,present
39123,fuelType1,present
39123,fuelType2,present
39123,atvType,present
39123,evMotor,present
39123,phevBlended,present
39124,fuelType1,present
39124,fuelType2,present
39124,atvType,present
39124,evMotor,present
39124,phevBlended,present
39126,fuelType1,present
39126,fuelType2,present
39126,atvType,present
39126,evMotor,present
39126,phevBlended,present
39127,fuelType1,present
39127,fuelType2,present
39127,atvType,present
39127,evMotor,present
39127,phevBlended,present
39133,fuelType1,present
39133,fuelType2,present
39133,atvType,present
39133,evMotor,present
39133,phevBlended,present
39149,fuelType1,present
39149,fuelType2,present
39149,atvType,present
39149,evMotor,present
39149,phevBlended,present
39150,fuelType1,present
39150,fuelType2,present
39150,atvType,present
39150,evMotor,present
39150,phevBlended,present
39151,fuelType1,present
39151,fuelType2,present
39151,atvType,present
39151,evMotor,present
39151,phevBlended,present
39152,fuelType1,present
39152,fuelType2,present
39152,atvType,present
39152,evMotor,present
39152,phevBlended,present
39159,fuelType1,present
39159,fuelType2,present
39159,atvType,present
39159,evMotor,present
39159,phevBlended,present
39167,fuelType1,present
39167,fuelType2,present
39167,atvType,present
39167,evMotor,present
39167,phevBlended,present
39168,fuelType1,present
39168,fuelType2,present
39168,atvType,present
39168,evMotor,present
39168,phevBlended,present
39169,fuelType1,present
39169,fuelType2,present
39169,atvType,present
39169,evMotor,present
39169,phevBlended,present
39170,fuelType1,present
39170,fuelType2,present
39170,atvType,present
39170,evMotor,present
39170,phevBlended,present
39171,fuelType1,present
39171,fuelType2,present
39171,atvType,present
39171,evMotor,present
39171,phevBlended,present
39174,fuelType1,present
39174,fuelType2,present
39174,atvType,present
39174,evMotor,present
39174,phevBlended,present
39175,fuelType1,present
39175,fuelType2,present
39175,atvType,present
39175,evMotor,present
39175,phevBlended,present
39179,fuelType1,present
39179,fuelType2,present
39179,atvType,present
39179,evMotor,present
39179,phevBlended,present
39183,fuelType1,present
39183,fuelType2,present
39183,atvType,present
39183,evMotor,present
39183,phevBlended,present
39186,fuelType1,present
39186,fuelType2,present
39186,atvType,present
39186,evMotor,present
39186,phevBlended,present
39187,fuelType1,present
39187,fuelType2,present
39187,atvType,present
39187,evMotor,present
39187,phevBlended,present
39192,fuelType1,present
39192,fuelType2,present
39192,atvType,present
39192,evMotor,present
39192,phevBlended,present
39207,fuelType1,present
39207,fuelType2,present
39207,atvType,present
39207,evMotor,present
39207,phevBlended,present
39228,fuelType1,present
39228,fuelType2,present
39228,atvType,present
39228,evMotor,present
39228,phevBlended,present
39229,fuelType1,present
39229,fuelType2,present
39229,atvType,present
39229,evMotor,present
39229,phevBlended,present
39264,fuelType1,present
39264,fuelType2,present
39264,atvType,present
39264,evMotor,present
39264,phevBlended,present
39266,fuelType1,present
39266,fuelType2,present
39266,atvType,present
39266,evMotor,present
39266,phevBlended,present
39271,fuelType1,present
39271,fuelType2,present
39271,atvType,present
39271,evMotor,present
39271,phevBlended,present
39278,fuelType1,present
39278,fuelType2,present
39278,atvType,present
39278,evMotor,present
39278,phevBlended,present
39287,fuelType1,present
39287,fuelType2,present
39287,atvType,present
39287,evMotor,present
39287,phevBlended,present
39288,fuelType1,present
39288,fuelType2,present
39288,atvType,present
39288,evMotor,present
39288,phevBlended,present
39289,fuelType1,present
39289,fuelType2,present
39289,atvType,present
39289,evMotor,present
39289,phevBlended,present
39291,fuelType1,present
39291,fuelType2,present
39291,atvType,present
39291,evMotor,present
39291,phevBlended,present
39292,fuelType1,present
39292,fuelType2,present
39292,atvType,present
39292,evMotor,present
39292,phevBlended,present
39293,fuelType1,present
39293,fuelType2,present
39293,atvType,present
39293,evMotor,present
39293,phevBlended,present
39302,fuelType1,present
39302,fuelType2,present
39302,atvType,present
39302,evMotor,present
39302,phevBlended,present
39305,fuelType1,present
39305,fuelType2,present
39305,atvType,present
39305,evMotor,present
39305,phevBlended,present
39315,fuelType1,present
39315,fuelType2,present
39315,atvType,present
39315,evMotor,present
39315,phevBlended,present
39320,fuelType1,present
39320,fuelType2,present
39320,atvType,present
39320,evMotor,present
39320,phevBlended,present
39330,fuelType1,present
39330,fuelType2,present
39330,atvType,present
39330,evMotor,present
39330,phevBlended,present
39331,fuelType1,present
39331,fuelType2,present
39331,atvType,present
39331,evMotor,present
39331,phevBlended,present
39352,fuelType1,present
39352,fuelType2,present
39352,atvType,present
39352,evMotor,present
39352,phevBlended,present
39358,fuelType1,present
39358,fuelType2,present
39358,atvType,present
39358,evMotor,present
39358,phevBlended,present
39361,fuelType1,present
39361,fuelType2,present
39361,atvType,present
39361,evMotor,present
39361,phevBlended,present
39362,fuelType1,present
39362,fuelType2,present
39362,atvType,present
39362,evMotor,present
39362,phevBlended,present
39370,fuelType1,present
39370,fuelType2,present
39370,atvType,present
39370,evMotor,present
39370,phevBlended,present
39371,fuelType1,present
39371,fuelType2,present
39371,atvType,present
39371,evMotor,present
39371,phevBlended,present
39376,fuelType1,present
39376,fuelType2,present
39376,atvType,present
39376,evMotor,present
39376,phevBlended,present
39382,fuelType1,present
39382,fuelType2,present
39382,atvType,present
39382,evMotor,present
39382,phevBlended,present
39383,fuelType1,present
39383,fuelType2,present
39383,atvType,present
39383,evMotor,present
39383,phevBlended,present
39384,fuelType1,present
39384,fuelType2,present
39384,atvType,present
39384,evMotor,present
39384,phevBlended,present
39385,fuelType1,present
39385,fuelType2,present
39385,atvType,present
39385,evMotor,present
39385,phevBlended,present
39389,fuelType1,present
39389,fuelType2,present
39389,atvType,present
39389,evMotor,present
39389,phevBlended,present
39394,fuelType1,present
39394,fuelType2,present
39394,atvType,present
39394,evMotor,present
39394,phevBlended,present
39396,fuelType1,present
39396,fuelType2,present
39396,atvType,present
39396,evMotor,present
39396,phevBlended,present
39400,fuelType1,present
39400,fuelType2,present
39400,atvType,present
39400,evMotor,present
39400,phevBlended,present
39401,fuelType1,present
39401,fuelType2,present
39401,atvType,present
39401,evMotor,present
39401,phevBlended,present
39409,fuelType1,present
39409,fuelType2,present
39409,atvType,present
39409,evMotor,present
39409,phevBlended,present
39414,fuelType1,present
39414,fuelType2,present
39414,atvType,present
39414,evMotor,present
39414,phevBlended,present
39416,fuelType1,present
39416,fuelType2,present
39416,atvType,present
39416,evMotor,present
39416,phevBlended,present
39420,fuelType1,present
39420,fuelType2,present
39420,atvType,present
39420,evMotor,present
39420,phevBlended,present
39421,fuelType1,present
39421,fuelType2,present
39421,atvType,present
39421,evMotor,present
39421,phevBlended,present
39426,fuelType1,present
39426,fuelType2,present
39426,atvType,present
39426,evMotor,present
39426,phevBlended,present
39428,fuelType1,present
39428,fuelType2,present
39428,atvType,present
39428,evMotor,present
39428,phevBlended,present
39430,fuelType1,present
39430,fuelType2,present
39430,atvType,present
39430,evMotor,present
39430,phevBlended,present
39431,fuelType1,present
39431,fuelType2,present
39431,atvType,present
39431,evMotor,present
39431,phevBlended,present
39432,fuelType1,present
39432,fuelType2,present
39432,atvType,present
39432,evMotor,present
39432,phevBlended,present
39434,fuelType1,present
39434,fuelType2,present
39434,atvType,present
39434,evMotor,present
39434,phevBlended,present
39440,fuelType1,present
39440,fuelType2,present
39440,atvType,present
39440,evMotor,present
39440,phevBlended,present
39441,fuelType1,present
39441,fuelType2,present
39441,atvType,present
39441,evMotor,present
39441,phevBlended,present
39442,fuelType1,present
39442,fuelType2,present
39442,atvType,present
39442,evMotor,present
39442,phevBlended,present
39443,fuelType1,present
39443,fuelType2,present
39443,atvType,present
39443,evMotor,present
39443,phevBlended,present
39444,fuelType1,present
39444,fuelType2,present
39444,atvType,present
39444,evMotor,present
39444,phevBlended,present
39453,fuelType1,present
39453,fuelType2,present
39453,atvType,present
39453,evMotor,present
39453,phevBlended,present
39460,fuelType1,present
39460,fuelType2,present
39460,atvType,present
39460,evMotor,present
39460,phevBlended,present
39462,fuelType1,present
39462,fuelType2,present
39462,atvType,present
39462,evMotor,present
39462,phevBlended,present
39468,fuelType1,present
39468,fuelType2,present
39468,atvType,present
39468,evMotor,present
39468,phevBlended,present
39476,fuelType1,present
39476,fuelType2,present
39476,atvType,present
39476,evMotor,present
39476,phevBlended,present
39479,fuelType1,present
39479,fuelType2,present
39479,atvType,present
39479,evMotor,present
39479,phevBlended,present
39482,fuelType1,present
39482,fuelType2,present
39482,atvType,present
39482,evMotor,present
39482,phevBlended,present
39483,fuelType1,present
39483,fuelType2,present
39483,atvType,present
39483,evMotor,present
39483,phevBlended,present
39484,fuelType1,present
39484,fuelType2,present
39484,atvType,present
39484,evMotor,present
39484,phevBlended,present
39485,fuelType1,present
39485,fuelType2,present
39485,atvType,present
39485,evMotor,present
39485,phevBlended,present
39487,fuelType1,present
39487,fuelType2,present
39487,atvType,present
39487,evMotor,present
39487,phevBlended,present
39493,fuelType1,present
39493,fuelType2,present
39493,atvType,present
39493,evMotor,present
39493,phevBlended,present
39497,fuelType1,present
39497,fuelType2,present
39497,atvType,present
39497,evMotor,present
39497,phevBlended,present
39499,fuelType1,present
39499,fuelType2,present
39499,atvType,present
39499,evMotor,present
39499,phevBlended,present
39500,fuelType1,present
39500,fuelType2,present
39500,atvType,present
39500,evMotor,present
39500,phevBlended,present
39501,fuelType1,present
39501,fuelType2,present
39501,atvType,present
39501,evMotor,present
39501,phevBlended,present
39503,fuelType1,present
39503,fuelType2,present
39503,atvType,present
39503,evMotor,present
39503,phevBlended,present
39504,fuelType1,present
39504,fuelType2,present
39504,atvType,present
39504,evMotor,present
39504,phevBlended,present
39508,fuelType1,present
39508,fuelType2,present
39508,atvType,present
39508,evMotor,present
39508,phevBlended,present
39513,fuelType1,present
39513,fuelType2,present
39513,atvType,present
39513,evMotor,present
39513,phevBlended,present
39516,fuelType1,present
39516,fuelType2,present
39516,atvType,present
39516,evMotor,present
39516,phevBlended,present
39518,fuelType1,present
39518,fuelType2,present
39518,atvType,present
39518,evMotor,present
39518,phevBlended,present
39519,fuelType1,present
39519,fuelType2,present
39519,atvType,present
39519,evMotor,present
39519,phevBlended,present
39521,fuelType1,present
39521,fuelType2,present
39521,atvType,present
39521,evMotor,present
39521,phevBlended,present
39523,fuelType1,present
39523,fuelType2,present
39523,atvType,present
39523,evMotor,present
39523,phevBlended,present
39527,fuelType1,present
39527,fuelType2,present
39527,atvType,present
39527,evMotor,present
39527,phevBlended,present
39528,fuelType1,present
39528,fuelType2,present
39528,atvType,present
39528,evMotor,present
39528,phevBlended,present
39532,fuelType1,present
39532,fuelType2,present
39532,atvType,present
39532,evMotor,present
39532,phevBlended,present
39533,fuelType1,present
39533,fuelType2,present
39533,atvType,present
39533,evMotor,present
39533,phevBlended,present
39534,fuelType1,present
39534,fuelType2,present
39534,atvType,present
39534,evMotor,present
39534,phevBlended,present
39535,fuelType1,present
39535,fuelType2,present
39535,atvType,present
39535,evMotor,present
39535,phevBlended,present
39536,fuelType1,present
39536,fuelType2,present
39536,atvType,present
39536,evMotor,present
39536,phevBlended,present
39537,fuelType1,present
39537,fuelType2,present
39537,atvType,present
39537,evMotor,present
39537,phevBlended,present
39538,fuelType1,present
39538,fuelType2,present
39538,atvType,present
39538,evMotor,present
39538,phevBlended,present
39541,fuelType1,present
39541,fuelType2,present
39541,atvType,present
39541,evMotor,present
39541,phevBlended,present
39542,fuelType1,present
39542,fuelType2,present
39542,atvType,present
39542,evMotor,present
39542,phevBlended,present
39546,fuelType1,present
39546,fuelType2,present
39546,atvType,present
39546,evMotor,present
39546,phevBlended,present
39547,fuelType1,present
39547,fuelType2,present
39547,atvType,present
39547,evMotor,present
39547,phevBlended,present
39548,fuelType1,present
39548,fuelType2,present
39548,atvType,present
39548,evMotor,present
39548,phevBlended,present
39549,fuelType1,present
39549,fuelType2,present
39549,atvType,present
39549,evMotor,present
39549,phevBlended,present
39550,fuelType1,present
39550,fuelType2,present
39550,atvType,present
39550,evMotor,present
39550,phevBlended,present
39551,fuelType1,present
39551,fuelType2,present
39551,atvType,present
39551,evMotor,present
39551,phevBlended,present
39552,fuelType1,present
39552,fuelType2,present
39552,atvType,present
39552,evMotor,present
39552,phevBlended,present
39553,fuelType1,present
39553,fuelType2,present
39553,atvType,present
39553,evMotor,present
39553,phevBlended,present
39554,fuelType1,present
39554,fuelType2,present
39554,atvType,present
39554,evMotor,present
39554,phevBlended,present
39557,fuelType1,present
39557,fuelType2,present
39557,atvType,present
39557,evMotor,present
39557,phevBlended,present
39563,fuelType1,present
39563,fuelType2,present
39563,atvType,present
39563,evMotor,present
39563,phevBlended,present
39569,fuelType1,present
39569,fuelType2,present
39569,atvType,present
39569,evMotor,present
39569,phevBlended,present
39572,fuelType1,present
39572,fuelType2,present
39572,atvType,present
39572,evMotor,present
39572,phevBlended,present
39573,fuelType1,present
39573,fuelType2,present
39573,atvType,present
39573,evMotor,present
39573,phevBlended,present
39576,fuelType1,present
39576,fuelType2,present
39576,atvType,present
39576,evMotor,present
39576,phevBlended,present
39577,fuelType1,present
39577,fuelType2,present
39577,atvType,present
39577,evMotor,present
39577,phevBlended,present
39580,fuelType1,present
39580,fuelType2,present
39580,atvType,present
39580,evMotor,present
39580,phevBlended,present
39581,fuelType1,present
39581,fuelType2,present
39581,atvType,present
39581,evMotor,present
39581,phevBlended,present
39588,fuelType1,present
39588,fuelType2,present
39588,atvType,present
39588,evMotor,present
39588,phevBlended,present
39590,fuelType1,present
39590,fuelType2,present
39590,atvType,present
39590,evMotor,present
39590,phevBlended,present
39591,fuelType1,present
39591,fuelType2,present
39591,atvType,present
39591,evMotor,present
39591,phevBlended,present
39592,fuelType1,present
39592,fuelType2,present
39592,atvType,present
39592,evMotor,present
39592,phevBlended,present
39601,fuelType1,present
39601,fuelType2,present
39601,atvType,present
39601,evMotor,present
39601,phevBlended,present
39603,fuelType1,present
39603,fuelType2,present
39603,atvType,present
39603,evMotor,present
39603,phevBlended,present
39612,fuelType1,present
39612,fuelType2,present
39612,atvType,present
39612,evMotor,present
39612,phevBlended,present
39617,fuelType1,present
39617,fuelType2,present
39617,atvType,present
39617,evMotor,present
39617,phevBlended,present
39618,fuelType1,present
39618,fuelType2,present
39618,atvType,present
39618,evMotor,present
39618,phevBlended,present
39619,fuelType1,present
39619,fuelType2,present
39619,atvType,present
39619,evMotor,present
39619,phevBlended,present
39620,fuelType1,present
39620,fuelType2,present
39620,atvType,present
39620,evMotor,present
39620,phevBlended,present
39624,fuelType1,present
39624,fuelType2,present
39624,atvType,present
39624,evMotor,present
39624,phevBlended,present
39625,fuelType1,present
39625,fuelType2,present
39625,atvType,present
39625,evMotor,present
39625,phevBlended,present
39626,fuelType1,present
39626,fuelType2,present
39626,atvType,present
39626,evMotor,present
39626,phevBlended,present
39628,fuelType1,present
39628,fuelType2,present
39628,atvType,present
39628,evMotor,present
39628,phevBlended,present
39629,fuelType1,present
39629,fuelType2,present
39629,atvType,present
39629,evMotor,present
39629,phevBlended,present
39630,fuelType1,present
39630,fuelType2,present
39630,atvType,present
39630,evMotor,present
39630,phevBlended,present
39631,fuelType1,present
39631,fuelType2,present
39631,atvType,present
39631,evMotor,present
39631,phevBlended,present
39632,fuelType1,present
39632,fuelType2,present
39632,atvType,present
39632,evMotor,present
39632,phevBlended,present
39633,fuelType1,present
39633,fuelType2,present
39633,atvType,present
39633,evMotor,present
39633,phevBlended,present
39636,fuelType1,present
39636,fuelType2,present
39636,atvType,present
39636,evMotor,present
39636,phevBlended,present
39639,fuelType1,present
39639,fuelType2,present
39639,atvType,present
39639,evMotor,present
39639,phevBlended,present
39653,fuelType1,present
39653,fuelType2,present
39653,atvType,present
39653,evMotor,present
39653,phevBlended,present
39656,fuelType1,present
39656,fuelType2,present
39656,atvType,present
39656,evMotor,present
39656,phevBlended,present
39657,fuelType1,present
39657,fuelType2,present
39657,atvType,present
39657,evMotor,present
39657,phevBlended,present
39658,fuelType1,present
39658,fuelType2,present
39658,atvType,present
39658,evMotor,present
39658,phevBlended,present
39660,fuelType1,present
39660,fuelType2,present
39660,atvType,present
39660,evMotor,present
39660,phevBlended,present
39666,fuelType1,present
39666,fuelType2,present
39666,atvType,present
39666,evMotor,present
39666,phevBlended,present
39671,fuelType1,present
39671,fuelType2,present
39671,atvType,present
39671,evMotor,present
39671,phevBlended,present
39672,fuelType1,present
39672,fuelType2,present
39672,atvType,present
39672,evMotor,present
39672,phevBlended,present
39677,fuelType1,present
39677,fuelType2,present
39677,atvType,present
39677,evMotor,present
39677,phevBlended,present
39678,fuelType1,present
39678,fuelType2,present
39678,atvType,present
39678,evMotor,present
39678,phevBlended,present
39679,fuelType1,present
39679,fuelType2,present
39679,atvType,present
39679,evMotor,present
39679,phevBlended,present
39684,fuelType1,present
39684,fuelType2,present
39684,atvType,present
39684,evMotor,present
39684,phevBlended,present
39685,fuelType1,present
39685,fuelType2,present
39685,atvType,present
39685,evMotor,present
39685,phevBlended,present
39697,fuelType1,present
39697,fuelType2,present
39697,atvType,present
39697,evMotor,present
39697,phevBlended,present
39698,fuelType1,present
39698,fuelType2,present
39698,atvType,present
39698,evMotor,present
39698,phevBlended,present
39699,fuelType1,present
39699,fuelType2,present
39699,atvType,present
39699,evMotor,present
39699,phevBlended,present
39708,fuelType1,present
39708,fuelType2,present
39708,atvType,present
39708,evMotor,present
39708,phevBlended,present
39709,fuelType1,present
39709,fuelType2,present
39709,atvType,present
39709,evMotor,present
39709,phevBlended,present
39710,fuelType1,present
39710,fuelType2,present
39710,atvType,present
39710,evMotor,present
39710,phevBlended,present
39714,fuelType1,present
39714,fuelType2,present
39714,atvType,present
39714,evMotor,present
39714,phevBlended,present
39720,fuelType1,present
39720,fuelType2,present
39720,atvType,present
39720,evMotor,present
39720,phevBlended,present
39722,fuelType1,present
39722,fuelType2,present
39722,atvType,present
39722,evMotor,present
39722,phevBlended,present
39726,fuelType1,present
39726,fuelType2,present
39726,atvType,present
39726,evMotor,present
39726,phevBlended,present
39730,fuelType1,present
39730,fuelType2,present
39730,atvType,present
39730,evMotor,present
39730,phevBlended,present
39732,fuelType1,present
39732,fuelType2,present
39732,atvType,present
39732,evMotor,present
39732,phevBlended,present
39736,fuelType1,present
39736,fuelType2,present
39736,atvType,present
39736,evMotor,present
39736,phevBlended,present
39737,fuelType1,present
39737,fuelType2,present
39737,atvType,present
39737,evMotor,present
39737,phevBlended,present
39743,fuelType1,present
39743,fuelType2,present
39743,atvType,present
39743,evMotor,present
39743,phevBlended,present
39745,fuelType1,present
39745,fuelType2,present
39745,atvType,present
39745,evMotor,present
39745,phevBlended,present
39748,fuelType1,present
39748,fuelType2,present
39748,atvType,present
39748,evMotor,present
39748,phevBlended,present
39752,fuelType1,present
39752,fuelType2,present
39752,atvType,present
39752,evMotor,present
39752,phevBlended,present
39754,fuelType1,present
39754,fuelType2,present
39754,atvType,present
39754,evMotor,present
39754,phevBlended,present
39767,fuelType1,present
39767,fuelType2,present
39767,atvType,present
39767,evMotor,present
39767,phevBlended,present
39768,fuelType1,present
39768,fuelType2,present
39768,atvType,present
39768,evMotor,present
39768,phevBlended,present
39769,fuelType1,present
39769,fuelType2,present
39769,atvType,present
39769,evMotor,present
39769,phevBlended,present
39772,fuelType1,present
39772,fuelType2,present
39772,atvType,present
39772,evMotor,present
39772,phevBlended,present
39774,fuelType1,present
39774,fuelType2,present
39774,atvType,present
39774,evMotor,present
39774,phevBlended,present
39775,fuelType1,present
39775,fuelType2,present
39775,atvType,present
39775,evMotor,present
39775,phevBlended,present
39776,fuelType1,present
39776,fuelType2,present
39776,atvType,present
39776,evMotor,present
39776,phevBlended,present
39777,fuelType1,present
39777,fuelType2,present
39777,atvType,present
39777,evMotor,present
39777,phevBlended,present
39778,fuelType1,present
39778,fuelType2,present
39778,atvType,present
39778,evMotor,present
39778,phevBlended,present
39779,fuelType1,present
39779,fuelType2,present
39779,atvType,present
39779,evMotor,present
39779,phevBlended,present
39780,fuelType1,present
39780,fuelType2,present
39780,atvType,present
39780,evMotor,present
39780,phevBlended,present
39783,fuelType1,present
39783,fuelType2,present
39783,atvType,present
39783,evMotor,present
39783,phevBlended,present
39784,fuelType1,present
39784,fuelType2,present
39784,atvType,present
39784,evMotor,present
39784,phevBlended,present
39785,fuelType1,present
39785,fuelType2,present
39785,atvType,present
39785,evMotor,present
39785,phevBlended,present
39787,fuelType1,present
39787,fuelType2,present
39787,atvType,present
39787,evMotor,present
39787,phevBlended,present
39797,fuelType1,present
39797,fuelType2,present
39797,atvType,present
39797,evMotor,present
39797,phevBlended,present
39798,fuelType1,present
39798,fuelType2,present
39798,atvType,present
39798,evMotor,present
39798,phevBlended,present
39804,fuelType1,present
39804,fuelType2,present
39804,atvType,present
39804,evMotor,present
39804,phevBlended,present
39807,fuelType1,present
39807,fuelType2,present
39807,atvType,present
39807,evMotor,present
39807,phevBlended,present
39809,fuelType1,present
39809,fuelType2,present
39809,atvType,present
39809,evMotor,present
39809,phevBlended,present
39811,fuelType1,present
39811,fuelType2,present
39811,atvType,present
39811,evMotor,present
39811,phevBlended,present
39812,fuelType1,present
39812,fuelType2,present
39812,atvType,present
39812,evMotor,present
39812,phevBlended,present
39815,fuelType1,present
39815,fuelType2,present
39815,atvType,present
39815,evMotor,present
39815,phevBlended,present
39822,fuelType1,present
39822,fuelType2,present
39822,atvType,present
39822,evMotor,present
39822,phevBlended,present
39825,fuelType1,present
39825,fuelType2,present
39825,atvType,present
39825,evMotor,present
39825,phevBlended,present
39828,fuelType1,present
39828,fuelType2,present
39828,atvType,present
39828,evMotor,present
39828,phevBlended,present
39830,fuelType1,present
39830,fuelType2,present
39830,atvType,present
39830,evMotor,present
39830,phevBlended,present
39831,fuelType1,present
39831,fuelType2,present
39831,atvType,present
39831,evMotor,present
39831,phevBlended,present
39836,fuelType1,present
39836,fuelType2,present
39836,atvType,present
39836,evMotor,present
39836,phevBlended,present
39837,fuelType1,present
39837,fuelType2,present
39837,atvType,present
39837,evMotor,present
39837,phevBlended,present
39838,fuelType1,present
39838,fuelType2,present
39838,atvType,present
39838,evMotor,present
39838,phevBlended,present
39839,fuelType1,present
39839,fuelType2,present
39839,atvType,present
39839,evMotor,present
39839,phevBlended,present
39840,fuelType1,present
39840,fuelType2,present
39840,atvType,present
39840,evMotor,present
39840,phevBlended,present
39842,fuelType1,present
39842,fuelType2,present
39842,atvType,present
39842,evMotor,present
39842,phevBlended,present
39843,fuelType1,present
39843,fuelType2,present
39843,atvType,present
39843,evMotor,present
39843,phevBlended,present
39844,fuelType1,present
39844,fuelType2,present
39844,atvType,present
39844,evMotor,present
39844,phevBlended,present
39848,fuelType1,present
39848,fuelType2,present
39848,atvType,present
39848,evMotor,present
39848,phevBlended,present
39849,fuelType1,present
39849,fuelType2,present
39849,atvType,present
39849,evMotor,present
39849,phevBlended,present
39851,fuelType1,present
39851,fuelType2,present
39851,atvType,present
39851,evMotor,present
39851,phevBlended,present
39853,fuelType1,present
39853,fuelType2,present
39853,atvType,present
39853,evMotor,present
39853,phevBlended,present
39859,fuelType1,present
39859,fuelType2,present
39859,atvType,present
39859,evMotor,present
39859,phevBlended,present
39862,fuelType1,present
39862,fuelType2,present
39862,atvType,present
39862,evMotor,present
39862,phevBlended,present
39868,fuelType1,present
39868,fuelType2,present
39868,atvType,present
39868,evMotor,present
39868,phevBlended,present
39869,fuelType1,present
39869,fuelType2,present
39869,atvType,present
39869,evMotor,present
39869,phevBlended,present
39870,fuelType1,present
39870,fuelType2,present
39870,atvType,present
39870,evMotor,present
39870,phevBlended,present
39871,fuelType1,present
39871,fuelType2,present
39871,atvType,present
39871,evMotor,present
39871,phevBlended,present
39880,fuelType1,present
39880,fuelType2,present
39880,atvType,present
39880,evMotor,present
39880,phevBlended,present
39883,fuelType1,present
39883,fuelType2,present
39883,atvType,present
39883,evMotor,present
39883,phevBlended,present
39902,fuelType1,present
39902,fuelType2,present
39902,atvType,present
39902,evMotor,present
39902,phevBlended,present
39903,fuelType1,present
39903,fuelType2,present
39903,atvType,present
39903,evMotor,present
39903,phevBlended,present
39904,fuelType1,present
39904,fuelType2,present
39904,atvType,present
39904,evMotor,present
39904,phevBlended,present
39905,fuelType1,present
39905,fuelType2,present
39905,atvType,present
39905,evMotor,present
39905,phevBlended,present
39906,fuelType1,present
39906,fuelType2,present
39906,atvType,present
39906,evMotor,present
39906,phevBlended,present
39908,fuelType1,present
39908,fuelType2,present
39908,atvType,present
39908,evMotor,present
39908,phevBlended,present
39909,fuelType1,present
39909,fuelType2,present
39909,atvType,present
39909,evMotor,present
39909,phevBlended,present
39911,fuelType1,present
39911,fuelType2,present
39911,atvType,present
39911,evMotor,present
39911,phevBlended,present
39914,fuelType1,present
39914,fuelType2,present
39914,atvType,present
39914,evMotor,present
39914,phevBlended,present
39922,fuelType1,present
39922,fuelType2,present
39922,atvType,present
39922,evMotor,present
39922,phevBlended,present
39925,fuelType1,present
39925,fuelType2,present
39925,atvType,present
39925,evMotor,present
39925,phevBlended,present
39928,fuelType1,present
39928,fuelType2,present
39928,atvType,present
39928,evMotor,present
39928,phevBlended,present
39931,fuelType1,present
39931,fuelType2,present
39931,atvType,present
39931,evMotor,present
39931,phevBlended,present
39933,fuelType1,present
39933,fuelType2,present
39933,atvType,present
39933,evMotor,present
39933,phevBlended,present
39935,fuelType1,present
39935,fuelType2,present
39935,atvType,present
39935,evMotor,present
39935,phevBlended,present
39936,fuelType1,present
39936,fuelType2,present
39936,atvType,present
39936,evMotor,present
39936,phevBlended,present
39940,fuelType1,present
39940,fuelType2,present
39940,atvType,present
39940,evMotor,present
39940,phevBlended,present
39941,fuelType1,present
39941,fuelType2,present
39941,atvType,present
39941,evMotor,present
39941,phevBlended,present
39942,fuelType1,present
39942,fuelType2,present
39942,atvType,present
39942,evMotor,present
39942,phevBlended,present
39943,fuelType1,present
39943,fuelType2,present
39943,atvType,present
39943,evMotor,present
39943,phevBlended,present
39950,fuelType1,present
39950,fuelType2,present
39950,atvType,present
39950,evMotor,present
39950,phevBlended,present
39951,fuelType1,present
39951,fuelType2,present
39951,atvType,present
39951,evMotor,present
39951,phevBlended,present
39954,fuelType1,present
39954,fuelType2,present
39954,atvType,present
39954,evMotor,present
39954,phevBlended,present
39955,fuelType1,present
39955,fuelType2,present
39955,atvType,present
39955,evMotor,present
39955,phevBlended,present
39956,fuelType1,present
39956,fuelType2,present
39956,atvType,present
39956,evMotor,present
39956,phevBlended,present
39957,fuelType1,present
39957,fuelType2,present
39957,atvType,present
39957,evMotor,present
39957,phevBlended,present
39959,fuelType1,present
39959,fuelType2,present
39959,atvType,present
39959,evMotor,present
39959,phevBlended,present
39963,fuelType1,present
39963,fuelType2,present
39963,atvType,present
39963,evMotor,present
39963,phevBlended,present
39964,fuelType1,present
39964,fuelType2,present
39964,atvType,present
39964,evMotor,present
39964,phevBlended,present
39969,fuelType1,present
39969,fuelType2,present
39969,atvType,present
39969,evMotor,present
39969,phevBlended,present
39979,fuelType1,present
39979,fuelType2,present
39979,atvType,present
39979,evMotor,present
39979,phevBlended,present
39980,fuelType1,present
39980,fuelType2,present
39980,atvType,present
39980,evMotor,present
39980,phevBlended,present
39983,fuelType1,present
39983,fuelType2,present
39983,atvType,present
39983,evMotor,present
39983,phevBlended,present
39984,fuelType1,present
39984,fuelType2,present
39984,atvType,present
39984,evMotor,present
39984,phevBlended,present
40005,fuelType1,present
40005,fuelType2,present
40005,atvType,present
40005,evMotor,present
40005,phevBlended,present
40007,fuelType1,present
40007,fuelType2,present
40007,atvType,present
40007,evMotor,present
40007,phevBlended,present
40008,fuelType1,present
40008,fuelType2,present
40008,atvType,present
40008,evMotor,present
40008,phevBlended,present
40009,fuelType1,present
40009,fuelType2,present
40009,atvType,present
40009,evMotor,present
40009,phevBlended,present
40010,fuelType1,present
40010,fuelType2,present
40010,atvType,present
40010,evMotor,present
40010,phevBlended,present
40011,fuelType1,present
40011,fuelType2,present
40011,atvType,present
40011,evMotor,present
40011,phevBlended,present
40012,fuelType1,present
40012,fuelType2,present
40012,atvType,present
40012,evMotor,present
40012,phevBlended,present
40013,fuelType1,present
40013,fuelType2,present
40013,atvType,present
40013,evMotor,present
40013,phevBlended,present
40025,fuelType1,present
40025,fuelType2,present
40025,atvType,present
40025,evMotor,present
40025,phevBlended,present
40032,fuelType1,present
40032,fuelType2,present
40032,atvType,present
40032,evMotor,present
40032,phevBlended,present
40034,fuelType1,present
40034,fuelType2,present
40034,atvType,present
40034,evMotor,present
40034,phevBlended,present
40040,fuelType1,present
40040,fuelType2,present
40040,atvType,present
40040,evMotor,present
40040,phevBlended,present
40048,fuelType1,present
40048,fuelType2,present
40048,atvType,present
40048,evMotor,present
40048,phevBlended,present
40051,fuelType1,present
40051,fuelType2,present
40051,atvType,present
40051,evMotor,present
40051,phevBlended,present
40058,fuelType1,present
40058,fuelType2,present
40058,atvType,present
40058,evMotor,present
40058,phevBlended,present
40059,fuelType1,present
40059,fuelType2,present
40059,atvType,present
40059,evMotor,present
40059,phevBlended,present
40060,fuelType1,present
40060,fuelType2,present
40060,atvType,present
40060,evMotor,present
40060,phevBlended,present
40061,fuelType1,present
40061,fuelType2,present
40061,atvType,present
40061,evMotor,present
40061,phevBlended,present
40062,fuelType1,present
40062,fuelType2,present
40062,atvType,present
40062,evMotor,present
40062,phevBlended,present
40063,fuelType1,present
40063,fuelType2,present
40063,atvType,present
40063,evMotor,present
40063,phevBlended,present
40067,fuelType1,present
40067,fuelType2,present
40067,atvType,present
40067,evMotor,present
40067,phevBlended,present
40068,fuelType1,present
40068,fuelType2,present
40068,atvType,present
40068,evMotor,present
40068,phevBlended,present
40069,fuelType1,present
40069,fuelType2,present
40069,atvType,present
40069,evMotor,present
40069,phevBlended,present
40070,fuelType1,present
40070,fuelType2,present
40070,atvType,present
40070,evMotor,present
40070,phevBlended,present
40071,fuelType1,present
40071,fuelType2,present
40071,atvType,present
40071,evMotor,present
40071,phevBlended,present
40072,fuelType1,present
40072,fuelType2,present
40072,atvType,present
40072,evMotor,present
40072,phevBlended,present
40073,fuelType1,present
40073,fuelType2,present
40073,atvType,present
40073,evMotor,present
40073,phevBlended,present
40074,fuelType1,present
40074,fuelType2,present
40074,atvType,present
40074,evMotor,present
40074,phevBlended,present
40076,fuelType1,present
40076,fuelType2,present
40076,atvType,present
40076,evMotor,present
40076,phevBlended,present
40077,fuelType1,present
40077,fuelType2,present
40077,atvType,present
40077,evMotor,present
40077,phevBlended,present
40081,fuelType1,present
40081,fuelType2,present
40081,atvType,present
40081,evMotor,present
40081,phevBlended,present
40082,fuelType1,present
40082,fuelType2,present
40082,atvType,present
40082,evMotor,present
40082,phevBlended,present
40083,fuelType1,present
40083,fuelType2,present
40083,atvType,present
40083,evMotor,present
40083,phevBlended,present
40088,fuelType1,present
40088,fuelType2,present
40088,atvType,present
40088,evMotor,present
40088,phevBlended,present
40089,fuelType1,present
40089,fuelType2,present
40089,atvType,present
40089,evMotor,present
40089,phevBlended,present
40106,fuelType1,present
40106,fuelType2,present
40106,atvType,present
40106,evMotor,present
40106,phevBlended,present
40110,fuelType1,present
40110,fuelType2,present
40110,atvType,present
40110,evMotor,present
40110,phevBlended,present
40117,fuelType1,present
40117,fuelType2,present
40117,atvType,present
40117,evMotor,present
40117,phevBlended,present
40118,fuelType1,present
40118,fuelType2,present
40118,atvType,present
40118,evMotor,present
40118,phevBlended,present
40119,fuelType1,present
40119,fuelType2,present
40119,atvType,present
40119,evMotor,present
40119,phevBlended,present
40120,fuelType1,present
40120,fuelType2,present
40120,atvType,present
40120,evMotor,present
40120,phevBlended,present
40127,fuelType1,present
40127,fuelType2,present
40127,atvType,present
40127,evMotor,present
40127,phevBlended,present
40132,fuelType1,present
40132,fuelType2,present
40132,atvType,present
40132,evMotor,present
40132,phevBlended,present
40133,fuelType1,present
40133,fuelType2,present
40133,atvType,present
40133,evMotor,present
40133,phevBlended,present
40151,fuelType1,present
40151,fuelType2,present
40151,atvType,present
40151,evMotor,present
40151,phevBlended,present
40153,fuelType1,present
40153,fuelType2,present
40153,atvType,present
40153,evMotor,present
40153,phevBlended,present
40156,fuelType1,present
40156,fuelType2,present
40156,atvType,present
40156,evMotor,present
40156,phevBlended,present
40158,fuelType1,present
40158,fuelType2,present
40158,atvType,present
40158,evMotor,present
40158,phevBlended,present
40161,fuelType1,present
40161,fuelType2,present
40161,atvType,present
40161,evMotor,present
40161,phevBlended,present
40164,fuelType1,present
40164,fuelType2,present
40164,atvType,present
40164,evMotor,present
40164,phevBlended,present
40171,fuelType1,present
40171,fuelType2,present
40171,atvType,present
40171,evMotor,present
40171,phevBlended,present
40172,fuelType1,present
40172,fuelType2,present
40172,atvType,present
40172,evMotor,present
40172,phevBlended,present
40175,fuelType1,present
40175,fuelType2,present
40175,atvType,present
40175,evMotor,present
40175,phevBlended,present
40184,fuelType1,present
40184,fuelType2,present
40184,atvType,present
40184,evMotor,present
40184,phevBlended,present
40186,fuelType1,present
40186,fuelType2,present
40186,atvType,present
40186,evMotor,present
40186,phevBlended,present
40191,fuelType1,present
40191,fuelType2,present
40191,atvType,present
40191,evMotor,present
40191,phevBlended,present
40192,fuelType1,present
40192,fuelType2,present
40192,atvType,present
40192,evMotor,present
40192,phevBlended,present
40195,fuelType1,present
40195,fuelType2,present
40195,atvType,present
40195,evMotor,present
40195,phevBlended,present
40196,fuelType1,present
40196,fuelType2,present
40196,atvType,present
40196,evMotor,present
40196,phevBlended,present
40207,fuelType1,present
40207,fuelType2,present
40207,atvType,present
40207,evMotor,present
40207,phevBlended,present
40208,fuelType1,present
40208,fuelType2,present
40208,atvType,present
40208,evMotor,present
40208,phevBlended,present
40209,fuelType1,present
40209,fuelType2,present
40209,atvType,present
40209,evMotor,present
40209,phevBlended,present
40210,fuelType1,present
40210,fuelType2,present
40210,atvType,present
40210,evMotor,present
40210,phevBlended,present
40211,fuelType1,present
40211,fuelType2,present
40211,atvType,present
40211,evMotor,present
40211,phevBlended,present
40214,fuelType1,present
40214,fuelType2,present
40214,atvType,present
40214,evMotor,present
40214,phevBlended,present
40216,fuelType1,present
40216,fuelType2,present
40216,atvType,present
40216,evMotor,present
40216,phevBlended,present
40217,fuelType1,present
40217,fuelType2,present
40217,atvType,present
40217,evMotor,present
40217,phevBlended,present
40218,fuelType1,present
40218,fuelType2,present
40218,atvType,present
40218,evMotor,present
40218,phevBlended,present
40227,fuelType1,present
40227,fuelType2,present
40227,atvType,present
40227,evMotor,present
40227,phevBlended,present
40228,fuelType1,present
40228,fuelType2,present
40228,atvType,present
40228,evMotor,present
40228,phevBlended,present
40229,fuelType1,present
40229,fuelType2,present
40229,atvType,present
40229,evMotor,present
40229,phevBlended,present
40230,fuelType1,present
40230,fuelType2,present
40230,atvType,present
40230,evMotor,present
40230,phevBlended,present
40231,fuelType1,present
40231,fuelType2,present
40231,atvType,present
40231,evMotor,present
40231,phevBlended,present
40235,fuelType1,present
40235,fuelType2,present
40235,atvType,present
40235,evMotor,present
40235,phevBlended,present
40237,fuelType1,present
40237,fuelType2,present
40237,atvType,present
40237,evMotor,present
40237,phevBlended,present
40240,fuelType1,present
40240,fuelType2,present
40240,atvType,present
40240,evMotor,present
40240,phevBlended,present
40253,fuelType1,present
40253,fuelType2,present
40253,atvType,present
40253,evMotor,present
40253,phevBlended,present
40254,fuelType1,present
40254,fuelType2,present
40254,atvType,present
40254,evMotor,present
40254,phevBlended,present
40255,fuelType1,present
40255,fuelType2,present
40255,atvType,present
40255,evMotor,present
40255,phevBlended,present
40261,fuelType1,present
40261,fuelType2,present
40261,atvType,present
40261,evMotor,present
40261,phevBlended,present
40262,fuelType1,present
40262,fuelType2,present
40262,atvType,present
40262,evMotor,present
40262,phevBlended,present
40272,fuelType1,present
40272,fuelType2,present
40272,atvType,present
40272,evMotor,present
40272,phevBlended,present
40273,fuelType1,present
40273,fuelType2,present
40273,atvType,present
40273,evMotor,present
40273,phevBlended,present
40274,fuelType1,present
40274,fuelType2,present
40274,atvType,present
40274,evMotor,present
40274,phevBlended,present
40275,fuelType1,present
40275,fuelType2,present
40275,atvType,present
40275,evMotor,present
40275,phevBlended,present
40277,fuelType1,present
40277,fuelType2,present
40277,atvType,present
40277,evMotor,present
40277,phevBlended,present
40290,fuelType1,present
40290,fuelType2,present
40290,atvType,present
40290,evMotor,present
40290,phevBlended,present
40303,fuelType1,present
40303,fuelType2,present
40303,atvType,present
40303,evMotor,present
40303,phevBlended,present
40313,fuelType1,present
40313,fuelType2,present
40313,atvType,present
40313,evMotor,present
40313,phevBlended,present
40318,fuelType1,present
40318,fuelType2,present
40318,atvType,present
40318,evMotor,present
40318,phevBlended,present
40333,fuelType1,present
40333,fuelType2,present
40333,atvType,present
40333,evMotor,present
40333,phevBlended,present
40334,fuelType1,present
40334,fuelType2,present
40334,atvType,present
40334,evMotor,present
40334,phevBlended,present
40336,fuelType1,present
40336,fuelType2,present
40336,atvType,present
40336,evMotor,present
40336,phevBlended,present
40337,fuelType1,present
40337,fuelType2,present
40337,atvType,present
40337,evMotor,present
40337,phevBlended,present
40338,fuelType1,present
40338,fuelType2,present
40338,atvType,present
40338,evMotor,present
40338,phevBlended,present
40341,fuelType1,present
40341,fuelType2,present
40341,atvType,present
40341,evMotor,present
40341,phevBlended,present
40343,fuelType1,present
40343,fuelType2,present
40343,atvType,present
40343,evMotor,present
40343,phevBlended,present
40349,fuelType1,present
40349,fuelType2,present
40349,atvType,present
40349,evMotor,present
40349,phevBlended,present
40358,fuelType1,present
40358,fuelType2,present
40358,atvType,present
40358,evMotor,present
40358,phevBlended,present
40359,fuelType1,present
40359,fuelType2,present
40359,atvType,present
40359,evMotor,present
40359,phevBlended,present
40360,fuelType1,present
40360,fuelType2,present
40360,atvType,present
40360,evMotor,present
40360,phevBlended,present
40370,fuelType1,present
40370,fuelType2,present
40370,atvType,present
40370,evMotor,present
40370,phevBlended,present
40371,fuelType1,present
40371,fuelType2,present
40371,atvType,present
40371,evMotor,present
40371,phevBlended,present
40372,fuelType1,present
40372,fuelType2,present
40372,atvType,present
40372,evMotor,present
40372,phevBlended,present
40373,fuelType1,present
40373,fuelType2,present
40373,atvType,present
40373,evMotor,present
40373,phevBlended,present
40374,fuelType1,present
40374,fuelType2,present
40374,atvType,present
40374,evMotor,present
40374,phevBlended,present
40382,fuelType1,present
40382,fuelType2,present
40382,atvType,present
40382,evMotor,present
40382,phevBlended,present
40383,fuelType1,present
40383,fuelType2,present
40383,atvType,present
40383,evMotor,present
40383,phevBlended,present
40384,fuelType1,present
40384,fuelType2,present
40384,atvType,present
40384,evMotor,present
40384,phevBlended,present
40385,fuelType1,present
40385,fuelType2,present
40385,atvType,present
40385,evMotor,present
40385,phevBlended,present
40386,fuelType1,present
40386,fuelType2,present
40386,atvType,present
40386,evMotor,present
40386,phevBlended,present
40388,fuelType1,present
40388,fuelType2,present
40388,atvType,present
40388,evMotor,present
40388,phevBlended,present
40392,fuelType1,present
40392,fuelType2,present
40392,atvType,present
40392,evMotor,present
40392,phevBlended,present
40394,fuelType1,present
40394,fuelType2,present
40394,atvType,present
40394,evMotor,present
40394,phevBlended,present
40396,fuelType1,present
40396,fuelType2,present
40396,atvType,present
40396,evMotor,present
40396,phevBlended,present
40398,fuelType1,present
40398,fuelType2,present
40398,atvType,present
40398,evMotor,present
40398,phevBlended,present
40405,fuelType1,present
40405,fuelType2,present
40405,atvType,present
40405,evMotor,present
40405,phevBlended,present
40409,fuelType1,present
40409,fuelType2,present
40409,atvType,present
40409,evMotor,present
40409,phevBlended,present
40411,fuelType1,present
40411,fuelType2,present
40411,atvType,present
40411,evMotor,present
40411,phevBlended,present
40412,fuelType1,present
40412,fuelType2,present
40412,atvType,present
40412,evMotor,present
40412,phevBlended,present
40416,fuelType1,present
40416,fuelType2,present
40416,atvType,present
40416,evMotor,present
40416,phevBlended,present
40418,fuelType1,present
40418,fuelType2,present
40418,atvType,present
40418,evMotor,present
40418,phevBlended,present
40419,fuelType1,present
40419,fuelType2,present
40419,atvType,present
40419,evMotor,present
40419,phevBlended,present
40422,fuelType1,present
40422,fuelType2,present
40422,atvType,present
40422,evMotor,present
40422,phevBlended,present
40423,fuelType1,present
40423,fuelType2,present
40423,atvType,present
40423,evMotor,present
40423,phevBlended,present
40433,fuelType1,present
40433,fuelType2,present
40433,atvType,present
40433,evMotor,present
40433,phevBlended,present
40435,fuelType1,present
40435,fuelType2,present
40435,atvType,present
40435,evMotor,present
40435,phevBlended,present
40438,fuelType1,present
40438,fuelType2,present
40438,atvType,present
40438,evMotor,present
40438,phevBlended,present
40450,fuelType1,present
40450,fuelType2,present
40450,atvType,present
40450,evMotor,present
40450,phevBlended,present
40451,fuelType1,present
40451,fuelType2,present
40451,atvType,present
40451,evMotor,present
40451,phevBlended,present
40454,fuelType1,present
40454,fuelType2,present
40454,atvType,present
40454,evMotor,present
40454,phevBlended,present
40455,fuelType1,present
40455,fuelType2,present
40455,atvType,present
40455,evMotor,present
40455,phevBlended,present
40465,fuelType1,present
40465,fuelType2,present
40465,atvType,present
40465,evMotor,present
40465,phevBlended,present
40466,fuelType1,present
40466,fuelType2,present
40466,atvType,present
40466,evMotor,present
40466,phevBlended,present
40473,fuelType1,present
40473,fuelType2,present
40473,atvType,present
40473,evMotor,present
40473,phevBlended,present
40474,fuelType1,present
40474,fuelType2,present
40474,atvType,present
40474,evMotor,present
40474,phevBlended,present
40482,fuelType1,present
40482,fuelType2,present
40482,atvType,present
40482,evMotor,present
40482,phevBlended,present
40490,fuelType1,present
40490,fuelType2,present
40490,atvType,present
40490,evMotor,present
40490,phevBlended,present
40491,fuelType1,present
40491,fuelType2,present
40491,atvType,present
40491,evMotor,present
40491,phevBlended,present
40493,fuelType1,present
40493,fuelType2,present
40493,atvType,present
40493,evMotor,present
40493,phevBlended,present
40498,fuelType1,present
40498,fuelType2,present
40498,atvType,present
40498,evMotor,present
40498,phevBlended,present
40499,fuelType1,present
40499,fuelType2,present
40499,atvType,present
40499,evMotor,present
40499,phevBlended,present
40500,fuelType1,present
40500,fuelType2,present
40500,atvType,present
40500,evMotor,present
40500,phevBlended,present
40502,fuelType1,present
40502,fuelType2,present
40502,atvType,present
40502,evMotor,present
40502,phevBlended,present
40508,fuelType1,present
40508,fuelType2,present
40508,atvType,present
40508,evMotor,present
40508,phevBlended,present
40511,fuelType1,present
40511,fuelType2,present
40511,atvType,present
40511,evMotor,present
40511,phevBlended,present
40512,fuelType1,present
40512,fuelType2,present
40512,atvType,present
40512,evMotor,present
40512,phevBlended,present
40514,fuelType1,present
40514,fuelType2,present
40514,atvType,present
40514,evMotor,present
40514,phevBlended,present
40516,fuelType1,present
40516,fuelType2,present
40516,atvType,present
40516,evMotor,present
40516,phevBlended,present
40517,fuelType1,present
40517,fuelType2,present
40517,atvType,present
40517,evMotor,present
40517,phevBlended,present
40521,fuelType1,present
40521,fuelType2,present
40521,atvType,present
40521,evMotor,present
40521,phevBlended,present
40523,fuelType1,present
40523,fuelType2,present
40523,atvType,present
40523,evMotor,present
40523,phevBlended,present
40524,fuelType1,present
40524,fuelType2,present
40524,atvType,present
40524,evMotor,present
40524,phevBlended,present
40529,fuelType1,present
40529,fuelType2,present
40529,atvType,present
40529,evMotor,present
40529,phevBlended,present
40530,fuelType1,present
40530,fuelType2,present
40530,atvType,present
40530,evMotor,present
40530,phevBlended,present
40537,fuelType1,present
40537,fuelType2,present
40537,atvType,present
40537,evMotor,present
40537,phevBlended,present
40538,fuelType1,present
40538,fuelType2,present
40538,atvType,present
40538,evMotor,present
40538,phevBlended,present
40544,fuelType1,present
40544,fuelType2,present
40544,atvType,present
40544,evMotor,present
40544,phevBlended,present
40545,fuelType1,present
40545,fuelType2,present
40545,atvType,present
40545,evMotor,present
40545,phevBlended,present
40549,fuelType1,present
40549,fuelType2,present
40549,atvType,present
40549,evMotor,present
40549,phevBlended,present
40550,fuelType1,present
40550,fuelType2,present
40550,atvType,present
40550,evMotor,present
40550,phevBlended,present
40554,fuelType1,present
40554,fuelType2,present
40554,atvType,present
40554,evMotor,present
40554,phevBlended,present
40559,fuelType1,present
40559,fuelType2,present
40559,atvType,present
40559,evMotor,present
40559,phevBlended,present
40560,fuelType1,present
40560,fuelType2,present
40560,atvType,present
40560,evMotor,present
40560,phevBlended,present
40563,fuelType1,present
40563,fuelType2,present
40563,atvType,present
40563,evMotor,present
40563,phevBlended,present
40569,fuelType1,present
40569,fuelType2,present
40569,atvType,present
40569,evMotor,present
40569,phevBlended,present
40570,fuelType1,present
40570,fuelType2,present
40570,atvType,present
40570,evMotor,present
40570,phevBlended,present
40572,fuelType1,present
40572,fuelType2,present
40572,atvType,present
40572,evMotor,present
40572,phevBlended,present
40575,fuelType1,present
40575,fuelType2,present
40575,atvType,present
40575,evMotor,present
40575,phevBlended,present
40581,fuelType1,present
40581,fuelType2,present
40581,atvType,present
40581,evMotor,present
40581,phevBlended,present
40582,fuelType1,present
40582,fuelType2,present
40582,atvType,present
40582,evMotor,present
40582,phevBlended,present
40583,fuelType1,present
40583,fuelType2,present
40583,atvType,present
40583,evMotor,present
40583,phevBlended,present
40584,fuelType1,present
40584,fuelType2,present
40584,atvType,present
40584,evMotor,present
40584,phevBlended,present
40587,fuelType1,present
40587,fuelType2,present
40587,atvType,present
40587,evMotor,present
40587,phevBlended,present
40595,fuelType1,present
40595,fuelType2,present
40595,atvType,present
40595,evMotor,present
40595,phevBlended,present
40610,fuelType1,present
40610,fuelType2,present
40610,atvType,present
40610,evMotor,present
40610,phevBlended,present
40611,fuelType1,present
40611,fuelType2,present
40611,atvType,present
40611,evMotor,present
40611,phevBlended,present
40612,fuelType1,present
40612,fuelType2,present
40612,atvType,present
40612,evMotor,present
40612,phevBlended,present
40613,fuelType1,present
40613,fuelType2,present
40613,atvType,present
40613,evMotor,present
40613,phevBlended,present
40614,fuelType1,present
40614,fuelType2,present
40614,atvType,present
40614,evMotor,present
40614,phevBlended,present
40615,fuelType1,present
40615,fuelType2,present
40615,atvType,present
40615,evMotor,present
40615,phevBlended,present
40616,fuelType1,present
40616,fuelType2,present
40616,atvType,present
40616,evMotor,present
40616,phevBlended,present
40617,fuelType1,present
40617,fuelType2,present
40617,atvType,present
40617,evMotor,present
40617,phevBlended,present
40618,fuelType1,present
40618,fuelType2,present
40618,atvType,present
40618,evMotor,present
40618,phevBlended,present
40625,fuelType1,present
40625,fuelType2,present
40625,atvType,present
40625,evMotor,present
40625,phevBlended,present
40636,fuelType1,present
40636,fuelType2,present
40636,atvType,present
40636,evMotor,present
40636,phevBlended,present
40637,fuelType1,present
40637,fuelType2,present
40637,atvType,present
40637,evMotor,present
40637,phevBlended,present
40638,fuelType1,present
40638,fuelType2,present
40638,atvType,present
40638,evMotor,present
40638,phevBlended,present
40653,fuelType1,present
40653,fuelType2,present
40653,atvType,present
40653,evMotor,present
40653,phevBlended,present
40654,fuelType1,present
40654,fuelType2,present
40654,atvType,present
40654,evMotor,present
40654,phevBlended,present
40655,fuelType1,present
40655,fuelType2,present
40655,atvType,present
40655,evMotor,present
40655,phevBlended,present
40660,fuelType1,present
40660,fuelType2,present
40660,atvType,present
40660,evMotor,present
40660,phevBlended,present
40661,fuelType1,present
40661,fuelType2,present
40661,atvType,present
40661,evMotor,present
40661,phevBlended,present
40662,fuelType1,present
40662,fuelType2,present
40662,atvType,present
40662,evMotor,present
40662,phevBlended,present
40664,fuelType1,present
40664,fuelType2,present
40664,atvType,present
40664,evMotor,present
40664,phevBlended,present
40665,fuelType1,present
40665,fuelType2,present
40665,atvType,present
40665,evMotor,present
40665,phevBlended,present
40667,fuelType1,present
40667,fuelType2,present
40667,atvType,present
40667,evMotor,present
40667,phevBlended,present
40668,fuelType1,present
40668,fuelType2,present
40668,atvType,present
40668,evMotor,present
40668,phevBlended,present
40669,fuelType1,present
40669,fuelType2,present
40669,atvType,present
40669,evMotor,present
40669,phevBlended,present
40671,fuelType1,present
40671,fuelType2,present
40671,atvType,present
40671,evMotor,present
40671,phevBlended,present
40672,fuelType1,present
40672,fuelType2,present
40672,atvType,present
40672,evMotor,present
40672,phevBlended,present
40673,fuelType1,present
40673,fuelType2,present
40673,atvType,present
40673,evMotor,present
40673,phevBlended,present
40674,fuelType1,present
40674,fuelType2,present
40674,atvType,present
40674,evMotor,present
40674,phevBlended,present
40676,fuelType1,present
40676,fuelType2,present
40676,atvType,present
40676,evMotor,present
40676,phevBlended,present
40680,fuelType1,present
40680,fuelType2,present
40680,atvType,present
40680,evMotor,present
40680,phevBlended,present
40683,fuelType1,present
40683,fuelType2,present
40683,atvType,present
40683,evMotor,present
40683,phevBlended,present
40684,fuelType1,present
40684,fuelType2,present
40684,atvType,present
40684,evMotor,present
40684,phevBlended,present
40691,fuelType1,present
40691,fuelType2,present
40691,atvType,present
40691,evMotor,present
40691,phevBlended,present
40692,fuelType1,present
40692,fuelType2,present
40692,atvType,present
40692,evMotor,present
40692,phevBlended,present
40694,fuelType1,present
40694,fuelType2,present
40694,atvType,present
40694,evMotor,present
40694,phevBlended,present
40695,fuelType1,present
40695,fuelType2,present
40695,atvType,present
40695,evMotor,present
40695,phevBlended,present
40699,fuelType1,present
40699,fuelType2,present
40699,atvType,present
40699,evMotor,present
40699,phevBlended,present
40700,fuelType1,present
40700,fuelType2,present
40700,atvType,present
40700,evMotor,present
40700,phevBlended,present
40705,fuelType1,present
40705,fuelType2,present
40705,atvType,present
40705,evMotor,present
40705,phevBlended,present
40706,fuelType1,present
40706,fuelType2,present
40706,atvType,present
40706,evMotor,present
40706,phevBlended,present
40709,fuelType1,present
40709,fuelType2,present
40709,atvType,present
40709,evMotor,present
40709,phevBlended,present
40713,fuelType1,present
40713,fuelType2,present
40713,atvType,present
40713,evMotor,present
40713,phevBlended,present
40714,fuelType1,present
40714,fuelType2,present
40714,atvType,present
40714,evMotor,present
40714,phevBlended,present
40718,fuelType1,present
40718,fuelType2,present
40718,atvType,present
40718,evMotor,present
40718,phevBlended,present
40719,fuelType1,present
40719,fuelType2,present
40719,atvType,present
40719,evMotor,present
40719,phevBlended,present
40724,fuelType1,present
40724,fuelType2,present
40724,atvType,present
40724,evMotor,present
40724,phevBlended,present
40725,fuelType1,present
40725,fuelType2,present
40725,atvType,present
40725,evMotor,present
40725,phevBlended,present
40728,fuelType1,present
40728,fuelType2,present
40728,atvType,present
40728,evMotor,present
40728,phevBlended,present
40729,fuelType1,present
40729,fuelType2,present
40729,atvType,present
40729,evMotor,present
40729,phevBlended,present
40730,fuelType1,present
40730,fuelType2,present
40730,atvType,present
40730,evMotor,present
40730,phevBlended,present
40731,fuelType1,present
40731,fuelType2,present
40731,atvType,present
40731,evMotor,present
40731,phevBlended,present
40736,fuelType1,present
40736,fuelType2,present
40736,atvType,present
40736,evMotor,present
40736,phevBlended,present
40737,fuelType1,present
40737,fuelType2,present
40737,atvType,present
40737,evMotor,present
40737,phevBlended,present
40742,fuelType1,present
40742,fuelType2,present
40742,atvType,present
40742,evMotor,present
40742,phevBlended,present
40743,fuelType1,present
40743,fuelType2,present
40743,atvType,present
40743,evMotor,present
40743,phevBlended,present
40744,fuelType1,present
40744,fuelType2,present
40744,atvType,present
40744,evMotor,present
40744,phevBlended,present
40748,fuelType1,present
40748,fuelType2,present
40748,atvType,present
40748,evMotor,present
40748,phevBlended,present
40749,fuelType1,present
40749,fuelType2,present
40749,atvType,present
40749,evMotor,present
40749,phevBlended,present
40750,fuelType1,present
40750,fuelType2,present
40750,atvType,present
40750,evMotor,present
40750,phevBlended,present
40753,fuelType1,present
40753,fuelType2,present
40753,atvType,present
40753,evMotor,present
40753,phevBlended,present
40754,fuelType1,present
40754,fuelType2,present
40754,atvType,present
40754,evMotor,present
40754,phevBlended,present
40755,fuelType1,present
40755,fuelType2,present
40755,atvType,present
40755,evMotor,present
40755,phevBlended,present
40757,fuelType1,present
40757,fuelType2,present
40757,atvType,present
40757,evMotor,present
40757,phevBlended,present
40758,fuelType1,present
40758,fuelType2,present
40758,atvType,present
40758,evMotor,present
40758,phevBlended,present
40759,fuelType1,present
40759,fuelType2,present
40759,atvType,present
40759,evMotor,present
40759,phevBlended,present
40776,fuelType1,present
40776,fuelType2,present
40776,atvType,present
40776,evMotor,present
40776,phevBlended,present
40778,fuelType1,present
40778,fuelType2,present
40778,atvType,present
40778,evMotor,present
40778,phevBlended,present
40779,fuelType1,present
40779,fuelType2,present
40779,atvType,present
40779,evMotor,present
40779,phevBlended,present
40780,fuelType1,present
40780,fuelType2,present
40780,atvType,present
40780,evMotor,present
40780,phevBlended,present
40799,fuelType1,present
40799,fuelType2,present
40799,atvType,present
40799,evMotor,present
40799,phevBlended,present
40812,fuelType1,present
40812,fuelType2,present
40812,atvType,present
40812,evMotor,present
40812,phevBlended,present
40813,fuelType1,present
40813,fuelType2,present
40813,atvType,present
40813,evMotor,present
40813,phevBlended,present
40814,fuelType1,present
40814,fuelType2,present
40814,atvType,present
40814,evMotor,present
40814,phevBlended,present
40815,fuelType1,present
40815,fuelType2,present
40815,atvType,present
40815,evMotor,present
40815,phevBlended,present
40816,fuelType1,present
40816,fuelType2,present
40816,atvType,present
40816,evMotor,present
40816,phevBlended,present
40830,fuelType1,present
40830,fuelType2,present
40830,atvType,present
40830,evMotor,present
40830,phevBlended,present
40833,fuelType1,present
40833,fuelType2,present
40833,atvType,present
40833,evMotor,present
40833,phevBlended,present
40835,fuelType1,present
40835,fuelType2,present
40835,atvType,present
40835,evMotor,present
40835,phevBlended,present
40849,fuelType1,present
40849,fuelType2,present
40849,atvType,present
40849,evMotor,present
40849,phevBlended,present
40851,fuelType1,present
40851,fuelType2,present
40851,atvType,present
40851,evMotor,present
40851,phevBlended,present
40856,fuelType1,present
40856,fuelType2,present
40856,atvType,present
40856,evMotor,present
40856,phevBlended,present
40857,fuelType1,present
40857,fuelType2,present
40857,atvType,present
40857,evMotor,present
40857,phevBlended,present
40858,fuelType1,present
40858,fuelType2,present
40858,atvType,present
40858,evMotor,present
40858,phevBlended,present
40865,fuelType1,present
40865,fuelType2,present
40865,atvType,present
40865,evMotor,present
40865,phevBlended,present
40866,fuelType1,present
40866,fuelType2,present
40866,atvType,present
40866,evMotor,present
40866,phevBlended,present
40869,fuelType1,present
40869,fuelType2,present
40869,atvType,present
40869,evMotor,present
40869,phevBlended,present
40882,fuelType1,present
40882,fuelType2,present
40882,atvType,present
40882,evMotor,present
40882,phevBlended,present
40883,fuelType1,present
40883,fuelType2,present
40883,atvType,present
40883,evMotor,present
40883,phevBlended,present
40897,fuelType1,present
40897,fuelType2,present
40897,atvType,present
40897,evMotor,present
40897,phevBlended,present
40898,fuelType1,present
40898,fuelType2,present
40898,atvType,present
40898,evMotor,present
40898,phevBlended,present
40899,fuelType1,present
40899,fuelType2,present
40899,atvType,present
40899,evMotor,present
40899,phevBlended,present
40900,fuelType1,present
40900,fuelType2,present
40900,atvType,present
40900,evMotor,present
40900,phevBlended,present
40901,fuelType1,present
40901,fuelType2,present
40901,atvType,present
40901,evMotor,present
40901,phevBlended,present
40906,fuelType1,present
40906,fuelType2,present
40906,atvType,present
40906,evMotor,present
40906,phevBlended,present
40914,fuelType1,present
40914,fuelType2,present
40914,atvType,present
40914,evMotor,present
40914,phevBlended,present
40921,fuelType1,present
40921,fuelType2,present
40921,atvType,present
40921,evMotor,present
40921,phevBlended,present
40922,fuelType1,present
40922,fuelType2,present
40922,atvType,present
40922,evMotor,present
40922,phevBlended,present
40923,fuelType1,present
40923,fuelType2,present
40923,atvType,present
40923,evMotor,present
40923,phevBlended,present
40930,fuelType1,present
40930,fuelType2,present
40930,atvType,present
40930,evMotor,present
40930,phevBlended,present
40934,fuelType1,present
40934,fuelType2,present
40934,atvType,present
40934,evMotor,present
40934,phevBlended,present
40938,fuelType1,present
40938,fuelType2,present
40938,atvType,present
40938,evMotor,present
40938,phevBlended,present
40939,fuelType1,present
40939,fuelType2,present
40939,atvType,present
40939,evMotor,present
40939,phevBlended,present
40940,fuelType1,present
40940,fuelType2,present
40940,atvType,present
40940,evMotor,present
40940,phevBlended,present
40960,fuelType1,present
40960,fuelType2,present
40960,atvType,present
40960,evMotor,present
40960,phevBlended,present
40964,fuelType1,present
40964,fuelType2,present
40964,atvType,present
40964,evMotor,present
40964,phevBlended,present
40974,fuelType1,present
40974,fuelType2,present
40974,atvType,present
40974,evMotor,present
40974,phevBlended,present
40987,fuelType1,present
40987,fuelType2,present
40987,atvType,present
40987,evMotor,present
40987,phevBlended,present
40988,fuelType1,present
40988,fuelType2,present
40988,atvType,present
40988,evMotor,present
40988,phevBlended,present
40989,fuelType1,present
40989,fuelType2,present
40989,atvType,present
40989,evMotor,present
40989,phevBlended,present
40990,fuelType1,present
40990,fuelType2,present
40990,atvType,present
40990,evMotor,present
40990,phevBlended,present
40994,fuelType1,present
40994,fuelType2,present
40994,atvType,present
40994,evMotor,present
40994,phevBlended,present
40998,fuelType1,present
40998,fuelType2,present
40998,atvType,present
40998,evMotor,present
40998,phevBlended,present
40999,fuelType1,present
40999,fuelType2,present
40999,atvType,present
40999,evMotor,present
40999,phevBlended,present
41000,fuelType1,present
41000,fuelType2,present
41000,atvType,present
41000,evMotor,present
41000,phevBlended,present
41002,fuelType1,present
41002,fuelType2,present
41002,atvType,present
41002,evMotor,present
41002,phevBlended,present
41007,fuelType1,present
41007,fuelType2,present
41007,atvType,present
41007,evMotor,present
41007,phevBlended,present
41008,fuelType1,present
41008,fuelType2,present
41008,atvType,present
41008,evMotor,present
41008,phevBlended,present
41026,fuelType1,present
41026,fuelType2,present
41026,atvType,present
41026,evMotor,present
41026,phevBlended,present
41032,fuelType1,present
41032,fuelType2,present
41032,atvType,present
41032,evMotor,present
41032,phevBlended,present
41033,fuelType1,present
41033,fuelType2,present
41033,atvType,present
41033,evMotor,present
41033,phevBlended,present
41036,fuelType1,present
41036,fuelType2,present
41036,atvType,present
41036,evMotor,present
41036,phevBlended,present
41041,fuelType1,present
41041,fuelType2,present
41041,atvType,present
41041,evMotor,present
41041,phevBlended,present
41042,fuelType1,present
41042,fuelType2,present
41042,atvType,present
41042,evMotor,present
41042,phevBlended,present
41047,fuelType1,present
41047,fuelType2,present
41047,atvType,present
41047,evMotor,present
41047,phevBlended,present
41048,fuelType1,present
41048,fuelType2,present
41048,atvType,present
41048,evMotor,present
41048,phevBlended,present
41049,fuelType1,present
41049,fuelType2,present
41049,atvType,present
41049,evMotor,present
41049,phevBlended,present
41057,fuelType1,present
41057,fuelType2,present
41057,atvType,present
41057,evMotor,present
41057,phevBlended,present
41060,fuelType1,present
41060,fuelType2,present
41060,atvType,present
41060,evMotor,present
41060,phevBlended,present
41075,fuelType1,present
41075,fuelType2,present
41075,atvType,present
41075,evMotor,present
41075,phevBlended,present
41076,fuelType1,present
41076,fuelType2,present
41076,atvType,present
41076,evMotor,present
41076,phevBlended,present
41077,fuelType1,present
41077,fuelType2,present
41077,atvType,present
41077,evMotor,present
41077,phevBlended,present
41080,fuelType1,present
41080,fuelType2,present
41080,atvType,present
41080,evMotor,present
41080,phevBlended,present
41085,fuelType1,present
41085,fuelType2,present
41085,atvType,present
41085,evMotor,present
41085,phevBlended,present
41089,fuelType1,present
41089,fuelType2,present
41089,atvType,present
41089,evMotor,present
41089,phevBlended,present
41092,fuelType1,present
41092,fuelType2,present
41092,atvType,present
41092,evMotor,present
41092,phevBlended,present
41094,fuelType1,present
41094,fuelType2,present
41094,atvType,present
41094,evMotor,present
41094,phevBlended,present
41095,fuelType1,present
41095,fuelType2,present
41095,atvType,present
41095,evMotor,present
41095,phevBlended,present
41096,fuelType1,present
41096,fuelType2,present
41096,atvType,present
41096,evMotor,present
41096,phevBlended,present
41097,fuelType1,present
41097,fuelType2,present
41097,atvType,present
41097,evMotor,present
41097,phevBlended,present
41109,fuelType1,present
41109,fuelType2,present
41109,atvType,present
41109,evMotor,present
41109,phevBlended,present
41116,fuelType1,present
41116,fuelType2,present
41116,atvType,present
41116,evMotor,present
41116,phevBlended,present
41120,fuelType1,present
41120,fuelType2,present
41120,atvType,present
41120,evMotor,present
41120,phevBlended,present
41126,fuelType1,present
41126,fuelType2,present
41126,atvType,present
41126,evMotor,present
41126,phevBlended,present
41127,fuelType1,present
41127,fuelType2,present
41127,atvType,present
41127,evMotor,present
41127,phevBlended,present
41133,fuelType1,present
41133,fuelType2,present
41133,atvType,present
41133,evMotor,present
41133,phevBlended,present
41135,fuelType1,present
41135,fuelType2,present
41135,atvType,present
41135,evMotor,present
41135,phevBlended,present
41136,fuelType1,present
41136,fuelType2,present
41136,atvType,present
41136,evMotor,present
41136,phevBlended,present
41142,fuelType1,present
41142,fuelType2,present
41142,atvType,present
41142,evMotor,present
41142,phevBlended,present
41143,fuelType1,present
41143,fuelType2,present
41143,atvType,present
41143,evMotor,present
41143,phevBlended,present
41146,fuelType1,present
41146,fuelType2,present
41146,atvType,present
41146,evMotor,present
41146,phevBlended,present
41147,fuelType1,present
41147,fuelType2,present
41147,atvType,present
41147,evMotor,present
41147,phevBlended,present
41148,fuelType1,present
41148,fuelType2,present
41148,atvType,present
41148,evMotor,present
41148,phevBlended,present
41149,fuelType1,present
41149,fuelType2,present
41149,atvType,present
41149,evMotor,present
41149,phevBlended,present
41150,fuelType1,present
41150,fuelType2,present
41150,atvType,present
41150,evMotor,present
41150,phevBlended,present
41151,fuelType1,present
41151,fuelType2,present
41151,atvType,present
41151,evMotor,present
41151,phevBlended,present
41152,fuelType1,present
41152,fuelType2,present
41152,atvType,present
41152,evMotor,present
41152,phevBlended,present
41154,fuelType1,present
41154,fuelType2,present
41154,atvType,present
41154,evMotor,present
41154,phevBlended,present
41156,fuelType1,present
41156,fuelType2,present
41156,atvType,present
41156,evMotor,present
41156,phevBlended,present
41158,fuelType1,present
41158,fuelType2,present
41158,atvType,present
41158,evMotor,present
41158,phevBlended,present
41163,fuelType1,present
41163,fuelType2,present
41163,atvType,present
41163,evMotor,present
41163,phevBlended,present
41164,fuelType1,present
41164,fuelType2,present
41164,atvType,present
41164,evMotor,present
41164,phevBlended,present
41165,fuelType1,present
41165,fuelType2,present
41165,atvType,present
41165,evMotor,present
41165,phevBlended,present
41168,fuelType1,present
41168,fuelType2,present
41168,atvType,present
41168,evMotor,present
41168,phevBlended,present
41176,fuelType1,present
41176,fuelType2,present
41176,atvType,present
41176,evMotor,present
41176,phevBlended,present
41181,fuelType1,present
41181,fuelType2,present
41181,atvType,present
41181,evMotor,present
41181,phevBlended,present
41182,fuelType1,present
41182,fuelType2,present
41182,atvType,present
41182,evMotor,present
41182,phevBlended,present
41183,fuelType1,present
41183,fuelType2,present
41183,atvType,present
41183,evMotor,present
41183,phevBlended,present
41184,fuelType1,present
41184,fuelType2,present
41184,atvType,present
41184,evMotor,present
41184,phevBlended,present
41186,fuelType1,present
41186,fuelType2,present
41186,atvType,present
41186,evMotor,present
41186,phevBlended,present
41187,fuelType1,present
41187,fuelType2,present
41187,atvType,present
41187,evMotor,present
41187,phevBlended,present
41189,fuelType1,present
41189,fuelType2,present
41189,atvType,present
41189,evMotor,present
41189,phevBlended,present
41190,fuelType1,present
41190,fuelType2,present
41190,atvType,present
41190,evMotor,present
41190,phevBlended,present
41191,fuelType1,present
41191,fuelType2,present
41191,atvType,present
41191,evMotor,present
41191,phevBlended,present
41193,fuelType1,present
41193,fuelType2,present
41193,atvType,present
41193,evMotor,present
41193,phevBlended,present
41194,fuelType1,present
41194,fuelType2,present
41194,atvType,present
41194,evMotor,present
41194,phevBlended,present
41195,fuelType1,present
41195,fuelType2,present
41195,atvType,present
41195,evMotor,present
41195,phevBlended,present
41201,fuelType1,present
41201,fuelType2,present
41201,atvType,present
41201,evMotor,present
41201,phevBlended,present
41204,fuelType1,present
41204,fuelType2,present
41204,atvType,present
41204,evMotor,present
41204,phevBlended,present
41205,fuelType1,present
41205,fuelType2,present
41205,atvType,present
41205,evMotor,present
41205,phevBlended,present
41206,fuelType1,present
41206,fuelType2,present
41206,atvType,present
41206,evMotor,present
41206,phevBlended,present
41207,fuelType1,present
41207,fuelType2,present
41207,atvType,present
41207,evMotor,present
41207,phevBlended,present
41211,fuelType1,present
41211,fuelType2,present
41211,atvType,present
41211,evMotor,present
41211,phevBlended,present
41221,fuelType1,present
41221,fuelType2,present
41221,atvType,present
41221,evMotor,present
41221,phevBlended,present
41229,fuelType1,present
41229,fuelType2,present
41229,atvType,present
41229,evMotor,present
41229,phevBlended,present
41232,fuelType1,present
41232,fuelType2,present
41232,atvType,present
41232,evMotor,present
41232,phevBlended,present
41237,fuelType1,present
41237,fuelType2,present
41237,atvType,present
41237,evMotor,present
41237,phevBlended,present
41239,fuelType1,present
41239,fuelType2,present
41239,atvType,present
41239,evMotor,present
41239,phevBlended,present
41241,fuelType1,present
41241,fuelType2,present
41241,atvType,present
41241,evMotor,present
41241,phevBlended,present
41242,fuelType1,present
41242,fuelType2,present
41242,atvType,present
41242,evMotor,present
41242,phevBlended,present
41245,fuelType1,present
41245,fuelType2,present
41245,atvType,present
41245,evMotor,present
41245,phevBlended,present
41247,fuelType1,present
41247,fuelType2,present
41247,atvType,present
41247,evMotor,present
41247,phevBlended,present
41250,fuelType1,present
41250,fuelType2,present
41250,atvType,present
41250,evMotor,present
41250,phevBlended,present
41251,fuelType1,present
41251,fuelType2,present
41251,atvType,present
41251,evMotor,present
41251,phevBlended,present
41256,fuelType1,present
41256,fuelType2,present
41256,atvType,present
41256,evMotor,present
41256,phevBlended,present
41257,fuelType1,present
41257,fuelType2,present
41257,atvType,present
41257,evMotor,present
41257,phevBlended,present
41258,fuelType1,present
41258,fuelType2,present
41258,atvType,present
41258,evMotor,present
41258,phevBlended,present
41259,fuelType1,present
41259,fuelType2,present
41259,atvType,present
41259,evMotor,present
41259,phevBlended,present
41260,fuelType1,present
41260,fuelType2,present
41260,atvType,present
41260,evMotor,present
41260,phevBlended,present
41261,fuelType1,present
41261,fuelType2,present
41261,atvType,present
41261,evMotor,present
41261,phevBlended,present
41262,fuelType1,present
41262,fuelType2,present
41262,atvType,present
41262,evMotor,present
41262,phevBlended,present
41263,fuelType1,present
41263,fuelType2,present
41263,atvType,present
41263,evMotor,present
41263,phevBlended,present
41264,fuelType1,present
41264,fuelType2,present
41264,atvType,present
41264,evMotor,present
41264,phevBlended,present
41265,fuelType1,present
41265,fuelType2,present
41265,atvType,present
41265,evMotor,present
41265,phevBlended,present
41269,fuelType1,present
41269,fuelType2,present
41269,atvType,present
41269,evMotor,present
41269,phevBlended,present
41271,fuelType1,present
41271,fuelType2,present
41271,atvType,present
41271,evMotor,present
41271,phevBlended,present
41272,fuelType1,present
41272,fuelType2,present
41272,atvType,present
41272,evMotor,present
41272,phevBlended,present
41273,fuelType1,present
41273,fuelType2,present
41273,atvType,present
41273,evMotor,present
41273,phevBlended,present
41277,fuelType1,present
41277,fuelType2,present
41277,atvType,present
41277,evMotor,present
41277,phevBlended,present
41279,fuelType1,present
41279,fuelType2,present
41279,atvType,present
41279,evMotor,present
41279,phevBlended,present
41280,fuelType1,present
41280,fuelType2,present
41280,atvType,present
41280,evMotor,present
41280,phevBlended,present
41303,fuelType1,present
41303,fuelType2,present
41303,atvType,present
41303,evMotor,present
41303,phevBlended,present
41304,fuelType1,present
41304,fuelType2,present
41304,atvType,present
41304,evMotor,present
41304,phevBlended,present
41305,fuelType1,present
41305,fuelType2,present
41305,atvType,present
41305,evMotor,present
41305,phevBlended,present
41320,fuelType1,present
41320,fuelType2,present
41320,atvType,present
41320,evMotor,present
41320,phevBlended,present
41321,fuelType1,present
41321,fuelType2,present
41321,atvType,present
41321,evMotor,present
41321,phevBlended,present
41322,fuelType1,present
41322,fuelType2,present
41322,atvType,present
41322,evMotor,present
41322,phevBlended,present
41334,fuelType1,present
41334,fuelType2,present
41334,atvType,present
41334,evMotor,present
41334,phevBlended,present
41336,fuelType1,present
41336,fuelType2,present
41336,atvType,present
41336,evMotor,present
41336,phevBlended,present
41338,fuelType1,present
41338,fuelType2,present
41338,atvType,present
41338,evMotor,present
41338,phevBlended,present
41342,fuelType1,present
41342,fuelType2,present
41342,atvType,present
41342,evMotor,present
41342,phevBlended,present
41343,fuelType1,present
41343,fuelType2,present
41343,atvType,present
41343,evMotor,present
41343,phevBlended,present
41355,fuelType1,present
41355,fuelType2,present
41355,atvType,present
41355,evMotor,present
41355,phevBlended,present
41366,fuelType1,present
41366,fuelType2,present
41366,atvType,present
41366,evMotor,present
41366,phevBlended,present
41375,fuelType1,present
41375,fuelType2,present
41375,atvType,present
41375,evMotor,present
41375,phevBlended,present
41376,fuelType1,present
41376,fuelType2,present
41376,atvType,present
41376,evMotor,present
41376,phevBlended,present
41379,fuelType1,present
41379,fuelType2,present
41379,atvType,present
41379,evMotor,present
41379,phevBlended,present
41380,fuelType1,present
41380,fuelType2,present
41380,atvType,present
41380,evMotor,present
41380,phevBlended,present
41381,fuelType1,present
41381,fuelType2,present
41381,atvType,present
41381,evMotor,present
41381,phevBlended,present
41382,fuelType1,present
41382,fuelType2,present
41382,atvType,present
41382,evMotor,present
41382,phevBlended,present
41383,fuelType1,present
41383,fuelType2,present
41383,atvType,present
41383,evMotor,present
41383,phevBlended,present
41384,fuelType1,present
41384,fuelType2,present
41384,atvType,present
41384,evMotor,present
41384,phevBlended,present
41393,fuelType1,present
41393,fuelType2,present
41393,atvType,present
41393,evMotor,present
41393,phevBlended,present
41394,fuelType1,present
41394,fuelType2,present
41394,atvType,present
41394,evMotor,present
41394,phevBlended,present
41396,fuelType1,present
41396,fuelType2,present
41396,atvType,present
41396,evMotor,present
41396,phevBlended,present
41397,fuelType1,present
41397,fuelType2,present
41397,atvType,present
41397,evMotor,present
41397,phevBlended,present
41400,fuelType1,present
41400,fuelType2,present
41400,atvType,present
41400,evMotor,present
41400,phevBlended,present
41401,fuelType1,present
41401,fuelType2,present
41401,atvType,present
41401,evMotor,present
41401,phevBlended,present
41403,fuelType1,present
41403,fuelType2,present
41403,atvType,present
41403,evMotor,present
41403,phevBlended,present
41407,fuelType1,present
41407,fuelType2,present
41407,atvType,present
41407,evMotor,present
41407,phevBlended,present
41409,fuelType1,present
41409,fuelType2,present
41409,atvType,present
41409,evMotor,present
41409,phevBlended,present
41410,fuelType1,present
41410,fuelType2,present
41410,atvType,present
41410,evMotor,present
41410,phevBlended,present
41413,fuelType1,present
41413,fuelType2,present
41413,atvType,present
41413,evMotor,present
41413,phevBlended,present
41415,fuelType1,present
41415,fuelType2,present
41415,atvType,present
41415,evMotor,present
41415,phevBlended,present
41416,fuelType1,present
41416,fuelType2,present
41416,atvType,present
41416,evMotor,present
41416,phevBlended,present
41418,fuelType1,present
41418,fuelType2,present
41418,atvType,present
41418,evMotor,present
41418,phevBlended,present
41419,fuelType1,present
41419,fuelType2,present
41419,atvType,present
41419,evMotor,present
41419,phevBlended,present
41420,fuelType1,present
41420,fuelType2,present
41420,atvType,present
41420,evMotor,present
41420,phevBlended,present
41421,fuelType1,present
41421,fuelType2,present
41421,atvType,present
41421,evMotor,present
41421,phevBlended,present
41423,fuelType1,present
41423,fuelType2,present
41423,atvType,present
41423,evMotor,present
41423,phevBlended,present
41424,fuelType1,present
41424,fuelType2,present
41424,atvType,present
41424,evMotor,present
41424,phevBlended,present
41427,fuelType1,present
41427,fuelType2,present
41427,atvType,present
41427,evMotor,present
41427,phevBlended,present
41429,fuelType1,present
41429,fuelType2,present
41429,atvType,present
41429,evMotor,present
41429,phevBlended,present
41431,fuelType1,present
41431,fuelType2,present
41431,atvType,present
41431,evMotor,present
41431,phevBlended,present
41434,fuelType1,present
41434,fuelType2,present
41434,atvType,present
41434,evMotor,present
41434,phevBlended,present
41435,fuelType1,present
41435,fuelType2,present
41435,atvType,present
41435,evMotor,present
41435,phevBlended,present
41438,fuelType1,present
41438,fuelType2,present
41438,atvType,present
41438,evMotor,present
41438,phevBlended,present
41439,fuelType1,present
41439,fuelType2,present
41439,atvType,present
41439,evMotor,present
41439,phevBlended,present
41440,fuelType1,present
41440,fuelType2,present
41440,atvType,present
41440,evMotor,present
41440,phevBlended,present
41441,fuelType1,present
41441,fuelType2,present
41441,atvType,present
41441,evMotor,present
41441,phevBlended,present
41442,fuelType1,present
41442,fuelType2,present
41442,atvType,present
41442,evMotor,present
41442,phevBlended,present
41453,fuelType1,present
41453,fuelType2,present
41453,atvType,present
41453,evMotor,present
41453,phevBlended,present
41457,fuelType1,present
41457,fuelType2,present
41457,atvType,present
41457,evMotor,present
41457,phevBlended,present
41461,fuelType1,present
41461,fuelType2,present
41461,atvType,present
41461,evMotor,present
41461,phevBlended,present
41462,fuelType1,present
41462,fuelType2,present
41462,atvType,present
41462,evMotor,present
41462,phevBlended,present
41463,fuelType1,present
41463,fuelType2,present
41463,atvType,present
41463,evMotor,present
41463,phevBlended,present
41468,fuelType1,present
41468,fuelType2,present
41468,atvType,present
41468,evMotor,present
41468,phevBlended,present
41471,fuelType1,present
41471,fuelType2,present
41471,atvType,present
41471,evMotor,present
41471,phevBlended,present
41472,fuelType1,present
41472,fuelType2,present
41472,atvType,present
41472,evMotor,present
41472,phevBlended,present
41474,fuelType1,present
41474,fuelType2,present
41474,atvType,present
41474,evMotor,present
41474,phevBlended,present
41478,fuelType1,present
41478,fuelType2,present
41478,atvType,present
41478,evMotor,present
41478,phevBlended,present
41479,fuelType1,present
41479,fuelType2,present
41479,atvType,present
41479,evMotor,present
41479,phevBlended,present
41480,fuelType1,present
41480,fuelType2,present
41480,atvType,present
41480,evMotor,present
41480,phevBlended,present
41481,fuelType1,present
41481,fuelType2,present
41481,atvType,present
41481,evMotor,present
41481,phevBlended,present
41483,fuelType1,present
41483,fuelType2,present
41483,atvType,present
41483,evMotor,present
41483,phevBlended,present
41486,fuelType1,present
41486,fuelType2,present
41486,atvType,present
41486,evMotor,present
41486,phevBlended,present
41488,fuelType1,present
41488,fuelType2,present
41488,atvType,present
41488,evMotor,present
41488,phevBlended,present
41493,fuelType1,present
41493,fuelType2,present
41493,atvType,present
41493,evMotor,present
41493,phevBlended,present
41494,fuelType1,present
41494,fuelType2,present
41494,atvType,present
41494,evMotor,present
41494,phevBlended,present
41496,fuelType1,present
41496,fuelType2,present
41496,atvType,present
41496,evMotor,present
41496,phevBlended,present
41498,fuelType1,present
41498,fuelType2,present
41498,atvType,present
41498,evMotor,present
41498,phevBlended,present
41502,fuelType1,present
41502,fuelType2,present
41502,atvType,present
41502,evMotor,present
41502,phevBlended,present
41503,fuelType1,present
41503,fuelType2,present
41503,atvType,present
41503,evMotor,present
41503,phevBlended,present
41508,fuelType1,present
41508,fuelType2,present
41508,atvType,present
41508,evMotor,present
41508,phevBlended,present
41518,fuelType1,present
41518,fuelType2,present
41518,atvType,present
41518,evMotor,present
41518,phevBlended,present
41520,fuelType1,present
41520,fuelType2,present
41520,atvType,present
41520,evMotor,present
41520,phevBlended,present
41528,fuelType1,present
41528,fuelType2,present
41528,atvType,present
41528,evMotor,present
41528,phevBlended,present
41530,fuelType1,present
41530,fuelType2,present
41530,atvType,present
41530,evMotor,present
41530,phevBlended,present
41534,fuelType1,present
41534,fuelType2,present
41534,atvType,present
41534,evMotor,present
41534,phevBlended,present
41542,fuelType1,present
41542,fuelType2,present
41542,atvType,present
41542,evMotor,present
41542,phevBlended,present
41543,fuelType1,present
41543,fuelType2,present
41543,atvType,present
41543,evMotor,present
41543,phevBlended,present
41544,fuelType1,present
41544,fuelType2,present
41544,atvType,present
41544,evMotor,present
41544,phevBlended,present
41546,fuelType1,present
41546,fuelType2,present
41546,atvType,present
41546,evMotor,present
41546,phevBlended,present
41547,fuelType1,present
41547,fuelType2,present
41547,atvType,present
41547,evMotor,present
41547,phevBlended,present
41548,fuelType1,present
41548,fuelType2,present
41548,atvType,present
41548,evMotor,present
41548,phevBlended,present
41549,fuelType1,present
41549,fuelType2,present
41549,atvType,present
41549,evMotor,present
41549,phevBlended,present
41550,fuelType1,present
41550,fuelType2,present
41550,atvType,present
41550,evMotor,present
41550,phevBlended,present
41553,fuelType1,present
41553,fuelType2,present
41553,atvType,present
41553,evMotor,present
41553,phevBlended,present
41556,fuelType1,present
41556,fuelType2,present
41556,atvType,present
41556,evMotor,present
41556,phevBlended,present
41558,fuelType1,present
41558,fuelType2,present
41558,atvType,present
41558,evMotor,present
41558,phevBlended,present
41564,fuelType1,present
41564,fuelType2,present
41564,atvType,present
41564,evMotor,present
41564,phevBlended,present
41565,fuelType1,present
41565,fuelType2,present
41565,atvType,present
41565,evMotor,present
41565,phevBlended,present
41566,fuelType1,present
41566,fuelType2,present
41566,atvType,present
41566,evMotor,present
41566,phevBlended,present
41571,fuelType1,present
41571,fuelType2,present
41571,atvType,present
41571,evMotor,present
41571,phevBlended,present
41572,fuelType1,present
41572,fuelType2,present
41572,atvType,present
41572,evMotor,present
41572,phevBlended,present
41574,fuelType1,present
41574,fuelType2,present
41574,atvType,present
41574,evMotor,present
41574,phevBlended,present
41576,fuelType1,present
41576,fuelType2,present
41576,atvType,present
41576,evMotor,present
41576,phevBlended,present
41580,fuelType1,present
41580,fuelType2,present
41580,atvType,present
41580,evMotor,present
41580,phevBlended,present
41583,fuelType1,present
41583,fuelType2,present
41583,atvType,present
41583,evMotor,present
41583,phevBlended,present
41593,fuelType1,present
41593,fuelType2,present
41593,atvType,present
41593,evMotor,present
41593,phevBlended,present
41595,fuelType1,present
41595,fuelType2,present
41595,atvType,present
41595,evMotor,present
41595,phevBlended,present
41596,fuelType1,present
41596,fuelType2,present
41596,atvType,present
41596,evMotor,present
41596,phevBlended,present
41598,fuelType1,present
41598,fuelType2,present
41598,atvType,present
41598,evMotor,present
41598,phevBlended,present
41600,fuelType1,present
41600,fuelType2,present
41600,atvType,present
41600,evMotor,present
41600,phevBlended,present
41608,fuelType1,present
41608,fuelType2,present
41608,atvType,present
41608,evMotor,present
41608,phevBlended,present
41609,fuelType1,present
41609,fuelType2,present
41609,atvType,present
41609,evMotor,present
41609,phevBlended,present
41611,fuelType1,present
41611,fuelType2,present
41611,atvType,present
41611,evMotor,present
41611,phevBlended,present
41613,fuelType1,present
41613,fuelType2,present
41613,atvType,present
41613,evMotor,present
41613,phevBlended,present
41634,fuelType1,present
41634,fuelType2,present
41634,atvType,present
41634,evMotor,present
41634,phevBlended,present
41636,fuelType1,present
41636,fuelType2,present
41636,atvType,present
41636,evMotor,present
41636,phevBlended,present
41639,fuelType1,present
41639,fuelType2,present
41639,atvType,present
41639,evMotor,present
41639,phevBlended,present
41641,fuelType1,present
41641,fuelType2,present
41641,atvType,present
41641,evMotor,present
41641,phevBlended,present
41645,fuelType1,present
41645,fuelType2,present
41645,atvType,present
41645,evMotor,present
41645,phevBlended,present
41647,fuelType1,present
41647,fuelType2,present
41647,atvType,present
41647,evMotor,present
41647,phevBlended,present
41650,fuelType1,present
41650,fuelType2,present
41650,atvType,present
41650,evMotor,present
41650,phevBlended,present
41652,fuelType1,present
41652,fuelType2,present
41652,atvType,present
41652,evMotor,present
41652,phevBlended,present
41654,fuelType1,present
41654,fuelType2,present
41654,atvType,present
41654,evMotor,present
41654,phevBlended,present
41655,fuelType1,present
41655,fuelType2,present
41655,atvType,present
41655,evMotor,present
41655,phevBlended,present
41656,fuelType1,present
41656,fuelType2,present
41656,atvType,present
41656,evMotor,present
41656,phevBlended,present
41657,fuelType1,present
41657,fuelType2,present
41657,atvType,present
41657,evMotor,present
41657,phevBlended,present
41662,fuelType1,present
41662,fuelType2,present
41662,atvType,present
41662,evMotor,present
41662,phevBlended,present
41663,fuelType1,present
41663,fuelType2,present
41663,atvType,present
41663,evMotor,present
41663,phevBlended,present
41665,fuelType1,present
41665,fuelType2,present
41665,atvType,present
41665,evMotor,present
41665,phevBlended,present
41667,fuelType1,present
41667,fuelType2,present
41667,atvType,present
41667,evMotor,present
41667,phevBlended,present
41670,fuelType1,present
41670,fuelType2,present
41670,atvType,present
41670,evMotor,present
41670,phevBlended,present
41671,fuelType1,present
41671,fuelType2,present
41671,atvType,present
41671,evMotor,present
41671,phevBlended,present
41672,fuelType1,present
41672,fuelType2,present
41672,atvType,present
41672,evMotor,present
41672,phevBlended,present
41678,fuelType1,present
41678,fuelType2,present
41678,atvType,present
41678,evMotor,present
41678,phevBlended,present
41679,fuelType1,present
41679,fuelType2,present
41679,atvType,present
41679,evMotor,present
41679,phevBlended,present
41683,fuelType1,present
41683,fuelType2,present
41683,atvType,present
41683,evMotor,present
41683,phevBlended,present
41685,fuelType1,present
41685,fuelType2,present
41685,atvType,present
41685,evMotor,present
41685,phevBlended,present
41686,fuelType1,present
41686,fuelType2,present
41686,atvType,present
41686,evMotor,present
41686,phevBlended,present
41688,fuelType1,present
41688,fuelType2,present
41688,atvType,present
41688,evMotor,present
41688,phevBlended,present
41689,fuelType1,present
41689,fuelType2,present
41689,atvType,present
41689,evMotor,present
41689,phevBlended,present
41690,fuelType1,present
41690,fuelType2,present
41690,atvType,present
41690,evMotor,present
41690,phevBlended,present
41691,fuelType1,present
41691,fuelType2,present
41691,atvType,present
41691,evMotor,present
41691,phevBlended,present
41692,fuelType1,present
41692,fuelType2,present
41692,atvType,present
41692,evMotor,present
41692,phevBlended,present
41693,fuelType1,present
41693,fuelType2,present
41693,atvType,present
41693,evMotor,present
41693,phevBlended,present
41694,fuelType1,present
41694,fuelType2,present
41694,atvType,present
41694,evMotor,present
41694,phevBlended,present
41695,fuelType1,present
41695,fuelType2,present
41695,atvType,present
41695,evMotor,present
41695,phevBlended,present
41696,fuelType1,present
41696,fuelType2,present
41696,atvType,present
41696,evMotor,present
41696,phevBlended,present
41704,fuelType1,present
41704,fuelType2,present
41704,atvType,present
41704,evMotor,present
41704,phevBlended,present
41706,fuelType1,present
41706,fuelType2,present
41706,atvType,present
41706,evMotor,present
41706,phevBlended,present
41709,fuelType1,present
41709,fuelType2,present
41709,atvType,present
41709,evMotor,present
41709,phevBlended,present
41714,fuelType1,present
41714,fuelType2,present
41714,atvType,present
41714,evMotor,present
41714,phevBlended,present
41729,fuelType1,present
41729,fuelType2,present
41729,atvType,present
41729,evMotor,present
41729,phevBlended,present
41730,fuelType1,present
41730,fuelType2,present
41730,atvType,present
41730,evMotor,present
41730,phevBlended,present
41731,fuelType1,present
41731,fuelType2,present
41731,atvType,present
41731,evMotor,present
41731,phevBlended,present
41732,fuelType1,present
41732,fuelType2,present
41732,atvType,present
41732,evMotor,present
41732,phevBlended,present
41733,fuelType1,present
41733,fuelType2,present
41733,atvType,present
41733,evMotor,present
41733,phevBlended,present
41737,fuelType1,present
41737,fuelType2,present
41737,atvType,present
41737,evMotor,present
41737,phevBlended,present
41738,fuelType1,present
41738,fuelType2,present
41738,atvType,present
41738,evMotor,present
41738,phevBlended,present
41747,fuelType1,present
41747,fuelType2,present
41747,atvType,present
41747,evMotor,present
41747,phevBlended,present
41748,fuelType1,present
41748,fuelType2,present
41748,atvType,present
41748,evMotor,present
41748,phevBlended,present
41750,fuelType1,present
41750,fuelType2,present
41750,atvType,present
41750,evMotor,present
41750,phevBlended,present
41751,fuelType1,present
41751,fuelType2,present
41751,atvType,present
41751,evMotor,present
41751,phevBlended,present
41752,fuelType1,present
41752,fuelType2,present
41752,atvType,present
41752,evMotor,present
41752,phevBlended,present
41754,fuelType1,present
41754,fuelType2,present
41754,atvType,present
41754,evMotor,present
41754,phevBlended,present
41755,fuelType1,present
41755,fuelType2,present
41755,atvType,present
41755,evMotor,present
41755,phevBlended,present
41756,fuelType1,present
41756,fuelType2,present
41756,atvType,present
41756,evMotor,present
41756,phevBlended,present
41763,fuelType1,present
41763,fuelType2,present
41763,atvType,present
41763,evMotor,present
41763,phevBlended,present
41764,fuelType1,present
41764,fuelType2,present
41764,atvType,present
41764,evMotor,present
41764,phevBlended,present
41765,fuelType1,present
41765,fuelType2,present
41765,atvType,present
41765,evMotor,present
41765,phevBlended,present
41766,fuelType1,present
41766,fuelType2,present
41766,atvType,present
41766,evMotor,present
41766,phevBlended,present
41767,fuelType1,present
41767,fuelType2,present
41767,atvType,present
41767,evMotor,present
41767,phevBlended,present
41768,fuelType1,present
41768,fuelType2,present
41768,atvType,present
41768,evMotor,present
41768,phevBlended,present
41769,fuelType1,present
41769,fuelType2,present
41769,atvType,present
41769,evMotor,present
41769,phevBlended,present
41770,fuelType1,present
41770,fuelType2,present
41770,atvType,present
41770,evMotor,present
41770,phevBlended,present
41778,fuelType1,present
41778,fuelType2,present
41778,atvType,present
41778,evMotor,present
41778,phevBlended,present
41779,fuelType1,present
41779,fuelType2,present
41779,atvType,present
41779,evMotor,present
41779,phevBlended,present
41784,fuelType1,present
41784,fuelType2,present
41784,atvType,present
41784,evMotor,present
41784,phevBlended,present
41785,fuelType1,present
41785,fuelType2,present
41785,atvType,present
41785,evMotor,present
41785,phevBlended,present
41786,fuelType1,present
41786,fuelType2,present
41786,atvType,present
41786,evMotor,present
41786,phevBlended,present
41787,fuelType1,present
41787,fuelType2,present
41787,atvType,present
41787,evMotor,present
41787,phevBlended,present
41804,fuelType1,present
41804,fuelType2,present
41804,atvType,present
41804,evMotor,present
41804,phevBlended,present
41805,fuelType1,present
41805,fuelType2,present
41805,atvType,present
41805,evMotor,present
41805,phevBlended,present
41806,fuelType1,present
41806,fuelType2,present
41806,atvType,present
41806,evMotor,present
41806,phevBlended,present
41807,fuelType1,present
41807,fuelType2,present
41807,atvType,present
41807,evMotor,present
41807,phevBlended,present
41815,fuelType1,present
41815,fuelType2,present
41815,atvType,present
41815,evMotor,present
41815,phevBlended,present
41846,fuelType1,present
41846,fuelType2,present
41846,atvType,present
41846,evMotor,present
41846,phevBlended,present
41848,fuelType1,present
41848,fuelType2,present
41848,atvType,present
41848,evMotor,present
41848,phevBlended,present
41850,fuelType1,present
41850,fuelType2,present
41850,atvType,present
41850,evMotor,present
41850,phevBlended,present
41851,fuelType1,present
41851,fuelType2,present
41851,atvType,present
41851,evMotor,present
41851,phevBlended,present
41853,fuelType1,present
41853,fuelType2,present
41853,atvType,present
41853,evMotor,present
41853,phevBlended,present
41855,fuelType1,present
41855,fuelType2,present
41855,atvType,present
41855,evMotor,present
41855,phevBlended,present
41857,fuelType1,present
41857,fuelType2,present
41857,atvType,present
41857,evMotor,present
41857,phevBlended,present
41858,fuelType1,present
41858,fuelType2,present
41858,atvType,present
41858,evMotor,present
41858,phevBlended,present
41868,fuelType1,present
41868,fuelType2,present
41868,atvType,present
41868,evMotor,present
41868,phevBlended,present
41874,fuelType1,present
41874,fuelType2,present
41874,atvType,present
41874,evMotor,present
41874,phevBlended,present
41880,fuelType1,present
41880,fuelType2,present
41880,atvType,present
41880,evMotor,present
41880,phevBlended,present
41883,fuelType1,present
41883,fuelType2,present
41883,atvType,present
41883,evMotor,present
41883,phevBlended,present
41890,fuelType1,present
41890,fuelType2,present
41890,atvType,present
41890,evMotor,present
41890,phevBlended,present
41893,fuelType1,present
41893,fuelType2,present
41893,atvType,present
41893,evMotor,present
41893,phevBlended,present
41894,fuelType1,present
41894,fuelType2,present
41894,atvType,present
41894,evMotor,present
41894,phevBlended,present
41897,fuelType1,present
41897,fuelType2,present
41897,atvType,present
41897,evMotor,present
41897,phevBlended,present
41902,fuelType1,present
41902,fuelType2,present
41902,atvType,present
41902,evMotor,present
41902,phevBlended,present
41903,fuelType1,present
41903,fuelType2,present
41903,atvType,present
41903,evMotor,present
41903,phevBlended,present
41904,fuelType1,present
41904,fuelType2,present
41904,atvType,present
41904,evMotor,present
41904,phevBlended,present
41905,fuelType1,present
41905,fuelType2,present
41905,atvType,present
41905,evMotor,present
41905,phevBlended,present
41906,fuelType1,present
41906,fuelType2,present
41906,atvType,present
41906,evMotor,present
41906,phevBlended,present
41909,fuelType1,present
41909,fuelType2,present
41909,atvType,present
41909,evMotor,present
41909,phevBlended,present
41911,fuelType1,present
41911,fuelType2,present
41911,atvType,present
41911,evMotor,present
41911,phevBlended,present
41914,fuelType1,present
41914,fuelType2,present
41914,atvType,present
41914,evMotor,present
41914,phevBlended,present
41923,fuelType1,present
41923,fuelType2,present
41923,atvType,present
41923,evMotor,present
41923,phevBlended,present
41925,fuelType1,present
41925,fuelType2,present
41925,atvType,present
41925,evMotor,present
41925,phevBlended,present
41940,fuelType1,present
41940,fuelType2,present
41940,atvType,present
41940,evMotor,present
41940,phevBlended,present
41943,fuelType1,present
41943,fuelType2,present
41943,atvType,present
41943,evMotor,present
41943,phevBlended,present
41945,fuelType1,present
41945,fuelType2,present
41945,atvType,present
41945,evMotor,present
41945,phevBlended,present
41946,fuelType1,present
41946,fuelType2,present
41946,atvType,present
41946,evMotor,present
41946,phevBlended,present
41947,fuelType1,present
41947,fuelType2,present
41947,atvType,present
41947,evMotor,present
41947,phevBlended,present
41949,fuelType1,present
41949,fuelType2,present
41949,atvType,present
41949,evMotor,present
41949,phevBlended,present
41950,fuelType1,present
41950,fuelType2,present
41950,atvType,present
41950,evMotor,present
41950,phevBlended,present
41963,fuelType1,present
41963,fuelType2,present
41963,atvType,present
41963,evMotor,present
41963,phevBlended,present
41966,fuelType1,present
41966,fuelType2,present
41966,atvType,present
41966,evMotor,present
41966,phevBlended,present
41967,fuelType1,present
41967,fuelType2,present
41967,atvType,present
41967,evMotor,present
41967,phevBlended,present
41968,fuelType1,present
41968,fuelType2,present
41968,atvType,present
41968,evMotor,present
41968,phevBlended,present
41971,fuelType1,present
41971,fuelType2,present
41971,atvType,present
41971,evMotor,present
41971,phevBlended,present
41976,fuelType1,present
41976,fuelType2,present
41976,atvType,present
41976,evMotor,present
41976,phevBlended,present
41978,fuelType1,present
41978,fuelType2,present
41978,atvType,present
41978,evMotor,present
41978,phevBlended,present
41980,fuelType1,present
41980,fuelType2,present
41980,atvType,present
41980,evMotor,present
41980,phevBlended,present
41982,fuelType1,present
41982,fuelType2,present
41982,atvType,present
41982,evMotor,present
41982,phevBlended,present
41988,fuelType1,present
41988,fuelType2,present
41988,atvType,present
41988,evMotor,present
41988,phevBlended,present
41989,fuelType1,present
41989,fuelType2,present
41989,atvType,present
41989,evMotor,present
41989,phevBlended,present
41998,fuelType1,present
41998,fuelType2,present
41998,atvType,present
41998,evMotor,present
41998,phevBlended,present
42001,fuelType1,present
42001,fuelType2,present
42001,atvType,present
42001,evMotor,present
42001,phevBlended,present
42003,fuelType1,present
42003,fuelType2,present
42003,atvType,present
42003,evMotor,present
42003,phevBlended,present
42006,fuelType1,present
42006,fuelType2,present
42006,atvType,present
42006,evMotor,present
42006,phevBlended,present
42007,fuelType1,present
42007,fuelType2,present
42007,atvType,present
42007,evMotor,present
42007,phevBlended,present
42008,fuelType1,present
42008,fuelType2,present
42008,atvType,present
42008,evMotor,present
42008,phevBlended,present
42012,fuelType1,present
42012,fuelType2,present
42012,atvType,present
42012,evMotor,present
42012,phevBlended,present
42019,fuelType1,present
42019,fuelType2,present
42019,atvType,present
42019,evMotor,present
42019,phevBlended,present
42020,fuelType1,present
42020,fuelType2,present
42020,atvType,present
42020,evMotor,present
42020,phevBlended,present
42021,fuelType1,present
42021,fuelType2,present
42021,atvType,present
42021,evMotor,present
42021,phevBlended,present
42022,fuelType1,present
42022,fuelType2,present
42022,atvType,present
42022,evMotor,present
42022,phevBlended,present
42023,fuelType1,present
42023,fuelType2,present
42023,atvType,present
42023,evMotor,present
42023,phevBlended,present
42024,fuelType1,present
42024,fuelType2,present
42024,atvType,present
42024,evMotor,present
42024,phevBlended,present
42025,fuelType1,present
42025,fuelType2,present
42025,atvType,present
42025,evMotor,present
42025,phevBlended,present
42028,fuelType1,present
42028,fuelType2,present
42028,atvType,present
42028,evMotor,present
42028,phevBlended,present
42032,fuelType1,present
42032,fuelType2,present
42032,atvType,present
42032,evMotor,present
42032,phevBlended,present
42033,fuelType1,present
42033,fuelType2,present
42033,atvType,present
42033,evMotor,present
42033,phevBlended,present
42034,fuelType1,present
42034,fuelType2,present
42034,atvType,present
42034,evMotor,present
42034,phevBlended,present
42040,fuelType1,present
42040,fuelType2,present
42040,atvType,present
42040,evMotor,present
42040,phevBlended,present
42048,fuelType1,present
42048,fuelType2,present
42048,atvType,present
42048,evMotor,present
42048,phevBlended,present
42052,fuelType1,present
42052,fuelType2,present
42052,atvType,present
42052,evMotor,present
42052,phevBlended,present
42058,fuelType1,present
42058,fuelType2,present
42058,atvType,present
42058,evMotor,present
42058,phevBlended,present
42064,fuelType1,present
42064,fuelType2,present
42064,atvType,present
42064,evMotor,present
42064,phevBlended,present
42066,fuelType1,present
42066,fuelType2,present
42066,atvType,present
42066,evMotor,present
42066,phevBlended,present
42067,fuelType1,present
42067,fuelType2,present
42067,atvType,present
42067,evMotor,present
42067,phevBlended,present
42068,fuelType1,present
42068,fuelType2,present
42068,atvType,present
42068,evMotor,present
42068,phevBlended,present
42076,fuelType1,present
42076,fuelType2,present
42076,atvType,present
42076,evMotor,present
42076,phevBlended,present
42081,fuelType1,present
42081,fuelType2,present
42081,atvType,present
42081,evMotor,present
42081,phevBlended,present
42082,fuelType1,present
42082,fuelType2,present
42082,atvType,present
42082,evMotor,present
42082,phevBlended,present
42088,fuelType1,present
42088,fuelType2,present
42088,atvType,present
42088,evMotor,present
42088,phevBlended,present
42097,fuelType1,present
42097,fuelType2,present
42097,atvType,present
42097,evMotor,present
42097,phevBlended,present
42099,fuelType1,present
42099,fuelType2,present
42099,atvType,present
42099,evMotor,present
42099,phevBlended,present
42101,fuelType1,present
42101,fuelType2,present
42101,atvType,present
42101,evMotor,present
42101,phevBlended,present
42104,fuelType1,present
42104,fuelType2,present
42104,atvType,present
42104,evMotor,present
42104,phevBlended,present
42107,fuelType1,present
42107,fuelType2,present
42107,atvType,present
42107,evMotor,present
42107,phevBlended,present
42111,fuelType1,present
42111,fuelType2,present
42111,atvType,present
42111,evMotor,present
42111,phevBlended,present
42113,fuelType1,present
42113,fuelType2,present
42113,atvType,present
42113,evMotor,present
42113,phevBlended,present
42117,fuelType1,present
42117,fuelType2,present
42117,atvType,present
42117,evMotor,present
42117,phevBlended,present
42121,fuelType1,present
42121,fuelType2,present
42121,atvType,present
42121,evMotor,present
42121,phevBlended,present
42124,fuelType1,present
42124,fuelType2,present
42124,atvType,present
42124,evMotor,present
42124,phevBlended,present
42127,fuelType1,present
42127,fuelType2,present
42127,atvType,present
42127,evMotor,present
42127,phevBlended,present
42132,fuelType1,present
42132,fuelType2,present
42132,atvType,present
42132,evMotor,present
42132,phevBlended,present
42136,fuelType1,present
42136,fuelType2,present
42136,atvType,present
42136,evMotor,present
42136,phevBlended,present
42138,fuelType1,present
42138,fuelType2,present
42138,atvType,present
42138,evMotor,present
42138,phevBlended,present
42146,fuelType1,present
42146,fuelType2,present
42146,atvType,present
42146,evMotor,present
42146,phevBlended,present
42147,fuelType1,present
42147,fuelType2,present
42147,atvType,present
42147,evMotor,present
42147,phevBlended,present
42148,fuelType1,present
42148,fuelType2,present
42148,atvType,present
42148,evMotor,present
42148,phevBlended,present
42155,fuelType1,present
42155,fuelType2,present
42155,atvType,present
42155,evMotor,present
42155,phevBlended,present
42157,fuelType1,present
42157,fuelType2,present
42157,atvType,present
42157,evMotor,present
42157,phevBlended,present
42158,fuelType1,present
42158,fuelType2,present
42158,atvType,present
42158,evMotor,present
42158,phevBlended,present
42159,fuelType1,present
42159,fuelType2,present
42159,atvType,present
42159,evMotor,present
42159,phevBlended,present
42160,fuelType1,present
42160,fuelType2,present
42160,atvType,present
42160,evMotor,present
42160,phevBlended,present
42161,fuelType1,present
42161,fuelType2,present
42161,atvType,present
42161,evMotor,present
42161,phevBlended,present
42163,fuelType1,present
42163,fuelType2,present
42163,atvType,present
42163,evMotor,present
42163,phevBlended,present
42165,fuelType1,present
42165,fuelType2,present
42165,atvType,present
42165,evMotor,present
42165,phevBlended,present
42166,fuelType1,present
42166,fuelType2,present
42166,atvType,present
42166,evMotor,present
42166,phevBlended,present
42181,fuelType1,present
42181,fuelType2,present
42181,atvType,present
42181,evMotor,present
42181,phevBlended,present
42182,fuelType1,present
42182,fuelType2,present
42182,atvType,present
42182,evMotor,present
42182,phevBlended,present
42183,fuelType1,present
42183,fuelType2,present
42183,atvType,present
42183,evMotor,present
42183,phevBlended,present
42190,fuelType1,present
42190,fuelType2,present
42190,atvType,present
42190,evMotor,present
42190,phevBlended,present
42192,fuelType1,present
42192,fuelType2,present
42192,atvType,present
42192,evMotor,present
42192,phevBlended,present
42194,fuelType1,present
42194,fuelType2,present
42194,atvType,present
42194,evMotor,present
42194,phevBlended,present
42200,fuelType1,present
42200,fuelType2,present
42200,atvType,present
42200,evMotor,present
42200,phevBlended,present
42205,fuelType1,present
42205,fuelType2,present
42205,atvType,present
42205,evMotor,present
42205,phevBlended,present
42209,fuelType1,present
42209,fuelType2,present
42209,atvType,present
42209,evMotor,present
42209,phevBlended,present
42210,fuelType1,present
42210,fuelType2,present
42210,atvType,present
42210,evMotor,present
42210,phevBlended,present
42212,fuelType1,present
42212,fuelType2,present
42212,atvType,present
42212,evMotor,present
42212,phevBlended,present
42216,fuelType1,present
42216,fuelType2,present
42216,atvType,present
42216,evMotor,present
42216,phevBlended,present
42219,fuelType1,present
42219,fuelType2,present
42219,atvType,present
42219,evMotor,present
42219,phevBlended,present
42222,fuelType1,present
42222,fuelType2,present
42222,atvType,present
42222,evMotor,present
42222,phevBlended,present
42227,fuelType1,present
42227,fuelType2,present
42227,atvType,present
42227,evMotor,present
42227,phevBlended,present
42228,fuelType1,present
42228,fuelType2,present
42228,atvType,present
42228,evMotor,present
42228,phevBlended,present
42229,fuelType1,present
42229,fuelType2,present
42229,atvType,present
42229,evMotor,present
42229,phevBlended,present
42230,fuelType1,present
42230,fuelType2,present
42230,atvType,present
42230,evMotor,present
42230,phevBlended,present
42231,fuelType1,present
42231,fuelType2,present
42231,atvType,present
42231,evMotor,present
42231,phevBlended,present
42234,fuelType1,present
42234,fuelType2,present
42234,atvType,present
42234,evMotor,present
42234,phevBlended,present
42235,fuelType1,present
42235,fuelType2,present
42235,atvType,present
42235,evMotor,present
42235,phevBlended,present
42248,fuelType1,present
42248,fuelType2,present
42248,atvType,present
42248,evMotor,present
42248,phevBlended,present
42251,fuelType1,present
42251,fuelType2,present
42251,atvType,present
42251,evMotor,present
42251,phevBlended,present
42256,fuelType1,present
42256,fuelType2,present
42256,atvType,present
42256,evMotor,present
42256,phevBlended,present
42257,fuelType1,present
42257,fuelType2,present
42257,atvType,present
42257,evMotor,present
42257,phevBlended,present
42262,fuelType1,present
42262,fuelType2,present
42262,atvType,present
42262,evMotor,present
42262,phevBlended,present
42263,fuelType1,present
42263,fuelType2,present
42263,atvType,present
42263,evMotor,present
42263,phevBlended,present
42265,fuelType1,present
42265,fuelType2,present
42265,atvType,present
42265,evMotor,present
42265,phevBlended,present
42270,fuelType1,present
42270,fuelType2,present
42270,atvType,present
42270,evMotor,present
42270,phevBlended,present
42276,fuelType1,present
42276,fuelType2,present
42276,atvType,present
42276,evMotor,present
42276,phevBlended,present
42277,fuelType1,present
42277,fuelType2,present
42277,atvType,present
42277,evMotor,present
42277,phevBlended,present
42278,fuelType1,present
42278,fuelType2,present
42278,atvType,present
42278,evMotor,present
42278,phevBlended,present
42279,fuelType1,present
42279,fuelType2,present
42279,atvType,present
42279,evMotor,present
42279,phevBlended,present
42288,fuelType1,present
42288,fuelType2,present
42288,atvType,present
42288,evMotor,present
42288,phevBlended,present
42291,fuelType1,present
42291,fuelType2,present
42291,atvType,present
42291,evMotor,present
42291,phevBlended,present
42292,fuelType1,present
42292,fuelType2,present
42292,atvType,present
42292,evMotor,present
42292,phevBlended,present
42293,fuelType1,present
42293,fuelType2,present
42293,atvType,present
42293,evMotor,present
42293,phevBlended,present
42294,fuelType1,present
42294,fuelType2,present
42294,atvType,present
42294,evMotor,present
42294,phevBlended,present
42300,fuelType1,present
42300,fuelType2,present
42300,atvType,present
42300,evMotor,present
42300,phevBlended,present
42301,fuelType1,present
42301,fuelType2,present
42301,atvType,present
42301,evMotor,present
42301,phevBlended,present
42307,fuelType1,present
42307,fuelType2,present
42307,atvType,present
42307,evMotor,present
42307,phevBlended,present
42308,fuelType1,present
42308,fuelType2,present
42308,atvType,present
42308,evMotor,present
42308,phevBlended,present
42311,fuelType1,present
42311,fuelType2,present
42311,atvType,present
42311,evMotor,present
42311,phevBlended,present
42312,fuelType1,present
42312,fuelType2,present
42312,atvType,present
42312,evMotor,present
42312,phevBlended,present
42313,fuelType1,present
42313,fuelType2,present
42313,atvType,present
42313,evMotor,present
42313,phevBlended,present
42318,fuelType1,present
42318,fuelType2,present
42318,atvType,present
42318,evMotor,present
42318,phevBlended,present
42319,fuelType1,present
42319,fuelType2,present
42319,atvType,present
42319,evMotor,present
42319,phevBlended,present
42320,fuelType1,present
42320,fuelType2,present
42320,atvType,present
42320,evMotor,present
42320,phevBlended,present
42326,fuelType1,present
42326,fuelType2,present
42326,atvType,present
42326,evMotor,present
42326,phevBlended,present
42327,fuelType1,present
42327,fuelType2,present
42327,atvType,present
42327,evMotor,present
42327,phevBlended,present
42328,fuelType1,present
42328,fuelType2,present
42328,atvType,present
42328,evMotor,present
42328,phevBlended,present
42329,fuelType1,present
42329,fuelType2,present
42329,atvType,present
42329,evMotor,present
42329,phevBlended,present
42330,fuelType1,present
42330,fuelType2,present
42330,atvType,present
42330,evMotor,present
42330,phevBlended,present
42336,fuelType1,present
42336,fuelType2,present
42336,atvType,present
42336,evMotor,present
42336,phevBlended,present
42337,fuelType1,present
42337,fuelType2,present
42337,atvType,present
42337,evMotor,present
42337,phevBlended,present
42346,fuelType1,present
42346,fuelType2,present
42346,atvType,present
42346,evMotor,present
42346,phevBlended,present
42354,fuelType1,present
42354,fuelType2,present
42354,atvType,present
42354,evMotor,present
42354,phevBlended,present
42357,fuelType1,present
42357,fuelType2,present
42357,atvType,present
42357,evMotor,present
42357,phevBlended,present
42359,fuelType1,present
42359,fuelType2,present
42359,atvType,present
42359,evMotor,present
42359,phevBlended,present
42362,fuelType1,present
42362,fuelType2,present
42362,atvType,present
42362,evMotor,present
42362,phevBlended,present
42364,fuelType1,present
42364,fuelType2,present
42364,atvType,present
42364,evMotor,present
42364,phevBlended,present
42365,fuelType1,present
42365,fuelType2,present
42365,atvType,present
42365,evMotor,present
42365,phevBlended,present
42366,fuelType1,present
42366,fuelType2,present
42366,atvType,present
42366,evMotor,present
42366,phevBlended,present
42367,fuelType1,present
42367,fuelType2,present
42367,atvType,present
42367,evMotor,present
42367,phevBlended,present
42368,fuelType1,present
42368,fuelType2,present
42368,atvType,present
42368,evMotor,present
42368,phevBlended,present
42371,fuelType1,present
42371,fuelType2,present
42371,atvType,present
42371,evMotor,present
42371,phevBlended,present
42374,fuelType1,present
42374,fuelType2,present
42374,atvType,present
42374,evMotor,present
42374,phevBlended,present
42376,fuelType1,present
42376,fuelType2,present
42376,atvType,present
42376,evMotor,present
42376,phevBlended,present
42377,fuelType1,present
42377,fuelType2,present
42377,atvType,present
42377,evMotor,present
42377,phevBlended,present
42382,fuelType1,present
42382,fuelType2,present
42382,atvType,present
42382,evMotor,present
42382,phevBlended,present
42386,fuelType1,present
42386,fuelType2,present
42386,atvType,present
42386,evMotor,present
42386,phevBlended,present
42390,fuelType1,present
42390,fuelType2,present
42390,atvType,present
42390,evMotor,present
42390,phevBlended,present
42392,fuelType1,present
42392,fuelType2,present
42392,atvType,present
42392,evMotor,present
42392,phevBlended,present
42397,fuelType1,present
42397,fuelType2,present
42397,atvType,present
42397,evMotor,present
42397,phevBlended,present
42398,fuelType1,present
42398,fuelType2,present
42398,atvType,present
42398,evMotor,present
42398,phevBlended,present
42399,fuelType1,present
42399,fuelType2,present
42399,atvType,present
42399,evMotor,present
42399,phevBlended,present
42400,fuelType1,present
42400,fuelType2,present
42400,atvType,present
42400,evMotor,present
42400,phevBlended,present
42401,fuelType1,present
42401,fuelType2,present
42401,atvType,present
42401,evMotor,present
42401,phevBlended,present
42402,fuelType1,present
42402,fuelType2,present
42402,atvType,present
42402,evMotor,present
42402,phevBlended,present
42403,fuelType1,present
42403,fuelType2,present
42403,atvType,present
42403,evMotor,present
42403,phevBlended,present
42404,fuelType1,present
42404,fuelType2,present
42404,atvType,present
42404,evMotor,present
42404,phevBlended,present
42405,fuelType1,present
42405,fuelType2,present
42405,atvType,present
42405,evMotor,present
42405,phevBlended,present
42407,fuelType1,present
42407,fuelType2,present
42407,atvType,present
42407,evMotor,present
42407,phevBlended,present
42409,fuelType1,present
42409,fuelType2,present
42409,atvType,present
42409,evMotor,present
42409,phevBlended,present
42416,fuelType1,present
42416,fuelType2,present
42416,atvType,present
42416,evMotor,present
42416,phevBlended,present
42418,fuelType1,present
42418,fuelType2,present
42418,atvType,present
42418,evMotor,present
42418,phevBlended,present
42421,fuelType1,present
42421,fuelType2,present
42421,atvType,present
42421,evMotor,present
42421,phevBlended,present
42423,fuelType1,present
42423,fuelType2,present
42423,atvType,present
42423,evMotor,present
42423,phevBlended,present
42425,fuelType1,present
42425,fuelType2,present
42425,atvType,present
42425,evMotor,present
42425,phevBlended,present
42433,fuelType1,present
42433,fuelType2,present
42433,atvType,present
42433,evMotor,present
42433,phevBlended,present
42434,fuelType1,present
42434,fuelType2,present
42434,atvType,present
42434,evMotor,present
42434,phevBlended,present
42438,fuelType1,present
42438,fuelType2,present
42438,atvType,present
42438,evMotor,present
42438,phevBlended,present
42439,fuelType1,present
42439,fuelType2,present
42439,atvType,present
42439,evMotor,present
42439,phevBlended,present
42441,fuelType1,present
42441,fuelType2,present
42441,atvType,present
42441,evMotor,present
42441,phevBlended,present
42449,fuelType1,present
42449,fuelType2,present
42449,atvType,present
42449,evMotor,present
42449,phevBlended,present
42450,fuelType1,present
42450,fuelType2,present
42450,atvType,present
42450,evMotor,present
42450,phevBlended,present
42452,fuelType1,present
42452,fuelType2,present
42452,atvType,present
42452,evMotor,present
42452,phevBlended,present
42454,fuelType1,present
42454,fuelType2,present
42454,atvType,present
42454,evMotor,present
42454,phevBlended,present
42456,fuelType1,present
42456,fuelType2,present
42456,atvType,present
42456,evMotor,present
42456,phevBlended,present
42457,fuelType1,present
42457,fuelType2,present
42457,atvType,present
42457,evMotor,present
42457,phevBlended,present
42464,fuelType1,present
42464,fuelType2,present
42464,atvType,present
42464,evMotor,present
42464,phevBlended,present
42465,fuelType1,present
42465,fuelType2,present
42465,atvType,present
42465,evMotor,present
42465,phevBlended,present
42466,fuelType1,present
42466,fuelType2,present
42466,atvType,present
42466,evMotor,present
42466,phevBlended,present
42469,fuelType1,present
42469,fuelType2,present
42469,atvType,present
42469,evMotor,present
42469,phevBlended,present
42471,fuelType1,present
42471,fuelType2,present
42471,atvType,present
42471,evMotor,present
42471,phevBlended,present
42473,fuelType1,present
42473,fuelType2,present
42473,atvType,present
42473,evMotor,present
42473,phevBlended,present
42474,fuelType1,present
42474,fuelType2,present
42474,atvType,present
42474,evMotor,present
42474,phevBlended,present
42481,fuelType1,present
42481,fuelType2,present
42481,atvType,present
42481,evMotor,present
42481,phevBlended,present
42482,fuelType1,present
42482,fuelType2,present
42482,atvType,present
42482,evMotor,present
42482,phevBlended,present
42485,fuelType1,present
42485,fuelType2,present
42485,atvType,present
42485,evMotor,present
42485,phevBlended,present
42487,fuelType1,present
42487,fuelType2,present
42487,atvType,present
42487,evMotor,present
42487,phevBlended,present
42493,fuelType1,present
42493,fuelType2,present
42493,atvType,present
42493,evMotor,present
42493,phevBlended,present
42494,fuelType1,present
42494,fuelType2,present
42494,atvType,present
42494,evMotor,present
42494,phevBlended,present
42495,fuelType1,present
42495,fuelType2,present
42495,atvType,present
42495,evMotor,present
42495,phevBlended,present
42501,fuelType1,present
42501,fuelType2,present
42501,atvType,present
42501,evMotor,present
42501,phevBlended,present
42502,fuelType1,present
42502,fuelType2,present
42502,atvType,present
42502,evMotor,present
42502,phevBlended,present
42508,fuelType1,present
42508,fuelType2,present
42508,atvType,present
42508,evMotor,present
42508,phevBlended,present
42514,fuelType1,present
42514,fuelType2,present
42514,atvType,present
42514,evMotor,present
42514,phevBlended,present
42515,fuelType1,present
42515,fuelType2,present
42515,atvType,present
42515,evMotor,present
42515,phevBlended,present
42516,fuelType1,present
42516,fuelType2,present
42516,atvType,present
42516,evMotor,present
42516,phevBlended,present
42519,fuelType1,present
42519,fuelType2,present
42519,atvType,present
42519,evMotor,present
42519,phevBlended,present
42521,fuelType1,present
42521,fuelType2,present
42521,atvType,present
42521,evMotor,present
42521,phevBlended,present
42530,fuelType1,present
42530,fuelType2,present
42530,atvType,present
42530,evMotor,present
42530,phevBlended,present
42533,fuelType1,present
42533,fuelType2,present
42533,atvType,present
42533,evMotor,present
42533,phevBlended,present
42534,fuelType1,present
42534,fuelType2,present
42534,atvType,present
42534,evMotor,present
42534,phevBlended,present
42535,fuelType1,present
42535,fuelType2,present
42535,atvType,present
42535,evMotor,present
42535,phevBlended,present
42537,fuelType1,present
42537,fuelType2,present
42537,atvType,present
42537,evMotor,present
42537,phevBlended,present
42554,fuelType1,present
42554,fuelType2,present
42554,atvType,present
42554,evMotor,present
42554,phevBlended,present
42560,fuelType1,present
42560,fuelType2,present
42560,atvType,present
42560,evMotor,present
42560,phevBlended,present
42561,fuelType1,present
42561,fuelType2,present
42561,atvType,present
42561,evMotor,present
42561,phevBlended,present
42562,fuelType1,present
42562,fuelType2,present
42562,atvType,present
42562,evMotor,present
42562,phevBlended,present
42566,fuelType1,present
42566,fuelType2,present
42566,atvType,present
42566,evMotor,present
42566,phevBlended,present
42570,fuelType1,present
42570,fuelType2,present
42570,atvType,present
42570,evMotor,present
42570,phevBlended,present
42575,fuelType1,present
42575,fuelType2,present
42575,atvType,present
42575,evMotor,present
42575,phevBlended,present
42579,fuelType1,present
42579,fuelType2,present
42579,atvType,present
42579,evMotor,present
42579,phevBlended,present
42591,fuelType1,present
42591,fuelType2,present
42591,atvType,present
42591,evMotor,present
42591,phevBlended,present
42603,fuelType1,present
42603,fuelType2,present
42603,atvType,present
42603,evMotor,present
42603,phevBlended,present
42604,fuelType1,present
42604,fuelType2,present
42604,atvType,present
42604,evMotor,present
42604,phevBlended,present
42605,fuelType1,present
42605,fuelType2,present
42605,atvType,present
42605,evMotor,present
42605,phevBlended,present
42606,fuelType1,present
42606,fuelType2,present
42606,atvType,present
42606,evMotor,present
42606,phevBlended,present
42607,fuelType1,present
42607,fuelType2,present
42607,atvType,present
42607,evMotor,present
42607,phevBlended,present
42608,fuelType1,present
42608,fuelType2,present
42608,atvType,present
42608,evMotor,present
42608,phevBlended,present
42610,fuelType1,present
42610,fuelType2,present
42610,atvType,present
42610,evMotor,present
42610,phevBlended,present
42611,fuelType1,present
42611,fuelType2,present
42611,atvType,present
42611,evMotor,present
42611,phevBlended,present
42615,fuelType1,present
42615,fuelType2,present
42615,atvType,present
42615,evMotor,present
42615,phevBlended,present
42616,fuelType1,present
42616,fuelType2,present
42616,atvType,present
42616,evMotor,present
42616,phevBlended,present
42619,fuelType1,present
42619,fuelType2,present
42619,atvType,present
42619,evMotor,present
42619,phevBlended,present
42621,fuelType1,present
42621,fuelType2,present
42621,atvType,present
42621,evMotor,present
42621,phevBlended,present
42622,fuelType1,present
42622,fuelType2,present
42622,atvType,present
42622,evMotor,present
42622,phevBlended,present
42623,fuelType1,present
42623,fuelType2,present
42623,atvType,present
42623,evMotor,present
42623,phevBlended,present
42624,fuelType1,present
42624,fuelType2,present
42624,atvType,present
42624,evMotor,present
42624,phevBlended,present
42625,fuelType1,present
42625,fuelType2,present
42625,atvType,present
42625,evMotor,present
42625,phevBlended,present
42626,fuelType1,present
42626,fuelType2,present
42626,atvType,present
42626,evMotor,present
42626,phevBlended,present
42628,fuelType1,present
42628,fuelType2,present
42628,atvType,present
42628,evMotor,present
42628,phevBlended,present
42634,fuelType1,present
42634,fuelType2,present
42634,atvType,present
42634,evMotor,present
42634,phevBlended,present
42635,fuelType1,present
42635,fuelType2,present
42635,atvType,present
42635,evMotor,present
42635,phevBlended,present
42636,fuelType1,present
42636,fuelType2,present
42636,atvType,present
42636,evMotor,present
42636,phevBlended,present
42637,fuelType1,present
42637,fuelType2,present
42637,atvType,present
42637,evMotor,present
42637,phevBlended,present
42639,fuelType1,present
42639,fuelType2,present
42639,atvType,present
42639,evMotor,present
42639,phevBlended,present
42643,fuelType1,present
42643,fuelType2,present
42643,atvType,present
42643,evMotor,present
42643,phevBlended,present
42646,fuelType1,present
42646,fuelType2,present
42646,atvType,present
42646,evMotor,present
42646,phevBlended,present
42648,fuelType1,present
42648,fuelType2,present
42648,atvType,present
42648,evMotor,present
42648,phevBlended,present
42649,fuelType1,present
42649,fuelType2,present
42649,atvType,present
42649,evMotor,present
42649,phevBlended,present
42650,fuelType1,present
42650,fuelType2,present
42650,atvType,present
42650,evMotor,present
42650,phevBlended,present
42652,fuelType1,present
42652,fuelType2,present
42652,atvType,present
42652,evMotor,present
42652,phevBlended,present
42669,fuelType1,present
42669,fuelType2,present
42669,atvType,present
42669,evMotor,present
42669,phevBlended,present
42670,fuelType1,present
42670,fuelType2,present
42670,atvType,present
42670,evMotor,present
42670,phevBlended,present
42671,fuelType1,present
42671,fuelType2,present
42671,atvType,present
42671,evMotor,present
42671,phevBlended,present
42672,fuelType1,present
42672,fuelType2,present
42672,atvType,present
42672,evMotor,present
42672,phevBlended,present
42673,fuelType1,present
42673,fuelType2,present
42673,atvType,present
42673,evMotor,present
42673,phevBlended,present
42678,fuelType1,present
42678,fuelType2,present
42678,atvType,present
42678,evMotor,present
42678,phevBlended,present
42680,fuelType1,present
42680,fuelType2,present
42680,atvType,present
42680,evMotor,present
42680,phevBlended,present
42682,fuelType1,present
42682,fuelType2,present
42682,atvType,present
42682,evMotor,present
42682,phevBlended,present
42686,fuelType1,present
42686,fuelType2,present
42686,atvType,present
42686,evMotor,present
42686,phevBlended,present
42687,fuelType1,present
42687,fuelType2,present
42687,atvType,present
42687,evMotor,present
42687,phevBlended,present
42688,fuelType1,present
42688,fuelType2,present
42688,atvType,present
42688,evMotor,present
42688,phevBlended,present
42690,fuelType1,present
42690,fuelType2,present
42690,atvType,present
42690,evMotor,present
42690,phevBlended,present
42695,fuelType1,present
42695,fuelType2,present
42695,atvType,present
42695,evMotor,present
42695,phevBlended,present
42696,fuelType1,present
42696,fuelType2,present
42696,atvType,present
42696,evMotor,present
42696,phevBlended,present
42698,fuelType1,present
42698,fuelType2,present
42698,atvType,present
42698,evMotor,present
42698,phevBlended,present
42702,fuelType1,present
42702,fuelType2,present
42702,atvType,present
42702,evMotor,present
42702,phevBlended,present
42703,fuelType1,present
42703,fuelType2,present
42703,atvType,present
42703,evMotor,present
42703,phevBlended,present
42706,fuelType1,present
42706,fuelType2,present
42706,atvType,present
42706,evMotor,present
42706,phevBlended,present
42707,fuelType1,present
42707,fuelType2,present
42707,atvType,present
42707,evMotor,present
42707,phevBlended,present
42709,fuelType1,present
42709,fuelType2,present
42709,atvType,present
42709,evMotor,present
42709,phevBlended,present
42710,fuelType1,present
42710,fuelType2,present
42710,atvType,present
42710,evMotor,present
42710,phevBlended,present
42711,fuelType1,present
42711,fuelType2,present
42711,atvType,present
42711,evMotor,present
42711,phevBlended,present
42712,fuelType1,present
42712,fuelType2,present
42712,atvType,present
42712,evMotor,present
42712,phevBlended,present
42713,fuelType1,present
42713,fuelType2,present
42713,atvType,present
42713,evMotor,present
42713,phevBlended,present
42714,fuelType1,present
42714,fuelType2,present
42714,atvType,present
42714,evMotor,present
42714,phevBlended,present
42715,fuelType1,present
42715,fuelType2,present
42715,atvType,present
42715,evMotor,present
42715,phevBlended,present
42716,fuelType1,present
42716,fuelType2,present
42716,atvType,present
42716,evMotor,present
42716,phevBlended,present
42717,fuelType1,present
42717,fuelType2,present
42717,atvType,present
42717,evMotor,present
42717,phevBlended,present
42719,fuelType1,present
42719,fuelType2,present
42719,atvType,present
42719,evMotor,present
42719,phevBlended,present
42737,fuelType1,present
42737,fuelType2,present
42737,atvType,present
42737,evMotor,present
42737,phevBlended,present
42738,fuelType1,present
42738,fuelType2,present
42738,atvType,present
42738,evMotor,present
42738,phevBlended,present
42744,fuelType1,present
42744,fuelType2,present
42744,atvType,present
42744,evMotor,present
42744,phevBlended,present
42753,fuelType1,present
42753,fuelType2,present
42753,atvType,present
42753,evMotor,present
42753,phevBlended,present
42754,fuelType1,present
42754,fuelType2,present
42754,atvType,present
42754,evMotor,present
42754,phevBlended,present
42755,fuelType1,present
42755,fuelType2,present
42755,atvType,present
42755,evMotor,present
42755,phevBlended,present
42761,fuelType1,present
42761,fuelType2,present
42761,atvType,present
42761,evMotor,present
42761,phevBlended,present
42762,fuelType1,present
42762,fuelType2,present
42762,atvType,present
42762,evMotor,present
42762,phevBlended,present
42763,fuelType1,present
42763,fuelType2,present
42763,atvType,present
42763,evMotor,present
42763,phevBlended,present
42764,fuelType1,present
42764,fuelType2,present
42764,atvType,present
42764,evMotor,present
42764,phevBlended,present
42765,fuelType1,present
42765,fuelType2,present
42765,atvType,present
42765,evMotor,present
42765,phevBlended,present
42766,fuelType1,present
42766,fuelType2,present
42766,atvType,present
42766,evMotor,present
42766,phevBlended,present
42767,fuelType1,present
42767,fuelType2,present
42767,atvType,present
42767,evMotor,present
42767,phevBlended,present
42768,fuelType1,present
42768,fuelType2,present
42768,atvType,present
42768,evMotor,present
42768,phevBlended,present
42769,fuelType1,present
42769,fuelType2,present
42769,atvType,present
42769,evMotor,present
42769,phevBlended,present
42770,fuelType1,present
42770,fuelType2,present
42770,atvType,present
42770,evMotor,present
42770,phevBlended,present
42771,fuelType1,present
42771,fuelType2,present
42771,atvType,present
42771,evMotor,present
42771,phevBlended,present
42772,fuelType1,present
42772,fuelType2,present
42772,atvType,present
42772,evMotor,present
42772,phevBlended,present
42773,fuelType1,present
42773,fuelType2,present
42773,atvType,present
42773,evMotor,present
42773,phevBlended,present
42776,fuelType1,present
42776,fuelType2,present
42776,atvType,present
42776,evMotor,present
42776,phevBlended,present
42783,fuelType1,present
42783,fuelType2,present
42783,atvType,present
42783,evMotor,present
42783,phevBlended,present
42789,fuelType1,present
42789,fuelType2,present
42789,atvType,present
42789,evMotor,present
42789,phevBlended,present
42792,fuelType1,present
42792,fuelType2,present
42792,atvType,present
42792,evMotor,present
42792,phevBlended,present
42798,fuelType1,present
42798,fuelType2,present
42798,atvType,present
42798,evMotor,present
42798,phevBlended,present
42799,fuelType1,present
42799,fuelType2,present
42799,atvType,present
42799,evMotor,present
42799,phevBlended,present
42800,fuelType1,present
42800,fuelType2,present
42800,atvType,present
42800,evMotor,present
42800,phevBlended,present
42801,fuelType1,present
42801,fuelType2,present
42801,atvType,present
42801,evMotor,present
42801,phevBlended,present
42802,fuelType1,present
42802,fuelType2,present
42802,atvType,present
42802,evMotor,present
42802,phevBlended,present
42803,fuelType1,present
42803,fuelType2,present
42803,atvType,present
42803,evMotor,present
42803,phevBlended,present
42805,fuelType1,present
42805,fuelType2,present
42805,atvType,present
42805,evMotor,present
42805,phevBlended,present
42813,fuelType1,present
42813,fuelType2,present
42813,atvType,present
42813,evMotor,present
42813,phevBlended,present
42815,fuelType1,present
42815,fuelType2,present
42815,atvType,present
42815,evMotor,present
42815,phevBlended,present
42816,fuelType1,present
42816,fuelType2,present
42816,atvType,present
42816,evMotor,present
42816,phevBlended,present
42820,fuelType1,present
42820,fuelType2,present
42820,atvType,present
42820,evMotor,present
42820,phevBlended,present
42821,fuelType1,present
42821,fuelType2,present
42821,atvType,present
42821,evMotor,present
42821,phevBlended,present
42822,fuelType1,present
42822,fuelType2,present
42822,atvType,present
42822,evMotor,present
42822,phevBlended,present
42825,fuelType1,present
42825,fuelType2,present
42825,atvType,present
42825,evMotor,present
42825,phevBlended,present
42827,fuelType1,present
42827,fuelType2,present
42827,atvType,present
42827,evMotor,present
42827,phevBlended,present
42828,fuelType1,present
42828,fuelType2,present
42828,atvType,present
42828,evMotor,present
42828,phevBlended,present
42831,fuelType1,present
42831,fuelType2,present
42831,atvType,present
42831,evMotor,present
42831,phevBlended,present
42832,fuelType1,present
42832,fuelType2,present
42832,atvType,present
42832,evMotor,present
42832,phevBlended,present
42834,fuelType1,present
42834,fuelType2,present
42834,atvType,present
42834,evMotor,present
42834,phevBlended,present
42839,fuelType1,present
42839,fuelType2,present
42839,atvType,present
42839,evMotor,present
42839,phevBlended,present
42841,fuelType1,present
42841,fuelType2,present
42841,atvType,present
42841,evMotor,present
42841,phevBlended,present
42842,fuelType1,present
42842,fuelType2,present
42842,atvType,present
42842,evMotor,present
42842,phevBlended,present
42843,fuelType1,present
42843,fuelType2,present
42843,atvType,present
42843,evMotor,present
42843,phevBlended,present
42846,fuelType1,present
42846,fuelType2,present
42846,atvType,present
42846,evMotor,present
42846,phevBlended,present
42847,fuelType1,present
42847,fuelType2,present
42847,atvType,present
42847,evMotor,present
42847,phevBlended,present
42857,fuelType1,present
42857,fuelType2,present
42857,atvType,present
42857,evMotor,present
42857,phevBlended,present
42858,fuelType1,present
42858,fuelType2,present
42858,atvType,present
42858,evMotor,present
42858,phevBlended,present
42859,fuelType1,present
42859,fuelType2,present
42859,atvType,present
42859,evMotor,present
42859,phevBlended,present
42866,fuelType1,present
42866,fuelType2,present
42866,atvType,present
42866,evMotor,present
42866,phevBlended,present
42874,fuelType1,present
42874,fuelType2,present
42874,atvType,present
42874,evMotor,present
42874,phevBlended,present
42892,fuelType1,present
42892,fuelType2,present
42892,atvType,present
42892,evMotor,present
42892,phevBlended,present
42906,fuelType1,present
42906,fuelType2,present
42906,atvType,present
42906,evMotor,present
42906,phevBlended,present
42908,fuelType1,present
42908,fuelType2,present
42908,atvType,present
42908,evMotor,present
42908,phevBlended,present
42909,fuelType1,present
42909,fuelType2,present
42909,atvType,present
42909,evMotor,present
42909,phevBlended,present
42911,fuelType1,present
42911,fuelType2,present
42911,atvType,present
42911,evMotor,present
42911,phevBlended,present
42916,fuelType1,present
42916,fuelType2,present
42916,atvType,present
42916,evMotor,present
42916,phevBlended,present
42917,fuelType1,present
42917,fuelType2,present
42917,atvType,present
42917,evMotor,present
42917,phevBlended,present
42924,fuelType1,present
42924,fuelType2,present
42924,atvType,present
42924,evMotor,present
42924,phevBlended,present
42926,fuelType1,present
42926,fuelType2,present
42926,atvType,present
42926,evMotor,present
42926,phevBlended,present
42927,fuelType1,present
42927,fuelType2,present
42927,atvType,present
42927,evMotor,present
42927,phevBlended,present
42928,fuelType1,present
42928,fuelType2,present
42928,atvType,present
42928,evMotor,present
42928,phevBlended,present
42929,fuelType1,present
42929,fuelType2,present
42929,atvType,present
42929,evMotor,present
42929,phevBlended,present
42938,fuelType1,present
42938,fuelType2,present
42938,atvType,present
42938,evMotor,present
42938,phevBlended,present
42941,fuelType1,present
42941,fuelType2,present
42941,atvType,present
42941,evMotor,present
42941,phevBlended,present
42948,fuelType1,present
42948,fuelType2,present
42948,atvType,present
42948,evMotor,present
42948,phevBlended,present
42949,fuelType1,present
42949,fuelType2,present
42949,atvType,present
42949,evMotor,present
42949,phevBlended,present
42953,fuelType1,present
42953,fuelType2,present
42953,atvType,present
42953,evMotor,present
42953,phevBlended,present
42958,fuelType1,present
42958,fuelType2,present
42958,atvType,present
42958,evMotor,present
42958,phevBlended,present
42968,fuelType1,present
42968,fuelType2,present
42968,atvType,present
42968,evMotor,present
42968,phevBlended,present
42969,fuelType1,present
42969,fuelType2,present
42969,atvType,present
42969,evMotor,present
42969,phevBlended,present
42975,fuelType1,present
42975,fuelType2,present
42975,atvType,present
42975,evMotor,present
42975,phevBlended,present
42977,fuelType1,present
42977,fuelType2,present
42977,atvType,present
42977,evMotor,present
42977,phevBlended,present
42986,fuelType1,present
42986,fuelType2,present
42986,atvType,present
42986,evMotor,present
42986,phevBlended,present
42987,fuelType1,present
42987,fuelType2,present
42987,atvType,present
42987,evMotor,present
42987,phevBlended,present
42990,fuelType1,present
42990,fuelType2,present
42990,atvType,present
42990,evMotor,present
42990,phevBlended,present
42991,fuelType1,present
42991,fuelType2,present
42991,atvType,present
42991,evMotor,present
42991,phevBlended,present
42992,fuelType1,present
42992,fuelType2,present
42992,atvType,present
42992,evMotor,present
42992,phevBlended,present
42993,fuelType1,present
42993,fuelType2,present
42993,atvType,present
42993,evMotor,present
42993,phevBlended,present
42995,fuelType1,present
42995,fuelType2,present
42995,atvType,present
42995,evMotor,present
42995,phevBlended,present
42997,fuelType1,present
42997,fuelType2,present
42997,atvType,present
42997,evMotor,present
42997,phevBlended,present
43006,fuelType1,present
43006,fuelType2,present
43006,atvType,present
43006,evMotor,present
43006,phevBlended,present
43007,fuelType1,present
43007,fuelType2,present
43007,atvType,present
43007,evMotor,present
43007,phevBlended,present
43008,fuelType1,present
43008,fuelType2,present
43008,atvType,present
43008,evMotor,present
43008,phevBlended,present
43009,fuelType1,present
43009,fuelType2,present
43009,atvType,present
43009,evMotor,present
43009,phevBlended,present
43012,fuelType1,present
43012,fuelType2,present
43012,atvType,present
43012,evMotor,present
43012,phevBlended,present
43013,fuelType1,present
43013,fuelType2,present
43013,atvType,present
43013,evMotor,present
43013,phevBlended,present
43014,fuelType1,present
43014,fuelType2,present
43014,atvType,present
43014,evMotor,present
43014,phevBlended,present
43015,fuelType1,present
43015,fuelType2,present
43015,atvType,present
43015,evMotor,present
43015,phevBlended,present
43016,fuelType1,present
43016,fuelType2,present
43016,atvType,present
43016,evMotor,present
43016,phevBlended,present
43017,fuelType1,present
43017,fuelType2,present
43017,atvType,present
43017,evMotor,present
43017,phevBlended,present
43020,fuelType1,present
43020,fuelType2,present
43020,atvType,present
43020,evMotor,present
43020,phevBlended,present
43023,fuelType1,present
43023,fuelType2,present
43023,atvType,present
43023,evMotor,present
43023,phevBlended,present
43027,fuelType1,present
43027,fuelType2,present
43027,atvType,present
43027,evMotor,present
43027,phevBlended,present
43029,fuelType1,present
43029,fuelType2,present
43029,atvType,present
43029,evMotor,present
43029,phevBlended,present
43030,fuelType1,present
43030,fuelType2,present
43030,atvType,present
43030,evMotor,present
43030,phevBlended,present
43041,fuelType1,present
43041,fuelType2,present
43041,atvType,present
43041,evMotor,present
43041,phevBlended,present
43042,fuelType1,present
43042,fuelType2,present
43042,atvType,present
43042,evMotor,present
43042,phevBlended,present
43043,fuelType1,present
43043,fuelType2,present
43043,atvType,present
43043,evMotor,present
43043,phevBlended,present
43046,fuelType1,present
43046,fuelType2,present
43046,atvType,present
43046,evMotor,present
43046,phevBlended,present
43047,fuelType1,present
43047,fuelType2,present
43047,atvType,present
43047,evMotor,present
43047,phevBlended,present
43048,fuelType1,present
43048,fuelType2,present
43048,atvType,present
43048,evMotor,present
43048,phevBlended,present
43049,fuelType1,present
43049,fuelType2,present
43049,atvType,present
43049,evMotor,present
43049,phevBlended,present
43050,fuelType1,present
43050,fuelType2,present
43050,atvType,present
43050,evMotor,present
43050,phevBlended,present
43051,fuelType1,present
43051,fuelType2,present
43051,atvType,present
43051,evMotor,present
43051,phevBlended,present
43052,fuelType1,present
43052,fuelType2,present
43052,atvType,present
43052,evMotor,present
43052,phevBlended,present
43053,fuelType1,present
43053,fuelType2,present
43053,atvType,present
43053,evMotor,present
43053,phevBlended,present
43055,fuelType1,present
43055,fuelType2,present
43055,atvType,present
43055,evMotor,present
43055,phevBlended,present
43056,fuelType1,present
43056,fuelType2,present
43056,atvType,present
43056,evMotor,present
43056,phevBlended,present
43057,fuelType1,present
43057,fuelType2,present
43057,atvType,present
43057,evMotor,present
43057,phevBlended,present
43061,fuelType1,present
43061,fuelType2,present
43061,atvType,present
43061,evMotor,present
43061,phevBlended,present
43071,fuelType1,present
43071,fuelType2,present
43071,atvType,present
43071,evMotor,present
43071,phevBlended,present
43077,fuelType1,present
43077,fuelType2,present
43077,atvType,present
43077,evMotor,present
43077,phevBlended,present
43127,fuelType1,present
43127,fuelType2,present
43127,atvType,present
43127,evMotor,present
43127,phevBlended,present
43132,fuelType1,present
43132,fuelType2,present
43132,atvType,present
43132,evMotor,present
43132,phevBlended,present
43133,fuelType1,present
43133,fuelType2,present
43133,atvType,present
43133,evMotor,present
43133,phevBlended,present
43134,fuelType1,present
43134,fuelType2,present
43134,atvType,present
43134,evMotor,present
43134,phevBlended,present
43137,fuelType1,present
43137,fuelType2,present
43137,atvType,present
43137,evMotor,present
43137,phevBlended,present
43143,fuelType1,present
43143,fuelType2,present
43143,atvType,present
43143,evMotor,present
43143,phevBlended,present
43144,fuelType1,present
43144,fuelType2,present
43144,atvType,present
43144,evMotor,present
43144,phevBlended,present
43145,fuelType1,present
43145,fuelType2,present
43145,atvType,present
43145,evMotor,present
43145,phevBlended,present
43147,fuelType1,present
43147,fuelType2,present
43147,atvType,present
43147,evMotor,present
43147,phevBlended,present
43149,fuelType1,present
43149,fuelType2,present
43149,atvType,present
43149,evMotor,present
43149,phevBlended,present
43151,fuelType1,present
43151,fuelType2,present
43151,atvType,present
43151,evMotor,present
43151,phevBlended,present
43153,fuelType1,present
43153,fuelType2,present
43153,atvType,present
43153,evMotor,present
43153,phevBlended,present
43158,fuelType1,present
43158,fuelType2,present
43158,atvType,present
43158,evMotor,present
43158,phevBlended,present
43162,fuelType1,present
43162,fuelType2,present
43162,atvType,present
43162,evMotor,present
43162,phevBlended,present
43163,fuelType1,present
43163,fuelType2,present
43163,atvType,present
43163,evMotor,present
43163,phevBlended,present
43164,fuelType1,present
43164,fuelType2,present
43164,atvType,present
43164,evMotor,present
43164,phevBlended,present
43166,fuelType1,present
43166,fuelType2,present
43166,atvType,present
43166,evMotor,present
43166,phevBlended,present
43167,fuelType1,present
43167,fuelType2,present
43167,atvType,present
43167,evMotor,present
43167,phevBlended,present
43168,fuelType1,present
43168,fuelType2,present
43168,atvType,present
43168,evMotor,present
43168,phevBlended,present
43171,fuelType1,present
43171,fuelType2,present
43171,atvType,present
43171,evMotor,present
43171,phevBlended,present
43172,fuelType1,present
43172,fuelType2,present
43172,atvType,present
43172,evMotor,present
43172,phevBlended,present
43173,fuelType1,present
43173,fuelType2,present
43173,atvType,present
43173,evMotor,present
43173,phevBlended,present
43176,fuelType1,present
43176,fuelType2,present
43176,atvType,present
43176,evMotor,present
43176,phevBlended,present
43177,fuelType1,present
43177,fuelType2,present
43177,atvType,present
43177,evMotor,present
43177,phevBlended,present
43178,fuelType1,present
43178,fuelType2,present
43178,atvType,present
43178,evMotor,present
43178,phevBlended,present
43179,fuelType1,present
43179,fuelType2,present
43179,atvType,present
43179,evMotor,present
43179,phevBlended,present
43180,fuelType1,present
43180,fuelType2,present
43180,atvType,present
43180,evMotor,present
43180,phevBlended,present
43182,fuelType1,present
43182,fuelType2,present
43182,atvType,present
43182,evMotor,present
43182,phevBlended,present
43183,fuelType1,present
43183,fuelType2,present
43183,atvType,present
43183,evMotor,present
43183,phevBlended,present
43184,fuelType1,present
43184,fuelType2,present
43184,atvType,present
43184,evMotor,present
43184,phevBlended,present
43200,fuelType1,present
43200,fuelType2,present
43200,atvType,present
43200,evMotor,present
43200,phevBlended,present
43201,fuelType1,present
43201,fuelType2,present
43201,atvType,present
43201,evMotor,present
43201,phevBlended,present
43202,fuelType1,present
43202,fuelType2,present
43202,atvType,present
43202,evMotor,present
43202,phevBlended,present
43203,fuelType1,present
43203,fuelType2,present
43203,atvType,present
43203,evMotor,present
43203,phevBlended,present
43205,fuelType1,present
43205,fuelType2,present
43205,atvType,present
43205,evMotor,present
43205,phevBlended,present
43207,fuelType1,present
43207,fuelType2,present
43207,atvType,present
43207,evMotor,present
43207,phevBlended,present
43208,fuelType1,present
43208,fuelType2,present
43208,atvType,present
43208,evMotor,present
43208,phevBlended,present
43209,fuelType1,present
43209,fuelType2,present
43209,atvType,present
43209,evMotor,present
43209,phevBlended,present
43210,fuelType1,present
43210,fuelType2,present
43210,atvType,present
43210,evMotor,present
43210,phevBlended,present
43212,fuelType1,present
43212,fuelType2,present
43212,atvType,present
43212,evMotor,present
43212,phevBlended,present
43214,fuelType1,present
43214,fuelType2,present
43214,atvType,present
43214,evMotor,present
43214,phevBlended,present
43215,fuelType1,present
43215,fuelType2,present
43215,atvType,present
43215,evMotor,present
43215,phevBlended,present
43224,fuelType1,present
43224,fuelType2,present
43224,atvType,present
43224,evMotor,present
43224,phevBlended,present
43225,fuelType1,present
43225,fuelType2,present
43225,atvType,present
43225,evMotor,present
43225,phevBlended,present
43229,fuelType1,present
43229,fuelType2,present
43229,atvType,present
43229,evMotor,present
43229,phevBlended,present
43231,fuelType1,present
43231,fuelType2,present
43231,atvType,present
43231,evMotor,present
43231,phevBlended,present
43233,fuelType1,present
43233,fuelType2,present
43233,atvType,present
43233,evMotor,present
43233,phevBlended,present
43235,fuelType1,present
43235,fuelType2,present
43235,atvType,present
43235,evMotor,present
43235,phevBlended,present
43237,fuelType1,present
43237,fuelType2,present
43237,atvType,present
43237,evMotor,present
43237,phevBlended,present
43240,fuelType1,present
43240,fuelType2,present
43240,atvType,present
43240,evMotor,present
43240,phevBlended,present
43241,fuelType1,present
43241,fuelType2,present
43241,atvType,present
43241,evMotor,present
43241,phevBlended,present
43248,fuelType1,present
43248,fuelType2,present
43248,atvType,present
43248,evMotor,present
43248,phevBlended,present
43250,fuelType1,present
43250,fuelType2,present
43250,atvType,present
43250,evMotor,present
43250,phevBlended,present
43251,fuelType1,present
43251,fuelType2,present
43251,atvType,present
43251,evMotor,present
43251,phevBlended,present
43253,fuelType1,present
43253,fuelType2,present
43253,atvType,present
43253,evMotor,present
43253,phevBlended,present
43257,fuelType1,present
43257,fuelType2,present
43257,atvType,present
43257,evMotor,present
43257,phevBlended,present
43260,fuelType1,present
43260,fuelType2,present
43260,atvType,present
43260,evMotor,present
43260,phevBlended,present
43264,fuelType1,present
43264,fuelType2,present
43264,atvType,present
43264,evMotor,present
43264,phevBlended,present
43265,fuelType1,present
43265,fuelType2,present
43265,atvType,present
43265,evMotor,present
43265,phevBlended,present
43269,fuelType1,present
43269,fuelType2,present
43269,atvType,present
43269,evMotor,present
43269,phevBlended,present
43272,fuelType1,present
43272,fuelType2,present
43272,atvType,present
43272,evMotor,present
43272,phevBlended,present
43273,fuelType1,present
43273,fuelType2,present
43273,atvType,present
43273,evMotor,present
43273,phevBlended,present
43275,fuelType1,present
43275,fuelType2,present
43275,atvType,present
43275,evMotor,present
43275,phevBlended,present
43281,fuelType1,present
43281,fuelType2,present
43281,atvType,present
43281,evMotor,present
43281,phevBlended,present
43282,fuelType1,present
43282,fuelType2,present
43282,atvType,present
43282,evMotor,present
43282,phevBlended,present
43286,fuelType1,present
43286,fuelType2,present
43286,atvType,present
43286,evMotor,present
43286,phevBlended,present
43287,fuelType1,present
43287,fuelType2,present
43287,atvType,present
43287,evMotor,present
43287,phevBlended,present
43293,fuelType1,present
43293,fuelType2,present
43293,atvType,present
43293,evMotor,present
43293,phevBlended,present
43294,fuelType1,present
43294,fuelType2,present
43294,atvType,present
43294,evMotor,present
43294,phevBlended,present
43295,fuelType1,present
43295,fuelType2,present
43295,atvType,present
43295,evMotor,present
43295,phevBlended,present
43296,fuelType1,present
43296,fuelType2,present
43296,atvType,present
43296,evMotor,present
43296,phevBlended,present
43297,fuelType1,present
43297,fuelType2,present
43297,atvType,present
43297,evMotor,present
43297,phevBlended,present
43298,fuelType1,present
43298,fuelType2,present
43298,atvType,present
43298,evMotor,present
43298,phevBlended,present
43299,fuelType1,present
43299,fuelType2,present
43299,atvType,present
43299,evMotor,present
43299,phevBlended,present
43304,fuelType1,present
43304,fuelType2,present
43304,atvType,present
43304,evMotor,present
43304,phevBlended,present
43306,fuelType1,present
43306,fuelType2,present
43306,atvType,present
43306,evMotor,present
43306,phevBlended,present
43308,fuelType1,present
43308,fuelType2,present
43308,atvType,present
43308,evMotor,present
43308,phevBlended,present
43316,fuelType1,present
43316,fuelType2,present
43316,atvType,present
43316,evMotor,present
43316,phevBlended,present
43317,fuelType1,present
43317,fuelType2,present
43317,atvType,present
43317,evMotor,present
43317,phevBlended,present
43318,fuelType1,present
43318,fuelType2,present
43318,atvType,present
43318,evMotor,present
43318,phevBlended,present
43319,fuelType1,present
43319,fuelType2,present
43319,atvType,present
43319,evMotor,present
43319,phevBlended,present
43322,fuelType1,present
43322,fuelType2,present
43322,atvType,present
43322,evMotor,present
43322,phevBlended,present
43326,fuelType1,present
43326,fuelType2,present
43326,atvType,present
43326,evMotor,present
43326,phevBlended,present
43328,fuelType1,present
43328,fuelType2,present
43328,atvType,present
43328,evMotor,present
43328,phevBlended,present
43330,fuelType1,present
43330,fuelType2,present
43330,atvType,present
43330,evMotor,present
43330,phevBlended,present
43351,fuelType1,present
43351,fuelType2,present
43351,atvType,present
43351,evMotor,present
43351,phevBlended,present
43352,fuelType1,present
43352,fuelType2,present
43352,atvType,present
43352,evMotor,present
43352,phevBlended,present
43353,fuelType1,present
43353,fuelType2,present
43353,atvType,present
43353,evMotor,present
43353,phevBlended,present
43364,fuelType1,present
43364,fuelType2,present
43364,atvType,present
43364,evMotor,present
43364,phevBlended,present
43367,fuelType1,present
43367,fuelType2,present
43367,atvType,present
43367,evMotor,present
43367,phevBlended,present
43368,fuelType1,present
43368,fuelType2,present
43368,atvType,present
43368,evMotor,present
43368,phevBlended,present
43372,fuelType1,present
43372,fuelType2,present
43372,atvType,present
43372,evMotor,present
43372,phevBlended,present
43373,fuelType1,present
43373,fuelType2,present
43373,atvType,present
43373,evMotor,present
43373,phevBlended,present
43375,fuelType1,present
43375,fuelType2,present
43375,atvType,present
43375,evMotor,present
43375,phevBlended,present
43379,fuelType1,present
43379,fuelType2,present
43379,atvType,present
43379,evMotor,present
43379,phevBlended,present
43386,fuelType1,present
43386,fuelType2,present
43386,atvType,present
43386,evMotor,present
43386,phevBlended,present
43387,fuelType1,present
43387,fuelType2,present
43387,atvType,present
43387,evMotor,present
43387,phevBlended,present
43388,fuelType1,present
43388,fuelType2,present
43388,atvType,present
43388,evMotor,present
43388,phevBlended,present
43389,fuelType1,present
43389,fuelType2,present
43389,atvType,present
43389,evMotor,present
43389,phevBlended,present
43390,fuelType1,present
43390,fuelType2,present
43390,atvType,present
43390,evMotor,present
43390,phevBlended,present
43394,fuelType1,present
43394,fuelType2,present
43394,atvType,present
43394,evMotor,present
43394,phevBlended,present
43399,fuelType1,present
43399,fuelType2,present
43399,atvType,present
43399,evMotor,present
43399,phevBlended,present
43401,fuelType1,present
43401,fuelType2,present
43401,atvType,present
43401,evMotor,present
43401,phevBlended,present
43402,fuelType1,present
43402,fuelType2,present
43402,atvType,present
43402,evMotor,present
43402,phevBlended,present
43404,fuelType1,present
43404,fuelType2,present
43404,atvType,present
43404,evMotor,present
43404,phevBlended,present
43405,fuelType1,present
43405,fuelType2,present
43405,atvType,present
43405,evMotor,present
43405,phevBlended,present
43406,fuelType1,present
43406,fuelType2,present
43406,atvType,present
43406,evMotor,present
43406,phevBlended,present
43409,fuelType1,present
43409,fuelType2,present
43409,atvType,present
43409,evMotor,present
43409,phevBlended,present
43410,fuelType1,present
43410,fuelType2,present
43410,atvType,present
43410,evMotor,present
43410,phevBlended,present
43411,fuelType1,present
43411,fuelType2,present
43411,atvType,present
43411,evMotor,present
43411,phevBlended,present
43412,fuelType1,present
43412,fuelType2,present
43412,atvType,present
43412,evMotor,present
43412,phevBlended,present
43414,fuelType1,present
43414,fuelType2,present
43414,atvType,present
43414,evMotor,present
43414,phevBlended,present
43415,fuelType1,present
43415,fuelType2,present
43415,atvType,present
43415,evMotor,present
43415,phevBlended,present
43417,fuelType1,present
43417,fuelType2,present
43417,atvType,present
43417,evMotor,present
43417,phevBlended,present
43418,fuelType1,present
43418,fuelType2,present
43418,atvType,present
43418,evMotor,present
43418,phevBlended,present
43419,fuelType1,present
43419,fuelType2,present
43419,atvType,present
43419,evMotor,present
43419,phevBlended,present
43426,fuelType1,present
43426,fuelType2,present
43426,atvType,present
43426,evMotor,present
43426,phevBlended,present
43427,fuelType1,present
43427,fuelType2,present
43427,atvType,present
43427,evMotor,present
43427,phevBlended,present
43431,fuelType1,present
43431,fuelType2,present
43431,atvType,present
43431,evMotor,present
43431,phevBlended,present
43441,fuelType1,present
43441,fuelType2,present
43441,atvType,present
43441,evMotor,present
43441,phevBlended,present
43442,fuelType1,present
43442,fuelType2,present
43442,atvType,present
43442,evMotor,present
43442,phevBlended,present
43443,fuelType1,present
43443,fuelType2,present
43443,atvType,present
43443,evMotor,present
43443,phevBlended,present
43446,fuelType1,present
43446,fuelType2,present
43446,atvType,present
43446,evMotor,present
43446,phevBlended,present
43447,fuelType1,present
43447,fuelType2,present
43447,atvType,present
43447,evMotor,present
43447,phevBlended,present
43448,fuelType1,present
43448,fuelType2,present
43448,atvType,present
43448,evMotor,present
43448,phevBlended,present
43449,fuelType1,present
43449,fuelType2,present
43449,atvType,present
43449,evMotor,present
43449,phevBlended,present
43450,fuelType1,present
43450,fuelType2,present
43450,atvType,present
43450,evMotor,present
43450,phevBlended,present
43453,fuelType1,present
43453,fuelType2,present
43453,atvType,present
43453,evMotor,present
43453,phevBlended,present
43454,fuelType1,present
43454,fuelType2,present
43454,atvType,present
43454,evMotor,present
43454,phevBlended,present
43468,fuelType1,present
43468,fuelType2,present
43468,atvType,present
43468,evMotor,present
43468,phevBlended,present
43469,fuelType1,present
43469,fuelType2,present
43469,atvType,present
43469,evMotor,present
43469,phevBlended,present
43473,fuelType1,present
43473,fuelType2,present
43473,atvType,present
43473,evMotor,present
43473,phevBlended,present
43474,fuelType1,present
43474,fuelType2,present
43474,atvType,present
43474,evMotor,present
43474,phevBlended,present
43476,fuelType1,present
43476,fuelType2,present
43476,atvType,present
43476,evMotor,present
43476,phevBlended,present
43477,fuelType1,present
43477,fuelType2,present
43477,atvType,present
43477,evMotor,present
43477,phevBlended,present
43478,fuelType1,present
43478,fuelType2,present
43478,atvType,present
43478,evMotor,present
43478,phevBlended,present
43479,fuelType1,present
43479,fuelType2,present
43479,atvType,present
43479,evMotor,present
43479,phevBlended,present
43483,fuelType1,present
43483,fuelType2,present
43483,atvType,present
43483,evMotor,present
43483,phevBlended,present
43484,fuelType1,present
43484,fuelType2,present
43484,atvType,present
43484,evMotor,present
43484,phevBlended,present
43485,fuelType1,present
43485,fuelType2,present
43485,atvType,present
43485,evMotor,present
43485,phevBlended,present
43486,fuelType1,present
43486,fuelType2,present
43486,atvType,present
43486,evMotor,present
43486,phevBlended,present
43487,fuelType1,present
43487,fuelType2,present
43487,atvType,present
43487,evMotor,present
43487,phevBlended,present
43491,fuelType1,present
43491,fuelType2,present
43491,atvType,present
43491,evMotor,present
43491,phevBlended,present
43492,fuelType1,present
43492,fuelType2,present
43492,atvType,present
43492,evMotor,present
43492,phevBlended,present
43493,fuelType1,present
43493,fuelType2,present
43493,atvType,present
43493,evMotor,present
43493,phevBlended,present
43495,fuelType1,present
43495,fuelType2,present
43495,atvType,present
43495,evMotor,present
43495,phevBlended,present
43496,fuelType1,present
43496,fuelType2,present
43496,atvType,present
43496,evMotor,present
43496,phevBlended,present
43497,fuelType1,present
43497,fuelType2,present
43497,atvType,present
43497,evMotor,present
43497,phevBlended,present
43501,fuelType1,present
43501,fuelType2,present
43501,atvType,present
43501,evMotor,present
43501,phevBlended,present
43517,fuelType1,present
43517,fuelType2,present
43517,atvType,present
43517,evMotor,present
43517,phevBlended,present
43530,fuelType1,present
43530,fuelType2,present
43530,atvType,present
43530,evMotor,present
43530,phevBlended,present
43541,fuelType1,present
43541,fuelType2,present
43541,atvType,present
43541,evMotor,present
43541,phevBlended,present
43545,fuelType1,present
43545,fuelType2,present
43545,atvType,present
43545,evMotor,present
43545,phevBlended,present
43547,fuelType1,present
43547,fuelType2,present
43547,atvType,present
43547,evMotor,present
43547,phevBlended,present
43566,fuelType1,present
43566,fuelType2,present
43566,atvType,present
43566,evMotor,present
43566,phevBlended,present
43567,fuelType1,present
43567,fuelType2,present
43567,atvType,present
43567,evMotor,present
43567,phevBlended,present
43568,fuelType1,present
43568,fuelType2,present
43568,atvType,present
43568,evMotor,present
43568,phevBlended,present
43569,fuelType1,present
43569,fuelType2,present
43569,atvType,present
43569,evMotor,present
43569,phevBlended,present
43571,fuelType1,present
43571,fuelType2,present
43571,atvType,present
43571,evMotor,present
43571,phevBlended,present
43572,fuelType1,present
43572,fuelType2,present
43572,atvType,present
43572,evMotor,present
43572,phevBlended,present
43573,fuelType1,present
43573,fuelType2,present
43573,atvType,present
43573,evMotor,present
43573,phevBlended,present
43574,fuelType1,present
43574,fuelType2,present
43574,atvType,present
43574,evMotor,present
43574,phevBlended,present
43576,fuelType1,present
43576,fuelType2,present
43576,atvType,present
43576,evMotor,present
43576,phevBlended,present
43578,fuelType1,present
43578,fuelType2,present
43578,atvType,present
43578,evMotor,present
43578,phevBlended,present
43590,fuelType1,present
43590,fuelType2,present
43590,atvType,present
43590,evMotor,present
43590,phevBlended,present
43591,fuelType1,present
43591,fuelType2,present
43591,atvType,present
43591,evMotor,present
43591,phevBlended,present
43592,fuelType1,present
43592,fuelType2,present
43592,atvType,present
43592,evMotor,present
43592,phevBlended,present
43593,fuelType1,present
43593,fuelType2,present
43593,atvType,present
43593,evMotor,present
43593,phevBlended,present
43595,fuelType1,present
43595,fuelType2,present
43595,atvType,present
43595,evMotor,present
43595,phevBlended,present
43597,fuelType1,present
43597,fuelType2,present
43597,atvType,present
43597,evMotor,present
43597,phevBlended,present
43601,fuelType1,present
43601,fuelType2,present
43601,atvType,present
43601,evMotor,present
43601,phevBlended,present
43606,fuelType1,present
43606,fuelType2,present
43606,atvType,present
43606,evMotor,present
43606,phevBlended,present
43607,fuelType1,present
43607,fuelType2,present
43607,atvType,present
43607,evMotor,present
43607,phevBlended,present
43611,fuelType1,present
43611,fuelType2,present
43611,atvType,present
43611,evMotor,present
43611,phevBlended,present
43622,fuelType1,present
43622,fuelType2,present
43622,atvType,present
43622,evMotor,present
43622,phevBlended,present
43624,fuelType1,present
43624,fuelType2,present
43624,atvType,present
43624,evMotor,present
43624,phevBlended,present
43628,fuelType1,present
43628,fuelType2,present
43628,atvType,present
43628,evMotor,present
43628,phevBlended,present
43629,fuelType1,present
43629,fuelType2,present
43629,atvType,present
43629,evMotor,present
43629,phevBlended,present
43630,fuelType1,present
43630,fuelType2,present
43630,atvType,present
43630,evMotor,present
43630,phevBlended,present
43631,fuelType1,present
43631,fuelType2,present
43631,atvType,present
43631,evMotor,present
43631,phevBlended,present
43639,fuelType1,present
43639,fuelType2,present
43639,atvType,present
43639,evMotor,present
43639,phevBlended,present
43640,fuelType1,present
43640,fuelType2,present
43640,atvType,present
43640,evMotor,present
43640,phevBlended,present
43642,fuelType1,present
43642,fuelType2,present
43642,atvType,present
43642,evMotor,present
43642,phevBlended,present
43643,fuelType1,present
43643,fuelType2,present
43643,atvType,present
43643,evMotor,present
43643,phevBlended,present
43644,fuelType1,present
43644,fuelType2,present
43644,atvType,present
43644,evMotor,present
43644,phevBlended,present
43649,fuelType1,present
43649,fuelType2,present
43649,atvType,present
43649,evMotor,present
43649,phevBlended,present
43654,fuelType1,present
43654,fuelType2,present
43654,atvType,present
43654,evMotor,present
43654,phevBlended,present
43658,fuelType1,present
43658,fuelType2,present
43658,atvType,present
43658,evMotor,present
43658,phevBlended,present
43659,fuelType1,present
43659,fuelType2,present
43659,atvType,present
43659,evMotor,present
43659,phevBlended,present
43660,fuelType1,present
43660,fuelType2,present
43660,atvType,present
43660,evMotor,present
43660,phevBlended,present
43661,fuelType1,present
43661,fuelType2,present
43661,atvType,present
43661,evMotor,present
43661,phevBlended,present
43664,fuelType1,present
43664,fuelType2,present
43664,atvType,present
43664,evMotor,present
43664,phevBlended,present
43666,fuelType1,present
43666,fuelType2,present
43666,atvType,present
43666,evMotor,present
43666,phevBlended,present
43668,fuelType1,present
43668,fuelType2,present
43668,atvType,present
43668,evMotor,present
43668,phevBlended,present
43670,fuelType1,present
43670,fuelType2,present
43670,atvType,present
43670,evMotor,present
43670,phevBlended,present
43682,fuelType1,present
43682,fuelType2,present
43682,atvType,present
43682,evMotor,present
43682,phevBlended,present
43687,fuelType1,present
43687,fuelType2,present
43687,atvType,present
43687,evMotor,present
43687,phevBlended,present
43688,fuelType1,present
43688,fuelType2,present
43688,atvType,present
43688,evMotor,present
43688,phevBlended,present
43695,fuelType1,present
43695,fuelType2,present
43695,atvType,present
43695,evMotor,present
43695,phevBlended,present
43696,fuelType1,present
43696,fuelType2,present
43696,atvType,present
43696,evMotor,present
43696,phevBlended,present
43703,fuelType1,present
43703,fuelType2,present
43703,atvType,present
43703,evMotor,present
43703,phevBlended,present
43706,fuelType1,present
43706,fuelType2,present
43706,atvType,present
43706,evMotor,present
43706,phevBlended,present
43707,fuelType1,present
43707,fuelType2,present
43707,atvType,present
43707,evMotor,present
43707,phevBlended,present
43709,fuelType1,present
43709,fuelType2,present
43709,atvType,present
43709,evMotor,present
43709,phevBlended,present
43710,fuelType1,present
43710,fuelType2,present
43710,atvType,present
43710,evMotor,present
43710,phevBlended,present
43717,fuelType1,present
43717,fuelType2,present
43717,atvType,present
43717,evMotor,present
43717,phevBlended,present
43718,fuelType1,present
43718,fuelType2,present
43718,atvType,present
43718,evMotor,present
43718,phevBlended,present
43719,fuelType1,present
43719,fuelType2,present
43719,atvType,present
43719,evMotor,present
43719,phevBlended,present
43722,fuelType1,present
43722,fuelType2,present
43722,atvType,present
43722,evMotor,present
43722,phevBlended,present
43724,fuelType1,present
43724,fuelType2,present
43724,atvType,present
43724,evMotor,present
43724,phevBlended,present
43726,fuelType1,present
43726,fuelType2,present
43726,atvType,present
43726,evMotor,present
43726,phevBlended,present
43735,fuelType1,present
43735,fuelType2,present
43735,atvType,present
43735,evMotor,present
43735,phevBlended,present
43737,fuelType1,present
43737,fuelType2,present
43737,atvType,present
43737,evMotor,present
43737,phevBlended,present
43748,fuelType1,present
43748,fuelType2,present
43748,atvType,present
43748,evMotor,present
43748,phevBlended,present
43749,fuelType1,present
43749,fuelType2,present
43749,atvType,present
43749,evMotor,present
43749,phevBlended,present
43750,fuelType1,present
43750,fuelType2,present
43750,atvType,present
43750,evMotor,present
43750,phevBlended,present
43751,fuelType1,present
43751,fuelType2,present
43751,atvType,present
43751,evMotor,present
43751,phevBlended,present
43757,fuelType1,present
43757,fuelType2,present
43757,atvType,present
43757,evMotor,present
43757,phevBlended,present
43758,fuelType1,present
43758,fuelType2,present
43758,atvType,present
43758,evMotor,present
43758,phevBlended,present
43759,fuelType1,present
43759,fuelType2,present
43759,atvType,present
43759,evMotor,present
43759,phevBlended,present
43760,fuelType1,present
43760,fuelType2,present
43760,atvType,present
43760,evMotor,present
43760,phevBlended,present
43763,fuelType1,present
43763,fuelType2,present
43763,atvType,present
43763,evMotor,present
43763,phevBlended,present
43764,fuelType1,present
43764,fuelType2,present
43764,atvType,present
43764,evMotor,present
43764,phevBlended,present
43767,fuelType1,present
43767,fuelType2,present
43767,atvType,present
43767,evMotor,present
43767,phevBlended,present
43772,fuelType1,present
43772,fuelType2,present
43772,atvType,present
43772,evMotor,present
43772,phevBlended,present
43773,fuelType1,present
43773,fuelType2,present
43773,atvType,present
43773,evMotor,present
43773,phevBlended,present
43774,fuelType1,present
43774,fuelType2,present
43774,atvType,present
43774,evMotor,present
43774,phevBlended,present
43781,fuelType1,present
43781,fuelType2,present
43781,atvType,present
43781,evMotor,present
43781,phevBlended,present
43784,fuelType1,present
43784,fuelType2,present
43784,atvType,present
43784,evMotor,present
43784,phevBlended,present
43785,fuelType1,present
43785,fuelType2,present
43785,atvType,present
43785,evMotor,present
43785,phevBlended,present
43790,fuelType1,present
43790,fuelType2,present
43790,atvType,present
43790,evMotor,present
43790,phevBlended,present
43791,fuelType1,present
43791,fuelType2,present
43791,atvType,present
43791,evMotor,present
43791,phevBlended,present
43798,fuelType1,present
43798,fuelType2,present
43798,atvType,present
43798,evMotor,present
43798,phevBlended,present
43805,fuelType1,present
43805,fuelType2,present
43805,atvType,present
43805,evMotor,present
43805,phevBlended,present
43810,fuelType1,present
43810,fuelType2,present
43810,atvType,present
43810,evMotor,present
43810,phevBlended,present
43812,fuelType1,present
43812,fuelType2,present
43812,atvType,present
43812,evMotor,present
43812,phevBlended,present
43821,fuelType1,present
43821,fuelType2,present
43821,atvType,present
43821,evMotor,present
43821,phevBlended,present
43822,fuelType1,present
43822,fuelType2,present
43822,atvType,present
43822,evMotor,present
43822,phevBlended,present
43830,fuelType1,present
43830,fuelType2,present
43830,atvType,present
43830,evMotor,present
43830,phevBlended,present
43833,fuelType1,present
43833,fuelType2,present
43833,atvType,present
43833,evMotor,present
43833,phevBlended,present
43837,fuelType1,present
43837,fuelType2,present
43837,atvType,present
43837,evMotor,present
43837,phevBlended,present
43838,fuelType1,present
43838,fuelType2,present
43838,atvType,present
43838,evMotor,present
43838,phevBlended,present
43839,fuelType1,present
43839,fuelType2,present
43839,atvType,present
43839,evMotor,present
43839,phevBlended,present
43844,fuelType1,present
43844,fuelType2,present
43844,atvType,present
43844,evMotor,present
43844,phevBlended,present
43845,fuelType1,present
43845,fuelType2,present
43845,atvType,present
43845,evMotor,present
43845,phevBlended,present
43846,fuelType1,present
43846,fuelType2,present
43846,atvType,present
43846,evMotor,present
43846,phevBlended,present
43847,fuelType1,present
43847,fuelType2,present
43847,atvType,present
43847,evMotor,present
43847,phevBlended,present
43854,fuelType1,present
43854,fuelType2,present
43854,atvType,present
43854,evMotor,present
43854,phevBlended,present
43855,fuelType1,present
43855,fuelType2,present
43855,atvType,present
43855,evMotor,present
43855,phevBlended,present
43859,fuelType1,present
43859,fuelType2,present
43859,atvType,present
43859,evMotor,present
43859,phevBlended,present
43863,fuelType1,present
43863,fuelType2,present
43863,atvType,present
43863,evMotor,present
43863,phevBlended,present
43864,fuelType1,present
43864,fuelType2,present
43864,atvType,present
43864,evMotor,present
43864,phevBlended,present
43879,fuelType1,present
43879,fuelType2,present
43879,atvType,present
43879,evMotor,present
43879,phevBlended,present
43880,fuelType1,present
43880,fuelType2,present
43880,atvType,present
43880,evMotor,present
43880,phevBlended,present
43889,fuelType1,present
43889,fuelType2,present
43889,atvType,present
43889,evMotor,present
43889,phevBlended,present
43890,fuelType1,present
43890,fuelType2,present
43890,atvType,present
43890,evMotor,present
43890,phevBlended,present
43891,fuelType1,present
43891,fuelType2,present
43891,atvType,present
43891,evMotor,present
43891,phevBlended,present
43892,fuelType1,present
43892,fuelType2,present
43892,atvType,present
43892,evMotor,present
43892,phevBlended,present
43893,fuelType1,present
43893,fuelType2,present
43893,atvType,present
43893,evMotor,present
43893,phevBlended,present
43894,fuelType1,present
43894,fuelType2,present
43894,atvType,present
43894,evMotor,present
43894,phevBlended,present
43897,fuelType1,present
43897,fuelType2,present
43897,atvType,present
43897,evMotor,present
43897,phevBlended,present
43898,fuelType1,present
43898,fuelType2,present
43898,atvType,present
43898,evMotor,present
43898,phevBlended,present
43900,fuelType1,present
43900,fuelType2,present
43900,atvType,present
43900,evMotor,present
43900,phevBlended,present
43901,fuelType1,present
43901,fuelType2,present
43901,atvType,present
43901,evMotor,present
43901,phevBlended,present
43902,fuelType1,present
43902,fuelType2,present
43902,atvType,present
43902,evMotor,present
43902,phevBlended,present
43903,fuelType1,present
43903,fuelType2,present
43903,atvType,present
43903,evMotor,present
43903,phevBlended,present
43904,fuelType1,present
43904,fuelType2,present
43904,atvType,present
43904,evMotor,present
43904,phevBlended,present
43905,fuelType1,present
43905,fuelType2,present
43905,atvType,present
43905,evMotor,present
43905,phevBlended,present
43906,fuelType1,present
43906,fuelType2,present
43906,atvType,present
43906,evMotor,present
43906,phevBlended,present
43912,fuelType1,present
43912,fuelType2,present
43912,atvType,present
43912,evMotor,present
43912,phevBlended,present
43926,fuelType1,present
43926,fuelType2,present
43926,atvType,present
43926,evMotor,present
43926,phevBlended,present
43927,fuelType1,present
43927,fuelType2,present
43927,atvType,present
43927,evMotor,present
43927,phevBlended,present
43948,fuelType1,present
43948,fuelType2,present
43948,atvType,present
43948,evMotor,present
43948,phevBlended,present
43950,fuelType1,present
43950,fuelType2,present
43950,atvType,present
43950,evMotor,present
43950,phevBlended,present
43957,fuelType1,present
43957,fuelType2,present
43957,atvType,present
43957,evMotor,present
43957,phevBlended,present
43958,fuelType1,present
43958,fuelType2,present
43958,atvType,present
43958,evMotor,present
43958,phevBlended,present
43961,fuelType1,present
43961,fuelType2,present
43961,atvType,present
43961,evMotor,present
43961,phevBlended,present
43962,fuelType1,present
43962,fuelType2,present
43962,atvType,present
43962,evMotor,present
43962,phevBlended,present
43963,fuelType1,present
43963,fuelType2,present
43963,atvType,present
43963,evMotor,present
43963,phevBlended,present
43966,fuelType1,present
43966,fuelType2,present
43966,atvType,present
43966,evMotor,present
43966,phevBlended,present
43967,fuelType1,present
43967,fuelType2,present
43967,atvType,present
43967,evMotor,present
43967,phevBlended,present
43973,fuelType1,present
43973,fuelType2,present
43973,atvType,present
43973,evMotor,present
43973,phevBlended,present
43975,fuelType1,present
43975,fuelType2,present
43975,atvType,present
43975,evMotor,present
43975,phevBlended,present
43976,fuelType1,present
43976,fuelType2,present
43976,atvType,present
43976,evMotor,present
43976,phevBlended,present
43977,fuelType1,present
43977,fuelType2,present
43977,atvType,present
43977,evMotor,present
43977,phevBlended,present
43978,fuelType1,present
43978,fuelType2,present
43978,atvType,present
43978,evMotor,present
43978,phevBlended,present
43980,fuelType1,present
43980,fuelType2,present
43980,atvType,present
43980,evMotor,present
43980,phevBlended,present
43983,fuelType1,present
43983,fuelType2,present
43983,atvType,present
43983,evMotor,present
43983,phevBlended,present
43984,fuelType1,present
43984,fuelType2,present
43984,atvType,present
43984,evMotor,present
43984,phevBlended,present
44006,fuelType1,present
44006,fuelType2,present
44006,atvType,present
44006,evMotor,present
44006,phevBlended,present
44007,fuelType1,present
44007,fuelType2,present
44007,atvType,present
44007,evMotor,present
44007,phevBlended,present
44033,fuelType1,present
44033,fuelType2,present
44033,atvType,present
44033,evMotor,present
44033,phevBlended,present
44034,fuelType1,present
44034,fuelType2,present
44034,atvType,present
44034,evMotor,present
44034,phevBlended,present
44038,fuelType1,present
44038,fuelType2,present
44038,atvType,present
44038,evMotor,present
44038,phevBlended,present
44039,fuelType1,present
44039,fuelType2,present
44039,atvType,present
44039,evMotor,present
44039,phevBlended,present
44040,fuelType1,present
44040,fuelType2,present
44040,atvType,present
44040,evMotor,present
44040,phevBlended,present
44041,fuelType1,present
44041,fuelType2,present
44041,atvType,present
44041,evMotor,present
44041,phevBlended,present
44042,fuelType1,present
44042,fuelType2,present
44042,atvType,present
44042,evMotor,present
44042,phevBlended,present
44043,fuelType1,present
44043,fuelType2,present
44043,atvType,present
44043,evMotor,present
44043,phevBlended,present
44045,fuelType1,present
44045,fuelType2,present
44045,atvType,present
44045,evMotor,present
44045,phevBlended,present
44051,fuelType1,present
44051,fuelType2,present
44051,atvType,present
44051,evMotor,present
44051,phevBlended,present
44053,fuelType1,present
44053,fuelType2,present
44053,atvType,present
44053,evMotor,present
44053,phevBlended,present
44064,fuelType1,present
44064,fuelType2,present
44064,atvType,present
44064,evMotor,present
44064,phevBlended,present
44065,fuelType1,present
44065,fuelType2,present
44065,atvType,present
44065,evMotor,present
44065,phevBlended,present
44067,fuelType1,present
44067,fuelType2,present
44067,atvType,present
44067,evMotor,present
44067,phevBlended,present
44068,fuelType1,present
44068,fuelType2,present
44068,atvType,present
44068,evMotor,present
44068,phevBlended,present
44069,fuelType1,present
44069,fuelType2,present
44069,atvType,present
44069,evMotor,present
44069,phevBlended,present
44073,fuelType1,present
44073,fuelType2,present
44073,atvType,present
44073,evMotor,present
44073,phevBlended,present
44083,fuelType1,present
44083,fuelType2,present
44083,atvType,present
44083,evMotor,present
44083,phevBlended,present
44084,fuelType1,present
44084,fuelType2,present
44084,atvType,present
44084,evMotor,present
44084,phevBlended,present
44085,fuelType1,present
44085,fuelType2,present
44085,atvType,present
44085,evMotor,present
44085,phevBlended,present
44087,fuelType1,present
44087,fuelType2,present
44087,atvType,present
44087,evMotor,present
44087,phevBlended,present
44089,fuelType1,present
44089,fuelType2,present
44089,atvType,present
44089,evMotor,present
44089,phevBlended,present
44090,fuelType1,present
44090,fuelType2,present
44090,atvType,present
44090,evMotor,present
44090,phevBlended,present
44092,fuelType1,present
44092,fuelType2,present
44092,atvType,present
44092,evMotor,present
44092,phevBlended,present
44097,fuelType1,present
44097,fuelType2,present
44097,atvType,present
44097,evMotor,present
44097,phevBlended,present
44098,fuelType1,present
44098,fuelType2,present
44098,atvType,present
44098,evMotor,present
44098,phevBlended,present
44099,fuelType1,present
44099,fuelType2,present
44099,atvType,present
44099,evMotor,present
44099,phevBlended,present
44100,fuelType1,present
44100,fuelType2,present
44100,atvType,present
44100,evMotor,present
44100,phevBlended,present
44101,fuelType1,present
44101,fuelType2,present
44101,atvType,present
44101,evMotor,present
44101,phevBlended,present
44102,fuelType1,present
44102,fuelType2,present
44102,atvType,present
44102,evMotor,present
44102,phevBlended,present
44109,fuelType1,present
44109,fuelType2,present
44109,atvType,present
44109,evMotor,present
44109,phevBlended,present
44113,fuelType1,present
44113,fuelType2,present
44113,atvType,present
44113,evMotor,present
44113,phevBlended,present
44118,fuelType1,present
44118,fuelType2,present
44118,atvType,present
44118,evMotor,present
44118,phevBlended,present
44126,fuelType1,present
44126,fuelType2,present
44126,atvType,present
44126,evMotor,present
44126,phevBlended,present
44127,fuelType1,present
44127,fuelType2,present
44127,atvType,present
44127,evMotor,present
44127,phevBlended,present
44129,fuelType1,present
44129,fuelType2,present
44129,atvType,present
44129,evMotor,present
44129,phevBlended,present
44131,fuelType1,present
44131,fuelType2,present
44131,atvType,present
44131,evMotor,present
44131,phevBlended,present
44132,fuelType1,present
44132,fuelType2,present
44132,atvType,present
44132,evMotor,present
44132,phevBlended,present
44133,fuelType1,present
44133,fuelType2,present
44133,atvType,present
44133,evMotor,present
44133,phevBlended,present
44134,fuelType1,present
44134,fuelType2,present
44134,atvType,present
44134,evMotor,present
44134,phevBlended,present
44136,fuelType1,present
44136,fuelType2,present
44136,atvType,present
44136,evMotor,present
44136,phevBlended,present
44138,fuelType1,present
44138,fuelType2,present
44138,atvType,present
44138,evMotor,present
44138,phevBlended,present
44139,fuelType1,present
44139,fuelType2,present
44139,atvType,present
44139,evMotor,present
44139,phevBlended,present
44141,fuelType1,present
44141,fuelType2,present
44141,atvType,present
44141,evMotor,present
44141,phevBlended,present
44142,fuelType1,present
44142,fuelType2,present
44142,atvType,present
44142,evMotor,present
44142,phevBlended,present
44147,fuelType1,present
44147,fuelType2,present
44147,atvType,present
44147,evMotor,present
44147,phevBlended,present
44149,fuelType1,present
44149,fuelType2,present
44149,atvType,present
44149,evMotor,present
44149,phevBlended,present
44156,fuelType1,present
44156,fuelType2,present
44156,atvType,present
44156,evMotor,present
44156,phevBlended,present
44157,fuelType1,present
44157,fuelType2,present
44157,atvType,present
44157,evMotor,present
44157,phevBlended,present
44161,fuelType1,present
44161,fuelType2,present
44161,atvType,present
44161,evMotor,present
44161,phevBlended,present
44162,fuelType1,present
44162,fuelType2,present
44162,atvType,present
44162,evMotor,present
44162,phevBlended,present
44167,fuelType1,present
44167,fuelType2,present
44167,atvType,present
44167,evMotor,present
44167,phevBlended,present
44168,fuelType1,present
44168,fuelType2,present
44168,atvType,present
44168,evMotor,present
44168,phevBlended,present
44171,fuelType1,present
44171,fuelType2,present
44171,atvType,present
44171,evMotor,present
44171,phevBlended,present
44178,fuelType1,present
44178,fuelType2,present
44178,atvType,present
44178,evMotor,present
44178,phevBlended,present
44184,fuelType1,present
44184,fuelType2,present
44184,atvType,present
44184,evMotor,present
44184,phevBlended,present
44185,fuelType1,present
44185,fuelType2,present
44185,atvType,present
44185,evMotor,present
44185,phevBlended,present
44187,fuelType1,present
44187,fuelType2,present
44187,atvType,present
44187,evMotor,present
44187,phevBlended,present
44200,fuelType1,present
44200,fuelType2,present
44200,atvType,present
44200,evMotor,present
44200,phevBlended,present
44203,fuelType1,present
44203,fuelType2,present
44203,atvType,present
44203,evMotor,present
44203,phevBlended,present
44204,fuelType1,present
44204,fuelType2,present
44204,atvType,present
44204,evMotor,present
44204,phevBlended,present
44205,fuelType1,present
44205,fuelType2,present
44205,atvType,present
44205,evMotor,present
44205,phevBlended,present
44209,fuelType1,present
44209,fuelType2,present
44209,atvType,present
44209,evMotor,present
44209,phevBlended,present
44212,fuelType1,present
44212,fuelType2,present
44212,atvType,present
44212,evMotor,present
44212,phevBlended,present
44215,fuelType1,present
44215,fuelType2,present
44215,atvType,present
44215,evMotor,present
44215,phevBlended,present
44216,fuelType1,present
44216,fuelType2,present
44216,atvType,present
44216,evMotor,present
44216,phevBlended,present
44224,fuelType1,present
44224,fuelType2,present
44224,atvType,present
44224,evMotor,present
44224,phevBlended,present
44225,fuelType1,present
44225,fuelType2,present
44225,atvType,present
44225,evMotor,present
44225,phevBlended,present
44226,fuelType1,present
44226,fuelType2,present
44226,atvType,present
44226,evMotor,present
44226,phevBlended,present
44227,fuelType1,present
44227,fuelType2,present
44227,atvType,present
44227,evMotor,present
44227,phevBlended,present
44228,fuelType1,present
44228,fuelType2,present
44228,atvType,present
44228,evMotor,present
44228,phevBlended,present
44236,fuelType1,present
44236,fuelType2,present
44236,atvType,present
44236,evMotor,present
44236,phevBlended,present
44237,fuelType1,present
44237,fuelType2,present
44237,atvType,present
44237,evMotor,present
44237,phevBlended,present
44238,fuelType1,present
44238,fuelType2,present
44238,atvType,present
44238,evMotor,present
44238,phevBlended,present
44243,fuelType1,present
44243,fuelType2,present
44243,atvType,present
44243,evMotor,present
44243,phevBlended,present
44247,fuelType1,present
44247,fuelType2,present
44247,atvType,present
44247,evMotor,present
44247,phevBlended,present
44248,fuelType1,present
44248,fuelType2,present
44248,atvType,present
44248,evMotor,present
44248,phevBlended,present
44249,fuelType1,present
44249,fuelType2,present
44249,atvType,present
44249,evMotor,present
44249,phevBlended,present
44250,fuelType1,present
44250,fuelType2,present
44250,atvType,present
44250,evMotor,present
44250,phevBlended,present
44251,fuelType1,present
44251,fuelType2,present
44251,atvType,present
44251,evMotor,present
44251,phevBlended,present
44254,fuelType1,present
44254,fuelType2,present
44254,atvType,present
44254,evMotor,present
44254,phevBlended,present
44255,fuelType1,present
44255,fuelType2,present
44255,atvType,present
44255,evMotor,present
44255,phevBlended,present
44259,fuelType1,present
44259,fuelType2,present
44259,atvType,present
44259,evMotor,present
44259,phevBlended,present
44260,fuelType1,present
44260,fuelType2,present
44260,atvType,present
44260,evMotor,present
44260,phevBlended,present
44261,fuelType1,present
44261,fuelType2,present
44261,atvType,present
44261,evMotor,present
44261,phevBlended,present
44264,fuelType1,present
44264,fuelType2,present
44264,atvType,present
44264,evMotor,present
44264,phevBlended,present
44265,fuelType1,present
44265,fuelType2,present
44265,atvType,present
44265,evMotor,present
44265,phevBlended,present
44268,fuelType1,present
44268,fuelType2,present
44268,atvType,present
44268,evMotor,present
44268,phevBlended,present
44269,fuelType1,present
44269,fuelType2,present
44269,atvType,present
44269,evMotor,present
44269,phevBlended,present
44270,fuelType1,present
44270,fuelType2,present
44270,atvType,present
44270,evMotor,present
44270,phevBlended,present
44271,fuelType1,present
44271,fuelType2,present
44271,atvType,present
44271,evMotor,present
44271,phevBlended,present
44272,fuelType1,present
44272,fuelType2,present
44272,atvType,present
44272,evMotor,present
44272,phevBlended,present
44273,fuelType1,present
44273,fuelType2,present
44273,atvType,present
44273,evMotor,present
44273,phevBlended,present
44275,fuelType1,present
44275,fuelType2,present
44275,atvType,present
44275,evMotor,present
44275,phevBlended,present
44277,fuelType1,present
44277,fuelType2,present
44277,atvType,present
44277,evMotor,present
44277,phevBlended,present
44290,fuelType1,present
44290,fuelType2,present
44290,atvType,present
44290,evMotor,present
44290,phevBlended,present
44291,fuelType1,present
44291,fuelType2,present
44291,atvType,present
44291,evMotor,present
44291,phevBlended,present
44293,fuelType1,present
44293,fuelType2,present
44293,atvType,present
44293,evMotor,present
44293,phevBlended,present
44295,fuelType1,present
44295,fuelType2,present
44295,atvType,present
44295,evMotor,present
44295,phevBlended,present
44296,fuelType1,present
44296,fuelType2,present
44296,atvType,present
44296,evMotor,present
44296,phevBlended,present
44298,fuelType1,present
44298,fuelType2,present
44298,atvType,present
44298,evMotor,present
44298,phevBlended,present
44300,fuelType1,present
44300,fuelType2,present
44300,atvType,present
44300,evMotor,present
44300,phevBlended,present
44301,fuelType1,present
44301,fuelType2,present
44301,atvType,present
44301,evMotor,present
44301,phevBlended,present
44302,fuelType1,present
44302,fuelType2,present
44302,atvType,present
44302,evMotor,present
44302,phevBlended,present
44303,fuelType1,present
44303,fuelType2,present
44303,atvType,present
44303,evMotor,present
44303,phevBlended,present
44304,fuelType1,present
44304,fuelType2,present
44304,atvType,present
44304,evMotor,present
44304,phevBlended,present
44305,fuelType1,present
44305,fuelType2,present
44305,atvType,present
44305,evMotor,present
44305,phevBlended,present
44307,fuelType1,present
44307,fuelType2,present
44307,atvType,present
44307,evMotor,present
44307,phevBlended,present
44309,fuelType1,present
44309,fuelType2,present
44309,atvType,present
44309,evMotor,present
44309,phevBlended,present
44310,fuelType1,present
44310,fuelType2,present
44310,atvType,present
44310,evMotor,present
44310,phevBlended,present
44317,fuelType1,present
44317,fuelType2,present
44317,atvType,present
44317,evMotor,present
44317,phevBlended,present
44320,fuelType1,present
44320,fuelType2,present
44320,atvType,present
44320,evMotor,present
44320,phevBlended,present
44321,fuelType1,present
44321,fuelType2,present
44321,atvType,present
44321,evMotor,present
44321,phevBlended,present
44330,fuelType1,present
44330,fuelType2,present
44330,atvType,present
44330,evMotor,present
44330,phevBlended,present
44334,fuelType1,present
44334,fuelType2,present
44334,atvType,present
44334,evMotor,present
44334,phevBlended,present
44336,fuelType1,present
44336,fuelType2,present
44336,atvType,present
44336,evMotor,present
44336,phevBlended,present
44338,fuelType1,present
44338,fuelType2,present
44338,atvType,present
44338,evMotor,present
44338,phevBlended,present
44339,fuelType1,present
44339,fuelType2,present
44339,atvType,present
44339,evMotor,present
44339,phevBlended,present
44340,fuelType1,present
44340,fuelType2,present
44340,atvType,present
44340,evMotor,present
44340,phevBlended,present
44341,fuelType1,present
44341,fuelType2,present
44341,atvType,present
44341,evMotor,present
44341,phevBlended,present
44345,fuelType1,present
44345,fuelType2,present
44345,atvType,present
44345,evMotor,present
44345,phevBlended,present
44353,fuelType1,present
44353,fuelType2,present
44353,atvType,present
44353,evMotor,present
44353,phevBlended,present
44354,fuelType1,present
44354,fuelType2,present
44354,atvType,present
44354,evMotor,present
44354,phevBlended,present
44385,fuelType1,present
44385,fuelType2,present
44385,atvType,present
44385,evMotor,present
44385,phevBlended,present
44386,fuelType1,present
44386,fuelType2,present
44386,atvType,present
44386,evMotor,present
44386,phevBlended,present
44387,fuelType1,present
44387,fuelType2,present
44387,atvType,present
44387,evMotor,present
44387,phevBlended,present
44393,fuelType1,present
44393,fuelType2,present
44393,atvType,present
44393,evMotor,present
44393,phevBlended,present
44394,fuelType1,present
44394,fuelType2,present
44394,atvType,present
44394,evMotor,present
44394,phevBlended,present
44396,fuelType1,present
44396,fuelType2,present
44396,atvType,present
44396,evMotor,present
44396,phevBlended,present
44397,fuelType1,present
44397,fuelType2,present
44397,atvType,present
44397,evMotor,present
44397,phevBlended,present
44398,fuelType1,present
44398,fuelType2,present
44398,atvType,present
44398,evMotor,present
44398,phevBlended,present
44399,fuelType1,present
44399,fuelType2,present
44399,atvType,present
44399,evMotor,present
44399,phevBlended,present
44400,fuelType1,present
44400,fuelType2,present
44400,atvType,present
44400,evMotor,present
44400,phevBlended,present
44401,fuelType1,present
44401,fuelType2,present
44401,atvType,present
44401,evMotor,present
44401,phevBlended,present
44402,fuelType1,present
44402,fuelType2,present
44402,atvType,present
44402,evMotor,present
44402,phevBlended,present
44408,fuelType1,present
44408,fuelType2,present
44408,atvType,present
44408,evMotor,present
44408,phevBlended,present
44409,fuelType1,present
44409,fuelType2,present
44409,atvType,present
44409,evMotor,present
44409,phevBlended,present
44410,fuelType1,present
44410,fuelType2,present
44410,atvType,present
44410,evMotor,present
44410,phevBlended,present
44413,fuelType1,present
44413,fuelType2,present
44413,atvType,present
44413,evMotor,present
44413,phevBlended,present
44414,fuelType1,present
44414,fuelType2,present
44414,atvType,present
44414,evMotor,present
44414,phevBlended,present
44417,fuelType1,present
44417,fuelType2,present
44417,atvType,present
44417,evMotor,present
44417,phevBlended,present
44418,fuelType1,present
44418,fuelType2,present
44418,atvType,present
44418,evMotor,present
44418,phevBlended,present
44428,fuelType1,present
44428,fuelType2,present
44428,atvType,present
44428,evMotor,present
44428,phevBlended,present
44429,fuelType1,present
44429,fuelType2,present
44429,atvType,present
44429,evMotor,present
44429,phevBlended,present
44430,fuelType1,present
44430,fuelType2,present
44430,atvType,present
44430,evMotor,present
44430,phevBlended,present
44431,fuelType1,present
44431,fuelType2,present
44431,atvType,present
44431,evMotor,present
44431,phevBlended,present
44440,fuelType1,present
44440,fuelType2,present
44440,atvType,present
44440,evMotor,present
44440,phevBlended,present
44441,fuelType1,present
44441,fuelType2,present
44441,atvType,present
44441,evMotor,present
44441,phevBlended,present
44444,fuelType1,present
44444,fuelType2,present
44444,atvType,present
44444,evMotor,present
44444,phevBlended,present
44447,fuelType1,present
44447,fuelType2,present
44447,atvType,present
44447,evMotor,present
44447,phevBlended,present
44448,fuelType1,present
44448,fuelType2,present
44448,atvType,present
44448,evMotor,present
44448,phevBlended,present
44449,fuelType1,present
44449,fuelType2,present
44449,atvType,present
44449,evMotor,present
44449,phevBlended,present
44450,fuelType1,present
44450,fuelType2,present
44450,atvType,present
44450,evMotor,present
44450,phevBlended,present
44452,fuelType1,present
44452,fuelType2,present
44452,atvType,present
44452,evMotor,present
44452,phevBlended,present
44453,fuelType1,present
44453,fuelType2,present
44453,atvType,present
44453,evMotor,present
44453,phevBlended,present
44454,fuelType1,present
44454,fuelType2,present
44454,atvType,present
44454,evMotor,present
44454,phevBlended,present
44459,fuelType1,present
44459,fuelType2,present
44459,atvType,present
44459,evMotor,present
44459,phevBlended,present
44460,fuelType1,present
44460,fuelType2,present
44460,atvType,present
44460,evMotor,present
44460,phevBlended,present
44461,fuelType1,present
44461,fuelType2,present
44461,atvType,present
44461,evMotor,present
44461,phevBlended,present
44462,fuelType1,present
44462,fuelType2,present
44462,atvType,present
44462,evMotor,present
44462,phevBlended,present
44463,fuelType1,present
44463,fuelType2,present
44463,atvType,present
44463,evMotor,present
44463,phevBlended,present
44466,fuelType1,present
44466,fuelType2,present
44466,atvType,present
44466,evMotor,present
44466,phevBlended,present
44481,fuelType1,present
44481,fuelType2,present
44481,atvType,present
44481,evMotor,present
44481,phevBlended,present
44484,fuelType1,present
44484,fuelType2,present
44484,atvType,present
44484,evMotor,present
44484,phevBlended,present
44485,fuelType1,present
44485,fuelType2,present
44485,atvType,present
44485,evMotor,present
44485,phevBlended,present
44486,fuelType1,present
44486,fuelType2,present
44486,atvType,present
44486,evMotor,present
44486,phevBlended,present
44487,fuelType1,present
44487,fuelType2,present
44487,atvType,present
44487,evMotor,present
44487,phevBlended,present
44490,fuelType1,present
44490,fuelType2,present
44490,atvType,present
44490,evMotor,present
44490,phevBlended,present
44491,fuelType1,present
44491,fuelType2,present
44491,atvType,present
44491,evMotor,present
44491,phevBlended,present
44492,fuelType1,present
44492,fuelType2,present
44492,atvType,present
44492,evMotor,present
44492,phevBlended,present
44493,fuelType1,present
44493,fuelType2,present
44493,atvType,present
44493,evMotor,present
44493,phevBlended,present
44494,fuelType1,present
44494,fuelType2,present
44494,atvType,present
44494,evMotor,present
44494,phevBlended,present
44495,fuelType1,present
44495,fuelType2,present
44495,atvType,present
44495,evMotor,present
44495,phevBlended,present
44496,fuelType1,present
44496,fuelType2,present
44496,atvType,present
44496,evMotor,present
44496,phevBlended,present
44498,fuelType1,present
44498,fuelType2,present
44498,atvType,present
44498,evMotor,present
44498,phevBlended,present
44499,fuelType1,present
44499,fuelType2,present
44499,atvType,present
44499,evMotor,present
44499,phevBlended,present
44500,fuelType1,present
44500,fuelType2,present
44500,atvType,present
44500,evMotor,present
44500,phevBlended,present
44511,fuelType1,present
44511,fuelType2,present
44511,atvType,present
44511,evMotor,present
44511,phevBlended,present
44512,fuelType1,present
44512,fuelType2,present
44512,atvType,present
44512,evMotor,present
44512,phevBlended,present
44523,fuelType1,present
44523,fuelType2,present
44523,atvType,present
44523,evMotor,present
44523,phevBlended,present
44524,fuelType1,present
44524,fuelType2,present
44524,atvType,present
44524,evMotor,present
44524,phevBlended,present
44525,fuelType1,present
44525,fuelType2,present
44525,atvType,present
44525,evMotor,present
44525,phevBlended,present
44526,fuelType1,present
44526,fuelType2,present
44526,atvType,present
44526,evMotor,present
44526,phevBlended,present
44527,fuelType1,present
44527,fuelType2,present
44527,atvType,present
44527,evMotor,present
44527,phevBlended,present
44528,fuelType1,present
44528,fuelType2,present
44528,atvType,present
44528,evMotor,present
44528,phevBlended,present
44533,fuelType1,present
44533,fuelType2,present
44533,atvType,present
44533,evMotor,present
44533,phevBlended,present
44534,fuelType1,present
44534,fuelType2,present
44534,atvType,present
44534,evMotor,present
44534,phevBlended,present
44535,fuelType1,present
44535,fuelType2,present
44535,atvType,present
44535,evMotor,present
44535,phevBlended,present
44540,fuelType1,present
44540,fuelType2,present
44540,atvType,present
44540,evMotor,present
44540,phevBlended,present
44544,fuelType1,present
44544,fuelType2,present
44544,atvType,present
44544,evMotor,present
44544,phevBlended,present
44555,fuelType1,present
44555,fuelType2,present
44555,atvType,present
44555,evMotor,present
44555,phevBlended,present
44556,fuelType1,present
44556,fuelType2,present
44556,atvType,present
44556,evMotor,present
44556,phevBlended,present
44557,fuelType1,present
44557,fuelType2,present
44557,atvType,present
44557,evMotor,present
44557,phevBlended,present
44559,fuelType1,present
44559,fuelType2,present
44559,atvType,present
44559,evMotor,present
44559,phevBlended,present
44560,fuelType1,present
44560,fuelType2,present
44560,atvType,present
44560,evMotor,present
44560,phevBlended,present
44561,fuelType1,present
44561,fuelType2,present
44561,atvType,present
44561,evMotor,present
44561,phevBlended,present
44563,fuelType1,present
44563,fuelType2,present
44563,atvType,present
44563,evMotor,present
44563,phevBlended,present
44570,fuelType1,present
44570,fuelType2,present
44570,atvType,present
44570,evMotor,present
44570,phevBlended,present
44580,fuelType1,present
44580,fuelType2,present
44580,atvType,present
44580,evMotor,present
44580,phevBlended,present
44589,fuelType1,present
44589,fuelType2,present
44589,atvType,present
44589,evMotor,present
44589,phevBlended,present
44593,fuelType1,present
44593,fuelType2,present
44593,atvType,present
44593,evMotor,present
44593,phevBlended,present
44608,fuelType1,present
44608,fuelType2,present
44608,atvType,present
44608,evMotor,present
44608,phevBlended,present
44610,fuelType1,present
44610,fuelType2,present
44610,atvType,present
44610,evMotor,present
44610,phevBlended,present
44611,fuelType1,present
44611,fuelType2,present
44611,atvType,present
44611,evMotor,present
44611,phevBlended,present
44620,fuelType1,present
44620,fuelType2,present
44620,atvType,present
44620,evMotor,present
44620,phevBlended,present
44621,fuelType1,present
44621,fuelType2,present
44621,atvType,present
44621,evMotor,present
44621,phevBlended,present
44622,fuelType1,present
44622,fuelType2,present
44622,atvType,present
44622,evMotor,present
44622,phevBlended,present
44628,fuelType1,present
44628,fuelType2,present
44628,atvType,present
44628,evMotor,present
44628,phevBlended,present
44639,fuelType1,present
44639,fuelType2,present
44639,atvType,present
44639,evMotor,present
44639,phevBlended,present
44645,fuelType1,present
44645,fuelType2,present
44645,atvType,present
44645,evMotor,present
44645,phevBlended,present
44646,fuelType1,present
44646,fuelType2,present
44646,atvType,present
44646,evMotor,present
44646,phevBlended,present
44647,fuelType1,present
44647,fuelType2,present
44647,atvType,present
44647,evMotor,present
44647,phevBlended,present
44648,fuelType1,present
44648,fuelType2,present
44648,atvType,present
44648,evMotor,present
44648,phevBlended,present
44655,fuelType1,present
44655,fuelType2,present
44655,atvType,present
44655,evMotor,present
44655,phevBlended,present
44656,fuelType1,present
44656,fuelType2,present
44656,atvType,present
44656,evMotor,present
44656,phevBlended,present
44675,fuelType1,present
44675,fuelType2,present
44675,atvType,present
44675,evMotor,present
44675,phevBlended,present
44677,fuelType1,present
44677,fuelType2,present
44677,atvType,present
44677,evMotor,present
44677,phevBlended,present
44686,fuelType1,present
44686,fuelType2,present
44686,atvType,present
44686,evMotor,present
44686,phevBlended,present
44687,fuelType1,present
44687,fuelType2,present
44687,atvType,present
44687,evMotor,present
44687,phevBlended,present
44688,fuelType1,present
44688,fuelType2,present
44688,atvType,present
44688,evMotor,present
44688,phevBlended,present
44689,fuelType1,present
44689,fuelType2,present
44689,atvType,present
44689,evMotor,present
44689,phevBlended,present
44690,fuelType1,present
44690,fuelType2,present
44690,atvType,present
44690,evMotor,present
44690,phevBlended,present
44692,fuelType1,present
44692,fuelType2,present
44692,atvType,present
44692,evMotor,present
44692,phevBlended,present
44694,fuelType1,present
44694,fuelType2,present
44694,atvType,present
44694,evMotor,present
44694,phevBlended,present
44699,fuelType1,present
44699,fuelType2,present
44699,atvType,present
44699,evMotor,present
44699,phevBlended,present
44700,fuelType1,present
44700,fuelType2,present
44700,atvType,present
44700,evMotor,present
44700,phevBlended,present
44701,fuelType1,present
44701,fuelType2,present
44701,atvType,present
44701,evMotor,present
44701,phevBlended,present
44708,fuelType1,present
44708,fuelType2,present
44708,atvType,present
44708,evMotor,present
44708,phevBlended,present
44714,fuelType1,present
44714,fuelType2,present
44714,atvType,present
44714,evMotor,present
44714,phevBlended,present
44715,fuelType1,present
44715,fuelType2,present
44715,atvType,present
44715,evMotor,present
44715,phevBlended,present
44716,fuelType1,present
44716,fuelType2,present
44716,atvType,present
44716,evMotor,present
44716,phevBlended,present
44717,fuelType1,present
44717,fuelType2,present
44717,atvType,present
44717,evMotor,present
44717,phevBlended,present
44727,fuelType1,present
44727,fuelType2,present
44727,atvType,present
44727,evMotor,present
44727,phevBlended,present
44728,fuelType1,present
44728,fuelType2,present
44728,atvType,present
44728,evMotor,present
44728,phevBlended,present
44729,fuelType1,present
44729,fuelType2,present
44729,atvType,present
44729,evMotor,present
44729,phevBlended,present
44730,fuelType1,present
44730,fuelType2,present
44730,atvType,present
44730,evMotor,present
44730,phevBlended,present
44747,fuelType1,present
44747,fuelType2,present
44747,atvType,present
44747,evMotor,present
44747,phevBlended,present
44749,fuelType1,present
44749,fuelType2,present
44749,atvType,present
44749,evMotor,present
44749,phevBlended,present
44750,fuelType1,present
44750,fuelType2,present
44750,atvType,present
44750,evMotor,present
44750,phevBlended,present
44751,fuelType1,present
44751,fuelType2,present
44751,atvType,present
44751,evMotor,present
44751,phevBlended,present
44756,fuelType1,present
44756,fuelType2,present
44756,atvType,present
44756,evMotor,present
44756,phevBlended,present
44762,fuelType1,present
44762,fuelType2,present
44762,atvType,present
44762,evMotor,present
44762,phevBlended,present
44763,fuelType1,present
44763,fuelType2,present
44763,atvType,present
44763,evMotor,present
44763,phevBlended,present
44766,fuelType1,present
44766,fuelType2,present
44766,atvType,present
44766,evMotor,present
44766,phevBlended,present
44768,fuelType1,present
44768,fuelType2,present
44768,atvType,present
44768,evMotor,present
44768,phevBlended,present
44773,fuelType1,present
44773,fuelType2,present
44773,atvType,present
44773,evMotor,present
44773,phevBlended,present
44774,fuelType1,present
44774,fuelType2,present
44774,atvType,present
44774,evMotor,present
44774,phevBlended,present
44775,fuelType1,present
44775,fuelType2,present
44775,atvType,present
44775,evMotor,present
44775,phevBlended,present
44776,fuelType1,present
44776,fuelType2,present
44776,atvType,present
44776,evMotor,present
44776,phevBlended,present
44778,fuelType1,present
44778,fuelType2,present
44778,atvType,present
44778,evMotor,present
44778,phevBlended,present
44780,fuelType1,present
44780,fuelType2,present
44780,atvType,present
44780,evMotor,present
44780,phevBlended,present
44790,fuelType1,present
44790,fuelType2,present
44790,atvType,present
44790,evMotor,present
44790,phevBlended,present
44803,fuelType1,present
44803,fuelType2,present
44803,atvType,present
44803,evMotor,present
44803,phevBlended,present
44805,fuelType1,present
44805,fuelType2,present
44805,atvType,present
44805,evMotor,present
44805,phevBlended,present
44807,fuelType1,present
44807,fuelType2,present
44807,atvType,present
44807,evMotor,present
44807,phevBlended,present
44810,fuelType1,present
44810,fuelType2,present
44810,atvType,present
44810,evMotor,present
44810,phevBlended,present
44812,fuelType1,present
44812,fuelType2,present
44812,atvType,present
44812,evMotor,present
44812,phevBlended,present
44818,fuelType1,present
44818,fuelType2,present
44818,atvType,present
44818,evMotor,present
44818,phevBlended,present
44819,fuelType1,present
44819,fuelType2,present
44819,atvType,present
44819,evMotor,present
44819,phevBlended,present
44820,fuelType1,present
44820,fuelType2,present
44820,atvType,present
44820,evMotor,present
44820,phevBlended,present
44823,fuelType1,present
44823,fuelType2,present
44823,atvType,present
44823,evMotor,present
44823,phevBlended,present
44826,fuelType1,present
44826,fuelType2,present
44826,atvType,present
44826,evMotor,present
44826,phevBlended,present
44829,fuelType1,present
44829,fuelType2,present
44829,atvType,present
44829,evMotor,present
44829,phevBlended,present
44833,fuelType1,present
44833,fuelType2,present
44833,atvType,present
44833,evMotor,present
44833,phevBlended,present
44835,fuelType1,present
44835,fuelType2,present
44835,atvType,present
44835,evMotor,present
44835,phevBlended,present
44836,fuelType1,present
44836,fuelType2,present
44836,atvType,present
44836,evMotor,present
44836,phevBlended,present
44837,fuelType1,present
44837,fuelType2,present
44837,atvType,present
44837,evMotor,present
44837,phevBlended,present
44838,fuelType1,present
44838,fuelType2,present
44838,atvType,present
44838,evMotor,present
44838,phevBlended,present
44839,fuelType1,present
44839,fuelType2,present
44839,atvType,present
44839,evMotor,present
44839,phevBlended,present
44840,fuelType1,present
44840,fuelType2,present
44840,atvType,present
44840,evMotor,present
44840,phevBlended,present
44843,fuelType1,present
44843,fuelType2,present
44843,atvType,present
44843,evMotor,present
44843,phevBlended,present
44845,fuelType1,present
44845,fuelType2,present
44845,atvType,present
44845,evMotor,present
44845,phevBlended,present
44846,fuelType1,present
44846,fuelType2,present
44846,atvType,present
44846,evMotor,present
44846,phevBlended,present
44850,fuelType1,present
44850,fuelType2,present
44850,atvType,present
44850,evMotor,present
44850,phevBlended,present
44853,fuelType1,present
44853,fuelType2,present
44853,atvType,present
44853,evMotor,present
44853,phevBlended,present
44854,fuelType1,present
44854,fuelType2,present
44854,atvType,present
44854,evMotor,present
44854,phevBlended,present
44862,fuelType1,present
44862,fuelType2,present
44862,atvType,present
44862,evMotor,present
44862,phevBlended,present
44875,fuelType1,present
44875,fuelType2,present
44875,atvType,present
44875,evMotor,present
44875,phevBlended,present
44881,fuelType1,present
44881,fuelType2,present
44881,atvType,present
44881,evMotor,present
44881,phevBlended,present
44885,fuelType1,present
44885,fuelType2,present
44885,atvType,present
44885,evMotor,present
44885,phevBlended,present
44886,fuelType1,present
44886,fuelType2,present
44886,atvType,present
44886,evMotor,present
44886,phevBlended,present
44891,fuelType1,present
44891,fuelType2,present
44891,atvType,present
44891,evMotor,present
44891,phevBlended,present
44893,fuelType1,present
44893,fuelType2,present
44893,atvType,present
44893,evMotor,present
44893,phevBlended,present
44898,fuelType1,present
44898,fuelType2,present
44898,atvType,present
44898,evMotor,present
44898,phevBlended,present
44928,fuelType1,present
44928,fuelType2,present
44928,atvType,present
44928,evMotor,present
44928,phevBlended,present
44930,fuelType1,present
44930,fuelType2,present
44930,atvType,present
44930,evMotor,present
44930,phevBlended,present
44933,fuelType1,present
44933,fuelType2,present
44933,atvType,present
44933,evMotor,present
44933,phevBlended,present
44934,fuelType1,present
44934,fuelType2,present
44934,atvType,present
44934,evMotor,present
44934,phevBlended,present
44935,fuelType1,present
44935,fuelType2,present
44935,atvType,present
44935,evMotor,present
44935,phevBlended,present
44936,fuelType1,present
44936,fuelType2,present
44936,atvType,present
44936,evMotor,present
44936,phevBlended,present
44937,fuelType1,present
44937,fuelType2,present
44937,atvType,present
44937,evMotor,present
44937,phevBlended,present
44938,fuelType1,present
44938,fuelType2,present
44938,atvType,present
44938,evMotor,present
44938,phevBlended,present
44939,fuelType1,present
44939,fuelType2,present
44939,atvType,present
44939,evMotor,present
44939,phevBlended,present
44941,fuelType1,present
44941,fuelType2,present
44941,atvType,present
44941,evMotor,present
44941,phevBlended,present
44942,fuelType1,present
44942,fuelType2,present
44942,atvType,present
44942,evMotor,present
44942,phevBlended,present
44943,fuelType1,present
44943,fuelType2,present
44943,atvType,present
44943,evMotor,present
44943,phevBlended,present
44944,fuelType1,present
44944,fuelType2,present
44944,atvType,present
44944,evMotor,present
44944,phevBlended,present
44946,fuelType1,present
44946,fuelType2,present
44946,atvType,present
44946,evMotor,present
44946,phevBlended,present
44949,fuelType1,present
44949,fuelType2,present
44949,atvType,present
44949,evMotor,present
44949,phevBlended,present
44950,fuelType1,present
44950,fuelType2,present
44950,atvType,present
44950,evMotor,present
44950,phevBlended,present
44974,fuelType1,present
44974,fuelType2,present
44974,atvType,present
44974,evMotor,present
44974,phevBlended,present
44977,fuelType1,present
44977,fuelType2,present
44977,atvType,present
44977,evMotor,present
44977,phevBlended,present
44983,fuelType1,present
44983,fuelType2,present
44983,atvType,present
44983,evMotor,present
44983,phevBlended,present
44984,fuelType1,present
44984,fuelType2,present
44984,atvType,present
44984,evMotor,present
44984,phevBlended,present
45011,fuelType1,present
45011,fuelType2,present
45011,atvType,present
45011,evMotor,present
45011,phevBlended,present
45012,fuelType1,present
45012,fuelType2,present
45012,atvType,present
45012,evMotor,present
45012,phevBlended,present
45013,fuelType1,present
45013,fuelType2,present
45013,atvType,present
45013,evMotor,present
45013,phevBlended,present
45014,fuelType1,present
45014,fuelType2,present
45014,atvType,present
45014,evMotor,present
45014,phevBlended,present
45015,fuelType1,present
45015,fuelType2,present
45015,atvType,present
45015,evMotor,present
45015,phevBlended,present
45016,fuelType1,present
45016,fuelType2,present
45016,atvType,present
45016,evMotor,present
45016,phevBlended,present
45017,fuelType1,present
45017,fuelType2,present
45017,atvType,present
45017,evMotor,present
45017,phevBlended,present
45018,fuelType1,present
45018,fuelType2,present
45018,atvType,present
45018,evMotor,present
45018,phevBlended,present
45019,fuelType1,present
45019,fuelType2,present
45019,atvType,present
45019,evMotor,present
45019,phevBlended,present
45020,fuelType1,present
45020,fuelType2,present
45020,atvType,present
45020,evMotor,present
45020,phevBlended,present
45021,fuelType1,present
45021,fuelType2,present
45021,atvType,present
45021,evMotor,present
45021,phevBlended,present
45022,fuelType1,present
45022,fuelType2,present
45022,atvType,present
45022,evMotor,present
45022,phevBlended,present
45024,fuelType1,present
45024,fuelType2,present
45024,atvType,present
45024,evMotor,present
45024,phevBlended,present
45025,fuelType1,present
45025,fuelType2,present
45025,atvType,present
45025,evMotor,present
45025,phevBlended,present
45026,fuelType1,present
45026,fuelType2,present
45026,atvType,present
45026,evMotor,present
45026,phevBlended,present
45027,fuelType1,present
45027,fuelType2,present
45027,atvType,present
45027,evMotor,present
45027,phevBlended,present
45028,fuelType1,present
45028,fuelType2,present
45028,atvType,present
45028,evMotor,present
45028,phevBlended,present
45029,fuelType1,present
45029,fuelType2,present
45029,atvType,present
45029,evMotor,present
45029,phevBlended,present
45030,fuelType1,present
45030,fuelType2,present
45030,atvType,present
45030,evMotor,present
45030,phevBlended,present
45031,fuelType1,present
45031,fuelType2,present
45031,atvType,present
45031,evMotor,present
45031,phevBlended,present
45032,fuelType1,present
45032,fuelType2,present
45032,atvType,present
45032,evMotor,present
45032,phevBlended,present
45033,fuelType1,present
45033,fuelType2,present
45033,atvType,present
45033,evMotor,present
45033,phevBlended,present
45034,fuelType1,present
45034,fuelType2,present
45034,atvType,present
45034,evMotor,present
45034,phevBlended,present
45035,fuelType1,present
45035,fuelType2,present
45035,atvType,present
45035,evMotor,present
45035,phevBlended,present
45036,fuelType1,present
45036,fuelType2,present
45036,atvType,present
45036,evMotor,present
45036,phevBlended,present
45037,fuelType1,present
45037,fuelType2,present
45037,atvType,present
45037,evMotor,present
45037,phevBlended,present
45038,fuelType1,present
45038,fuelType2,present
45038,atvType,present
45038,evMotor,present
45038,phevBlended,present
45040,fuelType1,present
45040,fuelType2,present
45040,atvType,present
45040,evMotor,present
45040,phevBlended,present
45043,fuelType1,present
45043,fuelType2,present
45043,atvType,present
45043,evMotor,present
45043,phevBlended,present
45059,fuelType1,present
45059,fuelType2,present
45059,atvType,present
45059,evMotor,present
45059,phevBlended,present
45060,fuelType1,present
45060,fuelType2,present
45060,atvType,present
45060,evMotor,present
45060,phevBlended,present
45065,fuelType1,present
45065,fuelType2,present
45065,atvType,present
45065,evMotor,present
45065,phevBlended,present
45066,fuelType1,present
45066,fuelType2,present
45066,atvType,present
45066,evMotor,present
45066,phevBlended,present
45067,fuelType1,present
45067,fuelType2,present
45067,atvType,present
45067,evMotor,present
45067,phevBlended,present
45068,fuelType1,present
45068,fuelType2,present
45068,atvType,present
45068,evMotor,present
45068,phevBlended,present
45070,fuelType1,present
45070,fuelType2,present
45070,atvType,present
45070,evMotor,present
45070,phevBlended,present
45071,fuelType1,present
45071,fuelType2,present
45071,atvType,present
45071,evMotor,present
45071,phevBlended,present
45077,fuelType1,present
45077,fuelType2,present
45077,atvType,present
45077,evMotor,present
45077,phevBlended,present
45078,fuelType1,present
45078,fuelType2,present
45078,atvType,present
45078,evMotor,present
45078,phevBlended,present
45079,fuelType1,present
45079,fuelType2,present
45079,atvType,present
45079,evMotor,present
45079,phevBlended,present
45083,fuelType1,present
45083,fuelType2,present
45083,atvType,present
45083,evMotor,present
45083,phevBlended,present
45084,fuelType1,present
45084,fuelType2,present
45084,atvType,present
45084,evMotor,present
45084,phevBlended,present
45086,fuelType1,present
45086,fuelType2,present
45086,atvType,present
45086,evMotor,present
45086,phevBlended,present
45092,fuelType1,present
45092,fuelType2,present
45092,atvType,present
45092,evMotor,present
45092,phevBlended,present
45096,fuelType1,present
45096,fuelType2,present
45096,atvType,present
45096,evMotor,present
45096,phevBlended,present
45097,fuelType1,present
45097,fuelType2,present
45097,atvType,present
45097,evMotor,present
45097,phevBlended,present
45105,fuelType1,present
45105,fuelType2,present
45105,atvType,present
45105,evMotor,present
45105,phevBlended,present
45106,fuelType1,present
45106,fuelType2,present
45106,atvType,present
45106,evMotor,present
45106,phevBlended,present
45107,fuelType1,present
45107,fuelType2,present
45107,atvType,present
45107,evMotor,present
45107,phevBlended,present
45109,fuelType1,present
45109,fuelType2,present
45109,atvType,present
45109,evMotor,present
45109,phevBlended,present
45114,fuelType1,present
45114,fuelType2,present
45114,atvType,present
45114,evMotor,present
45114,phevBlended,present
45115,fuelType1,present
45115,fuelType2,present
45115,atvType,present
45115,evMotor,present
45115,phevBlended,present
45123,fuelType1,present
45123,fuelType2,present
45123,atvType,present
45123,evMotor,present
45123,phevBlended,present
45124,fuelType1,present
45124,fuelType2,present
45124,atvType,present
45124,evMotor,present
45124,phevBlended,present
45127,fuelType1,present
45127,fuelType2,present
45127,atvType,present
45127,evMotor,present
45127,phevBlended,present
45128,fuelType1,present
45128,fuelType2,present
45128,atvType,present
45128,evMotor,present
45128,phevBlended,present
45140,fuelType1,present
45140,fuelType2,present
45140,atvType,present
45140,evMotor,present
45140,phevBlended,present
45141,fuelType1,present
45141,fuelType2,present
45141,atvType,present
45141,evMotor,present
45141,phevBlended,present
45158,fuelType1,present
45158,fuelType2,present
45158,atvType,present
45158,evMotor,present
45158,phevBlended,present
45159,fuelType1,present
45159,fuelType2,present
45159,atvType,present
45159,evMotor,present
45159,phevBlended,present
45160,fuelType1,present
45160,fuelType2,present
45160,atvType,present
45160,evMotor,present
45160,phevBlended,present
45169,fuelType1,present
45169,fuelType2,present
45169,atvType,present
45169,evMotor,present
45169,phevBlended,present
45170,fuelType1,present
45170,fuelType2,present
45170,atvType,present
45170,evMotor,present
45170,phevBlended,present
45179,fuelType1,present
45179,fuelType2,present
45179,atvType,present
45179,evMotor,present
45179,phevBlended,present
45182,fuelType1,present
45182,fuelType2,present
45182,atvType,present
45182,evMotor,present
45182,phevBlended,present
45183,fuelType1,present
45183,fuelType2,present
45183,atvType,present
45183,evMotor,present
45183,phevBlended,present
45184,fuelType1,present
45184,fuelType2,present
45184,atvType,present
45184,evMotor,present
45184,phevBlended,present
45185,fuelType1,present
45185,fuelType2,present
45185,atvType,present
45185,evMotor,present
45185,phevBlended,present
45186,fuelType1,present
45186,fuelType2,present
45186,atvType,present
45186,evMotor,present
45186,phevBlended,present
45189,fuelType1,present
45189,fuelType2,present
45189,atvType,present
45189,evMotor,present
45189,phevBlended,present
45193,fuelType1,present
45193,fuelType2,present
45193,atvType,present
45193,evMotor,present
45193,phevBlended,present
45194,fuelType1,present
45194,fuelType2,present
45194,atvType,present
45194,evMotor,present
45194,phevBlended,present
45196,fuelType1,present
45196,fuelType2,present
45196,atvType,present
45196,evMotor,present
45196,phevBlended,present
45199,fuelType1,present
45199,fuelType2,present
45199,atvType,present
45199,evMotor,present
45199,phevBlended,present
45202,fuelType1,present
45202,fuelType2,present
45202,atvType,present
45202,evMotor,present
45202,phevBlended,present
45204,fuelType1,present
45204,fuelType2,present
45204,atvType,present
45204,evMotor,present
45204,phevBlended,present
45205,fuelType1,present
45205,fuelType2,present
45205,atvType,present
45205,evMotor,present
45205,phevBlended,present
45206,fuelType1,present
45206,fuelType2,present
45206,atvType,present
45206,evMotor,present
45206,phevBlended,present
45207,fuelType1,present
45207,fuelType2,present
45207,atvType,present
45207,evMotor,present
45207,phevBlended,present
45221,fuelType1,present
45221,fuelType2,present
45221,atvType,present
45221,evMotor,present
45221,phevBlended,present
45222,fuelType1,present
45222,fuelType2,present
45222,atvType,present
45222,evMotor,present
45222,phevBlended,present
45227,fuelType1,present
45227,fuelType2,present
45227,atvType,present
45227,evMotor,present
45227,phevBlended,present
45228,fuelType1,present
45228,fuelType2,present
45228,atvType,present
45228,evMotor,present
45228,phevBlended,present
45241,fuelType1,present
45241,fuelType2,present
45241,atvType,present
45241,evMotor,present
45241,phevBlended,present
45243,fuelType1,present
45243,fuelType2,present
45243,atvType,present
45243,evMotor,present
45243,phevBlended,present
45245,fuelType1,present
45245,fuelType2,present
45245,atvType,present
45245,evMotor,present
45245,phevBlended,present
45246,fuelType1,present
45246,fuelType2,present
45246,atvType,present
45246,evMotor,present
45246,phevBlended,present
45250,fuelType1,present
45250,fuelType2,present
45250,atvType,present
45250,evMotor,present
45250,phevBlended,present
45251,fuelType1,present
45251,fuelType2,present
45251,atvType,present
45251,evMotor,present
45251,phevBlended,present
45252,fuelType1,present
45252,fuelType2,present
45252,atvType,present
45252,evMotor,present
45252,phevBlended,present
45253,fuelType1,present
45253,fuelType2,present
45253,atvType,present
45253,evMotor,present
45253,phevBlended,present
45255,fuelType1,present
45255,fuelType2,present
45255,atvType,present
45255,evMotor,present
45255,phevBlended,present
45256,fuelType1,present
45256,fuelType2,present
45256,atvType,present
45256,evMotor,present
45256,phevBlended,present
45258,fuelType1,present
45258,fuelType2,present
45258,atvType,present
45258,evMotor,present
45258,phevBlended,present
45262,fuelType1,present
45262,fuelType2,present
45262,atvType,present
45262,evMotor,present
45262,phevBlended,present
45264,fuelType1,present
45264,fuelType2,present
45264,atvType,present
45264,evMotor,present
45264,phevBlended,present
45271,fuelType1,present
45271,fuelType2,present
45271,atvType,present
45271,evMotor,present
45271,phevBlended,present
45272,fuelType1,present
45272,fuelType2,present
45272,atvType,present
45272,evMotor,present
45272,phevBlended,present
45277,fuelType1,present
45277,fuelType2,present
45277,atvType,present
45277,evMotor,present
45277,phevBlended,present
45280,fuelType1,present
45280,fuelType2,present
45280,atvType,present
45280,evMotor,present
45280,phevBlended,present
45281,fuelType1,present
45281,fuelType2,present
45281,atvType,present
45281,evMotor,present
45281,phevBlended,present
45287,fuelType1,present
45287,fuelType2,present
45287,atvType,present
45287,evMotor,present
45287,phevBlended,present
45291,fuelType1,present
45291,fuelType2,present
45291,atvType,present
45291,evMotor,present
45291,phevBlended,present
45292,fuelType1,present
45292,fuelType2,present
45292,atvType,present
45292,evMotor,present
45292,phevBlended,present
45294,fuelType1,present
45294,fuelType2,present
45294,atvType,present
45294,evMotor,present
45294,phevBlended,present
45295,fuelType1,present
45295,fuelType2,present
45295,atvType,present
45295,evMotor,present
45295,phevBlended,present
45296,fuelType1,present
45296,fuelType2,present
45296,atvType,present
45296,evMotor,present
45296,phevBlended,present
45299,fuelType1,present
45299,fuelType2,present
45299,atvType,present
45299,evMotor,present
45299,phevBlended,present
45301,fuelType1,present
45301,fuelType2,present
45301,atvType,present
45301,evMotor,present
45301,phevBlended,present
45305,fuelType1,present
45305,fuelType2,present
45305,atvType,present
45305,evMotor,present
45305,phevBlended,present
45306,fuelType1,present
45306,fuelType2,present
45306,atvType,present
45306,evMotor,present
45306,phevBlended,present
45310,fuelType1,present
45310,fuelType2,present
45310,atvType,present
45310,evMotor,present
45310,phevBlended,present
45314,fuelType1,present
45314,fuelType2,present
45314,atvType,present
45314,evMotor,present
45314,phevBlended,present
45319,fuelType1,present
45319,fuelType2,present
45319,atvType,present
45319,evMotor,present
45319,phevBlended,present
45320,fuelType1,present
45320,fuelType2,present
45320,atvType,present
45320,evMotor,present
45320,phevBlended,present
45321,fuelType1,present
45321,fuelType2,present
45321,atvType,present
45321,evMotor,present
45321,phevBlended,present
45329,fuelType1,present
45329,fuelType2,present
45329,atvType,present
45329,evMotor,present
45329,phevBlended,present
45333,fuelType1,present
45333,fuelType2,present
45333,atvType,present
45333,evMotor,present
45333,phevBlended,present
45334,fuelType1,present
45334,fuelType2,present
45334,atvType,present
45334,evMotor,present
45334,phevBlended,present
45335,fuelType1,present
45335,fuelType2,present
45335,atvType,present
45335,evMotor,present
45335,phevBlended,present
45336,fuelType1,present
45336,fuelType2,present
45336,atvType,present
45336,evMotor,present
45336,phevBlended,present
45337,fuelType1,present
45337,fuelType2,present
45337,atvType,present
45337,evMotor,present
45337,phevBlended,present
45338,fuelType1,present
45338,fuelType2,present
45338,atvType,present
45338,evMotor,present
45338,phevBlended,present
45339,fuelType1,present
45339,fuelType2,present
45339,atvType,present
45339,evMotor,present
45339,phevBlended,present
45341,fuelType1,present
45341,fuelType2,present
45341,atvType,present
45341,evMotor,present
45341,phevBlended,present
45342,fuelType1,present
45342,fuelType2,present
45342,atvType,present
45342,evMotor,present
45342,phevBlended,present
45351,fuelType1,present
45351,fuelType2,present
45351,atvType,present
45351,evMotor,present
45351,phevBlended,present
45354,fuelType1,present
45354,fuelType2,present
45354,atvType,present
45354,evMotor,present
45354,phevBlended,present
45357,fuelType1,present
45357,fuelType2,present
45357,atvType,present
45357,evMotor,present
45357,phevBlended,present
45359,fuelType1,present
45359,fuelType2,present
45359,atvType,present
45359,evMotor,present
45359,phevBlended,present
45368,fuelType1,present
45368,fuelType2,present
45368,atvType,present
45368,evMotor,present
45368,phevBlended,present
45376,fuelType1,present
45376,fuelType2,present
45376,atvType,present
45376,evMotor,present
45376,phevBlended,present
45383,fuelType1,present
45383,fuelType2,present
45383,atvType,present
45383,evMotor,present
45383,phevBlended,present
45386,fuelType1,present
45386,fuelType2,present
45386,atvType,present
45386,evMotor,present
45386,phevBlended,present
45387,fuelType1,present
45387,fuelType2,present
45387,atvType,present
45387,evMotor,present
45387,phevBlended,present
45392,fuelType1,present
45392,fuelType2,present
45392,atvType,present
45392,evMotor,present
45392,phevBlended,present
45394,fuelType1,present
45394,fuelType2,present
45394,atvType,present
45394,evMotor,present
45394,phevBlended,present
45395,fuelType1,present
45395,fuelType2,present
45395,atvType,present
45395,evMotor,present
45395,phevBlended,present
45396,fuelType1,present
45396,fuelType2,present
45396,atvType,present
45396,evMotor,present
45396,phevBlended,present
45397,fuelType1,present
45397,fuelType2,present
45397,atvType,present
45397,evMotor,present
45397,phevBlended,present
45398,fuelType1,present
45398,fuelType2,present
45398,atvType,present
45398,evMotor,present
45398,phevBlended,present
45399,fuelType1,present
45399,fuelType2,present
45399,atvType,present
45399,evMotor,present
45399,phevBlended,present
45400,fuelType1,present
45400,fuelType2,present
45400,atvType,present
45400,evMotor,present
45400,phevBlended,present
45413,fuelType1,present
45413,fuelType2,present
45413,atvType,present
45413,evMotor,present
45413,phevBlended,present
45414,fuelType1,present
45414,fuelType2,present
45414,atvType,present
45414,evMotor,present
45414,phevBlended,present
45421,fuelType1,present
45421,fuelType2,present
45421,atvType,present
45421,evMotor,present
45421,phevBlended,present
45423,fuelType1,present
45423,fuelType2,present
45423,atvType,present
45423,evMotor,present
45423,phevBlended,present
45424,fuelType1,present
45424,fuelType2,present
45424,atvType,present
45424,evMotor,present
45424,phevBlended,present
45425,fuelType1,present
45425,fuelType2,present
45425,atvType,present
45425,evMotor,present
45425,phevBlended,present
45429,fuelType1,present
45429,fuelType2,present
45429,atvType,present
45429,evMotor,present
45429,phevBlended,present
45430,fuelType1,present
45430,fuelType2,present
45430,atvType,present
45430,evMotor,present
45430,phevBlended,present
45431,fuelType1,present
45431,fuelType2,present
45431,atvType,present
45431,evMotor,present
45431,phevBlended,present
45432,fuelType1,present
45432,fuelType2,present
45432,atvType,present
45432,evMotor,present
45432,phevBlended,present
45433,fuelType1,present
45433,fuelType2,present
45433,atvType,present
45433,evMotor,present
45433,phevBlended,present
45434,fuelType1,present
45434,fuelType2,present
45434,atvType,present
45434,evMotor,present
45434,phevBlended,present
45435,fuelType1,present
45435,fuelType2,present
45435,atvType,present
45435,evMotor,present
45435,phevBlended,present
45436,fuelType1,present
45436,fuelType2,present
45436,atvType,present
45436,evMotor,present
45436,phevBlended,present
45437,fuelType1,present
45437,fuelType2,present
45437,atvType,present
45437,evMotor,present
45437,phevBlended,present
45438,fuelType1,present
45438,fuelType2,present
45438,atvType,present
45438,evMotor,present
45438,phevBlended,present
45442,fuelType1,present
45442,fuelType2,present
45442,atvType,present
45442,evMotor,present
45442,phevBlended,present
45443,fuelType1,present
45443,fuelType2,present
45443,atvType,present
45443,evMotor,present
45443,phevBlended,present
45445,fuelType1,present
45445,fuelType2,present
45445,atvType,present
45445,evMotor,present
45445,phevBlended,present
45446,fuelType1,present
45446,fuelType2,present
45446,atvType,present
45446,evMotor,present
45446,phevBlended,present
45447,fuelType1,present
45447,fuelType2,present
45447,atvType,present
45447,evMotor,present
45447,phevBlended,present
45448,fuelType1,present
45448,fuelType2,present
45448,atvType,present
45448,evMotor,present
45448,phevBlended,present
45449,fuelType1,present
45449,fuelType2,present
45449,atvType,present
45449,evMotor,present
45449,phevBlended,present
45450,fuelType1,present
45450,fuelType2,present
45450,atvType,present
45450,evMotor,present
45450,phevBlended,present
45452,fuelType1,present
45452,fuelType2,present
45452,atvType,present
45452,evMotor,present
45452,phevBlended,present
45453,fuelType1,present
45453,fuelType2,present
45453,atvType,present
45453,evMotor,present
45453,phevBlended,present
45459,fuelType1,present
45459,fuelType2,present
45459,atvType,present
45459,evMotor,present
45459,phevBlended,present
45461,fuelType1,present
45461,fuelType2,present
45461,atvType,present
45461,evMotor,present
45461,phevBlended,present
45465,fuelType1,present
45465,fuelType2,present
45465,atvType,present
45465,evMotor,present
45465,phevBlended,present
45466,fuelType1,present
45466,fuelType2,present
45466,atvType,present
45466,evMotor,present
45466,phevBlended,present
45468,fuelType1,present
45468,fuelType2,present
45468,atvType,present
45468,evMotor,present
45468,phevBlended,present
45469,fuelType1,present
45469,fuelType2,present
45469,atvType,present
45469,evMotor,present
45469,phevBlended,present
45471,fuelType1,present
45471,fuelType2,present
45471,atvType,present
45471,evMotor,present
45471,phevBlended,present
45477,fuelType1,present
45477,fuelType2,present
45477,atvType,present
45477,evMotor,present
45477,phevBlended,present
45478,fuelType1,present
45478,fuelType2,present
45478,atvType,present
45478,evMotor,present
45478,phevBlended,present
45485,fuelType1,present
45485,fuelType2,present
45485,atvType,present
45485,evMotor,present
45485,phevBlended,present
45499,fuelType1,present
45499,fuelType2,present
45499,atvType,present
45499,evMotor,present
45499,phevBlended,present
45500,fuelType1,present
45500,fuelType2,present
45500,atvType,present
45500,evMotor,present
45500,phevBlended,present
45501,fuelType1,present
45501,fuelType2,present
45501,atvType,present
45501,evMotor,present
45501,phevBlended,present
45502,fuelType1,present
45502,fuelType2,present
45502,atvType,present
45502,evMotor,present
45502,phevBlended,present
45503,fuelType1,present
45503,fuelType2,present
45503,atvType,present
45503,evMotor,present
45503,phevBlended,present
45505,fuelType1,present
45505,fuelType2,present
45505,atvType,present
45505,evMotor,present
45505,phevBlended,present
45506,fuelType1,present
45506,fuelType2,present
45506,atvType,present
45506,evMotor,present
45506,phevBlended,present
45507,fuelType1,present
45507,fuelType2,present
45507,atvType,present
45507,evMotor,present
45507,phevBlended,present
45508,fuelType1,present
45508,fuelType2,present
45508,atvType,present
45508,evMotor,present
45508,phevBlended,present
45509,fuelType1,present
45509,fuelType2,present
45509,atvType,present
45509,evMotor,present
45509,phevBlended,present
45510,fuelType1,present
45510,fuelType2,present
45510,atvType,present
45510,evMotor,present
45510,phevBlended,present
45515,fuelType1,present
45515,fuelType2,present
45515,atvType,present
45515,evMotor,present
45515,phevBlended,present
45517,fuelType1,present
45517,fuelType2,present
45517,atvType,present
45517,evMotor,present
45517,phevBlended,present
45530,fuelType1,present
45530,fuelType2,present
45530,atvType,present
45530,evMotor,present
45530,phevBlended,present
45532,fuelType1,present
45532,fuelType2,present
45532,atvType,present
45532,evMotor,present
45532,phevBlended,present
45533,fuelType1,present
45533,fuelType2,present
45533,atvType,present
45533,evMotor,present
45533,phevBlended,present
45534,fuelType1,present
45534,fuelType2,present
45534,atvType,present
45534,evMotor,present
45534,phevBlended,present
45536,fuelType1,present
45536,fuelType2,present
45536,atvType,present
45536,evMotor,present
45536,phevBlended,present
45537,fuelType1,present
45537,fuelType2,present
45537,atvType,present
45537,evMotor,present
45537,phevBlended,present
45538,fuelType1,present
45538,fuelType2,present
45538,atvType,present
45538,evMotor,present
45538,phevBlended,present
45539,fuelType1,present
45539,fuelType2,present
45539,atvType,present
45539,evMotor,present
45539,phevBlended,present
45540,fuelType1,present
45540,fuelType2,present
45540,atvType,present
45540,evMotor,present
45540,phevBlended,present
45542,fuelType1,present
45542,fuelType2,present
45542,atvType,present
45542,evMotor,present
45542,phevBlended,present
45544,fuelType1,present
45544,fuelType2,present
45544,atvType,present
45544,evMotor,present
45544,phevBlended,present
45556,fuelType1,present
45556,fuelType2,present
45556,atvType,present
45556,evMotor,present
45556,phevBlended,present
45557,fuelType1,present
45557,fuelType2,present
45557,atvType,present
45557,evMotor,present
45557,phevBlended,present
45559,fuelType1,present
45559,fuelType2,present
45559,atvType,present
45559,evMotor,present
45559,phevBlended,present
45560,fuelType1,present
45560,fuelType2,present
45560,atvType,present
45560,evMotor,present
45560,phevBlended,present
45564,fuelType1,present
45564,fuelType2,present
45564,atvType,present
45564,evMotor,present
45564,phevBlended,present
45565,fuelType1,present
45565,fuelType2,present
45565,atvType,present
45565,evMotor,present
45565,phevBlended,present
45566,fuelType1,present
45566,fuelType2,present
45566,atvType,present
45566,evMotor,present
45566,phevBlended,present
45580,fuelType1,present
45580,fuelType2,present
45580,atvType,present
45580,evMotor,present
45580,phevBlended,present
45582,fuelType1,present
45582,fuelType2,present
45582,atvType,present
45582,evMotor,present
45582,phevBlended,present
45586,fuelType1,present
45586,fuelType2,present
45586,atvType,present
45586,evMotor,present
45586,phevBlended,present
45589,fuelType1,present
45589,fuelType2,present
45589,atvType,present
45589,evMotor,present
45589,phevBlended,present
45593,fuelType1,present
45593,fuelType2,present
45593,atvType,present
45593,evMotor,present
45593,phevBlended,present
45600,fuelType1,present
45600,fuelType2,present
45600,atvType,present
45600,evMotor,present
45600,phevBlended,present
45609,fuelType1,present
45609,fuelType2,present
45609,atvType,present
45609,evMotor,present
45609,phevBlended,present
45610,fuelType1,present
45610,fuelType2,present
45610,atvType,present
45610,evMotor,present
45610,phevBlended,present
45611,fuelType1,present
45611,fuelType2,present
45611,atvType,present
45611,evMotor,present
45611,phevBlended,present
45614,fuelType1,present
45614,fuelType2,present
45614,atvType,present
45614,evMotor,present
45614,phevBlended,present
45618,fuelType1,present
45618,fuelType2,present
45618,atvType,present
45618,evMotor,present
45618,phevBlended,present
45619,fuelType1,present
45619,fuelType2,present
45619,atvType,present
45619,evMotor,present
45619,phevBlended,present
45621,fuelType1,present
45621,fuelType2,present
45621,atvType,present
45621,evMotor,present
45621,phevBlended,present
45622,fuelType1,present
45622,fuelType2,present
45622,atvType,present
45622,evMotor,present
45622,phevBlended,present
45623,fuelType1,present
45623,fuelType2,present
45623,atvType,present
45623,evMotor,present
45623,phevBlended,present
45624,fuelType1,present
45624,fuelType2,present
45624,atvType,present
45624,evMotor,present
45624,phevBlended,present
45633,fuelType1,present
45633,fuelType2,present
45633,atvType,present
45633,evMotor,present
45633,phevBlended,present
45634,fuelType1,present
45634,fuelType2,present
45634,atvType,present
45634,evMotor,present
45634,phevBlended,present
45641,fuelType1,present
45641,fuelType2,present
45641,atvType,present
45641,evMotor,present
45641,phevBlended,present
45642,fuelType1,present
45642,fuelType2,present
45642,atvType,present
45642,evMotor,present
45642,phevBlended,present
45645,fuelType1,present
45645,fuelType2,present
45645,atvType,present
45645,evMotor,present
45645,phevBlended,present
45653,fuelType1,present
45653,fuelType2,present
45653,atvType,present
45653,evMotor,present
45653,phevBlended,present
45654,fuelType1,present
45654,fuelType2,present
45654,atvType,present
45654,evMotor,present
45654,phevBlended,present
45655,fuelType1,present
45655,fuelType2,present
45655,atvType,present
45655,evMotor,present
45655,phevBlended,present
45657,fuelType1,present
45657,fuelType2,present
45657,atvType,present
45657,evMotor,present
45657,phevBlended,present
45659,fuelType1,present
45659,fuelType2,present
45659,atvType,present
45659,evMotor,present
45659,phevBlended,present
45665,fuelType1,present
45665,fuelType2,present
45665,atvType,present
45665,evMotor,present
45665,phevBlended,present
45666,fuelType1,present
45666,fuelType2,present
45666,atvType,present
45666,evMotor,present
45666,phevBlended,present
45667,fuelType1,present
45667,fuelType2,present
45667,atvType,present
45667,evMotor,present
45667,phevBlended,present
45668,fuelType1,present
45668,fuelType2,present
45668,atvType,present
45668,evMotor,present
45668,phevBlended,present
45669,fuelType1,present
45669,fuelType2,present
45669,atvType,present
45669,evMotor,present
45669,phevBlended,present
45676,fuelType1,present
45676,fuelType2,present
45676,atvType,present
45676,evMotor,present
45676,phevBlended,present
45677,fuelType1,present
45677,fuelType2,present
45677,atvType,present
45677,evMotor,present
45677,phevBlended,present
45684,fuelType1,present
45684,fuelType2,present
45684,atvType,present
45684,evMotor,present
45684,phevBlended,present
45685,fuelType1,present
45685,fuelType2,present
45685,atvType,present
45685,evMotor,present
45685,phevBlended,present
45694,fuelType1,present
45694,fuelType2,present
45694,atvType,present
45694,evMotor,present
45694,phevBlended,present
45695,fuelType1,present
45695,fuelType2,present
45695,atvType,present
45695,evMotor,present
45695,phevBlended,present
45696,fuelType1,present
45696,fuelType2,present
45696,atvType,present
45696,evMotor,present
45696,phevBlended,present
45697,fuelType1,present
45697,fuelType2,present
45697,atvType,present
45697,evMotor,present
45697,phevBlended,present
45703,fuelType1,present
45703,fuelType2,present
45703,atvType,present
45703,evMotor,present
45703,phevBlended,present
45711,fuelType1,present
45711,fuelType2,present
45711,atvType,present
45711,evMotor,present
45711,phevBlended,present
45721,fuelType1,present
45721,fuelType2,present
45721,atvType,present
45721,evMotor,present
45721,phevBlended,present
45742,fuelType1,present
45742,fuelType2,present
45742,atvType,present
45742,evMotor,present
45742,phevBlended,present
45746,fuelType1,present
45746,fuelType2,present
45746,atvType,present
45746,evMotor,present
45746,phevBlended,present
45747,fuelType1,present
45747,fuelType2,present
45747,atvType,present
45747,evMotor,present
45747,phevBlended,present
45752,fuelType1,present
45752,fuelType2,present
45752,atvType,present
45752,evMotor,present
45752,phevBlended,present
45753,fuelType1,present
45753,fuelType2,present
45753,atvType,present
45753,evMotor,present
45753,phevBlended,present
45754,fuelType1,present
45754,fuelType2,present
45754,atvType,present
45754,evMotor,present
45754,phevBlended,present
45755,fuelType1,present
45755,fuelType2,present
45755,atvType,present
45755,evMotor,present
45755,phevBlended,present
45760,fuelType1,present
45760,fuelType2,present
45760,atvType,present
45760,evMotor,present
45760,phevBlended,present
45761,fuelType1,present
45761,fuelType2,present
45761,atvType,present
45761,evMotor,present
45761,phevBlended,present
45762,fuelType1,present
45762,fuelType2,present
45762,atvType,present
45762,evMotor,present
45762,phevBlended,present
45763,fuelType1,present
45763,fuelType2,present
45763,atvType,present
45763,evMotor,present
45763,phevBlended,present
45764,fuelType1,present
45764,fuelType2,present
45764,atvType,present
45764,evMotor,present
45764,phevBlended,present
45766,fuelType1,present
45766,fuelType2,present
45766,atvType,present
45766,evMotor,present
45766,phevBlended,present
45767,fuelType1,present
45767,fuelType2,present
45767,atvType,present
45767,evMotor,present
45767,phevBlended,present
45768,fuelType1,present
45768,fuelType2,present
45768,atvType,present
45768,evMotor,present
45768,phevBlended,present
45802,fuelType1,present
45802,fuelType2,present
45802,atvType,present
45802,evMotor,present
45802,phevBlended,present
45804,fuelType1,present
45804,fuelType2,present
45804,atvType,present
45804,evMotor,present
45804,phevBlended,present
45805,fuelType1,present
45805,fuelType2,present
45805,atvType,present
45805,evMotor,present
45805,phevBlended,present
45806,fuelType1,present
45806,fuelType2,present
45806,atvType,present
45806,evMotor,present
45806,phevBlended,present
45808,fuelType1,present
45808,fuelType2,present
45808,atvType,present
45808,evMotor,present
45808,phevBlended,present
45810,fuelType1,present
45810,fuelType2,present
45810,atvType,present
45810,evMotor,present
45810,phevBlended,present
45814,fuelType1,present
45814,fuelType2,present
45814,atvType,present
45814,evMotor,present
45814,phevBlended,present
45822,fuelType1,present
45822,fuelType2,present
45822,atvType,present
45822,evMotor,present
45822,phevBlended,present
45826,fuelType1,present
45826,fuelType2,present
45826,atvType,present
45826,evMotor,present
45826,phevBlended,present
45843,fuelType1,present
45843,fuelType2,present
45843,atvType,present
45843,evMotor,present
45843,phevBlended,present
45852,fuelType1,present
45852,fuelType2,present
45852,atvType,present
45852,evMotor,present
45852,phevBlended,present
45855,fuelType1,present
45855,fuelType2,present
45855,atvType,present
45855,evMotor,present
45855,phevBlended,present
45856,fuelType1,present
45856,fuelType2,present
45856,atvType,present
45856,evMotor,present
45856,phevBlended,present
45857,fuelType1,present
45857,fuelType2,present
45857,atvType,present
45857,evMotor,present
45857,phevBlended,present
45859,fuelType1,present
45859,fuelType2,present
45859,atvType,present
45859,evMotor,present
45859,phevBlended,present
45860,fuelType1,present
45860,fuelType2,present
45860,atvType,present
45860,evMotor,present
45860,phevBlended,present
45870,fuelType1,present
45870,fuelType2,present
45870,atvType,present
45870,evMotor,present
45870,phevBlended,present
45880,fuelType1,present
45880,fuelType2,present
45880,atvType,present
45880,evMotor,present
45880,phevBlended,present
45881,fuelType1,present
45881,fuelType2,present
45881,atvType,present
45881,evMotor,present
45881,phevBlended,present
45882,fuelType1,present
45882,fuelType2,present
45882,atvType,present
45882,evMotor,present
45882,phevBlended,present
45883,fuelType1,present
45883,fuelType2,present
45883,atvType,present
45883,evMotor,present
45883,phevBlended,present
45884,fuelType1,present
45884,fuelType2,present
45884,atvType,present
45884,evMotor,present
45884,phevBlended,present
45885,fuelType1,present
45885,fuelType2,present
45885,atvType,present
45885,evMotor,present
45885,phevBlended,present
45889,fuelType1,present
45889,fuelType2,present
45889,atvType,present
45889,evMotor,present
45889,phevBlended,present
45890,fuelType1,present
45890,fuelType2,present
45890,atvType,present
45890,evMotor,present
45890,phevBlended,present
45891,fuelType1,present
45891,fuelType2,present
45891,atvType,present
45891,evMotor,present
45891,phevBlended,present
45895,fuelType1,present
45895,fuelType2,present
45895,atvType,present
45895,evMotor,present
45895,phevBlended,present
45896,fuelType1,present
45896,fuelType2,present
45896,atvType,present
45896,evMotor,present
45896,phevBlended,present
45897,fuelType1,present
45897,fuelType2,present
45897,atvType,present
45897,evMotor,present
45897,phevBlended,present
45898,fuelType1,present
45898,fuelType2,present
45898,atvType,present
45898,evMotor,present
45898,phevBlended,present
45901,fuelType1,present
45901,fuelType2,present
45901,atvType,present
45901,evMotor,present
45901,phevBlended,present
45902,fuelType1,present
45902,fuelType2,present
45902,atvType,present
45902,evMotor,present
45902,phevBlended,present
45905,fuelType1,present
45905,fuelType2,present
45905,atvType,present
45905,evMotor,present
45905,phevBlended,present
45906,fuelType1,present
45906,fuelType2,present
45906,atvType,present
45906,evMotor,present
45906,phevBlended,present
45907,fuelType1,present
45907,fuelType2,present
45907,atvType,present
45907,evMotor,present
45907,phevBlended,present
45924,fuelType1,present
45924,fuelType2,present
45924,atvType,present
45924,evMotor,present
45924,phevBlended,present
45928,fuelType1,present
45928,fuelType2,present
45928,atvType,present
45928,evMotor,present
45928,phevBlended,present
45936,fuelType1,present
45936,fuelType2,present
45936,atvType,present
45936,evMotor,present
45936,phevBlended,present
45939,fuelType1,present
45939,fuelType2,present
45939,atvType,present
45939,evMotor,present
45939,phevBlended,present
45940,fuelType1,present
45940,fuelType2,present
45940,atvType,present
45940,evMotor,present
45940,phevBlended,present
45941,fuelType1,present
45941,fuelType2,present
45941,atvType,present
45941,evMotor,present
45941,phevBlended,present
45947,fuelType1,present
45947,fuelType2,present
45947,atvType,present
45947,evMotor,present
45947,phevBlended,present
45954,fuelType1,present
45954,fuelType2,present
45954,atvType,present
45954,evMotor,present
45954,phevBlended,present
45956,fuelType1,present
45956,fuelType2,present
45956,atvType,present
45956,evMotor,present
45956,phevBlended,present
45960,fuelType1,present
45960,fuelType2,present
45960,atvType,present
45960,evMotor,present
45960,phevBlended,present
45961,fuelType1,present
45961,fuelType2,present
45961,atvType,present
45961,evMotor,present
45961,phevBlended,present
45962,fuelType1,present
45962,fuelType2,present
45962,atvType,present
45962,evMotor,present
45962,phevBlended,present
45963,fuelType1,present
45963,fuelType2,present
45963,atvType,present
45963,evMotor,present
45963,phevBlended,present
45965,fuelType1,present
45965,fuelType2,present
45965,atvType,present
45965,evMotor,present
45965,phevBlended,present
45980,fuelType1,present
45980,fuelType2,present
45980,atvType,present
45980,evMotor,present
45980,phevBlended,present
45987,fuelType1,present
45987,fuelType2,present
45987,atvType,present
45987,evMotor,present
45987,phevBlended,present
45999,fuelType1,present
45999,fuelType2,present
45999,atvType,present
45999,evMotor,present
45999,phevBlended,present
46002,fuelType1,present
46002,fuelType2,present
46002,atvType,present
46002,evMotor,present
46002,phevBlended,present
46013,fuelType1,present
46013,fuelType2,present
46013,atvType,present
46013,evMotor,present
46013,phevBlended,present
46031,fuelType1,present
46031,fuelType2,present
46031,atvType,present
46031,evMotor,present
46031,phevBlended,present
46034,fuelType1,present
46034,fuelType2,present
46034,atvType,present
46034,evMotor,present
46034,phevBlended,present
46036,fuelType1,present
46036,fuelType2,present
46036,atvType,present
46036,evMotor,present
46036,phevBlended,present
46037,fuelType1,present
46037,fuelType2,present
46037,atvType,present
46037,evMotor,present
46037,phevBlended,present
46039,fuelType1,present
46039,fuelType2,present
46039,atvType,present
46039,evMotor,present
46039,phevBlended,present
46046,fuelType1,present
46046,fuelType2,present
46046,atvType,present
46046,evMotor,present
46046,phevBlended,present
46047,fuelType1,present
46047,fuelType2,present
46047,atvType,present
46047,evMotor,present
46047,phevBlended,present
46053,fuelType1,present
46053,fuelType2,present
46053,atvType,present
46053,evMotor,present
46053,phevBlended,present
46054,fuelType1,present
46054,fuelType2,present
46054,atvType,present
46054,evMotor,present
46054,phevBlended,present
46057,fuelType1,present
46057,fuelType2,present
46057,atvType,present
46057,evMotor,present
46057,phevBlended,present
46062,fuelType1,present
46062,fuelType2,present
46062,atvType,present
46062,evMotor,present
46062,phevBlended,present
46063,fuelType1,present
46063,fuelType2,present
46063,atvType,present
46063,evMotor,present
46063,phevBlended,present
46065,fuelType1,present
46065,fuelType2,present
46065,atvType,present
46065,evMotor,present
46065,phevBlended,present
46066,fuelType1,present
46066,fuelType2,present
46066,atvType,present
46066,evMotor,present
46066,phevBlended,present
46072,fuelType1,present
46072,fuelType2,present
46072,atvType,present
46072,evMotor,present
46072,phevBlended,present
46081,fuelType1,present
46081,fuelType2,present
46081,atvType,present
46081,evMotor,present
46081,phevBlended,present
46083,fuelType1,present
46083,fuelType2,present
46083,atvType,present
46083,evMotor,present
46083,phevBlended,present
46084,fuelType1,present
46084,fuelType2,present
46084,atvType,present
46084,evMotor,present
46084,phevBlended,present
46088,fuelType1,present
46088,fuelType2,present
46088,atvType,present
46088,evMotor,present
46088,phevBlended,present
46089,fuelType1,present
46089,fuelType2,present
46089,atvType,present
46089,evMotor,present
46089,phevBlended,present
46091,fuelType1,present
46091,fuelType2,present
46091,atvType,present
46091,evMotor,present
46091,phevBlended,present
46101,fuelType1,present
46101,fuelType2,present
46101,atvType,present
46101,evMotor,present
46101,phevBlended,present
46102,fuelType1,present
46102,fuelType2,present
46102,atvType,present
46102,evMotor,present
46102,phevBlended,present
46103,fuelType1,present
46103,fuelType2,present
46103,atvType,present
46103,evMotor,present
46103,phevBlended,present
46113,fuelType1,present
46113,fuelType2,present
46113,atvType,present
46113,evMotor,present
46113,phevBlended,present
46114,fuelType1,present
46114,fuelType2,present
46114,atvType,present
46114,evMotor,present
46114,phevBlended,present
46124,fuelType1,present
46124,fuelType2,present
46124,atvType,present
46124,evMotor,present
46124,phevBlended,present
46125,fuelType1,present
46125,fuelType2,present
46125,atvType,present
46125,evMotor,present
46125,phevBlended,present
46128,fuelType1,present
46128,fuelType2,present
46128,atvType,present
46128,evMotor,present
46128,phevBlended,present
46129,fuelType1,present
46129,fuelType2,present
46129,atvType,present
46129,evMotor,present
46129,phevBlended,present
46130,fuelType1,present
46130,fuelType2,present
46130,atvType,present
46130,evMotor,present
46130,phevBlended,present
46136,fuelType1,present
46136,fuelType2,present
46136,atvType,present
46136,evMotor,present
46136,phevBlended,present
46137,fuelType1,present
46137,fuelType2,present
46137,atvType,present
46137,evMotor,present
46137,phevBlended,present
46138,fuelType1,present
46138,fuelType2,present
46138,atvType,present
46138,evMotor,present
46138,phevBlended,present
46139,fuelType1,present
46139,fuelType2,present
46139,atvType,present
46139,evMotor,present
46139,phevBlended,present
46140,fuelType1,present
46140,fuelType2,present
46140,atvType,present
46140,evMotor,present
46140,phevBlended,present
46141,fuelType1,present
46141,fuelType2,present
46141,atvType,present
46141,evMotor,present
46141,phevBlended,present
46142,fuelType1,present
46142,fuelType2,present
46142,atvType,present
46142,evMotor,present
46142,phevBlended,present
46144,fuelType1,present
46144,fuelType2,present
46144,atvType,present
46144,evMotor,present
46144,phevBlended,present
46145,fuelType1,present
46145,fuelType2,present
46145,atvType,present
46145,evMotor,present
46145,phevBlended,present
46146,fuelType1,present
46146,fuelType2,present
46146,atvType,present
46146,evMotor,present
46146,phevBlended,present
46147,fuelType1,present
46147,fuelType2,present
46147,atvType,present
46147,evMotor,present
46147,phevBlended,present
46154,fuelType1,present
46154,fuelType2,present
46154,atvType,present
46154,evMotor,present
46154,phevBlended,present
46155,fuelType1,present
46155,fuelType2,present
46155,atvType,present
46155,evMotor,present
46155,phevBlended,present
46162,fuelType1,present
46162,fuelType2,present
46162,atvType,present
46162,evMotor,present
46162,phevBlended,present
46163,fuelType1,present
46163,fuelType2,present
46163,atvType,present
46163,evMotor,present
46163,phevBlended,present
46164,fuelType1,present
46164,fuelType2,present
46164,atvType,present
46164,evMotor,present
46164,phevBlended,present
46165,fuelType1,present
46165,fuelType2,present
46165,atvType,present
46165,evMotor,present
46165,phevBlended,present
46201,fuelType1,present
46201,fuelType2,present
46201,atvType,present
46201,evMotor,present
46201,phevBlended,present
46204,fuelType1,present
46204,fuelType2,present
46204,atvType,present
46204,evMotor,present
46204,phevBlended,present
46205,fuelType1,present
46205,fuelType2,present
46205,atvType,present
46205,evMotor,present
46205,phevBlended,present
46206,fuelType1,present
46206,fuelType2,present
46206,atvType,present
46206,evMotor,present
46206,phevBlended,present
46207,fuelType1,present
46207,fuelType2,present
46207,atvType,present
46207,evMotor,present
46207,phevBlended,present
46208,fuelType1,present
46208,fuelType2,present
46208,atvType,present
46208,evMotor,present
46208,phevBlended,present
46209,fuelType1,present
46209,fuelType2,present
46209,atvType,present
46209,evMotor,present
46209,phevBlended,present
46210,fuelType1,present
46210,fuelType2,present
46210,atvType,present
46210,evMotor,present
46210,phevBlended,present
46211,fuelType1,present
46211,fuelType2,present
46211,atvType,present
46211,evMotor,present
46211,phevBlended,present
46212,fuelType1,present
46212,fuelType2,present
46212,atvType,present
46212,evMotor,present
46212,phevBlended,present
46213,fuelType1,present
46213,fuelType2,present
46213,atvType,present
46213,evMotor,present
46213,phevBlended,present
46221,fuelType1,present
46221,fuelType2,present
46221,atvType,present
46221,evMotor,present
46221,phevBlended,present
46224,fuelType1,present
46224,fuelType2,present
46224,atvType,present
46224,evMotor,present
46224,phevBlended,present
46225,fuelType1,present
46225,fuelType2,present
46225,atvType,present
46225,evMotor,present
46225,phevBlended,present
46226,fuelType1,present
46226,fuelType2,present
46226,atvType,present
46226,evMotor,present
46226,phevBlended,present
46227,fuelType1,present
46227,fuelType2,present
46227,atvType,present
46227,evMotor,present
46227,phevBlended,present
46228,fuelType1,present
46228,fuelType2,present
46228,atvType,present
46228,evMotor,present
46228,phevBlended,present
46229,fuelType1,present
46229,fuelType2,present
46229,atvType,present
46229,evMotor,present
46229,phevBlended,present
46230,fuelType1,present
46230,fuelType2,present
46230,atvType,present
46230,evMotor,present
46230,phevBlended,present
46234,fuelType1,present
46234,fuelType2,present
46234,atvType,present
46234,evMotor,present
46234,phevBlended,present
46235,fuelType1,present
46235,fuelType2,present
46235,atvType,present
46235,evMotor,present
46235,phevBlended,present
46242,fuelType1,present
46242,fuelType2,present
46242,atvType,present
46242,evMotor,present
46242,phevBlended,present
46245,fuelType1,present
46245,fuelType2,present
46245,atvType,present
46245,evMotor,present
46245,phevBlended,present
46249,fuelType1,present
46249,fuelType2,present
46249,atvType,present
46249,evMotor,present
46249,phevBlended,present
46256,fuelType1,present
46256,fuelType2,present
46256,atvType,present
46256,evMotor,present
46256,phevBlended,present
46262,fuelType1,present
46262,fuelType2,present
46262,atvType,present
46262,evMotor,present
46262,phevBlended,present
46273,fuelType1,present
46273,fuelType2,present
46273,atvType,present
46273,evMotor,present
46273,phevBlended,present
46276,fuelType1,present
46276,fuelType2,present
46276,atvType,present
46276,evMotor,present
46276,phevBlended,present
46277,fuelType1,present
46277,fuelType2,present
46277,atvType,present
46277,evMotor,present
46277,phevBlended,present
46278,fuelType1,present
46278,fuelType2,present
46278,atvType,present
46278,evMotor,present
46278,phevBlended,present
46279,fuelType1,present
46279,fuelType2,present
46279,atvType,present
46279,evMotor,present
46279,phevBlended,present
46283,fuelType1,present
46283,fuelType2,present
46283,atvType,present
46283,evMotor,present
46283,phevBlended,present
46285,fuelType1,present
46285,fuelType2,present
46285,atvType,present
46285,evMotor,present
46285,phevBlended,present
46288,fuelType1,present
46288,fuelType2,present
46288,atvType,present
46288,evMotor,present
46288,phevBlended,present
46289,fuelType1,present
46289,fuelType2,present
46289,atvType,present
46289,evMotor,present
46289,phevBlended,present
46290,fuelType1,present
46290,fuelType2,present
46290,atvType,present
46290,evMotor,present
46290,phevBlended,present
46291,fuelType1,present
46291,fuelType2,present
46291,atvType,present
46291,evMotor,present
46291,phevBlended,present
46292,fuelType1,present
46292,fuelType2,present
46292,atvType,present
46292,evMotor,present
46292,phevBlended,present
46298,fuelType1,present
46298,fuelType2,present
46298,atvType,present
46298,evMotor,present
46298,phevBlended,present
46302,fuelType1,present
46302,fuelType2,present
46302,atvType,present
46302,evMotor,present
46302,phevBlended,present
46303,fuelType1,present
46303,fuelType2,present
46303,atvType,present
46303,evMotor,present
46303,phevBlended,present
46304,fuelType1,present
46304,fuelType2,present
46304,atvType,present
46304,evMotor,present
46304,phevBlended,present
46305,fuelType1,present
46305,fuelType2,present
46305,atvType,present
46305,evMotor,present
46305,phevBlended,present
46306,fuelType1,present
46306,fuelType2,present
46306,atvType,present
46306,evMotor,present
46306,phevBlended,present
46307,fuelType1,present
46307,fuelType2,present
46307,atvType,present
46307,evMotor,present
46307,phevBlended,present
46308,fuelType1,present
46308,fuelType2,present
46308,atvType,present
46308,evMotor,present
46308,phevBlended,present
46309,fuelType1,present
46309,fuelType2,present
46309,atvType,present
46309,evMotor,present
46309,phevBlended,present
46310,fuelType1,present
46310,fuelType2,present
46310,atvType,present
46310,evMotor,present
46310,phevBlended,present
46311,fuelType1,present
46311,fuelType2,present
46311,atvType,present
46311,evMotor,present
46311,phevBlended,present
46312,fuelType1,present
46312,fuelType2,present
46312,atvType,present
46312,evMotor,present
46312,phevBlended,present
46313,fuelType1,present
46313,fuelType2,present
46313,atvType,present
46313,evMotor,present
46313,phevBlended,present
46316,fuelType1,present
46316,fuelType2,present
46316,atvType,present
46316,evMotor,present
46316,phevBlended,present
46317,fuelType1,present
46317,fuelType2,present
46317,atvType,present
46317,evMotor,present
46317,phevBlended,present
46326,fuelType1,present
46326,fuelType2,present
46326,atvType,present
46326,evMotor,present
46326,phevBlended,present
46343,fuelType1,present
46343,fuelType2,present
46343,atvType,present
46343,evMotor,present
46343,phevBlended,present
46350,fuelType1,present
46350,fuelType2,present
46350,atvType,present
46350,evMotor,present
46350,phevBlended,present
46351,fuelType1,present
46351,fuelType2,present
46351,atvType,present
46351,evMotor,present
46351,phevBlended,present
46352,fuelType1,present
46352,fuelType2,present
46352,atvType,present
46352,evMotor,present
46352,phevBlended,present
46353,fuelType1,present
46353,fuelType2,present
46353,atvType,present
46353,evMotor,present
46353,phevBlended,present
46354,fuelType1,present
46354,fuelType2,present
46354,atvType,present
46354,evMotor,present
46354,phevBlended,present
46355,fuelType1,present
46355,fuelType2,present
46355,atvType,present
46355,evMotor,present
46355,phevBlended,present
46359,fuelType1,present
46359,fuelType2,present
46359,atvType,present
46359,evMotor,present
46359,phevBlended,present
46365,fuelType1,present
46365,fuelType2,present
46365,atvType,present
46365,evMotor,present
46365,phevBlended,present
46368,fuelType1,present
46368,fuelType2,present
46368,atvType,present
46368,evMotor,present
46368,phevBlended,present
46369,fuelType1,present
46369,fuelType2,present
46369,atvType,present
46369,evMotor,present
46369,phevBlended,present
46372,fuelType1,present
46372,fuelType2,present
46372,atvType,present
46372,evMotor,present
46372,phevBlended,present
46373,fuelType1,present
46373,fuelType2,present
46373,atvType,present
46373,evMotor,present
46373,phevBlended,present
46375,fuelType1,present
46375,fuelType2,present
46375,atvType,present
46375,evMotor,present
46375,phevBlended,present
46376,fuelType1,present
46376,fuelType2,present
46376,atvType,present
46376,evMotor,present
46376,phevBlended,present
46377,fuelType1,present
46377,fuelType2,present
46377,atvType,present
46377,evMotor,present
46377,phevBlended,present
46378,fuelType1,present
46378,fuelType2,present
46378,atvType,present
46378,evMotor,present
46378,phevBlended,present
46381,fuelType1,present
46381,fuelType2,present
46381,atvType,present
46381,evMotor,present
46381,phevBlended,present
46382,fuelType1,present
46382,fuelType2,present
46382,atvType,present
46382,evMotor,present
46382,phevBlended,present
46383,fuelType1,present
46383,fuelType2,present
46383,atvType,present
46383,evMotor,present
46383,phevBlended,present
46384,fuelType1,present
46384,fuelType2,present
46384,atvType,present
46384,evMotor,present
46384,phevBlended,present
46393,fuelType1,present
46393,fuelType2,present
46393,atvType,present
46393,evMotor,present
46393,phevBlended,present
46394,fuelType1,present
46394,fuelType2,present
46394,atvType,present
46394,evMotor,present
46394,phevBlended,present
46395,fuelType1,present
46395,fuelType2,present
46395,atvType,present
46395,evMotor,present
46395,phevBlended,present
46396,fuelType1,present
46396,fuelType2,present
46396,atvType,present
46396,evMotor,present
46396,phevBlended,present
46407,fuelType1,present
46407,fuelType2,present
46407,atvType,present
46407,evMotor,present
46407,phevBlended,present
46408,fuelType1,present
46408,fuelType2,present
46408,atvType,present
46408,evMotor,present
46408,phevBlended,present
46426,fuelType1,present
46426,fuelType2,present
46426,atvType,present
46426,evMotor,present
46426,phevBlended,present
46434,fuelType1,present
46434,fuelType2,present
46434,atvType,present
46434,evMotor,present
46434,phevBlended,present
46435,fuelType1,present
46435,fuelType2,present
46435,atvType,present
46435,evMotor,present
46435,phevBlended,present
46444,fuelType1,present
46444,fuelType2,present
46444,atvType,present
46444,evMotor,present
46444,phevBlended,present
46445,fuelType1,present
46445,fuelType2,present
46445,atvType,present
46445,evMotor,present
46445,phevBlended,present
46447,fuelType1,present
46447,fuelType2,present
46447,atvType,present
46447,evMotor,present
46447,phevBlended,present
46448,fuelType1,present
46448,fuelType2,present
46448,atvType,present
46448,evMotor,present
46448,phevBlended,present
46451,fuelType1,present
46451,fuelType2,present
46451,atvType,present
46451,evMotor,present
46451,phevBlended,present
46454,fuelType1,present
46454,fuelType2,present
46454,atvType,present
46454,evMotor,present
46454,phevBlended,present
46455,fuelType1,present
46455,fuelType2,present
46455,atvType,present
46455,evMotor,present
46455,phevBlended,present
46456,fuelType1,present
46456,fuelType2,present
46456,atvType,present
46456,evMotor,present
46456,phevBlended,present
46458,fuelType1,present
46458,fuelType2,present
46458,atvType,present
46458,evMotor,present
46458,phevBlended,present
46463,fuelType1,present
46463,fuelType2,present
46463,atvType,present
46463,evMotor,present
46463,phevBlended,present
46464,fuelType1,present
46464,fuelType2,present
46464,atvType,present
46464,evMotor,present
46464,phevBlended,present
46465,fuelType1,present
46465,fuelType2,present
46465,atvType,present
46465,evMotor,present
46465,phevBlended,present
46471,fuelType1,present
46471,fuelType2,present
46471,atvType,present
46471,evMotor,present
46471,phevBlended,present
46474,fuelType1,present
46474,fuelType2,present
46474,atvType,present
46474,evMotor,present
46474,phevBlended,present
46482,fuelType1,present
46482,fuelType2,present
46482,atvType,present
46482,evMotor,present
46482,phevBlended,present
46483,fuelType1,present
46483,fuelType2,present
46483,atvType,present
46483,evMotor,present
46483,phevBlended,present
46486,fuelType1,present
46486,fuelType2,present
46486,atvType,present
46486,evMotor,present
46486,phevBlended,present
46487,fuelType1,present
46487,fuelType2,present
46487,atvType,present
46487,evMotor,present
46487,phevBlended,present
46488,fuelType1,present
46488,fuelType2,present
46488,atvType,present
46488,evMotor,present
46488,phevBlended,present
46489,fuelType1,present
46489,fuelType2,present
46489,atvType,present
46489,evMotor,present
46489,phevBlended,present
46493,fuelType1,present
46493,fuelType2,present
46493,atvType,present
46493,evMotor,present
46493,phevBlended,present
46500,fuelType1,present
46500,fuelType2,present
46500,atvType,present
46500,evMotor,present
46500,phevBlended,present
46502,fuelType1,present
46502,fuelType2,present
46502,atvType,present
46502,evMotor,present
46502,phevBlended,present
46503,fuelType1,present
46503,fuelType2,present
46503,atvType,present
46503,evMotor,present
46503,phevBlended,present
46506,fuelType1,present
46506,fuelType2,present
46506,atvType,present
46506,evMotor,present
46506,phevBlended,present
46507,fuelType1,present
46507,fuelType2,present
46507,atvType,present
46507,evMotor,present
46507,phevBlended,present
46509,fuelType1,present
46509,fuelType2,present
46509,atvType,present
46509,evMotor,present
46509,phevBlended,present
46510,fuelType1,present
46510,fuelType2,present
46510,atvType,present
46510,evMotor,present
46510,phevBlended,present
46511,fuelType1,present
46511,fuelType2,present
46511,atvType,present
46511,evMotor,present
46511,phevBlended,present
46519,fuelType1,present
46519,fuelType2,present
46519,atvType,present
46519,evMotor,present
46519,phevBlended,present
46527,fuelType1,present
46527,fuelType2,present
46527,atvType,present
46527,evMotor,present
46527,phevBlended,present
46528,fuelType1,present
46528,fuelType2,present
46528,atvType,present
46528,evMotor,present
46528,phevBlended,present
46529,fuelType1,present
46529,fuelType2,present
46529,atvType,present
46529,evMotor,present
46529,phevBlended,present
46530,fuelType1,present
46530,fuelType2,present
46530,atvType,present
46530,evMotor,present
46530,phevBlended,present
46531,fuelType1,present
46531,fuelType2,present
46531,atvType,present
46531,evMotor,present
46531,phevBlended,present
46532,fuelType1,present
46532,fuelType2,present
46532,atvType,present
46532,evMotor,present
46532,phevBlended,present
46534,fuelType1,present
46534,fuelType2,present
46534,atvType,present
46534,evMotor,present
46534,phevBlended,present
46536,fuelType1,present
46536,fuelType2,present
46536,atvType,present
46536,evMotor,present
46536,phevBlended,present
46541,fuelType1,present
46541,fuelType2,present
46541,atvType,present
46541,evMotor,present
46541,phevBlended,present
46542,fuelType1,present
46542,fuelType2,present
46542,atvType,present
46542,evMotor,present
46542,phevBlended,present
46558,fuelType1,present
46558,fuelType2,present
46558,atvType,present
46558,evMotor,present
46558,phevBlended,present
46563,fuelType1,present
46563,fuelType2,present
46563,atvType,present
46563,evMotor,present
46563,phevBlended,present
46565,fuelType1,present
46565,fuelType2,present
46565,atvType,present
46565,evMotor,present
46565,phevBlended,present
46566,fuelType1,present
46566,fuelType2,present
46566,atvType,present
46566,evMotor,present
46566,phevBlended,present
46568,fuelType1,present
46568,fuelType2,present
46568,atvType,present
46568,evMotor,present
46568,phevBlended,present
46574,fuelType1,present
46574,fuelType2,present
46574,atvType,present
46574,evMotor,present
46574,phevBlended,present
46577,fuelType1,present
46577,fuelType2,present
46577,atvType,present
46577,evMotor,present
46577,phevBlended,present
46581,fuelType1,present
46581,fuelType2,present
46581,atvType,present
46581,evMotor,present
46581,phevBlended,present
46585,fuelType1,present
46585,fuelType2,present
46585,atvType,present
46585,evMotor,present
46585,phevBlended,present
46586,fuelType1,present
46586,fuelType2,present
46586,atvType,present
46586,evMotor,present
46586,phevBlended,present
46587,fuelType1,present
46587,fuelType2,present
46587,atvType,present
46587,evMotor,present
46587,phevBlended,present
46588,fuelType1,present
46588,fuelType2,present
46588,atvType,present
46588,evMotor,present
46588,phevBlended,present
46590,fuelType1,present
46590,fuelType2,present
46590,atvType,present
46590,evMotor,present
46590,phevBlended,present
46592,fuelType1,present
46592,fuelType2,present
46592,atvType,present
46592,evMotor,present
46592,phevBlended,present
46593,fuelType1,present
46593,fuelType2,present
46593,atvType,present
46593,evMotor,present
46593,phevBlended,present
46594,fuelType1,present
46594,fuelType2,present
46594,atvType,present
46594,evMotor,present
46594,phevBlended,present
46595,fuelType1,present
46595,fuelType2,present
46595,atvType,present
46595,evMotor,present
46595,phevBlended,present
46596,fuelType1,present
46596,fuelType2,present
46596,atvType,present
46596,evMotor,present
46596,phevBlended,present
46602,fuelType1,present
46602,fuelType2,present
46602,atvType,present
46602,evMotor,present
46602,phevBlended,present
46604,fuelType1,present
46604,fuelType2,present
46604,atvType,present
46604,evMotor,present
46604,phevBlended,present
46607,fuelType1,present
46607,fuelType2,present
46607,atvType,present
46607,evMotor,present
46607,phevBlended,present
46612,fuelType1,present
46612,fuelType2,present
46612,atvType,present
46612,evMotor,present
46612,phevBlended,present
46617,fuelType1,present
46617,fuelType2,present
46617,atvType,present
46617,evMotor,present
46617,phevBlended,present
46624,fuelType1,present
46624,fuelType2,present
46624,atvType,present
46624,evMotor,present
46624,phevBlended,present
46629,fuelType1,present
46629,fuelType2,present
46629,atvType,present
46629,evMotor,present
46629,phevBlended,present
46633,fuelType1,present
46633,fuelType2,present
46633,atvType,present
46633,evMotor,present
46633,phevBlended,present
46634,fuelType1,present
46634,fuelType2,present
46634,atvType,present
46634,evMotor,present
46634,phevBlended,present
46635,fuelType1,present
46635,fuelType2,present
46635,atvType,present
46635,evMotor,present
46635,phevBlended,present
46636,fuelType1,present
46636,fuelType2,present
46636,atvType,present
46636,evMotor,present
46636,phevBlended,present
46638,fuelType1,present
46638,fuelType2,present
46638,atvType,present
46638,evMotor,present
46638,phevBlended,present
46650,fuelType1,present
46650,fuelType2,present
46650,atvType,present
46650,evMotor,present
46650,phevBlended,present
46652,fuelType1,present
46652,fuelType2,present
46652,atvType,present
46652,evMotor,present
46652,phevBlended,present
46661,fuelType1,present
46661,fuelType2,present
46661,atvType,present
46661,evMotor,present
46661,phevBlended,present
46662,fuelType1,present
46662,fuelType2,present
46662,atvType,present
46662,evMotor,present
46662,phevBlended,present
46665,fuelType1,present
46665,fuelType2,present
46665,atvType,present
46665,evMotor,present
46665,phevBlended,present
46668,fuelType1,present
46668,fuelType2,present
46668,atvType,present
46668,evMotor,present
46668,phevBlended,present
46669,fuelType1,present
46669,fuelType2,present
46669,atvType,present
46669,evMotor,present
46669,phevBlended,present
46671,fuelType1,present
46671,fuelType2,present
46671,atvType,present
46671,evMotor,present
46671,phevBlended,present
46672,fuelType1,present
46672,fuelType2,present
46672,atvType,present
46672,evMotor,present
46672,phevBlended,present
46674,fuelType1,present
46674,fuelType2,present
46674,atvType,present
46674,evMotor,present
46674,phevBlended,present
46676,fuelType1,present
46676,fuelType2,present
46676,atvType,present
46676,evMotor,present
46676,phevBlended,present
46679,fuelType1,present
46679,fuelType2,present
46679,atvType,present
46679,evMotor,present
46679,phevBlended,present
46680,fuelType1,present
46680,fuelType2,present
46680,atvType,present
46680,evMotor,present
46680,phevBlended,present
46683,fuelType1,present
46683,fuelType2,present
46683,atvType,present
46683,evMotor,present
46683,phevBlended,present
46684,fuelType1,present
46684,fuelType2,present
46684,atvType,present
46684,evMotor,present
46684,phevBlended,present
46685,fuelType1,present
46685,fuelType2,present
46685,atvType,present
46685,evMotor,present
46685,phevBlended,present
46687,fuelType1,present
46687,fuelType2,present
46687,atvType,present
46687,evMotor,present
46687,phevBlended,present
46696,fuelType1,present
46696,fuelType2,present
46696,atvType,present
46696,evMotor,present
46696,phevBlended,present
46700,fuelType1,present
46700,fuelType2,present
46700,atvType,present
46700,evMotor,present
46700,phevBlended,present
46706,fuelType1,present
46706,fuelType2,present
46706,atvType,present
46706,evMotor,present
46706,phevBlended,present
46708,fuelType1,present
46708,fuelType2,present
46708,atvType,present
46708,evMotor,present
46708,phevBlended,present
46709,fuelType1,present
46709,fuelType2,present
46709,atvType,present
46709,evMotor,present
46709,phevBlended,present
46712,fuelType1,present
46712,fuelType2,present
46712,atvType,present
46712,evMotor,present
46712,phevBlended,present
46713,fuelType1,present
46713,fuelType2,present
46713,atvType,present
46713,evMotor,present
46713,phevBlended,present
46714,fuelType1,present
46714,fuelType2,present
46714,atvType,present
46714,evMotor,present
46714,phevBlended,present
46715,fuelType1,present
46715,fuelType2,present
46715,atvType,present
46715,evMotor,present
46715,phevBlended,present
46716,fuelType1,present
46716,fuelType2,present
46716,atvType,present
46716,evMotor,present
46716,phevBlended,present
46717,fuelType1,present
46717,fuelType2,present
46717,atvType,present
46717,evMotor,present
46717,phevBlended,present
46718,fuelType1,present
46718,fuelType2,present
46718,atvType,present
46718,evMotor,present
46718,phevBlended,present
46724,fuelType1,present
46724,fuelType2,present
46724,atvType,present
46724,evMotor,present
46724,phevBlended,present
46735,fuelType1,present
46735,fuelType2,present
46735,atvType,present
46735,evMotor,present
46735,phevBlended,present
46736,fuelType1,present
46736,fuelType2,present
46736,atvType,present
46736,evMotor,present
46736,phevBlended,present
46738,fuelType1,present
46738,fuelType2,present
46738,atvType,present
46738,evMotor,present
46738,phevBlended,present
46739,fuelType1,present
46739,fuelType2,present
46739,atvType,present
46739,evMotor,present
46739,phevBlended,present
46740,fuelType1,present
46740,fuelType2,present
46740,atvType,present
46740,evMotor,present
46740,phevBlended,present
46745,fuelType1,present
46745,fuelType2,present
46745,atvType,present
46745,evMotor,present
46745,phevBlended,present
46746,fuelType1,present
46746,fuelType2,present
46746,atvType,present
46746,evMotor,present
46746,phevBlended,present
46747,fuelType1,present
46747,fuelType2,present
46747,atvType,present
46747,evMotor,present
46747,phevBlended,present
46748,fuelType1,present
46748,fuelType2,present
46748,atvType,present
46748,evMotor,present
46748,phevBlended,present
46751,fuelType1,present
46751,fuelType2,present
46751,atvType,present
46751,evMotor,present
46751,phevBlended,present
46757,fuelType1,present
46757,fuelType2,present
46757,atvType,present
46757,evMotor,present
46757,phevBlended,present
46760,fuelType1,present
46760,fuelType2,present
46760,atvType,present
46760,evMotor,present
46760,phevBlended,present
46761,fuelType1,present
46761,fuelType2,present
46761,atvType,present
46761,evMotor,present
46761,phevBlended,present
46762,fuelType1,present
46762,fuelType2,present
46762,atvType,present
46762,evMotor,present
46762,phevBlended,present
46778,fuelType1,present
46778,fuelType2,present
46778,atvType,present
46778,evMotor,present
46778,phevBlended,present
46779,fuelType1,present
46779,fuelType2,present
46779,atvType,present
46779,evMotor,present
46779,phevBlended,present
46780,fuelType1,present
46780,fuelType2,present
46780,atvType,present
46780,evMotor,present
46780,phevBlended,present
46781,fuelType1,present
46781,fuelType2,present
46781,atvType,present
46781,evMotor,present
46781,phevBlended,present
46783,fuelType1,present
46783,fuelType2,present
46783,atvType,present
46783,evMotor,present
46783,phevBlended,present
46787,fuelType1,present
46787,fuelType2,present
46787,atvType,present
46787,evMotor,present
46787,phevBlended,present
46788,fuelType1,present
46788,fuelType2,present
46788,atvType,present
46788,evMotor,present
46788,phevBlended,present
46791,fuelType1,present
46791,fuelType2,present
46791,atvType,present
46791,evMotor,present
46791,phevBlended,present
46793,fuelType1,present
46793,fuelType2,present
46793,atvType,present
46793,evMotor,present
46793,phevBlended,present
46795,fuelType1,present
46795,fuelType2,present
46795,atvType,present
46795,evMotor,present
46795,phevBlended,present
46796,fuelType1,present
46796,fuelType2,present
46796,atvType,present
46796,evMotor,present
46796,phevBlended,present
46797,fuelType1,present
46797,fuelType2,present
46797,atvType,present
46797,evMotor,present
46797,phevBlended,present
46798,fuelType1,present
46798,fuelType2,present
46798,atvType,present
46798,evMotor,present
46798,phevBlended,present
46799,fuelType1,present
46799,fuelType2,present
46799,atvType,present
46799,evMotor,present
46799,phevBlended,present
46802,fuelType1,present
46802,fuelType2,present
46802,atvType,present
46802,evMotor,present
46802,phevBlended,present
46803,fuelType1,present
46803,fuelType2,present
46803,atvType,present
46803,evMotor,present
46803,phevBlended,present
46804,fuelType1,present
46804,fuelType2,present
46804,atvType,present
46804,evMotor,present
46804,phevBlended,present
46805,fuelType1,present
46805,fuelType2,present
46805,atvType,present
46805,evMotor,present
46805,phevBlended,present
46806,fuelType1,present
46806,fuelType2,present
46806,atvType,present
46806,evMotor,present
46806,phevBlended,present
46809,fuelType1,present
46809,fuelType2,present
46809,atvType,present
46809,evMotor,present
46809,phevBlended,present
46810,fuelType1,present
46810,fuelType2,present
46810,atvType,present
46810,evMotor,present
46810,phevBlended,present
46821,fuelType1,present
46821,fuelType2,present
46821,atvType,present
46821,evMotor,present
46821,phevBlended,present
46822,fuelType1,present
46822,fuelType2,present
46822,atvType,present
46822,evMotor,present
46822,phevBlended,present
46831,fuelType1,present
46831,fuelType2,present
46831,atvType,present
46831,evMotor,present
46831,phevBlended,present
46833,fuelType1,present
46833,fuelType2,present
46833,atvType,present
46833,evMotor,present
46833,phevBlended,present
46843,fuelType1,present
46843,fuelType2,present
46843,atvType,present
46843,evMotor,present
46843,phevBlended,present
46850,fuelType1,present
46850,fuelType2,present
46850,atvType,present
46850,evMotor,present
46850,phevBlended,present
46853,fuelType1,present
46853,fuelType2,present
46853,atvType,present
46853,evMotor,present
46853,phevBlended,present
46855,fuelType1,present
46855,fuelType2,present
46855,atvType,present
46855,evMotor,present
46855,phevBlended,present
46861,fuelType1,present
46861,fuelType2,present
46861,atvType,present
46861,evMotor,present
46861,phevBlended,present
46862,fuelType1,present
46862,fuelType2,present
46862,atvType,present
46862,evMotor,present
46862,phevBlended,present
46863,fuelType1,present
46863,fuelType2,present
46863,atvType,present
46863,evMotor,present
46863,phevBlended,present
46865,fuelType1,present
46865,fuelType2,present
46865,atvType,present
46865,evMotor,present
46865,phevBlended,present
46866,fuelType1,present
46866,fuelType2,present
46866,atvType,present
46866,evMotor,present
46866,phevBlended,present
46868,fuelType1,present
46868,fuelType2,present
46868,atvType,present
46868,evMotor,present
46868,phevBlended,present
46869,fuelType1,present
46869,fuelType2,present
46869,atvType,present
46869,evMotor,present
46869,phevBlended,present
46870,fuelType1,present
46870,fuelType2,present
46870,atvType,present
46870,evMotor,present
46870,phevBlended,present
46872,fuelType1,present
46872,fuelType2,present
46872,atvType,present
46872,evMotor,present
46872,phevBlended,present
46883,fuelType1,present
46883,fuelType2,present
46883,atvType,present
46883,evMotor,present
46883,phevBlended,present
46884,fuelType1,present
46884,fuelType2,present
46884,atvType,present
46884,evMotor,present
46884,phevBlended,present
46888,fuelType1,present
46888,fuelType2,present
46888,atvType,present
46888,evMotor,present
46888,phevBlended,present
46889,fuelType1,present
46889,fuelType2,present
46889,atvType,present
46889,evMotor,present
46889,phevBlended,present
46892,fuelType1,present
46892,fuelType2,present
46892,atvType,present
46892,evMotor,present
46892,phevBlended,present
46893,fuelType1,present
46893,fuelType2,present
46893,atvType,present
46893,evMotor,present
46893,phevBlended,present
46894,fuelType1,present
46894,fuelType2,present
46894,atvType,present
46894,evMotor,present
46894,phevBlended,present
46896,fuelType1,present
46896,fuelType2,present
46896,atvType,present
46896,evMotor,present
46896,phevBlended,present
46897,fuelType1,present
46897,fuelType2,present
46897,atvType,present
46897,evMotor,present
46897,phevBlended,present
46903,fuelType1,present
46903,fuelType2,present
46903,atvType,present
46903,evMotor,present
46903,phevBlended,present
46904,fuelType1,present
46904,fuelType2,present
46904,atvType,present
46904,evMotor,present
46904,phevBlended,present
46911,fuelType1,present
46911,fuelType2,present
46911,atvType,present
46911,evMotor,present
46911,phevBlended,present
46913,fuelType1,present
46913,fuelType2,present
46913,atvType,present
46913,evMotor,present
46913,phevBlended,present
46934,fuelType1,present
46934,fuelType2,present
46934,atvType,present
46934,evMotor,present
46934,phevBlended,present
46936,fuelType1,present
46936,fuelType2,present
46936,atvType,present
46936,evMotor,present
46936,phevBlended,present
46943,fuelType1,present
46943,fuelType2,present
46943,atvType,present
46943,evMotor,present
46943,phevBlended,present
46947,fuelType1,present
46947,fuelType2,present
46947,atvType,present
46947,evMotor,present
46947,phevBlended,present
46950,fuelType1,present
46950,fuelType2,present
46950,atvType,present
46950,evMotor,present
46950,phevBlended,present
46951,fuelType1,present
46951,fuelType2,present
46951,atvType,present
46951,evMotor,present
46951,phevBlended,present
46964,fuelType1,present
46964,fuelType2,present
46964,atvType,present
46964,evMotor,present
46964,phevBlended,present
46967,fuelType1,present
46967,fuelType2,present
46967,atvType,present
46967,evMotor,present
46967,phevBlended,present
46968,fuelType1,present
46968,fuelType2,present
46968,atvType,present
46968,evMotor,present
46968,phevBlended,present
46971,fuelType1,present
46971,fuelType2,present
46971,atvType,present
46971,evMotor,present
46971,phevBlended,present
46973,fuelType1,present
46973,fuelType2,present
46973,atvType,present
46973,evMotor,present
46973,phevBlended,present
46975,fuelType1,present
46975,fuelType2,present
46975,atvType,present
46975,evMotor,present
46975,phevBlended,present
46976,fuelType1,present
46976,fuelType2,present
46976,atvType,present
46976,evMotor,present
46976,phevBlended,present
46977,fuelType1,present
46977,fuelType2,present
46977,atvType,present
46977,evMotor,present
46977,phevBlended,present
46978,fuelType1,present
46978,fuelType2,present
46978,atvType,present
46978,evMotor,present
46978,phevBlended,present
46979,fuelType1,present
46979,fuelType2,present
46979,atvType,present
46979,evMotor,present
46979,phevBlended,present
46980,fuelType1,present
46980,fuelType2,present
46980,atvType,present
46980,evMotor,present
46980,phevBlended,present
46982,fuelType1,present
46982,fuelType2,present
46982,atvType,present
46982,evMotor,present
46982,phevBlended,present
46983,fuelType1,present
46983,fuelType2,present
46983,atvType,present
46983,evMotor,present
46983,phevBlended,present
46984,fuelType1,present
46984,fuelType2,present
46984,atvType,present
46984,evMotor,present
46984,phevBlended,present
46988,fuelType1,present
46988,fuelType2,present
46988,atvType,present
46988,evMotor,present
46988,phevBlended,present
46992,fuelType1,present
46992,fuelType2,present
46992,atvType,present
46992,evMotor,present
46992,phevBlended,present
46993,fuelType1,present
46993,fuelType2,present
46993,atvType,present
46993,evMotor,present
46993,phevBlended,present
46994,fuelType1,present
46994,fuelType2,present
46994,atvType,present
46994,evMotor,present
46994,phevBlended,present
46995,fuelType1,present
46995,fuelType2,present
46995,atvType,present
46995,evMotor,present
46995,phevBlended,present
46996,fuelType1,present
46996,fuelType2,present
46996,atvType,present
46996,evMotor,present
46996,phevBlended,present
46997,fuelType1,present
46997,fuelType2,present
46997,atvType,present
46997,evMotor,present
46997,phevBlended,present
47000,fuelType1,present
47000,fuelType2,present
47000,atvType,present
47000,evMotor,present
47000,phevBlended,present
47001,fuelType1,present
47001,fuelType2,present
47001,atvType,present
47001,evMotor,present
47001,phevBlended,present
47003,fuelType1,present
47003,fuelType2,present
47003,atvType,present
47003,evMotor,present
47003,phevBlended,present
47004,fuelType1,present
47004,fuelType2,present
47004,atvType,present
47004,evMotor,present
47004,phevBlended,present
47005,fuelType1,present
47005,fuelType2,present
47005,atvType,present
47005,evMotor,present
47005,phevBlended,present
47006,fuelType1,present
47006,fuelType2,present
47006,atvType,present
47006,evMotor,present
47006,phevBlended,present
47008,fuelType1,present
47008,fuelType2,present
47008,atvType,present
47008,evMotor,present
47008,phevBlended,present
47009,fuelType1,present
47009,fuelType2,present
47009,atvType,present
47009,evMotor,present
47009,phevBlended,present
47010,fuelType1,present
47010,fuelType2,present
47010,atvType,present
47010,evMotor,present
47010,phevBlended,present
47041,fuelType1,present
47041,fuelType2,present
47041,atvType,present
47041,evMotor,present
47041,phevBlended,present
47048,fuelType1,present
47048,fuelType2,present
47048,atvType,present
47048,evMotor,present
47048,phevBlended,present
47050,fuelType1,present
47050,fuelType2,present
47050,atvType,present
47050,evMotor,present
47050,phevBlended,present
47066,fuelType1,present
47066,fuelType2,present
47066,atvType,present
47066,evMotor,present
47066,phevBlended,present
47073,fuelType1,present
47073,fuelType2,present
47073,atvType,present
47073,evMotor,present
47073,phevBlended,present
47076,fuelType1,present
47076,fuelType2,present
47076,atvType,present
47076,evMotor,present
47076,phevBlended,present
47083,fuelType1,present
47083,fuelType2,present
47083,atvType,present
47083,evMotor,present
47083,phevBlended,present
47084,fuelType1,present
47084,fuelType2,present
47084,atvType,present
47084,evMotor,present
47084,phevBlended,present
47093,fuelType1,present
47093,fuelType2,present
47093,atvType,present
47093,evMotor,present
47093,phevBlended,present
47108,fuelType1,present
47108,fuelType2,present
47108,atvType,present
47108,evMotor,present
47108,phevBlended,present
47109,fuelType1,present
47109,fuelType2,present
47109,atvType,present
47109,evMotor,present
47109,phevBlended,present
47117,fuelType1,present
47117,fuelType2,present
47117,atvType,present
47117,evMotor,present
47117,phevBlended,present
47133,fuelType1,present
47133,fuelType2,present
47133,atvType,present
47133,evMotor,present
47133,phevBlended,present
47134,fuelType1,present
47134,fuelType2,present
47134,atvType,present
47134,evMotor,present
47134,phevBlended,present
47138,fuelType1,present
47138,fuelType2,present
47138,atvType,present
47138,evMotor,present
47138,phevBlended,present
47139,fuelType1,present
47139,fuelType2,present
47139,atvType,present
47139,evMotor,present
47139,phevBlended,present
47141,fuelType1,present
47141,fuelType2,present
47141,atvType,present
47141,evMotor,present
47141,phevBlended,present
47145,fuelType1,present
47145,fuelType2,present
47145,atvType,present
47145,evMotor,present
47145,phevBlended,present
47146,fuelType1,present
47146,fuelType2,present
47146,atvType,present
47146,evMotor,present
47146,phevBlended,present
47154,fuelType1,present
47154,fuelType2,present
47154,atvType,present
47154,evMotor,present
47154,phevBlended,present
47155,fuelType1,present
47155,fuelType2,present
47155,atvType,present
47155,evMotor,present
47155,phevBlended,present
47157,fuelType1,present
47157,fuelType2,present
47157,atvType,present
47157,evMotor,present
47157,phevBlended,present
47162,fuelType1,present
47162,fuelType2,present
47162,atvType,present
47162,evMotor,present
47162,phevBlended,present
47166,fuelType1,present
47166,fuelType2,present
47166,atvType,present
47166,evMotor,present
47166,phevBlended,present
47168,fuelType1,present
47168,fuelType2,present
47168,atvType,present
47168,evMotor,present
47168,phevBlended,present
47171,fuelType1,present
47171,fuelType2,present
47171,atvType,present
47171,evMotor,present
47171,phevBlended,present
47174,fuelType1,present
47174,fuelType2,present
47174,atvType,present
47174,evMotor,present
47174,phevBlended,present
47177,fuelType1,present
47177,fuelType2,present
47177,atvType,present
47177,evMotor,present
47177,phevBlended,present
47178,fuelType1,present
47178,fuelType2,present
47178,atvType,present
47178,evMotor,present
47178,phevBlended,present
47184,fuelType1,present
47184,fuelType2,present
47184,atvType,present
47184,evMotor,present
47184,phevBlended,present
47185,fuelType1,present
47185,fuelType2,present
47185,atvType,present
47185,evMotor,present
47185,phevBlended,present
47186,fuelType1,present
47186,fuelType2,present
47186,atvType,present
47186,evMotor,present
47186,phevBlended,present
47189,fuelType1,present
47189,fuelType2,present
47189,atvType,present
47189,evMotor,present
47189,phevBlended,present
47190,fuelType1,present
47190,fuelType2,present
47190,atvType,present
47190,evMotor,present
47190,phevBlended,present
47196,fuelType1,present
47196,fuelType2,present
47196,atvType,present
47196,evMotor,present
47196,phevBlended,present
47197,fuelType1,present
47197,fuelType2,present
47197,atvType,present
47197,evMotor,present
47197,phevBlended,present
47198,fuelType1,present
47198,fuelType2,present
47198,atvType,present
47198,evMotor,present
47198,phevBlended,present
47199,fuelType1,present
47199,fuelType2,present
47199,atvType,present
47199,evMotor,present
47199,phevBlended,present
47203,fuelType1,present
47203,fuelType2,present
47203,atvType,present
47203,evMotor,present
47203,phevBlended,present
47207,fuelType1,present
47207,fuelType2,present
47207,atvType,present
47207,evMotor,present
47207,phevBlended,present
47211,fuelType1,present
47211,fuelType2,present
47211,atvType,present
47211,evMotor,present
47211,phevBlended,present
47213,fuelType1,present
47213,fuelType2,present
47213,atvType,present
47213,evMotor,present
47213,phevBlended,present
47214,fuelType1,present
47214,fuelType2,present
47214,atvType,present
47214,evMotor,present
47214,phevBlended,present
47218,fuelType1,present
47218,fuelType2,present
47218,atvType,present
47218,evMotor,present
47218,phevBlended,present
47219,fuelType1,present
47219,fuelType2,present
47219,atvType,present
47219,evMotor,present
47219,phevBlended,present
47221,fuelType1,present
47221,fuelType2,present
47221,atvType,present
47221,evMotor,present
47221,phevBlended,present
47222,fuelType1,present
47222,fuelType2,present
47222,atvType,present
47222,evMotor,present
47222,phevBlended,present
47225,fuelType1,present
47225,fuelType2,present
47225,atvType,present
47225,evMotor,present
47225,phevBlended,present
47226,fuelType1,present
47226,fuelType2,present
47226,atvType,present
47226,evMotor,present
47226,phevBlended,present
47232,fuelType1,present
47232,fuelType2,present
47232,atvType,present
47232,evMotor,present
47232,phevBlended,present
47233,fuelType1,present
47233,fuelType2,present
47233,atvType,present
47233,evMotor,present
47233,phevBlended,present
47235,fuelType1,present
47235,fuelType2,present
47235,atvType,present
47235,evMotor,present
47235,phevBlended,present
47238,fuelType1,present
47238,fuelType2,present
47238,atvType,present
47238,evMotor,present
47238,phevBlended,present
47239,fuelType1,present
47239,fuelType2,present
47239,atvType,present
47239,evMotor,present
47239,phevBlended,present
47242,fuelType1,present
47242,fuelType2,present
47242,atvType,present
47242,evMotor,present
47242,phevBlended,present
47250,fuelType1,present
47250,fuelType2,present
47250,atvType,present
47250,evMotor,present
47250,phevBlended,present
47253,fuelType1,present
47253,fuelType2,present
47253,atvType,present
47253,evMotor,present
47253,phevBlended,present
47255,fuelType1,present
47255,fuelType2,present
47255,atvType,present
47255,evMotor,present
47255,phevBlended,present
47257,fuelType1,present
47257,fuelType2,present
47257,atvType,present
47257,evMotor,present
47257,phevBlended,present
47258,fuelType1,present
47258,fuelType2,present
47258,atvType,present
47258,evMotor,present
47258,phevBlended,present
47259,fuelType1,present
47259,fuelType2,present
47259,atvType,present
47259,evMotor,present
47259,phevBlended,present
47260,fuelType1,present
47260,fuelType2,present
47260,atvType,present
47260,evMotor,present
47260,phevBlended,present
47263,fuelType1,present
47263,fuelType2,present
47263,atvType,present
47263,evMotor,present
47263,phevBlended,present
47264,fuelType1,present
47264,fuelType2,present
47264,atvType,present
47264,evMotor,present
47264,phevBlended,present
47266,fuelType1,present
47266,fuelType2,present
47266,atvType,present
47266,evMotor,present
47266,phevBlended,present
47267,fuelType1,present
47267,fuelType2,present
47267,atvType,present
47267,evMotor,present
47267,phevBlended,present
47268,fuelType1,present
47268,fuelType2,present
47268,atvType,present
47268,evMotor,present
47268,phevBlended,present
47270,fuelType1,present
47270,fuelType2,present
47270,atvType,present
47270,evMotor,present
47270,phevBlended,present
47274,fuelType1,present
47274,fuelType2,present
47274,atvType,present
47274,evMotor,present
47274,phevBlended,present
47276,fuelType1,present
47276,fuelType2,present
47276,atvType,present
47276,evMotor,present
47276,phevBlended,present
47277,fuelType1,present
47277,fuelType2,present
47277,atvType,present
47277,evMotor,present
47277,phevBlended,present
47278,fuelType1,present
47278,fuelType2,present
47278,atvType,present
47278,evMotor,present
47278,phevBlended,present
47286,fuelType1,present
47286,fuelType2,present
47286,atvType,present
47286,evMotor,present
47286,phevBlended,present
47287,fuelType1,present
47287,fuelType2,present
47287,atvType,present
47287,evMotor,present
47287,phevBlended,present
47288,fuelType1,present
47288,fuelType2,present
47288,atvType,present
47288,evMotor,present
47288,phevBlended,present
47289,fuelType1,present
47289,fuelType2,present
47289,atvType,present
47289,evMotor,present
47289,phevBlended,present
47292,fuelType1,present
47292,fuelType2,present
47292,atvType,present
47292,evMotor,present
47292,phevBlended,present
47293,fuelType1,present
47293,fuelType2,present
47293,atvType,present
47293,evMotor,present
47293,phevBlended,present
47294,fuelType1,present
47294,fuelType2,present
47294,atvType,present
47294,evMotor,present
47294,phevBlended,present
47295,fuelType1,present
47295,fuelType2,present
47295,atvType,present
47295,evMotor,present
47295,phevBlended,present
47300,fuelType1,present
47300,fuelType2,present
47300,atvType,present
47300,evMotor,present
47300,phevBlended,present
47315,fuelType1,present
47315,fuelType2,present
47315,atvType,present
47315,evMotor,present
47315,phevBlended,present
47316,fuelType1,present
47316,fuelType2,present
47316,atvType,present
47316,evMotor,present
47316,phevBlended,present
47317,fuelType1,present
47317,fuelType2,present
47317,atvType,present
47317,evMotor,present
47317,phevBlended,present
47320,fuelType1,present
47320,fuelType2,present
47320,atvType,present
47320,evMotor,present
47320,phevBlended,present
47321,fuelType1,present
47321,fuelType2,present
47321,atvType,present
47321,evMotor,present
47321,phevBlended,present
47322,fuelType1,present
47322,fuelType2,present
47322,atvType,present
47322,evMotor,present
47322,phevBlended,present
47323,fuelType1,present
47323,fuelType2,present
47323,atvType,present
47323,evMotor,present
47323,phevBlended,present
47324,fuelType1,present
47324,fuelType2,present
47324,atvType,present
47324,evMotor,present
47324,phevBlended,present
47331,fuelType1,present
47331,fuelType2,present
47331,atvType,present
47331,evMotor,present
47331,phevBlended,present
47332,fuelType1,present
47332,fuelType2,present
47332,atvType,present
47332,evMotor,present
47332,phevBlended,present
47347,fuelType1,present
47347,fuelType2,present
47347,atvType,present
47347,evMotor,present
47347,phevBlended,present
47356,fuelType1,present
47356,fuelType2,present
47356,atvType,present
47356,evMotor,present
47356,phevBlended,present
47359,fuelType1,present
47359,fuelType2,present
47359,atvType,present
47359,evMotor,present
47359,phevBlended,present
47363,fuelType1,present
47363,fuelType2,present
47363,atvType,present
47363,evMotor,present
47363,phevBlended,present
47364,fuelType1,present
47364,fuelType2,present
47364,atvType,present
47364,evMotor,present
47364,phevBlended,present
47369,fuelType1,present
47369,fuelType2,present
47369,atvType,present
47369,evMotor,present
47369,phevBlended,present
47377,fuelType1,present
47377,fuelType2,present
47377,atvType,present
47377,evMotor,present
47377,phevBlended,present
47412,fuelType1,present
47412,fuelType2,present
47412,atvType,present
47412,evMotor,present
47412,phevBlended,present
47413,fuelType1,present
47413,fuelType2,present
47413,atvType,present
47413,evMotor,present
47413,phevBlended,present
47424,fuelType1,present
47424,fuelType2,present
47424,atvType,present
47424,evMotor,present
47424,phevBlended,present
47425,fuelType1,present
47425,fuelType2,present
47425,atvType,present
47425,evMotor,present
47425,phevBlended,present
47426,fuelType1,present
47426,fuelType2,present
47426,atvType,present
47426,evMotor,present
47426,phevBlended,present
47427,fuelType1,present
47427,fuelType2,present
47427,atvType,present
47427,evMotor,present
47427,phevBlended,present
47428,fuelType1,present
47428,fuelType2,present
47428,atvType,present
47428,evMotor,present
47428,phevBlended,present
47430,fuelType1,present
47430,fuelType2,present
47430,atvType,present
47430,evMotor,present
47430,phevBlended,present
47433,fuelType1,present
47433,fuelType2,present
47433,atvType,present
47433,evMotor,present
47433,phevBlended,present
47434,fuelType1,present
47434,fuelType2,present
47434,atvType,present
47434,evMotor,present
47434,phevBlended,present
47435,fuelType1,present
47435,fuelType2,present
47435,atvType,present
47435,evMotor,present
47435,phevBlended,present
47453,fuelType1,present
47453,fuelType2,present
47453,atvType,present
47453,evMotor,present
47453,phevBlended,present
47454,fuelType1,present
47454,fuelType2,present
47454,atvType,present
47454,evMotor,present
47454,phevBlended,present
47455,fuelType1,present
47455,fuelType2,present
47455,atvType,present
47455,evMotor,present
47455,phevBlended,present
47456,fuelType1,present
47456,fuelType2,present
47456,atvType,present
47456,evMotor,present
47456,phevBlended,present
47470,fuelType1,present
47470,fuelType2,present
47470,atvType,present
47470,evMotor,present
47470,phevBlended,present
47472,fuelType1,present
47472,fuelType2,present
47472,atvType,present
47472,evMotor,present
47472,phevBlended,present
47477,fuelType1,present
47477,fuelType2,present
47477,atvType,present
47477,evMotor,present
47477,phevBlended,present
47478,fuelType1,present
47478,fuelType2,present
47478,atvType,present
47478,evMotor,present
47478,phevBlended,present
47479,fuelType1,present
47479,fuelType2,present
47479,atvType,present
47479,evMotor,present
47479,phevBlended,present
47480,fuelType1,present
47480,fuelType2,present
47480,atvType,present
47480,evMotor,present
47480,phevBlended,present
47481,fuelType1,present
47481,fuelType2,present
47481,atvType,present
47481,evMotor,present
47481,phevBlended,present
47482,fuelType1,present
47482,fuelType2,present
47482,atvType,present
47482,evMotor,present
47482,phevBlended,present
47484,fuelType1,present
47484,fuelType2,present
47484,atvType,present
47484,evMotor,present
47484,phevBlended,present
47487,fuelType1,present
47487,fuelType2,present
47487,atvType,present
47487,evMotor,present
47487,phevBlended,present
47488,fuelType1,present
47488,fuelType2,present
47488,atvType,present
47488,evMotor,present
47488,phevBlended,present
47489,fuelType1,present
47489,fuelType2,present
47489,atvType,present
47489,evMotor,present
47489,phevBlended,present
47493,fuelType1,present
47493,fuelType2,present
47493,atvType,present
47493,evMotor,present
47493,phevBlended,present
47494,fuelType1,present
47494,fuelType2,present
47494,atvType,present
47494,evMotor,present
47494,phevBlended,present
47496,fuelType1,present
47496,fuelType2,present
47496,atvType,present
47496,evMotor,present
47496,phevBlended,present
47499,fuelType1,present
47499,fuelType2,present
47499,atvType,present
47499,evMotor,present
47499,phevBlended,present
47500,fuelType1,present
47500,fuelType2,present
47500,atvType,present
47500,evMotor,present
47500,phevBlended,present
47505,fuelType1,present
47505,fuelType2,present
47505,atvType,present
47505,evMotor,present
47505,phevBlended,present
47506,fuelType1,present
47506,fuelType2,present
47506,atvType,present
47506,evMotor,present
47506,phevBlended,present
47507,fuelType1,present
47507,fuelType2,present
47507,atvType,present
47507,evMotor,present
47507,phevBlended,present
47508,fuelType1,present
47508,fuelType2,present
47508,atvType,present
47508,evMotor,present
47508,phevBlended,present
47511,fuelType1,present
47511,fuelType2,present
47511,atvType,present
47511,evMotor,present
47511,phevBlended,present
47516,fuelType1,present
47516,fuelType2,present
47516,atvType,present
47516,evMotor,present
47516,phevBlended,present
47517,fuelType1,present
47517,fuelType2,present
47517,atvType,present
47517,evMotor,present
47517,phevBlended,present
47520,fuelType1,present
47520,fuelType2,present
47520,atvType,present
47520,evMotor,present
47520,phevBlended,present
47521,fuelType1,present
47521,fuelType2,present
47521,atvType,present
47521,evMotor,present
47521,phevBlended,present
47524,fuelType1,present
47524,fuelType2,present
47524,atvType,present
47524,evMotor,present
47524,phevBlended,present
47525,fuelType1,present
47525,fuelType2,present
47525,atvType,present
47525,evMotor,present
47525,phevBlended,present
47528,fuelType1,present
47528,fuelType2,present
47528,atvType,present
47528,evMotor,present
47528,phevBlended,present
47534,fuelType1,present
47534,fuelType2,present
47534,atvType,present
47534,evMotor,present
47534,phevBlended,present
47541,fuelType1,present
47541,fuelType2,present
47541,atvType,present
47541,evMotor,present
47541,phevBlended,present
47544,fuelType1,present
47544,fuelType2,present
47544,atvType,present
47544,evMotor,present
47544,phevBlended,present
47549,fuelType1,present
47549,fuelType2,present
47549,atvType,present
47549,evMotor,present
47549,phevBlended,present
47550,fuelType1,present
47550,fuelType2,present
47550,atvType,present
47550,evMotor,present
47550,phevBlended,present
47551,fuelType1,present
47551,fuelType2,present
47551,atvType,present
47551,evMotor,present
47551,phevBlended,present
47560,fuelType1,present
47560,fuelType2,present
47560,atvType,present
47560,evMotor,present
47560,phevBlended,present
47566,fuelType1,present
47566,fuelType2,present
47566,atvType,present
47566,evMotor,present
47566,phevBlended,present
47567,fuelType1,present
47567,fuelType2,present
47567,atvType,present
47567,evMotor,present
47567,phevBlended,present
47568,fuelType1,present
47568,fuelType2,present
47568,atvType,present
47568,evMotor,present
47568,phevBlended,present
47569,fuelType1,present
47569,fuelType2,present
47569,atvType,present
47569,evMotor,present
47569,phevBlended,present
47573,fuelType1,present
47573,fuelType2,present
47573,atvType,present
47573,evMotor,present
47573,phevBlended,present
47574,fuelType1,present
47574,fuelType2,present
47574,atvType,present
47574,evMotor,present
47574,phevBlended,present
47575,fuelType1,present
47575,fuelType2,present
47575,atvType,present
47575,evMotor,present
47575,phevBlended,present
47593,fuelType1,present
47593,fuelType2,present
47593,atvType,present
47593,evMotor,present
47593,phevBlended,present
47596,fuelType1,present
47596,fuelType2,present
47596,atvType,present
47596,evMotor,present
47596,phevBlended,present
47597,fuelType1,present
47597,fuelType2,present
47597,atvType,present
47597,evMotor,present
47597,phevBlended,present
47606,fuelType1,present
47606,fuelType2,present
47606,atvType,present
47606,evMotor,present
47606,phevBlended,present
47607,fuelType1,present
47607,fuelType2,present
47607,atvType,present
47607,evMotor,present
47607,phevBlended,present
47611,fuelType1,present
47611,fuelType2,present
47611,atvType,present
47611,evMotor,present
47611,phevBlended,present
47614,fuelType1,present
47614,fuelType2,present
47614,atvType,present
47614,evMotor,present
47614,phevBlended,present
47615,fuelType1,present
47615,fuelType2,present
47615,atvType,present
47615,evMotor,present
47615,phevBlended,present
47616,fuelType1,present
47616,fuelType2,present
47616,atvType,present
47616,evMotor,present
47616,phevBlended,present
47618,fuelType1,present
47618,fuelType2,present
47618,atvType,present
47618,evMotor,present
47618,phevBlended,present
47619,fuelType1,present
47619,fuelType2,present
47619,atvType,present
47619,evMotor,present
47619,phevBlended,present
47622,fuelType1,present
47622,fuelType2,present
47622,atvType,present
47622,evMotor,present
47622,phevBlended,present
47623,fuelType1,present
47623,fuelType2,present
47623,atvType,present
47623,evMotor,present
47623,phevBlended,present
47632,fuelType1,present
47632,fuelType2,present
47632,atvType,present
47632,evMotor,present
47632,phevBlended,present
47634,fuelType1,present
47634,fuelType2,present
47634,atvType,present
47634,evMotor,present
47634,phevBlended,present
47636,fuelType1,present
47636,fuelType2,present
47636,atvType,present
47636,evMotor,present
47636,phevBlended,present
47644,fuelType1,present
47644,fuelType2,present
47644,atvType,present
47644,evMotor,present
47644,phevBlended,present
47645,fuelType1,present
47645,fuelType2,present
47645,atvType,present
47645,evMotor,present
47645,phevBlended,present
47651,fuelType1,present
47651,fuelType2,present
47651,atvType,present
47651,evMotor,present
47651,phevBlended,present
47656,fuelType1,present
47656,fuelType2,present
47656,atvType,present
47656,evMotor,present
47656,phevBlended,present
47657,fuelType1,present
47657,fuelType2,present
47657,atvType,present
47657,evMotor,present
47657,phevBlended,present
47660,fuelType1,present
47660,fuelType2,present
47660,atvType,present
47660,evMotor,present
47660,phevBlended,present
47661,fuelType1,present
47661,fuelType2,present
47661,atvType,present
47661,evMotor,present
47661,phevBlended,present
47662,fuelType1,present
47662,fuelType2,present
47662,atvType,present
47662,evMotor,present
47662,phevBlended,present
47663,fuelType1,present
47663,fuelType2,present
47663,atvType,present
47663,evMotor,present
47663,phevBlended,present
47674,fuelType1,present
47674,fuelType2,present
47674,atvType,present
47674,evMotor,present
47674,phevBlended,present
47675,fuelType1,present
47675,fuelType2,present
47675,atvType,present
47675,evMotor,present
47675,phevBlended,present
47676,fuelType1,present
47676,fuelType2,present
47676,atvType,present
47676,evMotor,present
47676,phevBlended,present
47684,fuelType1,present
47684,fuelType2,present
47684,atvType,present
47684,evMotor,present
47684,phevBlended,present
47685,fuelType1,present
47685,fuelType2,present
47685,atvType,present
47685,evMotor,present
47685,phevBlended,present
47687,fuelType1,present
47687,fuelType2,present
47687,atvType,present
47687,evMotor,present
47687,phevBlended,present
47689,fuelType1,present
47689,fuelType2,present
47689,atvType,present
47689,evMotor,present
47689,phevBlended,present
47703,fuelType1,present
47703,fuelType2,present
47703,atvType,present
47703,evMotor,present
47703,phevBlended,present
47705,fuelType1,present
47705,fuelType2,present
47705,atvType,present
47705,evMotor,present
47705,phevBlended,present
47707,fuelType1,present
47707,fuelType2,present
47707,atvType,present
47707,evMotor,present
47707,phevBlended,present
47709,fuelType1,present
47709,fuelType2,present
47709,atvType,present
47709,evMotor,present
47709,phevBlended,present
47711,fuelType1,present
47711,fuelType2,present
47711,atvType,present
47711,evMotor,present
47711,phevBlended,present
47722,fuelType1,present
47722,fuelType2,present
47722,atvType,present
47722,evMotor,present
47722,phevBlended,present
47723,fuelType1,present
47723,fuelType2,present
47723,atvType,present
47723,evMotor,present
47723,phevBlended,present
47724,fuelType1,present
47724,fuelType2,present
47724,atvType,present
47724,evMotor,present
47724,phevBlended,present
47725,fuelType1,present
47725,fuelType2,present
47725,atvType,present
47725,evMotor,present
47725,phevBlended,present
47726,fuelType1,present
47726,fuelType2,present
47726,atvType,present
47726,evMotor,present
47726,phevBlended,present
47727,fuelType1,present
47727,fuelType2,present
47727,atvType,present
47727,evMotor,present
47727,phevBlended,present
47728,fuelType1,present
47728,fuelType2,present
47728,atvType,present
47728,evMotor,present
47728,phevBlended,present
47733,fuelType1,present
47733,fuelType2,present
47733,atvType,present
47733,evMotor,present
47733,phevBlended,present
47734,fuelType1,present
47734,fuelType2,present
47734,atvType,present
47734,evMotor,present
47734,phevBlended,present
47735,fuelType1,present
47735,fuelType2,present
47735,atvType,present
47735,evMotor,present
47735,phevBlended,present
47737,fuelType1,present
47737,fuelType2,present
47737,atvType,present
47737,evMotor,present
47737,phevBlended,present
47741,fuelType1,present
47741,fuelType2,present
47741,atvType,present
47741,evMotor,present
47741,phevBlended,present
47751,fuelType1,present
47751,fuelType2,present
47751,atvType,present
47751,evMotor,present
47751,phevBlended,present
47752,fuelType1,present
47752,fuelType2,present
47752,atvType,present
47752,evMotor,present
47752,phevBlended,present
47753,fuelType1,present
47753,fuelType2,present
47753,atvType,present
47753,evMotor,present
47753,phevBlended,present
47759,fuelType1,present
47759,fuelType2,present
47759,atvType,present
47759,evMotor,present
47759,phevBlended,present
47773,fuelType1,present
47773,fuelType2,present
47773,atvType,present
47773,evMotor,present
47773,phevBlended,present
47777,fuelType1,present
47777,fuelType2,present
47777,atvType,present
47777,evMotor,present
47777,phevBlended,present
47780,fuelType1,present
47780,fuelType2,present
47780,atvType,present
47780,evMotor,present
47780,phevBlended,present
47782,fuelType1,present
47782,fuelType2,present
47782,atvType,present
47782,evMotor,present
47782,phevBlended,present
47785,fuelType1,present
47785,fuelType2,present
47785,atvType,present
47785,evMotor,present
47785,phevBlended,present
47786,fuelType1,present
47786,fuelType2,present
47786,atvType,present
47786,evMotor,present
47786,phevBlended,present
47789,fuelType1,present
47789,fuelType2,present
47789,atvType,present
47789,evMotor,present
47789,phevBlended,present
47791,fuelType1,present
47791,fuelType2,present
47791,atvType,present
47791,evMotor,present
47791,phevBlended,present
47793,fuelType1,present
47793,fuelType2,present
47793,atvType,present
47793,evMotor,present
47793,phevBlended,present
47795,fuelType1,present
47795,fuelType2,present
47795,atvType,present
47795,evMotor,present
47795,phevBlended,present
47799,fuelType1,present
47799,fuelType2,present
47799,atvType,present
47799,evMotor,present
47799,phevBlended,present
47800,fuelType1,present
47800,fuelType2,present
47800,atvType,present
47800,evMotor,present
47800,phevBlended,present
47806,fuelType1,present
47806,fuelType2,present
47806,atvType,present
47806,evMotor,present
47806,phevBlended,present
47807,fuelType1,present
47807,fuelType2,present
47807,atvType,present
47807,evMotor,present
47807,phevBlended,present
47808,fuelType1,present
47808,fuelType2,present
47808,atvType,present
47808,evMotor,present
47808,phevBlended,present
47809,fuelType1,present
47809,fuelType2,present
47809,atvType,present
47809,evMotor,present
47809,phevBlended,present
47811,fuelType1,present
47811,fuelType2,present
47811,atvType,present
47811,evMotor,present
47811,phevBlended,present
47814,fuelType1,present
47814,fuelType2,present
47814,atvType,present
47814,evMotor,present
47814,phevBlended,present
47816,fuelType1,present
47816,fuelType2,present
47816,atvType,present
47816,evMotor,present
47816,phevBlended,present
47817,fuelType1,present
47817,fuelType2,present
47817,atvType,present
47817,evMotor,present
47817,phevBlended,present
47821,fuelType1,present
47821,fuelType2,present
47821,atvType,present
47821,evMotor,present
47821,phevBlended,present
47827,fuelType1,present
47827,fuelType2,present
47827,atvType,present
47827,evMotor,present
47827,phevBlended,present
47830,fuelType1,present
47830,fuelType2,present
47830,atvType,present
47830,evMotor,present
47830,phevBlended,present
47836,fuelType1,present
47836,fuelType2,present
47836,atvType,present
47836,evMotor,present
47836,phevBlended,present
47837,fuelType1,present
47837,fuelType2,present
47837,atvType,present
47837,evMotor,present
47837,phevBlended,present
47838,fuelType1,present
47838,fuelType2,present
47838,atvType,present
47838,evMotor,present
47838,phevBlended,present
47839,fuelType1,present
47839,fuelType2,present
47839,atvType,present
47839,evMotor,present
47839,phevBlended,present
47840,fuelType1,present
47840,fuelType2,present
47840,atvType,present
47840,evMotor,present
47840,phevBlended,present
47841,fuelType1,present
47841,fuelType2,present
47841,atvType,present
47841,evMotor,present
47841,phevBlended,present
47842,fuelType1,present
47842,fuelType2,present
47842,atvType,present
47842,evMotor,present
47842,phevBlended,present
47846,fuelType1,present
47846,fuelType2,present
47846,atvType,present
47846,evMotor,present
47846,phevBlended,present
47853,fuelType1,present
47853,fuelType2,present
47853,atvType,present
47853,evMotor,present
47853,phevBlended,present
47857,fuelType1,present
47857,fuelType2,present
47857,atvType,present
47857,evMotor,present
47857,phevBlended,present
47861,fuelType1,present
47861,fuelType2,present
47861,atvType,present
47861,evMotor,present
47861,phevBlended,present
47869,fuelType1,present
47869,fuelType2,present
47869,atvType,present
47869,evMotor,present
47869,phevBlended,present
47870,fuelType1,present
47870,fuelType2,present
47870,atvType,present
47870,evMotor,present
47870,phevBlended,present
47871,fuelType1,present
47871,fuelType2,present
47871,atvType,present
47871,evMotor,present
47871,phevBlended,present
47876,fuelType1,present
47876,fuelType2,present
47876,atvType,present
47876,evMotor,present
47876,phevBlended,present
47881,fuelType1,present
47881,fuelType2,present
47881,atvType,present
47881,evMotor,present
47881,phevBlended,present
47882,fuelType1,present
47882,fuelType2,present
47882,atvType,present
47882,evMotor,present
47882,phevBlended,present
47890,fuelType1,present
47890,fuelType2,present
47890,atvType,present
47890,evMotor,present
47890,phevBlended,present
47898,fuelType1,present
47898,fuelType2,present
47898,atvType,present
47898,evMotor,present
47898,phevBlended,present
47899,fuelType1,present
47899,fuelType2,present
47899,atvType,present
47899,evMotor,present
47899,phevBlended,present
47903,fuelType1,present
47903,fuelType2,present
47903,atvType,present
47903,evMotor,present
47903,phevBlended,present
47904,fuelType1,present
47904,fuelType2,present
47904,atvType,present
47904,evMotor,present
47904,phevBlended,present
47909,fuelType1,present
47909,fuelType2,present
47909,atvType,present
47909,evMotor,present
47909,phevBlended,present
47910,fuelType1,present
47910,fuelType2,present
47910,atvType,present
47910,evMotor,present
47910,phevBlended,present
47911,fuelType1,present
47911,fuelType2,present
47911,atvType,present
47911,evMotor,present
47911,phevBlended,present
47913,fuelType1,present
47913,fuelType2,present
47913,atvType,present
47913,evMotor,present
47913,phevBlended,present
47914,fuelType1,present
47914,fuelType2,present
47914,atvType,present
47914,evMotor,present
47914,phevBlended,present
47916,fuelType1,present
47916,fuelType2,present
47916,atvType,present
47916,evMotor,present
47916,phevBlended,present
47917,fuelType1,present
47917,fuelType2,present
47917,atvType,present
47917,evMotor,present
47917,phevBlended,present
47922,fuelType1,present
47922,fuelType2,present
47922,atvType,present
47922,evMotor,present
47922,phevBlended,present
47924,fuelType1,present
47924,fuelType2,present
47924,atvType,present
47924,evMotor,present
47924,phevBlended,present
47925,fuelType1,present
47925,fuelType2,present
47925,atvType,present
47925,evMotor,present
47925,phevBlended,present
47926,fuelType1,present
47926,fuelType2,present
47926,atvType,present
47926,evMotor,present
47926,phevBlended,present
47933,fuelType1,present
47933,fuelType2,present
47933,atvType,present
47933,evMotor,present
47933,phevBlended,present
47935,fuelType1,present
47935,fuelType2,present
47935,atvType,present
47935,evMotor,present
47935,phevBlended,present
47938,fuelType1,present
47938,fuelType2,present
47938,atvType,present
47938,evMotor,present
47938,phevBlended,present
47939,fuelType1,present
47939,fuelType2,present
47939,atvType,present
47939,evMotor,present
47939,phevBlended,present
47940,fuelType1,present
47940,fuelType2,present
47940,atvType,present
47940,evMotor,present
47940,phevBlended,present
47941,fuelType1,present
47941,fuelType2,present
47941,atvType,present
47941,evMotor,present
47941,phevBlended,present
47943,fuelType1,present
47943,fuelType2,present
47943,atvType,present
47943,evMotor,present
47943,phevBlended,present
47944,fuelType1,present
47944,fuelType2,present
47944,atvType,present
47944,evMotor,present
47944,phevBlended,present
47946,fuelType1,present
47946,fuelType2,present
47946,atvType,present
47946,evMotor,present
47946,phevBlended,present
47955,fuelType1,present
47955,fuelType2,present
47955,atvType,present
47955,evMotor,present
47955,phevBlended,present
47956,fuelType1,present
47956,fuelType2,present
47956,atvType,present
47956,evMotor,present
47956,phevBlended,present
47957,fuelType1,present
47957,fuelType2,present
47957,atvType,present
47957,evMotor,present
47957,phevBlended,present
47958,fuelType1,present
47958,fuelType2,present
47958,atvType,present
47958,evMotor,present
47958,phevBlended,present
47961,fuelType1,present
47961,fuelType2,present
47961,atvType,present
47961,evMotor,present
47961,phevBlended,present
47962,fuelType1,present
47962,fuelType2,present
47962,atvType,present
47962,evMotor,present
47962,phevBlended,present
47963,fuelType1,present
47963,fuelType2,present
47963,atvType,present
47963,evMotor,present
47963,phevBlended,present
47965,fuelType1,present
47965,fuelType2,present
47965,atvType,present
47965,evMotor,present
47965,phevBlended,present
47970,fuelType1,present
47970,fuelType2,present
47970,atvType,present
47970,evMotor,present
47970,phevBlended,present
47972,fuelType1,present
47972,fuelType2,present
47972,atvType,present
47972,evMotor,present
47972,phevBlended,present
47980,fuelType1,present
47980,fuelType2,present
47980,atvType,present
47980,evMotor,present
47980,phevBlended,present
47982,fuelType1,present
47982,fuelType2,present
47982,atvType,present
47982,evMotor,present
47982,phevBlended,present
47983,fuelType1,present
47983,fuelType2,present
47983,atvType,present
47983,evMotor,present
47983,phevBlended,present
47984,fuelType1,present
47984,fuelType2,present
47984,atvType,present
47984,evMotor,present
47984,phevBlended,present
47985,fuelType1,present
47985,fuelType2,present
47985,atvType,present
47985,evMotor,present
47985,phevBlended,present
47986,fuelType1,present
47986,fuelType2,present
47986,atvType,present
47986,evMotor,present
47986,phevBlended,present
47995,fuelType1,present
47995,fuelType2,present
47995,atvType,present
47995,evMotor,present
47995,phevBlended,present
48002,fuelType1,present
48002,fuelType2,present
48002,atvType,present
48002,evMotor,present
48002,phevBlended,present
48003,fuelType1,present
48003,fuelType2,present
48003,atvType,present
48003,evMotor,present
48003,phevBlended,present
48004,fuelType1,present
48004,fuelType2,present
48004,atvType,present
48004,evMotor,present
48004,phevBlended,present
48008,fuelType1,present
48008,fuelType2,present
48008,atvType,present
48008,evMotor,present
48008,phevBlended,present
48035,fuelType1,present
48035,fuelType2,present
48035,atvType,present
48035,evMotor,present
48035,phevBlended,present
48038,fuelType1,present
48038,fuelType2,present
48038,atvType,present
48038,evMotor,present
48038,phevBlended,present
48039,fuelType1,present
48039,fuelType2,present
48039,atvType,present
48039,evMotor,present
48039,phevBlended,present
48040,fuelType1,present
48040,fuelType2,present
48040,atvType,present
48040,evMotor,present
48040,phevBlended,present
48041,fuelType1,present
48041,fuelType2,present
48041,atvType,present
48041,evMotor,present
48041,phevBlended,present
48044,fuelType1,present
48044,fuelType2,present
48044,atvType,present
48044,evMotor,present
48044,phevBlended,present
48045,fuelType1,present
48045,fuelType2,present
48045,atvType,present
48045,evMotor,present
48045,phevBlended,present
48046,fuelType1,present
48046,fuelType2,present
48046,atvType,present
48046,evMotor,present
48046,phevBlended,present
48048,fuelType1,present
48048,fuelType2,present
48048,atvType,present
48048,evMotor,present
48048,phevBlended,present
48050,fuelType1,present
48050,fuelType2,present
48050,atvType,present
48050,evMotor,present
48050,phevBlended,present
48055,fuelType1,present
48055,fuelType2,present
48055,atvType,present
48055,evMotor,present
48055,phevBlended,present
48061,fuelType1,present
48061,fuelType2,present
48061,atvType,present
48061,evMotor,present
48061,phevBlended,present
48065,fuelType1,present
48065,fuelType2,present
48065,atvType,present
48065,evMotor,present
48065,phevBlended,present
48067,fuelType1,present
48067,fuelType2,present
48067,atvType,present
48067,evMotor,present
48067,phevBlended,present
48070,fuelType1,present
48070,fuelType2,present
48070,atvType,present
48070,evMotor,present
48070,phevBlended,present
48071,fuelType1,present
48071,fuelType2,present
48071,atvType,present
48071,evMotor,present
48071,phevBlended,present
48073,fuelType1,present
48073,fuelType2,present
48073,atvType,present
48073,evMotor,present
48073,phevBlended,present
48083,fuelType1,present
48083,fuelType2,present
48083,atvType,present
48083,evMotor,present
48083,phevBlended,present
48094,fuelType1,present
48094,fuelType2,present
48094,atvType,present
48094,evMotor,present
48094,phevBlended,present
48097,fuelType1,present
48097,fuelType2,present
48097,atvType,present
48097,evMotor,present
48097,phevBlended,present
48102,fuelType1,present
48102,fuelType2,present
48102,atvType,present
48102,evMotor,present
48102,phevBlended,present
48105,fuelType1,present
48105,fuelType2,present
48105,atvType,present
48105,evMotor,present
48105,phevBlended,present
48107,fuelType1,present
48107,fuelType2,present
48107,atvType,present
48107,evMotor,present
48107,phevBlended,present
48108,fuelType1,present
48108,fuelType2,present
48108,atvType,present
48108,evMotor,present
48108,phevBlended,present
48109,fuelType1,present
48109,fuelType2,present
48109,atvType,present
48109,evMotor,present
48109,phevBlended,present
48111,fuelType1,present
48111,fuelType2,present
48111,atvType,present
48111,evMotor,present
48111,phevBlended,present
48112,fuelType1,present
48112,fuelType2,present
48112,atvType,present
48112,evMotor,present
48112,phevBlended,present
48113,fuelType1,present
48113,fuelType2,present
48113,atvType,present
48113,evMotor,present
48113,phevBlended,present
48116,fuelType1,present
48116,fuelType2,present
48116,atvType,present
48116,evMotor,present
48116,phevBlended,present
48117,fuelType1,present
48117,fuelType2,present
48117,atvType,present
48117,evMotor,present
48117,phevBlended,present
48118,fuelType1,present
48118,fuelType2,present
48118,atvType,present
48118,evMotor,present
48118,phevBlended,present
48119,fuelType1,present
48119,fuelType2,present
48119,atvType,present
48119,evMotor,present
48119,phevBlended,present
48120,fuelType1,present
48120,fuelType2,present
48120,atvType,present
48120,evMotor,present
48120,phevBlended,present
48121,fuelType1,present
48121,fuelType2,present
48121,atvType,present
48121,evMotor,present
48121,phevBlended,present
48126,fuelType1,present
48126,fuelType2,present
48126,atvType,present
48126,evMotor,present
48126,phevBlended,present
48129,fuelType1,present
48129,fuelType2,present
48129,atvType,present
48129,evMotor,present
48129,phevBlended,present
48131,fuelType1,present
48131,fuelType2,present
48131,atvType,present
48131,evMotor,present
48131,phevBlended,present
48132,fuelType1,present
48132,fuelType2,present
48132,atvType,present
48132,evMotor,present
48132,phevBlended,present
48133,fuelType1,present
48133,fuelType2,present
48133,atvType,present
48133,evMotor,present
48133,phevBlended,present
48146,fuelType1,present
48146,fuelType2,present
48146,atvType,present
48146,evMotor,present
48146,phevBlended,present
48148,fuelType1,present
48148,fuelType2,present
48148,atvType,present
48148,evMotor,present
48148,phevBlended,present
48149,fuelType1,present
48149,fuelType2,present
48149,atvType,present
48149,evMotor,present
48149,phevBlended,present
48155,fuelType1,present
48155,fuelType2,present
48155,atvType,present
48155,evMotor,present
48155,phevBlended,present
48156,fuelType1,present
48156,fuelType2,present
48156,atvType,present
48156,evMotor,present
48156,phevBlended,present
48158,fuelType1,present
48158,fuelType2,present
48158,atvType,present
48158,evMotor,present
48158,phevBlended,present
48160,fuelType1,present
48160,fuelType2,present
48160,atvType,present
48160,evMotor,present
48160,phevBlended,present
48162,fuelType1,present
48162,fuelType2,present
48162,atvType,present
48162,evMotor,present
48162,phevBlended,present
48173,fuelType1,present
48173,fuelType2,present
48173,atvType,present
48173,evMotor,present
48173,phevBlended,present
48184,fuelType1,present
48184,fuelType2,present
48184,atvType,present
48184,evMotor,present
48184,phevBlended,present
48189,fuelType1,present
48189,fuelType2,present
48189,atvType,present
48189,evMotor,present
48189,phevBlended,present
48191,fuelType1,present
48191,fuelType2,present
48191,atvType,present
48191,evMotor,present
48191,phevBlended,present
48192,fuelType1,present
48192,fuelType2,present
48192,atvType,present
48192,evMotor,present
48192,phevBlended,present
48199,fuelType1,present
48199,fuelType2,present
48199,atvType,present
48199,evMotor,present
48199,phevBlended,present
48200,fuelType1,present
48200,fuelType2,present
48200,atvType,present
48200,evMotor,present
48200,phevBlended,present
48201,fuelType1,present
48201,fuelType2,present
48201,atvType,present
48201,evMotor,present
48201,phevBlended,present
48202,fuelType1,present
48202,fuelType2,present
48202,atvType,present
48202,evMotor,present
48202,phevBlended,present
48203,fuelType1,present
48203,fuelType2,present
48203,atvType,present
48203,evMotor,present
48203,phevBlended,present
48230,fuelType1,present
48230,fuelType2,present
48230,atvType,present
48230,evMotor,present
48230,phevBlended,present
48234,fuelType1,present
48234,fuelType2,present
48234,atvType,present
48234,evMotor,present
48234,phevBlended,present
48238,fuelType1,present
48238,fuelType2,present
48238,atvType,present
48238,evMotor,present
48238,phevBlended,present
48241,fuelType1,present
48241,fuelType2,present
48241,atvType,present
48241,evMotor,present
48241,phevBlended,present
48243,fuelType1,present
48243,fuelType2,present
48243,atvType,present
48243,evMotor,present
48243,phevBlended,present
48247,fuelType1,present
48247,fuelType2,present
48247,atvType,present
48247,evMotor,present
48247,phevBlended,present
48252,fuelType1,present
48252,fuelType2,present
48252,atvType,present
48252,evMotor,present
48252,phevBlended,present
48253,fuelType1,present
48253,fuelType2,present
48253,atvType,present
48253,evMotor,present
48253,phevBlended,present
48255,fuelType1,present
48255,fuelType2,present
48255,atvType,present
48255,evMotor,present
48255,phevBlended,present
48266,fuelType1,present
48266,fuelType2,present
48266,atvType,present
48266,evMotor,present
48266,phevBlended,present
48267,fuelType1,present
48267,fuelType2,present
48267,atvType,present
48267,evMotor,present
48267,phevBlended,present
48273,fuelType1,present
48273,fuelType2,present
48273,atvType,present
48273,evMotor,present
48273,phevBlended,present
48274,fuelType1,present
48274,fuelType2,present
48274,atvType,present
48274,evMotor,present
48274,phevBlended,present
48278,fuelType1,present
48278,fuelType2,present
48278,atvType,present
48278,evMotor,present
48278,phevBlended,present
48284,fuelType1,present
48284,fuelType2,present
48284,atvType,present
48284,evMotor,present
48284,phevBlended,present
48285,fuelType1,present
48285,fuelType2,present
48285,atvType,present
48285,evMotor,present
48285,phevBlended,present
48286,fuelType1,present
48286,fuelType2,present
48286,atvType,present
48286,evMotor,present
48286,phevBlended,present
48287,fuelType1,present
48287,fuelType2,present
48287,atvType,present
48287,evMotor,present
48287,phevBlended,present
48288,fuelType1,present
48288,fuelType2,present
48288,atvType,present
48288,evMotor,present
48288,phevBlended,present
48290,fuelType1,present
48290,fuelType2,present
48290,atvType,present
48290,evMotor,present
48290,phevBlended,present
48291,fuelType1,present
48291,fuelType2,present
48291,atvType,present
48291,evMotor,present
48291,phevBlended,present
48292,fuelType1,present
48292,fuelType2,present
48292,atvType,present
48292,evMotor,present
48292,phevBlended,present
48293,fuelType1,present
48293,fuelType2,present
48293,atvType,present
48293,evMotor,present
48293,phevBlended,present
48294,fuelType1,present
48294,fuelType2,present
48294,atvType,present
48294,evMotor,present
48294,phevBlended,present
48295,fuelType1,present
48295,fuelType2,present
48295,atvType,present
48295,evMotor,present
48295,phevBlended,present
48296,fuelType1,present
48296,fuelType2,present
48296,atvType,present
48296,evMotor,present
48296,phevBlended,present
48311,fuelType1,present
48311,fuelType2,present
48311,atvType,present
48311,evMotor,present
48311,phevBlended,present
48315,fuelType1,present
48315,fuelType2,present
48315,atvType,present
48315,evMotor,present
48315,phevBlended,present
48341,fuelType1,present
48341,fuelType2,present
48341,atvType,present
48341,evMotor,present
48341,phevBlended,present
48351,fuelType1,present
48351,fuelType2,present
48351,atvType,present
48351,evMotor,present
48351,phevBlended,present
48354,fuelType1,present
48354,fuelType2,present
48354,atvType,present
48354,evMotor,present
48354,phevBlended,present
48355,fuelType1,present
48355,fuelType2,present
48355,atvType,present
48355,evMotor,present
48355,phevBlended,present
48356,fuelType1,present
48356,fuelType2,present
48356,atvType,present
48356,evMotor,present
48356,phevBlended,present
48357,fuelType1,present
48357,fuelType2,present
48357,atvType,present
48357,evMotor,present
48357,phevBlended,present
48361,fuelType1,present
48361,fuelType2,present
48361,atvType,present
48361,evMotor,present
48361,phevBlended,present
48365,fuelType1,present
48365,fuelType2,present
48365,atvType,present
48365,evMotor,present
48365,phevBlended,present
48371,fuelType1,present
48371,fuelType2,present
48371,atvType,present
48371,evMotor,present
48371,phevBlended,present
48372,fuelType1,present
48372,fuelType2,present
48372,atvType,present
48372,evMotor,present
48372,phevBlended,present
48374,fuelType1,present
48374,fuelType2,present
48374,atvType,present
48374,evMotor,present
48374,phevBlended,present
48375,fuelType1,present
48375,fuelType2,present
48375,atvType,present
48375,evMotor,present
48375,phevBlended,present
48376,fuelType1,present
48376,fuelType2,present
48376,atvType,present
48376,evMotor,present
48376,phevBlended,present
48377,fuelType1,present
48377,fuelType2,present
48377,atvType,present
48377,evMotor,present
48377,phevBlended,present
48379,fuelType1,present
48379,fuelType2,present
48379,atvType,present
48379,evMotor,present
48379,phevBlended,present
48380,fuelType1,present
48380,fuelType2,present
48380,atvType,present
48380,evMotor,present
48380,phevBlended,present
48382,fuelType1,present
48382,fuelType2,present
48382,atvType,present
48382,evMotor,present
48382,phevBlended,present
48395,fuelType1,present
48395,fuelType2,present
48395,atvType,present
48395,evMotor,present
48395,phevBlended,present
48398,fuelType1,present
48398,fuelType2,present
48398,atvType,present
48398,evMotor,present
48398,phevBlended,present
48399,fuelType1,present
48399,fuelType2,present
48399,atvType,present
48399,evMotor,present
48399,phevBlended,present
48402,fuelType1,present
48402,fuelType2,present
48402,atvType,present
48402,evMotor,present
48402,phevBlended,present
48403,fuelType1,present
48403,fuelType2,present
48403,atvType,present
48403,evMotor,present
48403,phevBlended,present
48404,fuelType1,present
48404,fuelType2,present
48404,atvType,present
48404,evMotor,present
48404,phevBlended,present
48405,fuelType1,present
48405,fuelType2,present
48405,atvType,present
48405,evMotor,present
48405,phevBlended,present
48408,fuelType1,present
48408,fuelType2,present
48408,atvType,present
48408,evMotor,present
48408,phevBlended,present
48409,fuelType1,present
48409,fuelType2,present
48409,atvType,present
48409,evMotor,present
48409,phevBlended,present
48410,fuelType1,present
48410,fuelType2,present
48410,atvType,present
48410,evMotor,present
48410,phevBlended,present
48412,fuelType1,present
48412,fuelType2,present
48412,atvType,present
48412,evMotor,present
48412,phevBlended,present
48416,fuelType1,present
48416,fuelType2,present
48416,atvType,present
48416,evMotor,present
48416,phevBlended,present
48424,fuelType1,present
48424,fuelType2,present
48424,atvType,present
48424,evMotor,present
48424,phevBlended,present
48425,fuelType1,present
48425,fuelType2,present
48425,atvType,present
48425,evMotor,present
48425,phevBlended,present
48429,fuelType1,present
48429,fuelType2,present
48429,atvType,present
48429,evMotor,present
48429,phevBlended,present
48430,fuelType1,present
48430,fuelType2,present
48430,atvType,present
48430,evMotor,present
48430,phevBlended,present
48440,fuelType1,present
48440,fuelType2,present
48440,atvType,present
48440,evMotor,present
48440,phevBlended,present
48441,fuelType1,present
48441,fuelType2,present
48441,atvType,present
48441,evMotor,present
48441,phevBlended,present
48442,fuelType1,present
48442,fuelType2,present
48442,atvType,present
48442,evMotor,present
48442,phevBlended,present
48443,fuelType1,present
48443,fuelType2,present
48443,atvType,present
48443,evMotor,present
48443,phevBlended,present
48446,fuelType1,present
48446,fuelType2,present
48446,atvType,present
48446,evMotor,present
48446,phevBlended,present
48451,fuelType1,present
48451,fuelType2,present
48451,atvType,present
48451,evMotor,present
48451,phevBlended,present
48452,fuelType1,present
48452,fuelType2,present
48452,atvType,present
48452,evMotor,present
48452,phevBlended,present
48453,fuelType1,present
48453,fuelType2,present
48453,atvType,present
48453,evMotor,present
48453,phevBlended,present
48454,fuelType1,present
48454,fuelType2,present
48454,atvType,present
48454,evMotor,present
48454,phevBlended,present
48456,fuelType1,present
48456,fuelType2,present
48456,atvType,present
48456,evMotor,present
48456,phevBlended,present
48460,fuelType1,present
48460,fuelType2,present
48460,atvType,present
48460,evMotor,present
48460,phevBlended,present
48461,fuelType1,present
48461,fuelType2,present
48461,atvType,present
48461,evMotor,present
48461,phevBlended,present
48463,fuelType1,present
48463,fuelType2,present
48463,atvType,present
48463,evMotor,present
48463,phevBlended,present
48465,fuelType1,present
48465,fuelType2,present
48465,atvType,present
48465,evMotor,present
48465,phevBlended,present
48469,fuelType1,present
48469,fuelType2,present
48469,atvType,present
48469,evMotor,present
48469,phevBlended,present
48470,fuelType1,present
48470,fuelType2,present
48470,atvType,present
48470,evMotor,present
48470,phevBlended,present
48471,fuelType1,present
48471,fuelType2,present
48471,atvType,present
48471,evMotor,present
48471,phevBlended,present
48473,fuelType1,present
48473,fuelType2,present
48473,atvType,present
48473,evMotor,present
48473,phevBlended,present
48475,fuelType1,present
48475,fuelType2,present
48475,atvType,present
48475,evMotor,present
48475,phevBlended,present
48478,fuelType1,present
48478,fuelType2,present
48478,atvType,present
48478,evMotor,present
48478,phevBlended,present
48483,fuelType1,present
48483,fuelType2,present
48483,atvType,present
48483,evMotor,present
48483,phevBlended,present
48486,fuelType1,present
48486,fuelType2,present
48486,atvType,present
48486,evMotor,present
48486,phevBlended,present
48496,fuelType1,present
48496,fuelType2,present
48496,atvType,present
48496,evMotor,present
48496,phevBlended,present
48497,fuelType1,present
48497,fuelType2,present
48497,atvType,present
48497,evMotor,present
48497,phevBlended,present
48504,fuelType1,present
48504,fuelType2,present
48504,atvType,present
48504,evMotor,present
48504,phevBlended,present
48507,fuelType1,present
48507,fuelType2,present
48507,atvType,present
48507,evMotor,present
48507,phevBlended,present
48508,fuelType1,present
48508,fuelType2,present
48508,atvType,present
48508,evMotor,present
48508,phevBlended,present
48509,fuelType1,present
48509,fuelType2,present
48509,atvType,present
48509,evMotor,present
48509,phevBlended,present
48513,fuelType1,present
48513,fuelType2,present
48513,atvType,present
48513,evMotor,present
48513,phevBlended,present
48520,fuelType1,present
48520,fuelType2,present
48520,atvType,present
48520,evMotor,present
48520,phevBlended,present
48521,fuelType1,present
48521,fuelType2,present
48521,atvType,present
48521,evMotor,present
48521,phevBlended,present
48524,fuelType1,present
48524,fuelType2,present
48524,atvType,present
48524,evMotor,present
48524,phevBlended,present
48526,fuelType1,present
48526,fuelType2,present
48526,atvType,present
48526,evMotor,present
48526,phevBlended,present
48527,fuelType1,present
48527,fuelType2,present
48527,atvType,present
48527,evMotor,present
48527,phevBlended,present
48529,fuelType1,present
48529,fuelType2,present
48529,atvType,present
48529,evMotor,present
48529,phevBlended,present
48532,fuelType1,present
48532,fuelType2,present
48532,atvType,present
48532,evMotor,present
48532,phevBlended,present
48533,fuelType1,present
48533,fuelType2,present
48533,atvType,present
48533,evMotor,present
48533,phevBlended,present
48535,fuelType1,present
48535,fuelType2,present
48535,atvType,present
48535,evMotor,present
48535,phevBlended,present
48536,fuelType1,present
48536,fuelType2,present
48536,atvType,present
48536,evMotor,present
48536,phevBlended,present
48542,fuelType1,present
48542,fuelType2,present
48542,atvType,present
48542,evMotor,present
48542,phevBlended,present
48543,fuelType1,present
48543,fuelType2,present
48543,atvType,present
48543,evMotor,present
48543,phevBlended,present
48544,fuelType1,present
48544,fuelType2,present
48544,atvType,present
48544,evMotor,present
48544,phevBlended,present
48547,fuelType1,present
48547,fuelType2,present
48547,atvType,present
48547,evMotor,present
48547,phevBlended,present
48548,fuelType1,present
48548,fuelType2,present
48548,atvType,present
48548,evMotor,present
48548,phevBlended,present
48552,fuelType1,present
48552,fuelType2,present
48552,atvType,present
48552,evMotor,present
48552,phevBlended,present
48554,fuelType1,present
48554,fuelType2,present
48554,atvType,present
48554,evMotor,present
48554,phevBlended,present
48555,fuelType1,present
48555,fuelType2,present
48555,atvType,present
48555,evMotor,present
48555,phevBlended,present
48557,fuelType1,present
48557,fuelType2,present
48557,atvType,present
48557,evMotor,present
48557,phevBlended,present
48558,fuelType1,present
48558,fuelType2,present
48558,atvType,present
48558,evMotor,present
48558,phevBlended,present
48560,fuelType1,present
48560,fuelType2,present
48560,atvType,present
48560,evMotor,present
48560,phevBlended,present
48562,fuelType1,present
48562,fuelType2,present
48562,atvType,present
48562,evMotor,present
48562,phevBlended,present
48563,fuelType1,present
48563,fuelType2,present
48563,atvType,present
48563,evMotor,present
48563,phevBlended,present
48565,fuelType1,present
48565,fuelType2,present
48565,atvType,present
48565,evMotor,present
48565,phevBlended,present
48567,fuelType1,present
48567,fuelType2,present
48567,atvType,present
48567,evMotor,present
48567,phevBlended,present
48568,fuelType1,present
48568,fuelType2,present
48568,atvType,present
48568,evMotor,present
48568,phevBlended,present
48569,fuelType1,present
48569,fuelType2,present
48569,atvType,present
48569,evMotor,present
48569,phevBlended,present
48572,fuelType1,present
48572,fuelType2,present
48572,atvType,present
48572,evMotor,present
48572,phevBlended,present
48573,fuelType1,present
48573,fuelType2,present
48573,atvType,present
48573,evMotor,present
48573,phevBlended,present
48578,fuelType1,present
48578,fuelType2,present
48578,atvType,present
48578,evMotor,present
48578,phevBlended,present
48579,fuelType1,present
48579,fuelType2,present
48579,atvType,present
48579,evMotor,present
48579,phevBlended,present
48580,fuelType1,present
48580,fuelType2,present
48580,atvType,present
48580,evMotor,present
48580,phevBlended,present
48581,fuelType1,present
48581,fuelType2,present
48581,atvType,present
48581,evMotor,present
48581,phevBlended,present
48588,fuelType1,present
48588,fuelType2,present
48588,atvType,present
48588,evMotor,present
48588,phevBlended,present
48601,fuelType1,present
48601,fuelType2,present
48601,atvType,present
48601,evMotor,present
48601,phevBlended,present
48605,fuelType1,present
48605,fuelType2,present
48605,atvType,present
48605,evMotor,present
48605,phevBlended,present
48606,fuelType1,present
48606,fuelType2,present
48606,atvType,present
48606,evMotor,present
48606,phevBlended,present
48611,fuelType1,present
48611,fuelType2,present
48611,atvType,present
48611,evMotor,present
48611,phevBlended,present
48612,fuelType1,present
48612,fuelType2,present
48612,atvType,present
48612,evMotor,present
48612,phevBlended,present
48613,fuelType1,present
48613,fuelType2,present
48613,atvType,present
48613,evMotor,present
48613,phevBlended,present
48614,fuelType1,present
48614,fuelType2,present
48614,atvType,present
48614,evMotor,present
48614,phevBlended,present
48615,fuelType1,present
48615,fuelType2,present
48615,atvType,present
48615,evMotor,present
48615,phevBlended,present
48617,fuelType1,present
48617,fuelType2,present
48617,atvType,present
48617,evMotor,present
48617,phevBlended,present
48618,fuelType1,present
48618,fuelType2,present
48618,atvType,present
48618,evMotor,present
48618,phevBlended,present
48625,fuelType1,present
48625,fuelType2,present
48625,atvType,present
48625,evMotor,present
48625,phevBlended,present
48627,fuelType1,present
48627,fuelType2,present
48627,atvType,present
48627,evMotor,present
48627,phevBlended,present
48634,fuelType1,present
48634,fuelType2,present
48634,atvType,present
48634,evMotor,present
48634,phevBlended,present
48645,fuelType1,present
48645,fuelType2,present
48645,atvType,present
48645,evMotor,present
48645,phevBlended,present
48648,fuelType1,present
48648,fuelType2,present
48648,atvType,present
48648,evMotor,present
48648,phevBlended,present
48650,fuelType1,present
48650,fuelType2,present
48650,atvType,present
48650,evMotor,present
48650,phevBlended,present
48652,fuelType1,present
48652,fuelType2,present
48652,atvType,present
48652,evMotor,present
48652,phevBlended,present
48654,fuelType1,present
48654,fuelType2,present
48654,atvType,present
48654,evMotor,present
48654,phevBlended,present
48656,fuelType1,present
48656,fuelType2,present
48656,atvType,present
48656,evMotor,present
48656,phevBlended,present
48657,fuelType1,present
48657,fuelType2,present
48657,atvType,present
48657,evMotor,present
48657,phevBlended,present
48658,fuelType1,present
48658,fuelType2,present
48658,atvType,present
48658,evMotor,present
48658,phevBlended,present
48659,fuelType1,present
48659,fuelType2,present
48659,atvType,present
48659,evMotor,present
48659,phevBlended,present
48660,fuelType1,present
48660,fuelType2,present
48660,atvType,present
48660,evMotor,present
48660,phevBlended,present
48661,fuelType1,present
48661,fuelType2,present
48661,atvType,present
48661,evMotor,present
48661,phevBlended,present
48662,fuelType1,present
48662,fuelType2,present
48662,atvType,present
48662,evMotor,present
48662,phevBlended,present
48667,fuelType1,present
48667,fuelType2,present
48667,atvType,present
48667,evMotor,present
48667,phevBlended,present
48668,fuelType1,present
48668,fuelType2,present
48668,atvType,present
48668,evMotor,present
48668,phevBlended,present
48671,fuelType1,present
48671,fuelType2,present
48671,atvType,present
48671,evMotor,present
48671,phevBlended,present
48672,fuelType1,present
48672,fuelType2,present
48672,atvType,present
48672,evMotor,present
48672,phevBlended,present
48676,fuelType1,present
48676,fuelType2,present
48676,atvType,present
48676,evMotor,present
48676,phevBlended,present
48677,fuelType1,present
48677,fuelType2,present
48677,atvType,present
48677,evMotor,present
48677,phevBlended,present
48678,fuelType1,present
48678,fuelType2,present
48678,atvType,present
48678,evMotor,present
48678,phevBlended,present
48691,fuelType1,present
48691,fuelType2,present
48691,atvType,present
48691,evMotor,present
48691,phevBlended,present
48699,fuelType1,present
48699,fuelType2,present
48699,atvType,present
48699,evMotor,present
48699,phevBlended,present
48703,fuelType1,present
48703,fuelType2,present
48703,atvType,present
48703,evMotor,present
48703,phevBlended,present
48704,fuelType1,present
48704,fuelType2,present
48704,atvType,present
48704,evMotor,present
48704,phevBlended,present
48713,fuelType1,present
48713,fuelType2,present
48713,atvType,present
48713,evMotor,present
48713,phevBlended,present
48715,fuelType1,present
48715,fuelType2,present
48715,atvType,present
48715,evMotor,present
48715,phevBlended,present
48716,fuelType1,present
48716,fuelType2,present
48716,atvType,present
48716,evMotor,present
48716,phevBlended,present
48717,fuelType1,present
48717,fuelType2,present
48717,atvType,present
48717,evMotor,present
48717,phevBlended,present
48718,fuelType1,present
48718,fuelType2,present
48718,atvType,present
48718,evMotor,present
48718,phevBlended,present
48719,fuelType1,present
48719,fuelType2,present
48719,atvType,present
48719,evMotor,present
48719,phevBlended,present
48726,fuelType1,present
48726,fuelType2,present
48726,atvType,present
48726,evMotor,present
48726,phevBlended,present
48730,fuelType1,present
48730,fuelType2,present
48730,atvType,present
48730,evMotor,present
48730,phevBlended,present
48742,fuelType1,present
48742,fuelType2,present
48742,atvType,present
48742,evMotor,present
48742,phevBlended,present
48745,fuelType1,present
48745,fuelType2,present
48745,atvType,present
48745,evMotor,present
48745,phevBlended,present
48751,fuelType1,present
48751,fuelType2,present
48751,atvType,present
48751,evMotor,present
48751,phevBlended,present
48756,fuelType1,present
48756,fuelType2,present
48756,atvType,present
48756,evMotor,present
48756,phevBlended,present
48762,fuelType1,present
48762,fuelType2,present
48762,atvType,present
48762,evMotor,present
48762,phevBlended,present
48763,fuelType1,present
48763,fuelType2,present
48763,atvType,present
48763,evMotor,present
48763,phevBlended,present
48764,fuelType1,present
48764,fuelType2,present
48764,atvType,present
48764,evMotor,present
48764,phevBlended,present
48765,fuelType1,present
48765,fuelType2,present
48765,atvType,present
48765,evMotor,present
48765,phevBlended,present
48766,fuelType1,present
48766,fuelType2,present
48766,atvType,present
48766,evMotor,present
48766,phevBlended,present
48769,fuelType1,present
48769,fuelType2,present
48769,atvType,present
48769,evMotor,present
48769,phevBlended,present
48770,fuelType1,present
48770,fuelType2,present
48770,atvType,present
48770,evMotor,present
48770,phevBlended,present
48772,fuelType1,present
48772,fuelType2,present
48772,atvType,present
48772,evMotor,present
48772,phevBlended,present
48774,fuelType1,present
48774,fuelType2,present
48774,atvType,present
48774,evMotor,present
48774,phevBlended,present
48775,fuelType1,present
48775,fuelType2,present
48775,atvType,present
48775,evMotor,present
48775,phevBlended,present
48780,fuelType1,present
48780,fuelType2,present
48780,atvType,present
48780,evMotor,present
48780,phevBlended,present
48782,fuelType1,present
48782,fuelType2,present
48782,atvType,present
48782,evMotor,present
48782,phevBlended,present
48783,fuelType1,present
48783,fuelType2,present
48783,atvType,present
48783,evMotor,present
48783,phevBlended,present
48784,fuelType1,present
48784,fuelType2,present
48784,atvType,present
48784,evMotor,present
48784,phevBlended,present
48785,fuelType1,present
48785,fuelType2,present
48785,atvType,present
48785,evMotor,present
48785,phevBlended,present
48786,fuelType1,present
48786,fuelType2,present
48786,atvType,present
48786,evMotor,present
48786,phevBlended,present
48789,fuelType1,present
48789,fuelType2,present
48789,atvType,present
48789,evMotor,present
48789,phevBlended,present
48791,fuelType1,present
48791,fuelType2,present
48791,atvType,present
48791,evMotor,present
48791,phevBlended,present
48792,fuelType1,present
48792,fuelType2,present
48792,atvType,present
48792,evMotor,present
48792,phevBlended,present
48796,fuelType1,present
48796,fuelType2,present
48796,atvType,present
48796,evMotor,present
48796,phevBlended,present
48797,fuelType1,present
48797,fuelType2,present
48797,atvType,present
48797,evMotor,present
48797,phevBlended,present
48798,fuelType1,present
48798,fuelType2,present
48798,atvType,present
48798,evMotor,present
48798,phevBlended,present
48801,fuelType1,present
48801,fuelType2,present
48801,atvType,present
48801,evMotor,present
48801,phevBlended,present
48802,fuelType1,present
48802,fuelType2,present
48802,atvType,present
48802,evMotor,present
48802,phevBlended,present
48803,fuelType1,present
48803,fuelType2,present
48803,atvType,present
48803,evMotor,present
48803,phevBlended,present
48816,fuelType1,present
48816,fuelType2,present
48816,atvType,present
48816,evMotor,present
48816,phevBlended,present
48818,fuelType1,present
48818,fuelType2,present
48818,atvType,present
48818,evMotor,present
48818,phevBlended,present
48819,fuelType1,present
48819,fuelType2,present
48819,atvType,present
48819,evMotor,present
48819,phevBlended,present
48820,fuelType1,present
48820,fuelType2,present
48820,atvType,present
48820,evMotor,present
48820,phevBlended,present
48821,fuelType1,present
48821,fuelType2,present
48821,atvType,present
48821,evMotor,present
48821,phevBlended,present
48822,fuelType1,present
48822,fuelType2,present
48822,atvType,present
48822,evMotor,present
48822,phevBlended,present
48837,fuelType1,present
48837,fuelType2,present
48837,atvType,present
48837,evMotor,present
48837,phevBlended,present
48838,fuelType1,present
48838,fuelType2,present
48838,atvType,present
48838,evMotor,present
48838,phevBlended,present
48839,fuelType1,present
48839,fuelType2,present
48839,atvType,present
48839,evMotor,present
48839,phevBlended,present
48840,fuelType1,present
48840,fuelType2,present
48840,atvType,present
48840,evMotor,present
48840,phevBlended,present
48845,fuelType1,present
48845,fuelType2,present
48845,atvType,present
48845,evMotor,present
48845,phevBlended,present
48849,fuelType1,present
48849,fuelType2,present
48849,atvType,present
48849,evMotor,present
48849,phevBlended,present
48851,fuelType1,present
48851,fuelType2,present
48851,atvType,present
48851,evMotor,present
48851,phevBlended,present
48856,fuelType1,present
48856,fuelType2,present
48856,atvType,present
48856,evMotor,present
48856,phevBlended,present
48857,fuelType1,present
48857,fuelType2,present
48857,atvType,present
48857,evMotor,present
48857,phevBlended,present
48858,fuelType1,present
48858,fuelType2,present
48858,atvType,present
48858,evMotor,present
48858,phevBlended,present
48862,fuelType1,present
48862,fuelType2,present
48862,atvType,present
48862,evMotor,present
48862,phevBlended,present
48863,fuelType1,present
48863,fuelType2,present
48863,atvType,present
48863,evMotor,present
48863,phevBlended,present
48864,fuelType1,present
48864,fuelType2,present
48864,atvType,present
48864,evMotor,present
48864,phevBlended,present
48865,fuelType1,present
48865,fuelType2,present
48865,atvType,present
48865,evMotor,present
48865,phevBlended,present
48866,fuelType1,present
48866,fuelType2,present
48866,atvType,present
48866,evMotor,present
48866,phevBlended,present
48869,fuelType1,present
48869,fuelType2,present
48869,atvType,present
48869,evMotor,present
48869,phevBlended,present
48873,fuelType1,present
48873,fuelType2,present
48873,atvType,present
48873,evMotor,present
48873,phevBlended,present
48888,fuelType1,present
48888,fuelType2,present
48888,atvType,present
48888,evMotor,present
48888,phevBlended,present
48897,fuelType1,present
48897,fuelType2,present
48897,atvType,present
48897,evMotor,present
48897,phevBlended,present
48898,fuelType1,present
48898,fuelType2,present
48898,atvType,present
48898,evMotor,present
48898,phevBlended,present
48901,fuelType1,present
48901,fuelType2,present
48901,atvType,present
48901,evMotor,present
48901,phevBlended,present
48906,fuelType1,present
48906,fuelType2,present
48906,atvType,present
48906,evMotor,present
48906,phevBlended,present
48907,fuelType1,present
48907,fuelType2,present
48907,atvType,present
48907,evMotor,present
48907,phevBlended,present
48908,fuelType1,present
48908,fuelType2,present
48908,atvType,present
48908,evMotor,present
48908,phevBlended,present
48910,fuelType1,present
48910,fuelType2,present
48910,atvType,present
48910,evMotor,present
48910,phevBlended,present
48914,fuelType1,present
48914,fuelType2,present
48914,atvType,present
48914,evMotor,present
48914,phevBlended,present
48915,fuelType1,present
48915,fuelType2,present
48915,atvType,present
48915,evMotor,present
48915,phevBlended,present
48918,fuelType1,present
48918,fuelType2,present
48918,atvType,present
48918,evMotor,present
48918,phevBlended,present
48919,fuelType1,present
48919,fuelType2,present
48919,atvType,present
48919,evMotor,present
48919,phevBlended,present
48921,fuelType1,present
48921,fuelType2,present
48921,atvType,present
48921,evMotor,present
48921,phevBlended,present
48922,fuelType1,present
48922,fuelType2,present
48922,atvType,present
48922,evMotor,present
48922,phevBlended,present
48924,fuelType1,present
48924,fuelType2,present
48924,atvType,present
48924,evMotor,present
48924,phevBlended,present
48925,fuelType1,present
48925,fuelType2,present
48925,atvType,present
48925,evMotor,present
48925,phevBlended,present
48926,fuelType1,present
48926,fuelType2,present
48926,atvType,present
48926,evMotor,present
48926,phevBlended,present
48927,fuelType1,present
48927,fuelType2,present
48927,atvType,present
48927,evMotor,present
48927,phevBlended,present
48928,fuelType1,present
48928,fuelType2,present
48928,atvType,present
48928,evMotor,present
48928,phevBlended,present
48929,fuelType1,present
48929,fuelType2,present
48929,atvType,present
48929,evMotor,present
48929,phevBlended,present
48945,fuelType1,present
48945,fuelType2,present
48945,atvType,present
48945,evMotor,present
48945,phevBlended,present
48947,fuelType1,present
48947,fuelType2,present
48947,atvType,present
48947,evMotor,present
48947,phevBlended,present
48948,fuelType1,present
48948,fuelType2,present
48948,atvType,present
48948,evMotor,present
48948,phevBlended,present
48958,fuelType1,present
48958,fuelType2,present
48958,atvType,present
48958,evMotor,present
48958,phevBlended,present
48966,fuelType1,present
48966,fuelType2,present
48966,atvType,present
48966,evMotor,present
48966,phevBlended,present
48967,fuelType1,present
48967,fuelType2,present
48967,atvType,present
48967,evMotor,present
48967,phevBlended,present
48968,fuelType1,present
48968,fuelType2,present
48968,atvType,present
48968,evMotor,present
48968,phevBlended,present
48982,fuelType1,present
48982,fuelType2,present
48982,atvType,present
48982,evMotor,present
48982,phevBlended,present
48994,fuelType1,present
48994,fuelType2,present
48994,atvType,present
48994,evMotor,present
48994,phevBlended,present
48995,fuelType1,present
48995,fuelType2,present
48995,atvType,present
48995,evMotor,present
48995,phevBlended,present
48996,fuelType1,present
48996,fuelType2,present
48996,atvType,present
48996,evMotor,present
48996,phevBlended,present
48998,fuelType1,present
48998,fuelType2,present
48998,atvType,present
48998,evMotor,present
48998,phevBlended,present
48999,fuelType1,present
48999,fuelType2,present
48999,atvType,present
48999,evMotor,present
48999,phevBlended,present
49000,fuelType1,present
49000,fuelType2,present
49000,atvType,present
49000,evMotor,present
49000,phevBlended,present
49001,fuelType1,present
49001,fuelType2,present
49001,atvType,present
49001,evMotor,present
49001,phevBlended,present
49002,fuelType1,present
49002,fuelType2,present
49002,atvType,present
49002,evMotor,present
49002,phevBlended,present
49003,fuelType1,present
49003,fuelType2,present
49003,atvType,present
49003,evMotor,present
49003,phevBlended,present
49004,fuelType1,present
49004,fuelType2,present
49004,atvType,present
49004,evMotor,present
49004,phevBlended,present
49014,fuelType1,present
49014,fuelType2,present
49014,atvType,present
49014,evMotor,present
49014,phevBlended,present
49021,fuelType1,present
49021,fuelType2,present
49021,atvType,present
49021,evMotor,present
49021,phevBlended,present
49024,fuelType1,present
49024,fuelType2,present
49024,atvType,present
49024,evMotor,present
49024,phevBlended,present
49037,fuelType1,present
49037,fuelType2,present
49037,atvType,present
49037,evMotor,present
49037,phevBlended,present
49039,fuelType1,present
49039,fuelType2,present
49039,atvType,present
49039,evMotor,present
49039,phevBlended,present
49041,fuelType1,present
49041,fuelType2,present
49041,atvType,present
49041,evMotor,present
49041,phevBlended,present
49044,fuelType1,present
49044,fuelType2,present
49044,atvType,present
49044,evMotor,present
49044,phevBlended,present
49045,fuelType1,present
49045,fuelType2,present
49045,atvType,present
49045,evMotor,present
49045,phevBlended,present
49047,fuelType1,present
49047,fuelType2,present
49047,atvType,present
49047,evMotor,present
49047,phevBlended,present
49050,fuelType1,present
49050,fuelType2,present
49050,atvType,present
49050,evMotor,present
49050,phevBlended,present
49062,fuelType1,present
49062,fuelType2,present
49062,atvType,present
49062,evMotor,present
49062,phevBlended,present
49063,fuelType1,present
49063,fuelType2,present
49063,atvType,present
49063,evMotor,present
49063,phevBlended,present
49067,fuelType1,present
49067,fuelType2,present
49067,atvType,present
49067,evMotor,present
49067,phevBlended,present
49073,fuelType1,present
49073,fuelType2,present
49073,atvType,present
49073,evMotor,present
49073,phevBlended,present
49074,fuelType1,present
49074,fuelType2,present
49074,atvType,present
49074,evMotor,present
49074,phevBlended,present
49076,fuelType1,present
49076,fuelType2,present
49076,atvType,present
49076,evMotor,present
49076,phevBlended,present
49081,fuelType1,present
49081,fuelType2,present
49081,atvType,present
49081,evMotor,present
49081,phevBlended,present
49084,fuelType1,present
49084,fuelType2,present
49084,atvType,present
49084,evMotor,present
49084,phevBlended,present
49085,fuelType1,present
49085,fuelType2,present
49085,atvType,present
49085,evMotor,present
49085,phevBlended,present
49086,fuelType1,present
49086,fuelType2,present
49086,atvType,present
49086,evMotor,present
49086,phevBlended,present
49087,fuelType1,present
49087,fuelType2,present
49087,atvType,present
49087,evMotor,present
49087,phevBlended,present
49088,fuelType1,present
49088,fuelType2,present
49088,atvType,present
49088,evMotor,present
49088,phevBlended,present
49090,fuelType1,present
49090,fuelType2,present
49090,atvType,present
49090,evMotor,present
49090,phevBlended,present
49097,fuelType1,present
49097,fuelType2,present
49097,atvType,present
49097,evMotor,present
49097,phevBlended,present
49100,fuelType1,present
49100,fuelType2,present
49100,atvType,present
49100,evMotor,present
49100,phevBlended,present
49101,fuelType1,present
49101,fuelType2,present
49101,atvType,present
49101,evMotor,present
49101,phevBlended,present
49102,fuelType1,present
49102,fuelType2,present
49102,atvType,present
49102,evMotor,present
49102,phevBlended,present
49110,fuelType1,present
49110,fuelType2,present
49110,atvType,present
49110,evMotor,present
49110,phevBlended,present
49112,fuelType1,present
49112,fuelType2,present
49112,atvType,present
49112,evMotor,present
49112,phevBlended,present
49113,fuelType1,present
49113,fuelType2,present
49113,atvType,present
49113,evMotor,present
49113,phevBlended,present
49114,fuelType1,present
49114,fuelType2,present
49114,atvType,present
49114,evMotor,present
49114,phevBlended,present
49115,fuelType1,present
49115,fuelType2,present
49115,atvType,present
49115,evMotor,present
49115,phevBlended,present
49123,fuelType1,present
49123,fuelType2,present
49123,atvType,present
49123,evMotor,present
49123,phevBlended,present
49124,fuelType1,present
49124,fuelType2,present
49124,atvType,present
49124,evMotor,present
49124,phevBlended,present
49125,fuelType1,present
49125,fuelType2,present
49125,atvType,present
49125,evMotor,present
49125,phevBlended,present
49130,fuelType1,present
49130,fuelType2,present
49130,atvType,present
49130,evMotor,present
49130,phevBlended,present
49131,fuelType1,present
49131,fuelType2,present
49131,atvType,present
49131,evMotor,present
49131,phevBlended,present
49132,fuelType1,present
49132,fuelType2,present
49132,atvType,present
49132,evMotor,present
49132,phevBlended,present
49134,fuelType1,present
49134,fuelType2,present
49134,atvType,present
49134,evMotor,present
49134,phevBlended,present
49146,fuelType1,present
49146,fuelType2,present
49146,atvType,present
49146,evMotor,present
49146,phevBlended,present
49147,fuelType1,present
49147,fuelType2,present
49147,atvType,present
49147,evMotor,present
49147,phevBlended,present
49150,fuelType1,present
49150,fuelType2,present
49150,atvType,present
49150,evMotor,present
49150,phevBlended,present
49156,fuelType1,present
49156,fuelType2,present
49156,atvType,present
49156,evMotor,present
49156,phevBlended,present
49157,fuelType1,present
49157,fuelType2,present
49157,atvType,present
49157,evMotor,present
49157,phevBlended,present
50270,fuelType1,present
50270,fuelType2,present
50270,atvType,present
50270,evMotor,present
50270,phevBlended,present
