vehicle_id,scope_eligible,reasons,audit_flags,target_status
34652,True,,,valid_positive_finite
34653,True,,,valid_positive_finite
34654,True,,,valid_positive_finite
34659,True,,missing_optional:engine_description,valid_positive_finite
34660,True,,missing_optional:engine_description,valid_positive_finite
34664,True,,,valid_positive_finite
34668,True,,,valid_positive_finite
34669,True,,missing_optional:engine_description,valid_positive_finite
34671,True,,missing_optional:engine_description,valid_positive_finite
34672,True,,missing_optional:engine_description,valid_positive_finite
34673,True,,missing_optional:engine_description,valid_positive_finite
34679,True,,,valid_positive_finite
34684,True,,,valid_positive_finite
34686,False,secondary_fuel_present | alternative_technology_present,,valid_positive_finite
34700,True,,,valid_positive_finite
34704,True,,,valid_positive_finite
34705,True,,,valid_positive_finite
34711,True,,,valid_positive_finite
34712,True,,,valid_positive_finite
34713,True,,,valid_positive_finite
34714,True,,,valid_positive_finite
34767,True,,,valid_positive_finite
34769,True,,,valid_positive_finite
34777,True,,missing_optional:engine_description,valid_positive_finite
34779,False,alternative_technology_present | electric_motor_present,missing_optional:engine_description,valid_positive_finite
34782,False,alternative_technology_present | electric_motor_present,missing_optional:engine_description,valid_positive_finite
34801,True,,missing_optional:engine_description,valid_positive_finite
34804,True,,,valid_positive_finite
34809,True,,,valid_positive_finite
34810,True,,,valid_positive_finite
34813,True,,,valid_positive_finite
34814,True,,,valid_positive_finite
34817,True,,,valid_positive_finite
34818,True,,,valid_positive_finite
34823,True,,,valid_positive_finite
34824,True,,,valid_positive_finite
34825,True,,,valid_positive_finite
34826,True,,,valid_positive_finite
34829,True,,,valid_positive_finite
34830,True,,missing_optional:engine_description,valid_positive_finite
34831,True,,missing_optional:engine_description,valid_positive_finite
34838,True,,,valid_positive_finite
34839,True,,missing_optional:engine_description,valid_positive_finite
34841,True,,,valid_positive_finite
34843,True,,missing_optional:engine_description,valid_positive_finite
34846,True,,missing_optional:engine_description,valid_positive_finite
34847,True,,missing_optional:engine_description,valid_positive_finite
34851,True,,,valid_positive_finite
34855,True,,,valid_positive_finite
34862,True,,missing_optional:engine_description,valid_positive_finite
34865,True,,,valid_positive_finite
34884,True,,missing_optional:engine_description,valid_positive_finite
34885,True,,missing_optional:engine_description,valid_positive_finite
34886,True,,missing_optional:engine_description,valid_positive_finite
34888,True,,missing_optional:engine_description,valid_positive_finite
34889,True,,missing_optional:engine_description,valid_positive_finite
34890,True,,missing_optional:engine_description,valid_positive_finite
34894,True,,missing_optional:engine_description,valid_positive_finite
34896,True,,,valid_positive_finite
34900,True,,,valid_positive_finite
34912,True,,,valid_positive_finite
34913,True,,missing_optional:engine_description,valid_positive_finite
34917,True,,missing_optional:engine_description,valid_positive_finite
34921,True,,,valid_positive_finite
34922,False,secondary_fuel_present | alternative_technology_present,,valid_positive_finite
34923,False,secondary_fuel_present | alternative_technology_present,,valid_positive_finite
34927,False,secondary_fuel_present | alternative_technology_present,,valid_positive_finite
34933,True,,missing_optional:engine_description,valid_positive_finite
34934,True,,missing_optional:engine_description,valid_positive_finite
34935,True,,missing_optional:engine_description,valid_positive_finite
34936,True,,missing_optional:engine_description,valid_positive_finite
34937,True,,missing_optional:engine_description,valid_positive_finite
34938,True,,missing_optional:engine_description,valid_positive_finite
34939,True,,missing_optional:engine_description,valid_positive_finite
34940,True,,,valid_positive_finite
34941,True,,,valid_positive_finite
34944,True,,,valid_positive_finite
34945,True,,,valid_positive_finite
34946,True,,,valid_positive_finite
34947,True,,,valid_positive_finite
34948,False,secondary_fuel_present | alternative_technology_present,,valid_positive_finite
34949,True,,,valid_positive_finite
34958,True,,,valid_positive_finite
34959,True,,,valid_positive_finite
34960,True,,,valid_positive_finite
34966,True,,,valid_positive_finite
34971,True,,missing_optional:engine_description,valid_positive_finite
34972,True,,missing_optional:engine_description,valid_positive_finite
34973,True,,missing_optional:engine_description,valid_positive_finite
34978,True,,,valid_positive_finite
34980,True,,,valid_positive_finite
34981,True,,,valid_positive_finite
34983,True,,,valid_positive_finite
34986,True,,missing_optional:engine_description,valid_positive_finite
34988,True,,missing_optional:engine_description,valid_positive_finite
34989,True,,missing_optional:engine_description,valid_positive_finite
34990,True,,missing_optional:engine_description,valid_positive_finite
34991,True,,missing_optional:engine_description,valid_positive_finite
34992,True,,,valid_positive_finite
34995,True,,,valid_positive_finite
34998,True,,,valid_positive_finite
35001,False,alternative_technology_present | electric_motor_present | hybrid_text_signal,,valid_positive_finite
35002,False,alternative_technology_present | electric_motor_present | hybrid_text_signal,,valid_positive_finite
35021,True,,,valid_positive_finite
35022,True,,,valid_positive_finite
35023,True,,,valid_positive_finite
35024,False,secondary_fuel_present | alternative_technology_present,,valid_positive_finite
35025,True,,,valid_positive_finite
35027,True,,,valid_positive_finite
35031,False,secondary_fuel_present | alternative_technology_present,,valid_positive_finite
35032,True,,missing_optional:engine_description,valid_positive_finite
35039,False,vehicle_class_out_of_scope,,valid_positive_finite
35040,True,,,valid_positive_finite
35049,True,,,valid_positive_finite
35052,True,,,valid_positive_finite
35053,True,,,valid_positive_finite
35055,True,,missing_optional:engine_description,valid_positive_finite
35056,True,,missing_optional:engine_description,valid_positive_finite
35057,True,,,valid_positive_finite
35058,True,,,valid_positive_finite
35063,True,,,valid_positive_finite
35065,True,,,valid_positive_finite
35068,False,secondary_fuel_present | alternative_technology_present,,valid_positive_finite
35071,True,,,valid_positive_finite
35081,True,,,valid_positive_finite
35086,True,,,valid_positive_finite
35089,True,,,valid_positive_finite
35090,False,secondary_fuel_present | alternative_technology_present,,valid_positive_finite
35095,False,primary_fuel_out_of_scope | alternative_technology_present,missing_optional:engine_description,valid_positive_finite
35098,True,,,valid_positive_finite
35100,True,,missing_optional:engine_description,valid_positive_finite
35101,True,,missing_optional:engine_description,valid_positive_finite
35112,False,primary_fuel_out_of_scope | alternative_technology_present,missing_optional:engine_description,valid_positive_finite
35114,False,secondary_fuel_present | alternative_technology_present,,valid_positive_finite
35116,True,,,valid_positive_finite
35118,True,,missing_optional:engine_description,valid_positive_finite
35120,False,primary_fuel_out_of_scope | alternative_technology_present | electric_motor_present | insufficient_engine_specs,missing_optional:displacement_l | missing_optional:cylinders | missing_optional:engine_description,valid_positive_finite
35130,True,,,valid_positive_finite
35149,True,,,valid_positive_finite
35150,True,,,valid_positive_finite
35154,True,,missing_optional:engine_description,valid_positive_finite
35155,True,,missing_optional:engine_description,valid_positive_finite
35156,True,,missing_optional:engine_description,valid_positive_finite
35157,True,,missing_optional:engine_description,valid_positive_finite
35158,True,,missing_optional:engine_description,valid_positive_finite
35159,True,,missing_optional:engine_description,valid_positive_finite
35175,True,,,valid_positive_finite
35176,True,,,valid_positive_finite
35177,True,,,valid_positive_finite
35183,True,,missing_optional:engine_description,valid_positive_finite
35184,True,,missing_optional:engine_description,valid_positive_finite
35185,True,,missing_optional:engine_description,valid_positive_finite
35186,True,,missing_optional:engine_description,valid_positive_finite
35195,True,,,valid_positive_finite
35198,True,,,valid_positive_finite
35199,True,,,valid_positive_finite
35200,True,,,valid_positive_finite
35201,True,,,valid_positive_finite
35202,True,,,valid_positive_finite
35203,True,,,valid_positive_finite
35206,False,primary_fuel_out_of_scope | alternative_technology_present | electric_motor_present | insufficient_engine_specs,missing_optional:displacement_l | missing_optional:cylinders | missing_optional:engine_description,valid_positive_finite
35211,True,,missing_optional:engine_description,valid_positive_finite
35213,True,,missing_optional:engine_description,valid_positive_finite
35214,True,,missing_optional:engine_description,valid_positive_finite
35227,True,,,valid_positive_finite
35228,True,,,valid_positive_finite
35237,True,,missing_optional:engine_description,valid_positive_finite
35240,True,,,valid_positive_finite
35245,True,,missing_optional:engine_description,valid_positive_finite
35253,True,,missing_optional:engine_description,valid_positive_finite
35254,True,,missing_optional:engine_description,valid_positive_finite
35255,True,,missing_optional:engine_description,valid_positive_finite
35265,True,,,valid_positive_finite
35266,True,,,valid_positive_finite
35267,True,,,valid_positive_finite
35268,True,,,valid_positive_finite
35271,True,,missing_optional:engine_description,valid_positive_finite
35275,True,,missing_optional:engine_description,valid_positive_finite
35289,True,,missing_optional:engine_description,valid_positive_finite
35292,True,,,valid_positive_finite
35294,True,,,valid_positive_finite
35306,True,,missing_optional:engine_description,valid_positive_finite
35307,True,,missing_optional:engine_description,valid_positive_finite
35308,True,,missing_optional:engine_description,valid_positive_finite
35309,True,,missing_optional:engine_description,valid_positive_finite
35310,False,secondary_fuel_present | alternative_technology_present,,valid_positive_finite
35313,True,,missing_optional:engine_description,valid_positive_finite
35325,True,,,valid_positive_finite
35326,True,,,valid_positive_finite
35327,True,,,valid_positive_finite
35329,True,,,valid_positive_finite
35342,True,,,valid_positive_finite
35359,False,secondary_fuel_present | alternative_technology_present,,valid_positive_finite
35360,False,secondary_fuel_present | alternative_technology_present,,valid_positive_finite
35361,False,secondary_fuel_present | alternative_technology_present,,valid_positive_finite
35366,True,,,valid_positive_finite
35377,False,secondary_fuel_present | alternative_technology_present | vehicle_class_out_of_scope,,valid_positive_finite
35379,False,vehicle_class_out_of_scope,missing_optional:engine_description,valid_positive_finite
35381,False,vehicle_class_out_of_scope,missing_optional:engine_description,valid_positive_finite
35389,True,,missing_optional:engine_description,valid_positive_finite
35390,True,,missing_optional:engine_description,valid_positive_finite
35391,False,secondary_fuel_present | alternative_technology_present,,valid_positive_finite
35393,True,,missing_optional:engine_description,valid_positive_finite
35394,True,,missing_optional:engine_description,valid_positive_finite
35399,True,,missing_optional:engine_description,valid_positive_finite
35406,True,,,valid_positive_finite
35417,True,,,valid_positive_finite
35426,True,,,valid_positive_finite
35427,True,,,valid_positive_finite
35428,True,,missing_optional:engine_description,valid_positive_finite
35429,True,,missing_optional:engine_description,valid_positive_finite
35430,True,,missing_optional:engine_description,valid_positive_finite
35431,True,,missing_optional:engine_description,valid_positive_finite
35438,True,,missing_optional:engine_description,valid_positive_finite
35440,True,,missing_optional:engine_description,valid_positive_finite
35448,True,,,valid_positive_finite
35452,True,,missing_optional:engine_description,valid_positive_finite
35453,False,vehicle_class_out_of_scope,missing_optional:engine_description,valid_positive_finite
35454,False,vehicle_class_out_of_scope,missing_optional:engine_description,valid_positive_finite
35455,False,vehicle_class_out_of_scope,missing_optional:engine_description,valid_positive_finite
35456,False,vehicle_class_out_of_scope,missing_optional:engine_description,valid_positive_finite
35461,False,vehicle_class_out_of_scope,missing_optional:engine_description,valid_positive_finite
35464,False,vehicle_class_out_of_scope,missing_optional:engine_description,valid_positive_finite
35465,False,secondary_fuel_present | alternative_technology_present | vehicle_class_out_of_scope,,valid_positive_finite
35469,True,,missing_optional:engine_description,valid_positive_finite
35470,True,,missing_optional:engine_description,valid_positive_finite
35471,True,,missing_optional:engine_description,valid_positive_finite
35472,True,,missing_optional:engine_description,valid_positive_finite
35473,True,,missing_optional:engine_description,valid_positive_finite
35474,True,,missing_optional:engine_description,valid_positive_finite
35479,True,,missing_optional:engine_description,valid_positive_finite
35481,True,,,valid_positive_finite
35484,True,,,valid_positive_finite
35487,True,,,valid_positive_finite
35504,True,,,valid_positive_finite
35508,False,secondary_fuel_present | alternative_technology_present | vehicle_class_out_of_scope,,valid_positive_finite
35510,True,,missing_optional:engine_description,valid_positive_finite
35526,False,alternative_technology_present | electric_motor_present | hybrid_text_signal,missing_optional:engine_description,valid_positive_finite
35527,True,,,valid_positive_finite
35530,True,,,valid_positive_finite
35531,True,,,valid_positive_finite
35532,True,,,valid_positive_finite
35533,True,,,valid_positive_finite
35534,True,,,valid_positive_finite
35535,True,,,valid_positive_finite
35537,True,,missing_optional:engine_description,valid_positive_finite
35543,True,,,valid_positive_finite
35544,True,,,valid_positive_finite
35546,True,,,valid_positive_finite
35547,True,,,valid_positive_finite
35548,True,,missing_optional:engine_description,valid_positive_finite
35549,True,,missing_optional:engine_description,valid_positive_finite
35550,True,,missing_optional:engine_description,valid_positive_finite
35551,True,,,valid_positive_finite
35552,True,,,valid_positive_finite
35553,True,,,valid_positive_finite
35554,True,,missing_optional:engine_description,valid_positive_finite
35555,True,,missing_optional:engine_description,valid_positive_finite
35556,False,alternative_technology_present | electric_motor_present,missing_optional:engine_description,valid_positive_finite
35564,True,,,valid_positive_finite
35565,True,,,valid_positive_finite
35566,True,,,valid_positive_finite
35567,True,,,valid_positive_finite
35604,True,,missing_optional:engine_description,valid_positive_finite
35605,True,,missing_optional:engine_description,valid_positive_finite
35606,True,,missing_optional:engine_description,valid_positive_finite
35607,True,,,valid_positive_finite
35608,True,,,valid_positive_finite
35609,True,,missing_optional:engine_description,valid_positive_finite
35613,True,,,valid_positive_finite
35614,False,alternative_technology_present | electric_motor_present,missing_optional:engine_description,valid_positive_finite
35615,True,,missing_optional:engine_description,valid_positive_finite
35616,True,,missing_optional:engine_description,valid_positive_finite
35628,True,,,valid_positive_finite
35630,True,,missing_optional:engine_description,valid_positive_finite
35631,True,,missing_optional:engine_description,valid_positive_finite
35639,False,vehicle_class_out_of_scope,,valid_positive_finite
35642,True,,missing_optional:engine_description,valid_positive_finite
35643,True,,missing_optional:engine_description,valid_positive_finite
35644,True,,missing_optional:engine_description,valid_positive_finite
35646,True,,missing_optional:engine_description,valid_positive_finite
35647,True,,missing_optional:engine_description,valid_positive_finite
35648,True,,missing_optional:engine_description,valid_positive_finite
35652,False,secondary_fuel_present | alternative_technology_present | electric_motor_present | phev_blended | hybrid_text_signal,,valid_positive_finite
35656,True,,missing_optional:engine_description,valid_positive_finite
35666,True,,,valid_positive_finite
35671,True,,missing_optional:engine_description,valid_positive_finite
35673,False,alternative_technology_present | electric_motor_present | hybrid_text_signal,,valid_positive_finite
35676,False,vehicle_class_out_of_scope,,valid_positive_finite
35679,False,vehicle_class_out_of_scope,missing_optional:engine_description,valid_positive_finite
35680,False,vehicle_class_out_of_scope,missing_optional:engine_description,valid_positive_finite
35682,False,secondary_fuel_present | alternative_technology_present | vehicle_class_out_of_scope,,valid_positive_finite
35691,True,,missing_optional:engine_description,valid_positive_finite
35692,True,,missing_optional:engine_description,valid_positive_finite
35699,True,,,valid_positive_finite
35704,True,,,valid_positive_finite
35705,True,,,valid_positive_finite
35709,True,,,valid_positive_finite
35710,True,,,valid_positive_finite
35711,True,,,valid_positive_finite
35717,True,,missing_optional:engine_description,valid_positive_finite
35722,True,,,valid_positive_finite
35726,True,,,valid_positive_finite
35727,True,,,valid_positive_finite
35728,True,,,valid_positive_finite
35730,False,primary_fuel_out_of_scope | alternative_technology_present,missing_optional:engine_description,valid_positive_finite
35733,True,,,valid_positive_finite
35739,False,vehicle_class_out_of_scope,missing_optional:engine_description,valid_positive_finite
35740,False,vehicle_class_out_of_scope,missing_optional:engine_description,valid_positive_finite
35741,False,vehicle_class_out_of_scope,missing_optional:engine_description,valid_positive_finite
35742,False,secondary_fuel_present | alternative_technology_present | vehicle_class_out_of_scope,,valid_positive_finite
35743,False,vehicle_class_out_of_scope,missing_optional:engine_description,valid_positive_finite
35744,False,vehicle_class_out_of_scope,missing_optional:engine_description,valid_positive_finite
35745,False,secondary_fuel_present | alternative_technology_present | vehicle_class_out_of_scope,,valid_positive_finite
35746,False,vehicle_class_out_of_scope,missing_optional:engine_description,valid_positive_finite
35747,False,vehicle_class_out_of_scope,missing_optional:engine_description,valid_positive_finite
35754,True,,missing_optional:engine_description,valid_positive_finite
35757,True,,missing_optional:engine_description,valid_positive_finite
35758,False,secondary_fuel_present | alternative_technology_present,,valid_positive_finite
35760,False,secondary_fuel_present | alternative_technology_present,,valid_positive_finite
35761,False,secondary_fuel_present | alternative_technology_present,,valid_positive_finite
35762,False,secondary_fuel_present | alternative_technology_present,,valid_positive_finite
35767,True,,,valid_positive_finite
35776,True,,,valid_positive_finite
35781,True,,,valid_positive_finite
35791,False,alternative_technology_present | electric_motor_present | hybrid_text_signal,missing_optional:engine_description,valid_positive_finite
35799,True,,,valid_positive_finite
35800,True,,,valid_positive_finite
35819,False,primary_fuel_out_of_scope | alternative_technology_present | vehicle_class_out_of_scope,missing_optional:engine_description,valid_positive_finite
35823,True,,missing_optional:engine_description,valid_positive_finite
35824,True,,missing_optional:engine_description,valid_positive_finite
35826,True,,,valid_positive_finite
35829,True,,,valid_positive_finite
35833,True,,,valid_positive_finite
35839,True,,,valid_positive_finite
35846,True,,,valid_positive_finite
35849,False,primary_fuel_out_of_scope | alternative_technology_present | electric_motor_present | insufficient_engine_specs,missing_optional:displacement_l | missing_optional:cylinders | missing_optional:engine_description,valid_positive_finite
35850,True,,,valid_positive_finite
35852,True,,,valid_positive_finite
35855,True,,,valid_positive_finite
35858,False,primary_fuel_out_of_scope | alternative_technology_present | electric_motor_present | insufficient_engine_specs,missing_optional:displacement_l | missing_optional:cylinders | missing_optional:engine_description,valid_positive_finite
35859,False,primary_fuel_out_of_scope | alternative_technology_present | electric_motor_present | insufficient_engine_specs,missing_optional:displacement_l | missing_optional:cylinders | missing_optional:engine_description,valid_positive_finite
35864,False,secondary_fuel_present | alternative_technology_present,,valid_positive_finite
35865,False,secondary_fuel_present | alternative_technology_present,,valid_positive_finite
35866,True,,,valid_positive_finite
35872,True,,missing_optional:engine_description,valid_positive_finite
35873,False,secondary_fuel_present | alternative_technology_present,,valid_positive_finite
35890,False,alternative_technology_present | electric_motor_present | hybrid_text_signal,,valid_positive_finite
35892,True,,,valid_positive_finite
35895,True,,,valid_positive_finite
35899,True,,,valid_positive_finite
35903,True,,,valid_positive_finite
35904,False,alternative_technology_present | electric_motor_present,,valid_positive_finite
35908,True,,missing_optional:engine_description,valid_positive_finite
35909,True,,missing_optional:engine_description,valid_positive_finite
35910,True,,missing_optional:engine_description,valid_positive_finite
35913,True,,,valid_positive_finite
35915,True,,,valid_positive_finite
35916,True,,,valid_positive_finite
35917,True,,,valid_positive_finite
35924,False,secondary_fuel_present | alternative_technology_present | vehicle_class_out_of_scope,,valid_positive_finite
35925,False,secondary_fuel_present | alternative_technology_present | vehicle_class_out_of_scope,,valid_positive_finite
35926,True,,,valid_positive_finite
35928,True,,,valid_positive_finite
35929,True,,,valid_positive_finite
35930,True,,,valid_positive_finite
35946,True,,missing_optional:engine_description,valid_positive_finite
35947,False,vehicle_class_out_of_scope,,valid_positive_finite
35948,False,vehicle_class_out_of_scope,missing_optional:engine_description,valid_positive_finite
35950,True,,missing_optional:engine_description,valid_positive_finite
35959,True,,,valid_positive_finite
35969,True,,,valid_positive_finite
35973,True,,missing_optional:engine_description,valid_positive_finite
35979,True,,missing_optional:engine_description,valid_positive_finite
35980,False,primary_fuel_out_of_scope | alternative_technology_present | electric_motor_present | insufficient_engine_specs,missing_optional:displacement_l | missing_optional:cylinders | missing_optional:engine_description,valid_positive_finite
35984,True,,,valid_positive_finite
35988,True,,,valid_positive_finite
35989,True,,,valid_positive_finite
35991,True,,,valid_positive_finite
35992,True,,,valid_positive_finite
35993,True,,,valid_positive_finite
35998,True,,missing_optional:engine_description,valid_positive_finite
35999,True,,missing_optional:engine_description,valid_positive_finite
36000,True,,missing_optional:engine_description,valid_positive_finite
36001,True,,missing_optional:engine_description,valid_positive_finite
36002,True,,missing_optional:engine_description,valid_positive_finite
36004,False,primary_fuel_out_of_scope | alternative_technology_present | vehicle_class_out_of_scope,missing_optional:engine_description,valid_positive_finite
36005,True,,missing_optional:engine_description,valid_positive_finite
36006,True,,,valid_positive_finite
36008,False,primary_fuel_out_of_scope | alternative_technology_present | electric_motor_present | insufficient_engine_specs,missing_optional:displacement_l | missing_optional:cylinders | missing_optional:engine_description,valid_positive_finite
36009,False,primary_fuel_out_of_scope | alternative_technology_present | electric_motor_present | insufficient_engine_specs,missing_optional:displacement_l | missing_optional:cylinders | missing_optional:engine_description,valid_positive_finite
36010,True,,,valid_positive_finite
36012,True,,,valid_positive_finite
36015,True,,missing_optional:engine_description,valid_positive_finite
36017,False,primary_fuel_out_of_scope | alternative_technology_present | electric_motor_present | insufficient_engine_specs,missing_optional:displacement_l | missing_optional:cylinders | missing_optional:engine_description,valid_positive_finite
36022,True,,,valid_positive_finite
36023,False,primary_fuel_out_of_scope | alternative_technology_present | electric_motor_present | nonpositive_engine_spec:displacement_l,missing_optional:cylinders | missing_optional:engine_description,valid_positive_finite
36027,True,,,valid_positive_finite
36028,True,,missing_optional:engine_description,valid_positive_finite
36029,True,,,valid_positive_finite
36034,True,,,valid_positive_finite
36036,True,,,valid_positive_finite
36040,True,,,valid_positive_finite
36043,True,,,valid_positive_finite
36044,True,,,valid_positive_finite
36046,True,,,valid_positive_finite
36047,False,alternative_technology_present | electric_motor_present | hybrid_text_signal,,valid_positive_finite
36051,True,,missing_optional:engine_description,valid_positive_finite
36057,False,vehicle_class_out_of_scope,,valid_positive_finite
36059,False,vehicle_class_out_of_scope,,valid_positive_finite
36066,True,,,valid_positive_finite
36074,True,,missing_optional:engine_description,valid_positive_finite
36075,True,,missing_optional:engine_description,valid_positive_finite
36077,True,,,valid_positive_finite
36080,True,,,valid_positive_finite
36088,True,,,valid_positive_finite
36109,True,,,valid_positive_finite
36111,True,,,valid_positive_finite
36121,True,,,valid_positive_finite
36122,True,,,valid_positive_finite
36126,False,primary_fuel_out_of_scope | alternative_technology_present | electric_motor_present | insufficient_engine_specs,missing_optional:displacement_l | missing_optional:cylinders | missing_optional:engine_description,valid_positive_finite
36127,True,,,valid_positive_finite
36128,True,,,valid_positive_finite
36132,True,,,valid_positive_finite
36135,True,,,valid_positive_finite
36136,True,,,valid_positive_finite
36137,True,,,valid_positive_finite
36138,True,,missing_optional:engine_description,valid_positive_finite
36140,True,,missing_optional:engine_description,valid_positive_finite
36146,True,,missing_optional:engine_description,valid_positive_finite
36147,True,,missing_optional:engine_description,valid_positive_finite
36148,True,,,valid_positive_finite
36155,True,,,valid_positive_finite
36156,True,,,valid_positive_finite
36158,True,,,valid_positive_finite
36159,True,,missing_optional:engine_description,valid_positive_finite
36160,False,alternative_technology_present | electric_motor_present | hybrid_text_signal,missing_optional:engine_description,valid_positive_finite
36161,False,alternative_technology_present | electric_motor_present | hybrid_text_signal,missing_optional:engine_description,valid_positive_finite
36162,True,,,valid_positive_finite
36163,True,,,valid_positive_finite
36164,True,,missing_optional:engine_description,valid_positive_finite
36165,True,,missing_optional:engine_description,valid_positive_finite
36166,True,,,valid_positive_finite
36174,True,,,valid_positive_finite
36175,True,,,valid_positive_finite
36188,True,,,valid_positive_finite
36191,True,,missing_optional:engine_description,valid_positive_finite
36192,True,,missing_optional:engine_description,valid_positive_finite
36194,True,,,valid_positive_finite
36195,True,,,valid_positive_finite
36197,True,,missing_optional:engine_description,valid_positive_finite
36200,True,,missing_optional:engine_description,valid_positive_finite
36205,True,,missing_optional:engine_description,valid_positive_finite
36206,True,,missing_optional:engine_description,valid_positive_finite
36214,True,,missing_optional:engine_description,valid_positive_finite
36222,True,,missing_optional:engine_description,valid_positive_finite
36227,True,,,valid_positive_finite
36236,True,,missing_optional:engine_description,valid_positive_finite
36237,True,,missing_optional:engine_description,valid_positive_finite
36238,True,,missing_optional:engine_description,valid_positive_finite
36240,True,,,valid_positive_finite
36242,True,,missing_optional:engine_description,valid_positive_finite
36243,True,,missing_optional:engine_description,valid_positive_finite
36245,True,,missing_optional:engine_description,valid_positive_finite
36249,True,,,valid_positive_finite
36258,True,,,valid_positive_finite
36259,True,,,valid_positive_finite
36270,True,,,valid_positive_finite
36271,True,,,valid_positive_finite
36276,True,,,valid_positive_finite
36278,True,,,valid_positive_finite
36279,True,,,valid_positive_finite
36280,True,,,valid_positive_finite
36281,True,,,valid_positive_finite
36283,True,,,valid_positive_finite
36286,True,,,valid_positive_finite
36287,True,,,valid_positive_finite
36290,True,,,valid_positive_finite
36291,True,,,valid_positive_finite
36307,True,,,valid_positive_finite
36309,True,,,valid_positive_finite
36311,True,,,valid_positive_finite
36317,True,,,valid_positive_finite
36318,True,,,valid_positive_finite
36320,True,,,valid_positive_finite
36323,True,,,valid_positive_finite
36324,True,,,valid_positive_finite
36327,True,,,valid_positive_finite
36329,True,,missing_optional:engine_description,valid_positive_finite
36338,True,,missing_optional:engine_description,valid_positive_finite
36339,True,,,valid_positive_finite
36340,True,,,valid_positive_finite
36350,True,,,valid_positive_finite
36353,True,,,valid_positive_finite
36363,True,,missing_optional:engine_description,valid_positive_finite
36364,True,,missing_optional:engine_description,valid_positive_finite
36372,True,,,valid_positive_finite
36373,True,,missing_optional:engine_description,valid_positive_finite
36374,False,secondary_fuel_present | alternative_technology_present,,valid_positive_finite
36379,True,,,valid_positive_finite
36380,True,,,valid_positive_finite
36381,False,secondary_fuel_present | alternative_technology_present,,valid_positive_finite
36382,False,secondary_fuel_present | alternative_technology_present,,valid_positive_finite
36385,True,,,valid_positive_finite
36390,True,,,valid_positive_finite
36398,True,,,valid_positive_finite
36406,True,,missing_optional:engine_description,valid_positive_finite
36407,True,,missing_optional:engine_description,valid_positive_finite
36423,True,,,valid_positive_finite
36434,True,,missing_optional:engine_description,valid_positive_finite
36435,True,,missing_optional:engine_description,valid_positive_finite
36436,True,,,valid_positive_finite
36442,True,,missing_optional:engine_description,valid_positive_finite
36453,False,secondary_fuel_present | alternative_technology_present,,valid_positive_finite
36456,True,,,valid_positive_finite
36457,False,secondary_fuel_present | alternative_technology_present,,valid_positive_finite
36458,True,,,valid_positive_finite
36460,False,alternative_technology_present | electric_motor_present | hybrid_text_signal,,valid_positive_finite
36465,True,,missing_optional:engine_description,valid_positive_finite
36467,True,,missing_optional:engine_description,valid_positive_finite
36468,True,,missing_optional:engine_description,valid_positive_finite
36470,False,alternative_technology_present | electric_motor_present | hybrid_text_signal,missing_optional:engine_description,valid_positive_finite
36481,True,,,valid_positive_finite
36486,False,vehicle_class_out_of_scope,missing_optional:engine_description,valid_positive_finite
36487,False,vehicle_class_out_of_scope,missing_optional:engine_description,valid_positive_finite
36494,True,,missing_optional:engine_description,valid_positive_finite
36495,False,secondary_fuel_present | alternative_technology_present,,valid_positive_finite
36499,True,,,valid_positive_finite
36500,False,secondary_fuel_present | alternative_technology_present,,valid_positive_finite
36511,True,,,valid_positive_finite
36512,True,,,valid_positive_finite
36513,True,,,valid_positive_finite
36514,True,,,valid_positive_finite
36529,True,,,valid_positive_finite
36534,True,,,valid_positive_finite
36537,True,,,valid_positive_finite
36538,True,,,valid_positive_finite
36542,False,vehicle_class_out_of_scope,missing_optional:engine_description,valid_positive_finite
36543,False,vehicle_class_out_of_scope,missing_optional:engine_description,valid_positive_finite
36544,False,secondary_fuel_present | alternative_technology_present | vehicle_class_out_of_scope,,valid_positive_finite
36545,False,primary_fuel_out_of_scope | alternative_technology_present | vehicle_class_out_of_scope,missing_optional:engine_description,valid_positive_finite
36546,False,vehicle_class_out_of_scope,missing_optional:engine_description,valid_positive_finite
36547,False,primary_fuel_out_of_scope | alternative_technology_present | vehicle_class_out_of_scope,missing_optional:engine_description,valid_positive_finite
36548,False,vehicle_class_out_of_scope,missing_optional:engine_description,valid_positive_finite
36549,True,,missing_optional:engine_description,valid_positive_finite
36563,True,,,valid_positive_finite
36566,True,,missing_optional:engine_description,valid_positive_finite
36571,True,,missing_optional:engine_description,valid_positive_finite
36572,True,,missing_optional:engine_description,valid_positive_finite
36577,True,,,valid_positive_finite
36578,True,,,valid_positive_finite
36581,True,,missing_optional:engine_description,valid_positive_finite
36582,False,secondary_fuel_present | alternative_technology_present,,valid_positive_finite
36583,False,secondary_fuel_present | alternative_technology_present,,valid_positive_finite
36597,False,primary_fuel_out_of_scope | alternative_technology_present | vehicle_class_out_of_scope,missing_optional:engine_description,valid_positive_finite
36600,False,vehicle_class_out_of_scope,,valid_positive_finite
36602,True,,,valid_positive_finite
36603,True,,missing_optional:engine_description,valid_positive_finite
36605,False,vehicle_class_out_of_scope,,valid_positive_finite
36606,False,vehicle_class_out_of_scope,,valid_positive_finite
36608,True,,missing_optional:engine_description,valid_positive_finite
36624,False,secondary_fuel_present | alternative_technology_present,,valid_positive_finite
36626,True,,,valid_positive_finite
36628,True,,,valid_positive_finite
36629,True,,,valid_positive_finite
36630,True,,,valid_positive_finite
36631,True,,,valid_positive_finite
36632,True,,,valid_positive_finite
36637,True,,missing_optional:engine_description,valid_positive_finite
36645,True,,,valid_positive_finite
36646,True,,,valid_positive_finite
36647,True,,,valid_positive_finite
36648,True,,missing_optional:engine_description,valid_positive_finite
36660,True,,missing_optional:engine_description,valid_positive_finite
36664,True,,,valid_positive_finite
36665,True,,,valid_positive_finite
36670,True,,,valid_positive_finite
36671,True,,,valid_positive_finite
36677,True,,,valid_positive_finite
36678,True,,,valid_positive_finite
36683,True,,,valid_positive_finite
36684,False,secondary_fuel_present | alternative_technology_present,,valid_positive_finite
36696,True,,,valid_positive_finite
36697,True,,,valid_positive_finite
36701,True,,,valid_positive_finite
36720,True,,,valid_positive_finite
36721,True,,,valid_positive_finite
36722,True,,,valid_positive_finite
36733,True,,,valid_positive_finite
36734,True,,,valid_positive_finite
36735,True,,,valid_positive_finite
36739,True,,,valid_positive_finite
36766,False,vehicle_class_out_of_scope,,valid_positive_finite
36768,True,,missing_optional:engine_description,valid_positive_finite
36781,True,,,valid_positive_finite
36783,True,,,valid_positive_finite
36786,False,primary_fuel_out_of_scope | alternative_technology_present | electric_motor_present | insufficient_engine_specs,missing_optional:displacement_l | missing_optional:cylinders | missing_optional:engine_description,valid_positive_finite
36787,False,primary_fuel_out_of_scope | alternative_technology_present | electric_motor_present | insufficient_engine_specs,missing_optional:displacement_l | missing_optional:cylinders | missing_optional:engine_description,valid_positive_finite
36795,True,,missing_optional:engine_description,valid_positive_finite
36797,False,alternative_technology_present | electric_motor_present | hybrid_text_signal,missing_optional:engine_description,valid_positive_finite
36798,True,,missing_optional:engine_description,valid_positive_finite
36805,True,,missing_optional:engine_description,valid_positive_finite
36806,True,,missing_optional:engine_description,valid_positive_finite
36808,False,vehicle_class_out_of_scope,missing_optional:engine_description,valid_positive_finite
36809,False,vehicle_class_out_of_scope,missing_optional:engine_description,valid_positive_finite
36815,False,secondary_fuel_present | alternative_technology_present,,valid_positive_finite
36817,True,,,valid_positive_finite
36818,True,,,valid_positive_finite
36819,True,,missing_optional:engine_description,valid_positive_finite
36820,True,,missing_optional:engine_description,valid_positive_finite
36822,True,,,valid_positive_finite
36825,True,,,valid_positive_finite
36826,True,,,valid_positive_finite
36829,True,,missing_optional:engine_description,valid_positive_finite
36830,True,,missing_optional:engine_description,valid_positive_finite
36831,True,,missing_optional:engine_description,valid_positive_finite
36832,True,,missing_optional:engine_description,valid_positive_finite
36835,True,,missing_optional:engine_description,valid_positive_finite
36836,True,,missing_optional:engine_description,valid_positive_finite
36837,True,,missing_optional:engine_description,valid_positive_finite
36838,True,,missing_optional:engine_description,valid_positive_finite
36839,True,,missing_optional:engine_description,valid_positive_finite
36840,True,,missing_optional:engine_description,valid_positive_finite
36844,True,,,valid_positive_finite
36853,True,,missing_optional:engine_description,valid_positive_finite
36854,True,,missing_optional:engine_description,valid_positive_finite
36856,True,,missing_optional:engine_description,valid_positive_finite
36860,False,primary_fuel_out_of_scope | alternative_technology_present | electric_motor_present | insufficient_engine_specs,missing_optional:displacement_l | missing_optional:cylinders | missing_optional:engine_description,valid_positive_finite
36861,False,primary_fuel_out_of_scope | alternative_technology_present | electric_motor_present | insufficient_engine_specs,missing_optional:displacement_l | missing_optional:cylinders | missing_optional:engine_description,valid_positive_finite
36864,True,,missing_optional:engine_description,valid_positive_finite
36865,True,,missing_optional:engine_description,valid_positive_finite
36866,True,,missing_optional:engine_description,valid_positive_finite
36867,True,,missing_optional:engine_description,valid_positive_finite
36868,True,,missing_optional:engine_description,valid_positive_finite
36869,True,,missing_optional:engine_description,valid_positive_finite
36870,True,,missing_optional:engine_description,valid_positive_finite
36871,True,,missing_optional:engine_description,valid_positive_finite
36872,True,,missing_optional:engine_description,valid_positive_finite
36873,True,,missing_optional:engine_description,valid_positive_finite
36874,True,,missing_optional:engine_description,valid_positive_finite
36875,True,,missing_optional:engine_description,valid_positive_finite
36876,True,,missing_optional:engine_description,valid_positive_finite
36886,True,,missing_optional:engine_description,valid_positive_finite
36887,True,,missing_optional:engine_description,valid_positive_finite
36888,True,,,valid_positive_finite
36889,True,,,valid_positive_finite
36891,True,,,valid_positive_finite
36895,True,,,valid_positive_finite
36896,True,,,valid_positive_finite
36898,False,secondary_fuel_present | alternative_technology_present,missing_optional:engine_description,valid_positive_finite
36899,True,,,valid_positive_finite
36900,True,,,valid_positive_finite
36901,True,,missing_optional:engine_description,valid_positive_finite
36902,True,,missing_optional:engine_description,valid_positive_finite
36905,True,,,valid_positive_finite
36906,True,,,valid_positive_finite
36907,True,,,valid_positive_finite
36908,True,,,valid_positive_finite
36912,False,primary_fuel_out_of_scope | alternative_technology_present,missing_optional:engine_description,valid_positive_finite
36913,True,,,valid_positive_finite
36916,False,vehicle_class_out_of_scope,missing_optional:engine_description,valid_positive_finite
36917,False,vehicle_class_out_of_scope,missing_optional:engine_description,valid_positive_finite
36927,True,,missing_optional:engine_description,valid_positive_finite
36928,True,,missing_optional:engine_description,valid_positive_finite
36933,True,,,valid_positive_finite
36934,True,,,valid_positive_finite
36935,True,,,valid_positive_finite
36936,True,,,valid_positive_finite
36938,False,vehicle_class_out_of_scope,missing_optional:engine_description,valid_positive_finite
36939,False,vehicle_class_out_of_scope,missing_optional:engine_description,valid_positive_finite
36946,True,,,valid_positive_finite
36947,True,,,valid_positive_finite
36948,True,,,valid_positive_finite
36949,True,,,valid_positive_finite
36950,True,,,valid_positive_finite
36951,True,,missing_optional:engine_description,valid_positive_finite
36952,True,,missing_optional:engine_description,valid_positive_finite
36953,True,,missing_optional:engine_description,valid_positive_finite
36954,True,,missing_optional:engine_description,valid_positive_finite
36955,True,,missing_optional:engine_description,valid_positive_finite
36956,True,,,valid_positive_finite
36957,True,,,valid_positive_finite
36958,True,,missing_optional:engine_description,valid_positive_finite
36959,True,,missing_optional:engine_description,valid_positive_finite
36960,True,,,valid_positive_finite
36961,True,,,valid_positive_finite
36964,True,,missing_optional:engine_description,valid_positive_finite
36965,False,secondary_fuel_present | alternative_technology_present,,valid_positive_finite
36966,True,,missing_optional:engine_description,valid_positive_finite
36967,True,,missing_optional:engine_description,valid_positive_finite
36968,False,secondary_fuel_present | alternative_technology_present,,valid_positive_finite
36970,True,,missing_optional:engine_description,valid_positive_finite
36971,False,secondary_fuel_present | alternative_technology_present,,valid_positive_finite
36979,False,primary_fuel_out_of_scope | alternative_technology_present | electric_motor_present | insufficient_engine_specs,missing_optional:displacement_l | missing_optional:cylinders | missing_optional:engine_description,valid_positive_finite
36980,False,primary_fuel_out_of_scope | alternative_technology_present | electric_motor_present | insufficient_engine_specs,missing_optional:displacement_l | missing_optional:cylinders | missing_optional:engine_description,valid_positive_finite
36989,False,secondary_fuel_present | alternative_technology_present,,valid_positive_finite
36991,False,vehicle_class_out_of_scope,,valid_positive_finite
36994,True,,,valid_positive_finite
37002,True,,,valid_positive_finite
37004,False,secondary_fuel_present | alternative_technology_present | vehicle_class_out_of_scope,,valid_positive_finite
37005,False,secondary_fuel_present | alternative_technology_present | vehicle_class_out_of_scope,,valid_positive_finite
37006,False,vehicle_class_out_of_scope,,valid_positive_finite
37007,False,vehicle_class_out_of_scope,,valid_positive_finite
37008,False,vehicle_class_out_of_scope,,valid_positive_finite
37010,False,secondary_fuel_present | alternative_technology_present | vehicle_class_out_of_scope,,valid_positive_finite
37024,True,,,valid_positive_finite
37027,True,,,valid_positive_finite
37028,True,,,valid_positive_finite
37030,True,,,valid_positive_finite
37031,True,,,valid_positive_finite
37032,True,,,valid_positive_finite
37035,True,,missing_optional:engine_description,valid_positive_finite
37039,False,vehicle_class_out_of_scope,,valid_positive_finite
37040,False,vehicle_class_out_of_scope,,valid_positive_finite
37047,False,vehicle_class_out_of_scope,,valid_positive_finite
37048,False,vehicle_class_out_of_scope,,valid_positive_finite
37059,True,,missing_optional:engine_description,valid_positive_finite
37060,True,,missing_optional:engine_description,valid_positive_finite
37061,False,alternative_technology_present | electric_motor_present,missing_optional:engine_description,valid_positive_finite
37069,True,,,valid_positive_finite
37070,True,,,valid_positive_finite
37071,True,,missing_optional:engine_description,valid_positive_finite
37074,True,,,valid_positive_finite
37078,True,,,valid_positive_finite
37079,True,,,valid_positive_finite
37082,False,alternative_technology_present | electric_motor_present,,valid_positive_finite
37084,True,,,valid_positive_finite
37092,False,alternative_technology_present | electric_motor_present,missing_optional:engine_description,valid_positive_finite
37099,True,,missing_optional:engine_description,valid_positive_finite
37100,True,,missing_optional:engine_description,valid_positive_finite
37101,True,,missing_optional:engine_description,valid_positive_finite
37102,True,,missing_optional:engine_description,valid_positive_finite
37113,True,,,valid_positive_finite
37114,True,,,valid_positive_finite
37116,True,,missing_optional:engine_description,valid_positive_finite
37117,True,,missing_optional:engine_description,valid_positive_finite
37122,False,vehicle_class_out_of_scope,,valid_positive_finite
37123,True,,missing_optional:engine_description,valid_positive_finite
37124,True,,missing_optional:engine_description,valid_positive_finite
37125,False,primary_fuel_out_of_scope | alternative_technology_present | vehicle_class_out_of_scope,missing_optional:engine_description,valid_positive_finite
37130,False,secondary_fuel_present | alternative_technology_present | electric_motor_present | phev_blended | hybrid_text_signal,,valid_positive_finite
37133,True,,,valid_positive_finite
37136,True,,,valid_positive_finite
37141,True,,missing_optional:engine_description,valid_positive_finite
37144,True,,,valid_positive_finite
37145,True,,missing_optional:engine_description,valid_positive_finite
37150,True,,,valid_positive_finite
37152,True,,,valid_positive_finite
37154,True,,missing_optional:engine_description,valid_positive_finite
37156,False,primary_fuel_out_of_scope | alternative_technology_present | electric_motor_present | insufficient_engine_specs,missing_optional:displacement_l | missing_optional:cylinders | missing_optional:engine_description,valid_positive_finite
37158,False,vehicle_class_out_of_scope,missing_optional:engine_description,valid_positive_finite
37160,True,,,valid_positive_finite
37175,True,,missing_optional:engine_description,valid_positive_finite
37176,True,,,valid_positive_finite
37178,False,vehicle_class_out_of_scope,,valid_positive_finite
37183,True,,,valid_positive_finite
37187,True,,missing_optional:engine_description,valid_positive_finite
37192,True,,,valid_positive_finite
37197,True,,,valid_positive_finite
37205,True,,,valid_positive_finite
37208,False,primary_fuel_out_of_scope | alternative_technology_present,missing_optional:engine_description,valid_positive_finite
37209,True,,missing_optional:engine_description,valid_positive_finite
37212,True,,missing_optional:engine_description,valid_positive_finite
37217,True,,,valid_positive_finite
37218,True,,,valid_positive_finite
37229,True,,,valid_positive_finite
37230,True,,,valid_positive_finite
37234,False,primary_fuel_out_of_scope | alternative_technology_present | electric_motor_present | insufficient_engine_specs,missing_optional:displacement_l | missing_optional:cylinders | missing_optional:engine_description,valid_positive_finite
37235,False,primary_fuel_out_of_scope | alternative_technology_present | electric_motor_present | insufficient_engine_specs,missing_optional:displacement_l | missing_optional:cylinders | missing_optional:engine_description,valid_positive_finite
37236,False,primary_fuel_out_of_scope | alternative_technology_present | electric_motor_present | insufficient_engine_specs,missing_optional:displacement_l | missing_optional:cylinders | missing_optional:engine_description,valid_positive_finite
37237,False,vehicle_class_out_of_scope,missing_optional:engine_description,valid_positive_finite
37238,False,primary_fuel_out_of_scope | alternative_technology_present | electric_motor_present | insufficient_engine_specs,missing_optional:displacement_l | missing_optional:cylinders | missing_optional:engine_description,valid_positive_finite
37239,False,primary_fuel_out_of_scope | alternative_technology_present | electric_motor_present | insufficient_engine_specs,missing_optional:displacement_l | missing_optional:cylinders | missing_optional:engine_description,valid_positive_finite
37241,False,primary_fuel_out_of_scope | alternative_technology_present | electric_motor_present | insufficient_engine_specs,missing_optional:displacement_l | missing_optional:cylinders | missing_optional:engine_description,valid_positive_finite
37242,False,primary_fuel_out_of_scope | alternative_technology_present | electric_motor_present | insufficient_engine_specs,missing_optional:displacement_l | missing_optional:cylinders | missing_optional:engine_description,valid_positive_finite
37243,True,,,valid_positive_finite
37245,True,,,valid_positive_finite
37246,True,,,valid_positive_finite
37247,True,,,valid_positive_finite
37251,False,alternative_technology_present | electric_motor_present | hybrid_text_signal,missing_optional:engine_description,valid_positive_finite
37256,True,,missing_optional:engine_description,valid_positive_finite
37257,True,,missing_optional:engine_description,valid_positive_finite
37258,True,,missing_optional:engine_description,valid_positive_finite
37265,True,,,valid_positive_finite
37270,True,,,valid_positive_finite
37273,True,,,valid_positive_finite
37287,True,,,valid_positive_finite
37290,True,,missing_optional:engine_description,valid_positive_finite
37291,True,,missing_optional:engine_description,valid_positive_finite
37293,False,primary_fuel_out_of_scope | alternative_technology_present | electric_motor_present | insufficient_engine_specs,missing_optional:displacement_l | missing_optional:cylinders | missing_optional:engine_description,valid_positive_finite
37294,True,,,valid_positive_finite
37295,True,,,valid_positive_finite
37299,True,,,valid_positive_finite
37301,True,,,valid_positive_finite
37304,True,,,valid_positive_finite
37305,True,,missing_optional:engine_description,valid_positive_finite
37307,True,,missing_optional:engine_description,valid_positive_finite
37308,True,,missing_optional:engine_description,valid_positive_finite
37310,True,,,valid_positive_finite
37316,True,,,valid_positive_finite
37318,True,,,valid_positive_finite
37322,True,,,valid_positive_finite
37325,True,,,valid_positive_finite
37327,True,,,valid_positive_finite
37328,True,,,valid_positive_finite
37346,True,,,valid_positive_finite
37349,True,,,valid_positive_finite
37352,True,,,valid_positive_finite
37360,False,secondary_fuel_present | alternative_technology_present,,valid_positive_finite
37376,True,,missing_optional:engine_description,valid_positive_finite
37377,True,,missing_optional:engine_description,valid_positive_finite
37378,True,,,valid_positive_finite
37383,False,alternative_technology_present | electric_motor_present | hybrid_text_signal,missing_optional:engine_description,valid_positive_finite
37385,False,alternative_technology_present | electric_motor_present | hybrid_text_signal,missing_optional:engine_description,valid_positive_finite
37386,True,,,valid_positive_finite
37388,True,,,valid_positive_finite
37389,True,,,valid_positive_finite
37390,True,,,valid_positive_finite
37394,True,,,valid_positive_finite
37403,False,vehicle_class_out_of_scope,,valid_positive_finite
37405,True,,,valid_positive_finite
37406,True,,,valid_positive_finite
37410,False,vehicle_class_out_of_scope,missing_optional:engine_description,valid_positive_finite
37411,False,vehicle_class_out_of_scope,missing_optional:engine_description,valid_positive_finite
37417,True,,,valid_positive_finite
37422,False,primary_fuel_out_of_scope | alternative_technology_present | electric_motor_present | insufficient_engine_specs,missing_optional:displacement_l | missing_optional:cylinders | missing_optional:engine_description,valid_positive_finite
37423,False,primary_fuel_out_of_scope | alternative_technology_present | electric_motor_present | insufficient_engine_specs,missing_optional:displacement_l | missing_optional:cylinders | missing_optional:engine_description,valid_positive_finite
37426,True,,,valid_positive_finite
37430,True,,missing_optional:engine_description,valid_positive_finite
37435,True,,missing_optional:engine_description,valid_positive_finite
37436,False,alternative_technology_present | electric_motor_present | hybrid_text_signal,,valid_positive_finite
37439,True,,,valid_positive_finite
37445,True,,,valid_positive_finite
37446,True,,,valid_positive_finite
37451,True,,missing_optional:engine_description,valid_positive_finite
37456,True,,missing_optional:engine_description,valid_positive_finite
37457,True,,missing_optional:engine_description,valid_positive_finite
37458,True,,,valid_positive_finite
37466,True,,missing_optional:engine_description,valid_positive_finite
37467,True,,,valid_positive_finite
37469,True,,,valid_positive_finite
37470,False,secondary_fuel_present | alternative_technology_present | electric_motor_present | phev_blended | hybrid_text_signal,,valid_positive_finite
37471,True,,,valid_positive_finite
37472,True,,,valid_positive_finite
37473,True,,,valid_positive_finite
37474,True,,,valid_positive_finite
37482,True,,,valid_positive_finite
37485,True,,,valid_positive_finite
37486,True,,,valid_positive_finite
37487,True,,,valid_positive_finite
37488,True,,,valid_positive_finite
37490,True,,,valid_positive_finite
37493,True,,,valid_positive_finite
37496,True,,,valid_positive_finite
37497,True,,,valid_positive_finite
37498,True,,,valid_positive_finite
37502,True,,,valid_positive_finite
37503,True,,,valid_positive_finite
37504,False,secondary_fuel_present | alternative_technology_present,,valid_positive_finite
37520,True,,,valid_positive_finite
37521,True,,,valid_positive_finite
37523,True,,,valid_positive_finite
37524,True,,,valid_positive_finite
37525,True,,,valid_positive_finite
37527,True,,missing_optional:engine_description,valid_positive_finite
37528,True,,missing_optional:engine_description,valid_positive_finite
37533,True,,missing_optional:engine_description,valid_positive_finite
37535,True,,,valid_positive_finite
37536,True,,,valid_positive_finite
37537,True,,,valid_positive_finite
37538,True,,,valid_positive_finite
37539,True,,,valid_positive_finite
37540,False,vehicle_class_out_of_scope,missing_optional:engine_description,valid_positive_finite
37541,True,,,valid_positive_finite
37542,True,,,valid_positive_finite
37550,True,,,valid_positive_finite
37551,True,,,valid_positive_finite
37552,True,,,valid_positive_finite
37553,True,,,valid_positive_finite
37554,True,,,valid_positive_finite
37558,True,,,valid_positive_finite
37559,True,,,valid_positive_finite
37560,True,,,valid_positive_finite
37565,True,,,valid_positive_finite
37566,True,,,valid_positive_finite
37567,True,,missing_optional:engine_description,valid_positive_finite
37568,True,,missing_optional:engine_description,valid_positive_finite
37569,True,,,valid_positive_finite
37570,True,,,valid_positive_finite
37586,True,,,valid_positive_finite
37591,True,,,valid_positive_finite
37593,True,,,valid_positive_finite
37594,True,,,valid_positive_finite
37599,True,,missing_optional:engine_description,valid_positive_finite
37600,False,secondary_fuel_present | alternative_technology_present,,valid_positive_finite
37604,True,,,valid_positive_finite
37605,True,,,valid_positive_finite
37607,True,,,valid_positive_finite
37618,True,,,valid_positive_finite
37619,False,alternative_technology_present | electric_motor_present,missing_optional:engine_description,valid_positive_finite
37627,True,,,valid_positive_finite
37629,True,,,valid_positive_finite
37630,True,,,valid_positive_finite
37631,True,,,valid_positive_finite
37634,True,,,valid_positive_finite
37635,True,,,valid_positive_finite
37636,True,,,valid_positive_finite
37637,True,,,valid_positive_finite
37638,True,,,valid_positive_finite
37639,True,,,valid_positive_finite
37640,False,alternative_technology_present | electric_motor_present | hybrid_text_signal | vehicle_class_out_of_scope,,valid_positive_finite
37663,False,vehicle_class_out_of_scope,missing_optional:engine_description,valid_positive_finite
37664,False,vehicle_class_out_of_scope,missing_optional:engine_description,valid_positive_finite
37667,False,vehicle_class_out_of_scope,,valid_positive_finite
37668,False,vehicle_class_out_of_scope,,valid_positive_finite
37669,False,vehicle_class_out_of_scope,,valid_positive_finite
37673,True,,,valid_positive_finite
37674,True,,,valid_positive_finite
37675,True,,,valid_positive_finite
37688,True,,,valid_positive_finite
37694,True,,,valid_positive_finite
37696,True,,,valid_positive_finite
37698,False,secondary_fuel_present | alternative_technology_present,,valid_positive_finite
37699,True,,,valid_positive_finite
37700,True,,,valid_positive_finite
37701,True,,,valid_positive_finite
37704,True,,,valid_positive_finite
37705,True,,,valid_positive_finite
37706,True,,,valid_positive_finite
37709,True,,,valid_positive_finite
37710,True,,,valid_positive_finite
37713,True,,,valid_positive_finite
37715,True,,,valid_positive_finite
37720,True,,,valid_positive_finite
37721,True,,,valid_positive_finite
37723,True,,,valid_positive_finite
37729,True,,,valid_positive_finite
37730,True,,,valid_positive_finite
37731,True,,missing_optional:engine_description,valid_positive_finite
37733,False,secondary_fuel_present | alternative_technology_present,,valid_positive_finite
37756,True,,,valid_positive_finite
37757,True,,,valid_positive_finite
37758,True,,,valid_positive_finite
37765,True,,,valid_positive_finite
37776,True,,,valid_positive_finite
37778,True,,missing_optional:engine_description,valid_positive_finite
37785,True,,missing_optional:engine_description,valid_positive_finite
37786,False,secondary_fuel_present | alternative_technology_present,,valid_positive_finite
37787,True,,missing_optional:engine_description,valid_positive_finite
37789,True,,,valid_positive_finite
37800,False,primary_fuel_out_of_scope | alternative_technology_present | electric_motor_present | insufficient_engine_specs,missing_optional:displacement_l | missing_optional:cylinders | missing_optional:engine_description,valid_positive_finite
37802,True,,,valid_positive_finite
37804,True,,,valid_positive_finite
37805,True,,,valid_positive_finite
37806,True,,,valid_positive_finite
37807,True,,missing_optional:engine_description,valid_positive_finite
37808,True,,missing_optional:engine_description,valid_positive_finite
37809,True,,missing_optional:engine_description,valid_positive_finite
37810,True,,missing_optional:engine_description,valid_positive_finite
37811,True,,missing_optional:engine_description,valid_positive_finite
37812,True,,missing_optional:engine_description,valid_positive_finite
37819,True,,,valid_positive_finite
37820,True,,,valid_positive_finite
37823,True,,,valid_positive_finite
37838,True,,missing_optional:engine_description,valid_positive_finite
37841,True,,missing_optional:engine_description,valid_positive_finite
37843,True,,missing_optional:engine_description,valid_positive_finite
37844,True,,missing_optional:engine_description,valid_positive_finite
37846,True,,missing_optional:engine_description,valid_positive_finite
37851,True,,missing_optional:engine_description,valid_positive_finite
37854,True,,,valid_positive_finite
37873,True,,,valid_positive_finite
37874,True,,,valid_positive_finite
37881,True,,,valid_positive_finite
37886,True,,,valid_positive_finite
37892,True,,,valid_positive_finite
37898,True,,,valid_positive_finite
37899,True,,,valid_positive_finite
37908,True,,,valid_positive_finite
37914,True,,,valid_positive_finite
37917,True,,,valid_positive_finite
37918,True,,,valid_positive_finite
37921,True,,,valid_positive_finite
37922,True,,,valid_positive_finite
37923,True,,,valid_positive_finite
37927,True,,,valid_positive_finite
37929,True,,,valid_positive_finite
37933,True,,,valid_positive_finite
37937,True,,,valid_positive_finite
37938,True,,,valid_positive_finite
37940,True,,missing_optional:engine_description,valid_positive_finite
37941,True,,missing_optional:engine_description,valid_positive_finite
37942,True,,missing_optional:engine_description,valid_positive_finite
37943,True,,missing_optional:engine_description,valid_positive_finite
37945,True,,missing_optional:engine_description,valid_positive_finite
37947,True,,missing_optional:engine_description,valid_positive_finite
37948,True,,missing_optional:engine_description,valid_positive_finite
37950,True,,,valid_positive_finite
37955,True,,,valid_positive_finite
37956,True,,,valid_positive_finite
37957,True,,,valid_positive_finite
37962,True,,,valid_positive_finite
37963,True,,,valid_positive_finite
37964,True,,,valid_positive_finite
37974,True,,,valid_positive_finite
37975,True,,,valid_positive_finite
37976,True,,,valid_positive_finite
37978,True,,,valid_positive_finite
37991,False,vehicle_class_out_of_scope,missing_optional:engine_description,valid_positive_finite
37992,False,secondary_fuel_present | alternative_technology_present | vehicle_class_out_of_scope,,valid_positive_finite
37993,False,vehicle_class_out_of_scope,missing_optional:engine_description,valid_positive_finite
37994,False,vehicle_class_out_of_scope,missing_optional:engine_description,valid_positive_finite
37995,False,secondary_fuel_present | alternative_technology_present | vehicle_class_out_of_scope,,valid_positive_finite
37996,False,vehicle_class_out_of_scope,,valid_positive_finite
37997,False,vehicle_class_out_of_scope,,valid_positive_finite
38002,False,primary_fuel_out_of_scope | alternative_technology_present | electric_motor_present | insufficient_engine_specs,missing_optional:displacement_l | missing_optional:cylinders | missing_optional:engine_description,valid_positive_finite
38003,True,,,valid_positive_finite
38004,True,,,valid_positive_finite
38014,True,,,valid_positive_finite
38020,True,,,valid_positive_finite
38023,True,,,valid_positive_finite
38024,True,,,valid_positive_finite
38027,True,,,valid_positive_finite
38030,True,,missing_optional:engine_description,valid_positive_finite
38039,True,,,valid_positive_finite
38040,True,,,valid_positive_finite
38041,True,,,valid_positive_finite
38047,False,alternative_technology_present | electric_motor_present,,valid_positive_finite
38048,True,,missing_optional:engine_description,valid_positive_finite
38050,True,,missing_optional:engine_description,valid_positive_finite
38052,True,,missing_optional:engine_description,valid_positive_finite
38054,True,,,valid_positive_finite
38060,True,,missing_optional:engine_description,valid_positive_finite
38061,False,alternative_technology_present | electric_motor_present,missing_optional:engine_description,valid_positive_finite
38069,True,,,valid_positive_finite
38079,True,,,valid_positive_finite
38082,True,,missing_optional:engine_description,valid_positive_finite
38083,True,,missing_optional:engine_description,valid_positive_finite
38084,True,,,valid_positive_finite
38090,False,primary_fuel_out_of_scope | alternative_technology_present,missing_optional:engine_description,valid_positive_finite
38098,True,,missing_optional:engine_description,valid_positive_finite
38099,False,secondary_fuel_present | alternative_technology_present,,valid_positive_finite
38100,False,secondary_fuel_present | alternative_technology_present,,valid_positive_finite
38101,False,secondary_fuel_present | alternative_technology_present,,valid_positive_finite
38103,True,,,valid_positive_finite
38105,True,,,valid_positive_finite
38108,False,primary_fuel_out_of_scope | alternative_technology_present,missing_optional:engine_description,valid_positive_finite
38111,False,alternative_technology_present | electric_motor_present,missing_optional:engine_description,valid_positive_finite
38114,True,,,valid_positive_finite
38115,True,,,valid_positive_finite
38116,True,,,valid_positive_finite
38122,False,secondary_fuel_present | alternative_technology_present | vehicle_class_out_of_scope,,valid_positive_finite
38124,False,vehicle_class_out_of_scope,,valid_positive_finite
38129,True,,,valid_positive_finite
38130,True,,,valid_positive_finite
38131,True,,,valid_positive_finite
38134,True,,missing_optional:engine_description,valid_positive_finite
38135,True,,missing_optional:engine_description,valid_positive_finite
38136,True,,missing_optional:engine_description,valid_positive_finite
38137,True,,missing_optional:engine_description,valid_positive_finite
38138,True,,missing_optional:engine_description,valid_positive_finite
38139,True,,missing_optional:engine_description,valid_positive_finite
38147,True,,missing_optional:engine_description,valid_positive_finite
38148,True,,,valid_positive_finite
38152,True,,missing_optional:engine_description,valid_positive_finite
38153,True,,missing_optional:engine_description,valid_positive_finite
38154,True,,missing_optional:engine_description,valid_positive_finite
38158,True,,missing_optional:engine_description,valid_positive_finite
38159,True,,missing_optional:engine_description,valid_positive_finite
38160,True,,missing_optional:engine_description,valid_positive_finite
38163,True,,,valid_positive_finite
38164,False,primary_fuel_out_of_scope | alternative_technology_present,missing_optional:engine_description,valid_positive_finite
38169,False,secondary_fuel_present | alternative_technology_present | electric_motor_present | phev_blended | hybrid_text_signal,,valid_positive_finite
38170,False,primary_fuel_out_of_scope | alternative_technology_present | electric_motor_present | insufficient_engine_specs,missing_optional:displacement_l | missing_optional:cylinders | missing_optional:engine_description,valid_positive_finite
38172,False,primary_fuel_out_of_scope | alternative_technology_present | electric_motor_present | insufficient_engine_specs,missing_optional:displacement_l | missing_optional:cylinders | missing_optional:engine_description,valid_positive_finite
38175,True,,,valid_positive_finite
38183,True,,missing_optional:engine_description,valid_positive_finite
38188,True,,,valid_positive_finite
38189,True,,,valid_positive_finite
38193,True,,missing_optional:engine_description,valid_positive_finite
38194,True,,missing_optional:engine_description,valid_positive_finite
38203,True,,,valid_positive_finite
38205,True,,,valid_positive_finite
38210,True,,,valid_positive_finite
38219,True,,,valid_positive_finite
38220,True,,missing_optional:engine_description,valid_positive_finite
38221,True,,missing_optional:engine_description,valid_positive_finite
38224,True,,,valid_positive_finite
38227,False,alternative_technology_present | electric_motor_present | hybrid_text_signal,missing_optional:engine_description,valid_positive_finite
38231,True,,,valid_positive_finite
38234,True,,,valid_positive_finite
38244,True,,missing_optional:engine_description,valid_positive_finite
38259,True,,,valid_positive_finite
38262,False,secondary_fuel_present | alternative_technology_present | vehicle_class_out_of_scope,,valid_positive_finite
38268,False,vehicle_class_out_of_scope,,valid_positive_finite
38269,False,vehicle_class_out_of_scope,,valid_positive_finite
38275,False,vehicle_class_out_of_scope,,valid_positive_finite
38283,True,,missing_optional:engine_description,valid_positive_finite
38284,True,,missing_optional:engine_description,valid_positive_finite
38286,True,,,valid_positive_finite
38287,False,alternative_technology_present | electric_motor_present,missing_optional:engine_description,valid_positive_finite
38288,True,,missing_optional:engine_description,valid_positive_finite
38289,True,,missing_optional:engine_description,valid_positive_finite
38290,True,,missing_optional:engine_description,valid_positive_finite
38291,False,secondary_fuel_present | alternative_technology_present,,valid_positive_finite
38292,False,alternative_technology_present | electric_motor_present | hybrid_text_signal,missing_optional:engine_description,valid_positive_finite
38310,True,,,valid_positive_finite
38311,True,,,valid_positive_finite
38312,True,,,valid_positive_finite
38313,True,,,valid_positive_finite
38314,True,,,valid_positive_finite
38316,True,,missing_optional:engine_description,valid_positive_finite
38318,True,,missing_optional:engine_description,valid_positive_finite
38319,True,,missing_optional:engine_description,valid_positive_finite
38320,True,,missing_optional:engine_description,valid_positive_finite
38321,True,,,valid_positive_finite
38322,True,,missing_optional:engine_description,valid_positive_finite
38323,True,,,valid_positive_finite
38329,True,,,valid_positive_finite
38331,True,,missing_optional:engine_description,valid_positive_finite
38332,True,,missing_optional:engine_description,valid_positive_finite
38333,True,,missing_optional:engine_description,valid_positive_finite
38334,True,,missing_optional:engine_description,valid_positive_finite
38340,True,,,valid_positive_finite
38341,True,,,valid_positive_finite
38343,True,,,valid_positive_finite
38345,True,,,valid_positive_finite
38346,True,,,valid_positive_finite
38347,False,vehicle_class_out_of_scope,,valid_positive_finite
38353,True,,,valid_positive_finite
38354,True,,,valid_positive_finite
38355,True,,,valid_positive_finite
38358,True,,,valid_positive_finite
38370,True,,,valid_positive_finite
38372,True,,,valid_positive_finite
38375,True,,missing_optional:engine_description,valid_positive_finite
38378,False,primary_fuel_out_of_scope | alternative_technology_present,missing_optional:engine_description,valid_positive_finite
38380,False,vehicle_class_out_of_scope,,valid_positive_finite
38381,False,vehicle_class_out_of_scope,,valid_positive_finite
38382,False,primary_fuel_out_of_scope | alternative_technology_present | vehicle_class_out_of_scope,missing_optional:engine_description,valid_positive_finite
38383,False,vehicle_class_out_of_scope,,valid_positive_finite
38396,True,,missing_optional:engine_description,valid_positive_finite
38397,True,,,valid_positive_finite
38407,True,,,valid_positive_finite
38408,True,,missing_optional:engine_description,valid_positive_finite
38409,True,,missing_optional:engine_description,valid_positive_finite
38410,True,,missing_optional:engine_description,valid_positive_finite
38411,True,,missing_optional:engine_description,valid_positive_finite
38422,True,,,valid_positive_finite
38440,True,,,valid_positive_finite
38441,True,,,valid_positive_finite
38444,False,secondary_fuel_present | alternative_technology_present,,valid_positive_finite
38450,True,,,valid_positive_finite
38451,True,,,valid_positive_finite
38455,True,,,valid_positive_finite
38456,True,,,valid_positive_finite
38457,True,,,valid_positive_finite
38458,True,,,valid_positive_finite
38461,True,,,valid_positive_finite
38462,True,,,valid_positive_finite
38467,True,,,valid_positive_finite
38484,False,alternative_technology_present | electric_motor_present,,valid_positive_finite
38486,False,alternative_technology_present | electric_motor_present,,valid_positive_finite
38489,True,,,valid_positive_finite
38490,False,primary_fuel_out_of_scope | alternative_technology_present,missing_optional:engine_description,valid_positive_finite
38491,False,secondary_fuel_present | alternative_technology_present | electric_motor_present | phev_blended | hybrid_text_signal | vehicle_class_out_of_scope,,valid_positive_finite
38493,False,secondary_fuel_present | alternative_technology_present,,valid_positive_finite
38495,False,alternative_technology_present | electric_motor_present | hybrid_text_signal,missing_optional:engine_description,valid_positive_finite
38496,False,alternative_technology_present | electric_motor_present,,valid_positive_finite
38497,False,alternative_technology_present | electric_motor_present,,valid_positive_finite
38500,False,primary_fuel_out_of_scope | alternative_technology_present | electric_motor_present | insufficient_engine_specs,missing_optional:displacement_l | missing_optional:cylinders | missing_optional:engine_description,valid_positive_finite
38501,True,,,valid_positive_finite
38503,True,,,valid_positive_finite
38504,True,,,valid_positive_finite
38511,False,alternative_technology_present | electric_motor_present | hybrid_text_signal,,valid_positive_finite
38515,True,,,valid_positive_finite
38516,True,,,valid_positive_finite
38519,False,primary_fuel_out_of_scope | alternative_technology_present,missing_optional:engine_description,valid_positive_finite
38520,False,primary_fuel_out_of_scope | alternative_technology_present,missing_optional:engine_description,valid_positive_finite
38521,True,,,valid_positive_finite
38523,False,primary_fuel_out_of_scope | alternative_technology_present | electric_motor_present | insufficient_engine_specs,missing_optional:displacement_l | missing_optional:cylinders | missing_optional:engine_description,valid_positive_finite
38525,False,primary_fuel_out_of_scope | alternative_technology_present | electric_motor_present | insufficient_engine_specs,missing_optional:displacement_l | missing_optional:cylinders | missing_optional:engine_description,valid_positive_finite
38527,False,primary_fuel_out_of_scope | alternative_technology_present | electric_motor_present | insufficient_engine_specs,missing_optional:displacement_l | missing_optional:cylinders | missing_optional:engine_description,valid_positive_finite
38529,False,primary_fuel_out_of_scope | alternative_technology_present | electric_motor_present | insufficient_engine_specs,missing_optional:displacement_l | missing_optional:cylinders | missing_optional:engine_description,valid_positive_finite
38530,False,primary_fuel_out_of_scope | alternative_technology_present | electric_motor_present | insufficient_engine_specs,missing_optional:displacement_l | missing_optional:cylinders | missing_optional:engine_description,valid_positive_finite
38537,False,primary_fuel_out_of_scope | alternative_technology_present | electric_motor_present | insufficient_engine_specs,missing_optional:displacement_l | missing_optional:cylinders | missing_optional:engine_description,valid_positive_finite
38538,True,,,valid_positive_finite
38540,True,,,valid_positive_finite
38541,True,,,valid_positive_finite
38547,True,,missing_optional:engine_description,valid_positive_finite
38548,True,,missing_optional:engine_description,valid_positive_finite
38555,True,,,valid_positive_finite
38558,False,primary_fuel_out_of_scope | alternative_technology_present | electric_motor_present | insufficient_engine_specs,missing_optional:displacement_l | missing_optional:cylinders | missing_optional:engine_description,valid_positive_finite
38559,True,,,valid_positive_finite
38560,True,,,valid_positive_finite
38561,True,,,valid_positive_finite
38564,False,vehicle_class_out_of_scope,missing_optional:engine_description,valid_positive_finite
38565,False,vehicle_class_out_of_scope,missing_optional:engine_description,valid_positive_finite
38571,True,,,valid_positive_finite
38574,True,,,valid_positive_finite
38575,True,,,valid_positive_finite
38577,True,,,valid_positive_finite
38578,True,,,valid_positive_finite
38580,True,,,valid_positive_finite
38585,True,,,valid_positive_finite
38586,True,,,valid_positive_finite
38591,False,primary_fuel_out_of_scope | alternative_technology_present | electric_motor_present | insufficient_engine_specs,missing_optional:displacement_l | missing_optional:cylinders | missing_optional:engine_description,valid_positive_finite
38592,True,,,valid_positive_finite
38615,True,,,valid_positive_finite
38629,True,,,valid_positive_finite
38630,True,,,valid_positive_finite
38641,True,,missing_optional:engine_description,valid_positive_finite
38646,True,,missing_optional:engine_description,valid_positive_finite
38649,True,,,valid_positive_finite
38650,False,secondary_fuel_present | alternative_technology_present | electric_motor_present | phev_blended | hybrid_text_signal,,valid_positive_finite
38653,True,,,valid_positive_finite
38666,True,,,valid_positive_finite
38668,True,,,valid_positive_finite
38669,True,,,valid_positive_finite
38670,True,,,valid_positive_finite
38671,True,,,valid_positive_finite
38674,True,,,valid_positive_finite
38675,True,,,valid_positive_finite
38676,True,,,valid_positive_finite
38682,True,,missing_optional:engine_description,valid_positive_finite
38683,True,,,valid_positive_finite
38684,True,,,valid_positive_finite
38691,True,,,valid_positive_finite
38692,True,,,valid_positive_finite
38693,True,,,valid_positive_finite
38694,True,,,valid_positive_finite
38695,True,,,valid_positive_finite
38698,False,vehicle_class_out_of_scope,missing_optional:engine_description,valid_positive_finite
38699,False,vehicle_class_out_of_scope,missing_optional:engine_description,valid_positive_finite
38700,True,,,valid_positive_finite
38701,True,,,valid_positive_finite
38702,True,,,valid_positive_finite
38703,True,,,valid_positive_finite
38704,True,,,valid_positive_finite
38706,True,,,valid_positive_finite
38714,True,,,valid_positive_finite
38715,False,primary_fuel_out_of_scope | alternative_technology_present,missing_optional:engine_description,valid_positive_finite
38722,True,,,valid_positive_finite
38723,True,,,valid_positive_finite
38724,True,,,valid_positive_finite
38726,True,,,valid_positive_finite
38732,True,,missing_optional:engine_description,valid_positive_finite
38733,True,,missing_optional:engine_description,valid_positive_finite
38737,True,,,valid_positive_finite
38738,True,,,valid_positive_finite
38739,True,,,valid_positive_finite
38741,True,,,valid_positive_finite
38742,True,,,valid_positive_finite
38744,True,,,valid_positive_finite
38747,True,,,valid_positive_finite
38751,True,,,valid_positive_finite
38752,True,,,valid_positive_finite
38753,True,,,valid_positive_finite
38758,True,,,valid_positive_finite
38761,True,,,valid_positive_finite
38763,True,,,valid_positive_finite
38766,True,,missing_optional:engine_description,valid_positive_finite
38768,False,secondary_fuel_present | alternative_technology_present,,valid_positive_finite
38769,True,,,valid_positive_finite
38783,True,,,valid_positive_finite
38788,True,,,valid_positive_finite
38794,True,,,valid_positive_finite
38796,True,,,valid_positive_finite
38806,True,,,valid_positive_finite
38808,True,,,valid_positive_finite
38809,True,,,valid_positive_finite
38826,True,,,valid_positive_finite
38827,True,,,valid_positive_finite
38828,True,,,valid_positive_finite
38829,True,,,valid_positive_finite
38841,True,,missing_optional:engine_description,valid_positive_finite
38842,True,,missing_optional:engine_description,valid_positive_finite
38843,True,,missing_optional:engine_description,valid_positive_finite
38844,True,,missing_optional:engine_description,valid_positive_finite
38856,True,,missing_optional:engine_description,valid_positive_finite
38857,True,,missing_optional:engine_description,valid_positive_finite
38866,True,,,valid_positive_finite
38867,True,,,valid_positive_finite
38868,True,,,valid_positive_finite
38873,True,,,valid_positive_finite
38874,True,,,valid_positive_finite
38875,True,,,valid_positive_finite
38876,True,,,valid_positive_finite
38877,True,,,valid_positive_finite
38880,True,,,valid_positive_finite
38881,True,,,valid_positive_finite
38890,True,,,valid_positive_finite
38891,True,,,valid_positive_finite
38894,True,,missing_optional:engine_description,valid_positive_finite
38895,True,,missing_optional:engine_description,valid_positive_finite
38899,True,,missing_optional:engine_description,valid_positive_finite
38907,True,,,valid_positive_finite
38912,True,,,valid_positive_finite
38915,True,,,valid_positive_finite
38919,True,,,valid_positive_finite
38920,True,,,valid_positive_finite
38921,True,,,valid_positive_finite
38923,True,,,valid_positive_finite
38928,True,,,valid_positive_finite
38929,True,,,valid_positive_finite
38932,True,,,valid_positive_finite
38959,True,,,valid_positive_finite
38960,True,,,valid_positive_finite
38966,True,,,valid_positive_finite
38967,True,,missing_optional:engine_description,valid_positive_finite
38968,True,,missing_optional:engine_description,valid_positive_finite
38978,True,,,valid_positive_finite
38979,True,,,valid_positive_finite
38980,True,,,valid_positive_finite
38993,False,vehicle_class_out_of_scope,missing_optional:engine_description,valid_positive_finite
38996,False,vehicle_class_out_of_scope,,valid_positive_finite
38999,True,,missing_optional:engine_description,valid_positive_finite
39003,True,,,valid_positive_finite
39008,True,,,valid_positive_finite
39009,True,,,valid_positive_finite
39011,True,,,valid_positive_finite
39013,False,secondary_fuel_present | alternative_technology_present,,valid_positive_finite
39015,True,,,valid_positive_finite
39016,True,,,valid_positive_finite
39017,True,,,valid_positive_finite
39019,False,secondary_fuel_present | alternative_technology_present,,valid_positive_finite
39028,True,,,valid_positive_finite
39029,True,,,valid_positive_finite
39030,False,secondary_fuel_present | alternative_technology_present,,valid_positive_finite
39031,True,,,valid_positive_finite
39034,True,,,valid_positive_finite
39035,True,,,valid_positive_finite
39038,True,,,valid_positive_finite
39039,True,,,valid_positive_finite
39050,True,,missing_optional:engine_description,valid_positive_finite
39051,False,secondary_fuel_present | alternative_technology_present,,valid_positive_finite
39052,True,,missing_optional:engine_description,valid_positive_finite
39053,True,,missing_optional:engine_description,valid_positive_finite
39054,False,secondary_fuel_present | alternative_technology_present,,valid_positive_finite
39055,True,,missing_optional:engine_description,valid_positive_finite
39056,False,secondary_fuel_present | alternative_technology_present,,valid_positive_finite
39057,True,,missing_optional:engine_description,valid_positive_finite
39058,True,,missing_optional:engine_description,valid_positive_finite
39059,True,,,valid_positive_finite
39060,True,,missing_optional:engine_description,valid_positive_finite
39061,True,,missing_optional:engine_description,valid_positive_finite
39062,False,secondary_fuel_present | alternative_technology_present,,valid_positive_finite
39066,True,,missing_optional:engine_description,valid_positive_finite
39067,False,vehicle_class_out_of_scope,,valid_positive_finite
39068,False,vehicle_class_out_of_scope,,valid_positive_finite
39085,False,vehicle_class_out_of_scope,,valid_positive_finite
39086,False,vehicle_class_out_of_scope,,valid_positive_finite
39087,False,vehicle_class_out_of_scope,,valid_positive_finite
39091,True,,,valid_positive_finite
39092,True,,missing_optional:engine_description,valid_positive_finite
39093,False,secondary_fuel_present | alternative_technology_present,,valid_positive_finite
39094,True,,missing_optional:engine_description,valid_positive_finite
39109,True,,,valid_positive_finite
39110,True,,,valid_positive_finite
39114,True,,,valid_positive_finite
39122,True,,,valid_positive_finite
39123,True,,,valid_positive_finite
39124,True,,,valid_positive_finite
39126,True,,,valid_positive_finite
39127,True,,,valid_positive_finite
39133,True,,,valid_positive_finite
39149,True,,missing_optional:engine_description,valid_positive_finite
39150,True,,missing_optional:engine_description,valid_positive_finite
39151,True,,missing_optional:engine_description,valid_positive_finite
39152,True,,missing_optional:engine_description,valid_positive_finite
39159,False,alternative_technology_present | electric_motor_present | hybrid_text_signal,missing_optional:engine_description,valid_positive_finite
39167,True,,,valid_positive_finite
39168,True,,,valid_positive_finite
39169,True,,,valid_positive_finite
39170,True,,,valid_positive_finite
39171,True,,,valid_positive_finite
39174,True,,,valid_positive_finite
39175,True,,,valid_positive_finite
39179,True,,,valid_positive_finite
39183,True,,,valid_positive_finite
39186,True,,,valid_positive_finite
39187,True,,missing_optional:engine_description,valid_positive_finite
39192,False,primary_fuel_out_of_scope | alternative_technology_present | electric_motor_present | insufficient_engine_specs,missing_optional:displacement_l | missing_optional:cylinders | missing_optional:engine_description,valid_positive_finite
39207,True,,,valid_positive_finite
39228,True,,,valid_positive_finite
39229,True,,,valid_positive_finite
39264,False,secondary_fuel_present | alternative_technology_present | vehicle_class_out_of_scope,,valid_positive_finite
39266,False,vehicle_class_out_of_scope,missing_optional:engine_description,valid_positive_finite
39271,True,,,valid_positive_finite
39278,True,,,valid_positive_finite
39287,True,,,valid_positive_finite
39288,True,,,valid_positive_finite
39289,True,,,valid_positive_finite
39291,True,,,valid_positive_finite
39292,False,alternative_technology_present | electric_motor_present | hybrid_text_signal,,valid_positive_finite
39293,True,,,valid_positive_finite
39302,True,,,valid_positive_finite
39305,True,,,valid_positive_finite
39315,False,primary_fuel_out_of_scope | alternative_technology_present,missing_optional:engine_description,valid_positive_finite
39320,False,secondary_fuel_present | alternative_technology_present,,valid_positive_finite
39330,True,,,valid_positive_finite
39331,True,,,valid_positive_finite
39352,True,,,valid_positive_finite
39358,False,vehicle_class_out_of_scope,missing_optional:engine_description,valid_positive_finite
39361,False,vehicle_class_out_of_scope,missing_optional:engine_description,valid_positive_finite
39362,False,vehicle_class_out_of_scope,missing_optional:engine_description,valid_positive_finite
39370,True,,,valid_positive_finite
39371,True,,missing_optional:engine_description,valid_positive_finite
39376,True,,,valid_positive_finite
39382,False,secondary_fuel_present | alternative_technology_present | electric_motor_present | phev_blended | hybrid_text_signal,,valid_positive_finite
39383,False,secondary_fuel_present | alternative_technology_present | electric_motor_present | phev_blended | hybrid_text_signal,,valid_positive_finite
39384,False,primary_fuel_out_of_scope | alternative_technology_present | vehicle_class_out_of_scope,missing_optional:engine_description,valid_positive_finite
39385,False,primary_fuel_out_of_scope | alternative_technology_present | vehicle_class_out_of_scope,missing_optional:engine_description,valid_positive_finite
39389,True,,,valid_positive_finite
39394,True,,,valid_positive_finite
39396,True,,,valid_positive_finite
39400,True,,,valid_positive_finite
39401,True,,,valid_positive_finite
39409,False,secondary_fuel_present | alternative_technology_present | electric_motor_present | hybrid_text_signal,,valid_positive_finite
39414,True,,missing_optional:engine_description,valid_positive_finite
39416,True,,missing_optional:engine_description,valid_positive_finite
39420,True,,,valid_positive_finite
39421,True,,,valid_positive_finite
39426,True,,,valid_positive_finite
39428,True,,missing_optional:engine_description,valid_positive_finite
39430,True,,,valid_positive_finite
39431,False,alternative_technology_present | electric_motor_present | hybrid_text_signal,missing_optional:engine_description,valid_positive_finite
39432,True,,,valid_positive_finite
39434,True,,,valid_positive_finite
39440,True,,,valid_positive_finite
39441,True,,,valid_positive_finite
39442,True,,,valid_positive_finite
39443,True,,,valid_positive_finite
39444,True,,,valid_positive_finite
39453,False,secondary_fuel_present | alternative_technology_present | vehicle_class_out_of_scope,,valid_positive_finite
39460,True,,,valid_positive_finite
39462,True,,missing_optional:engine_description,valid_positive_finite
39468,True,,,valid_positive_finite
39476,True,,,valid_positive_finite
39479,True,,,valid_positive_finite
39482,True,,,valid_positive_finite
39483,False,secondary_fuel_present | alternative_technology_present | electric_motor_present | phev_blended | hybrid_text_signal | vehicle_class_out_of_scope,,valid_positive_finite
39484,True,,missing_optional:engine_description,valid_positive_finite
39485,True,,missing_optional:engine_description,valid_positive_finite
39487,True,,,valid_positive_finite
39493,True,,missing_optional:engine_description,valid_positive_finite
39497,True,,,valid_positive_finite
39499,True,,,valid_positive_finite
39500,True,,,valid_positive_finite
39501,True,,,valid_positive_finite
39503,True,,missing_optional:engine_description,valid_positive_finite
39504,True,,missing_optional:engine_description,valid_positive_finite
39508,True,,,valid_positive_finite
39513,False,secondary_fuel_present | alternative_technology_present | vehicle_class_out_of_scope,,valid_positive_finite
39516,False,secondary_fuel_present | alternative_technology_present | vehicle_class_out_of_scope,,valid_positive_finite
39518,True,,,valid_positive_finite
39519,True,,,valid_positive_finite
39521,True,,,valid_positive_finite
39523,True,,missing_optional:engine_description,valid_positive_finite
39527,True,,missing_optional:engine_description,valid_positive_finite
39528,True,,,valid_positive_finite
39532,True,,,valid_positive_finite
39533,True,,,valid_positive_finite
39534,True,,,valid_positive_finite
39535,True,,,valid_positive_finite
39536,True,,,valid_positive_finite
39537,True,,missing_optional:engine_description,valid_positive_finite
39538,True,,,valid_positive_finite
39541,True,,,valid_positive_finite
39542,True,,,valid_positive_finite
39546,True,,,valid_positive_finite
39547,True,,missing_optional:engine_description,valid_positive_finite
39548,True,,,valid_positive_finite
39549,True,,,valid_positive_finite
39550,True,,,valid_positive_finite
39551,True,,missing_optional:engine_description,valid_positive_finite
39552,True,,,valid_positive_finite
39553,True,,,valid_positive_finite
39554,True,,missing_optional:engine_description,valid_positive_finite
39557,True,,,valid_positive_finite
39563,True,,,valid_positive_finite
39569,True,,,valid_positive_finite
39572,True,,,valid_positive_finite
39573,True,,,valid_positive_finite
39576,True,,,valid_positive_finite
39577,True,,,valid_positive_finite
39580,True,,,valid_positive_finite
39581,True,,,valid_positive_finite
39588,True,,,valid_positive_finite
39590,True,,missing_optional:engine_description,valid_positive_finite
39591,True,,missing_optional:engine_description,valid_positive_finite
39592,True,,missing_optional:engine_description,valid_positive_finite
39601,False,secondary_fuel_present | alternative_technology_present | vehicle_class_out_of_scope,,valid_positive_finite
39603,False,primary_fuel_out_of_scope | alternative_technology_present | electric_motor_present | insufficient_engine_specs,missing_optional:displacement_l | missing_optional:cylinders | missing_optional:engine_description,valid_positive_finite
39612,True,,missing_optional:engine_description,valid_positive_finite
39617,False,alternative_technology_present | electric_motor_present,,valid_positive_finite
39618,False,alternative_technology_present | electric_motor_present,,valid_positive_finite
39619,False,secondary_fuel_present | alternative_technology_present | vehicle_class_out_of_scope,,valid_positive_finite
39620,False,secondary_fuel_present | alternative_technology_present | vehicle_class_out_of_scope,,valid_positive_finite
39624,True,,,valid_positive_finite
39625,True,,,valid_positive_finite
39626,True,,missing_optional:engine_description,valid_positive_finite
39628,True,,,valid_positive_finite
39629,True,,,valid_positive_finite
39630,True,,,valid_positive_finite
39631,True,,,valid_positive_finite
39632,True,,,valid_positive_finite
39633,True,,,valid_positive_finite
39636,True,,,valid_positive_finite
39639,True,,,valid_positive_finite
39653,True,,,valid_positive_finite
39656,True,,missing_optional:engine_description,valid_positive_finite
39657,True,,missing_optional:engine_description,valid_positive_finite
39658,True,,,valid_positive_finite
39660,True,,,valid_positive_finite
39666,False,secondary_fuel_present | alternative_technology_present,,valid_positive_finite
39671,False,vehicle_class_out_of_scope,missing_optional:engine_description,valid_positive_finite
39672,True,,missing_optional:engine_description,valid_positive_finite
39677,True,,missing_optional:engine_description,valid_positive_finite
39678,True,,missing_optional:engine_description,valid_positive_finite
39679,True,,missing_optional:engine_description,valid_positive_finite
39684,True,,missing_optional:engine_description,valid_positive_finite
39685,True,,missing_optional:engine_description,valid_positive_finite
39697,True,,,valid_positive_finite
39698,True,,missing_optional:engine_description,valid_positive_finite
39699,True,,,valid_positive_finite
39708,True,,,valid_positive_finite
39709,True,,,valid_positive_finite
39710,True,,,valid_positive_finite
39714,False,alternative_technology_present | electric_motor_present | hybrid_text_signal,,valid_positive_finite
39720,True,,,valid_positive_finite
39722,True,,,valid_positive_finite
39726,False,vehicle_class_out_of_scope,,valid_positive_finite
39730,True,,,valid_positive_finite
39732,True,,,valid_positive_finite
39736,True,,,valid_positive_finite
39737,True,,,valid_positive_finite
39743,False,vehicle_class_out_of_scope,,valid_positive_finite
39745,True,,,valid_positive_finite
39748,True,,,valid_positive_finite
39752,False,alternative_technology_present | electric_motor_present,missing_optional:engine_description,valid_positive_finite
39754,True,,,valid_positive_finite
39767,False,secondary_fuel_present | alternative_technology_present | electric_motor_present | phev_blended | hybrid_text_signal,,valid_positive_finite
39768,False,secondary_fuel_present | alternative_technology_present | electric_motor_present | phev_blended | hybrid_text_signal,,valid_positive_finite
39769,False,primary_fuel_out_of_scope | alternative_technology_present | electric_motor_present | insufficient_engine_specs,missing_optional:displacement_l | missing_optional:cylinders | missing_optional:engine_description,valid_positive_finite
39772,True,,,valid_positive_finite
39774,True,,missing_optional:engine_description,valid_positive_finite
39775,False,secondary_fuel_present | alternative_technology_present,,valid_positive_finite
39776,True,,missing_optional:engine_description,valid_positive_finite
39777,True,,,valid_positive_finite
39778,True,,,valid_positive_finite
39779,True,,missing_optional:engine_description,valid_positive_finite
39780,True,,missing_optional:engine_description,valid_positive_finite
39783,False,secondary_fuel_present | alternative_technology_present | electric_motor_present | phev_blended | hybrid_text_signal,,valid_positive_finite
39784,False,primary_fuel_out_of_scope | alternative_technology_present | electric_motor_present | insufficient_engine_specs,missing_optional:displacement_l | missing_optional:cylinders | missing_optional:engine_description,valid_positive_finite
39785,False,primary_fuel_out_of_scope | alternative_technology_present | electric_motor_present | insufficient_engine_specs,missing_optional:displacement_l | missing_optional:cylinders | missing_optional:engine_description,valid_positive_finite
39787,False,alternative_technology_present | electric_motor_present | hybrid_text_signal,,valid_positive_finite
39797,True,,,valid_positive_finite
39798,True,,,valid_positive_finite
39804,True,,missing_optional:engine_description,valid_positive_finite
39807,True,,,valid_positive_finite
39809,True,,,valid_positive_finite
39811,True,,missing_optional:engine_description,valid_positive_finite
39812,True,,missing_optional:engine_description,valid_positive_finite
39815,True,,,valid_positive_finite
39822,True,,,valid_positive_finite
39825,True,,,valid_positive_finite
39828,True,,,valid_positive_finite
39830,False,secondary_fuel_present | alternative_technology_present | electric_motor_present | phev_blended | hybrid_text_signal,,valid_positive_finite
39831,False,primary_fuel_out_of_scope | alternative_technology_present | electric_motor_present | insufficient_engine_specs,missing_optional:displacement_l | missing_optional:cylinders | missing_optional:engine_description,valid_positive_finite
39836,False,primary_fuel_out_of_scope | alternative_technology_present | electric_motor_present | insufficient_engine_specs,missing_optional:displacement_l | missing_optional:cylinders | missing_optional:engine_description,valid_positive_finite
39837,False,primary_fuel_out_of_scope | alternative_technology_present | electric_motor_present | insufficient_engine_specs,missing_optional:displacement_l | missing_optional:cylinders | missing_optional:engine_description,valid_positive_finite
39838,False,primary_fuel_out_of_scope | alternative_technology_present | electric_motor_present | insufficient_engine_specs,missing_optional:displacement_l | missing_optional:cylinders | missing_optional:engine_description,valid_positive_finite
39839,False,primary_fuel_out_of_scope | alternative_technology_present | electric_motor_present | insufficient_engine_specs,missing_optional:displacement_l | missing_optional:cylinders | missing_optional:engine_description,valid_positive_finite
39840,False,primary_fuel_out_of_scope | alternative_technology_present | electric_motor_present | insufficient_engine_specs,missing_optional:displacement_l | missing_optional:cylinders | missing_optional:engine_description,valid_positive_finite
39842,False,primary_fuel_out_of_scope | alternative_technology_present | electric_motor_present | insufficient_engine_specs,missing_optional:displacement_l | missing_optional:cylinders | missing_optional:engine_description,valid_positive_finite
39843,False,primary_fuel_out_of_scope | alternative_technology_present | electric_motor_present | insufficient_engine_specs,missing_optional:displacement_l | missing_optional:cylinders | missing_optional:engine_description,valid_positive_finite
39844,True,,,valid_positive_finite
39848,True,,,valid_positive_finite
39849,True,,,valid_positive_finite
39851,True,,,valid_positive_finite
39853,False,secondary_fuel_present | alternative_technology_present | electric_motor_present | phev_blended | hybrid_text_signal,,valid_positive_finite
39859,False,vehicle_class_out_of_scope,,valid_positive_finite
39862,True,,missing_optional:engine_description,valid_positive_finite
39868,False,primary_fuel_out_of_scope | alternative_technology_present | vehicle_class_out_of_scope,missing_optional:engine_description,valid_positive_finite
39869,False,primary_fuel_out_of_scope | alternative_technology_present | vehicle_class_out_of_scope,missing_optional:engine_description,valid_positive_finite
39870,False,alternative_technology_present | electric_motor_present | hybrid_text_signal,missing_optional:engine_description,valid_positive_finite
39871,False,primary_fuel_out_of_scope | alternative_technology_present | electric_motor_present | insufficient_engine_specs,missing_optional:displacement_l | missing_optional:cylinders | missing_optional:engine_description,valid_positive_finite
39880,False,primary_fuel_out_of_scope | alternative_technology_present | electric_motor_present | insufficient_engine_specs,missing_optional:displacement_l | missing_optional:cylinders | missing_optional:engine_description,valid_positive_finite
39883,True,,,valid_positive_finite
39902,False,primary_fuel_out_of_scope | alternative_technology_present,missing_optional:engine_description,valid_positive_finite
39903,True,,,valid_positive_finite
39904,True,,,valid_positive_finite
39905,True,,,valid_positive_finite
39906,True,,,valid_positive_finite
39908,True,,,valid_positive_finite
39909,True,,,valid_positive_finite
39911,True,,,valid_positive_finite
39914,True,,,valid_positive_finite
39922,True,,,valid_positive_finite
39925,False,primary_fuel_out_of_scope | alternative_technology_present,missing_optional:engine_description,valid_positive_finite
39928,False,secondary_fuel_present | alternative_technology_present | electric_motor_present | hybrid_text_signal,,valid_positive_finite
39931,True,,,valid_positive_finite
39933,True,,,valid_positive_finite
39935,True,,,valid_positive_finite
39936,True,,missing_optional:engine_description,valid_positive_finite
39940,False,vehicle_class_out_of_scope,missing_optional:engine_description,valid_positive_finite
39941,False,vehicle_class_out_of_scope,missing_optional:engine_description,valid_positive_finite
39942,True,,,valid_positive_finite
39943,True,,,valid_positive_finite
39950,True,,,valid_positive_finite
39951,True,,,valid_positive_finite
39954,True,,missing_optional:engine_description,valid_positive_finite
39955,True,,missing_optional:engine_description,valid_positive_finite
39956,True,,missing_optional:engine_description,valid_positive_finite
39957,True,,missing_optional:engine_description,valid_positive_finite
39959,False,primary_fuel_out_of_scope | alternative_technology_present | electric_motor_present | insufficient_engine_specs,missing_optional:displacement_l | missing_optional:cylinders | missing_optional:engine_description,valid_positive_finite
39963,True,,,valid_positive_finite
39964,True,,,valid_positive_finite
39969,True,,,valid_positive_finite
39979,True,,,valid_positive_finite
39980,True,,,valid_positive_finite
39983,True,,,valid_positive_finite
39984,True,,,valid_positive_finite
40005,True,,,valid_positive_finite
40007,True,,missing_optional:engine_description,valid_positive_finite
40008,True,,,valid_positive_finite
40009,True,,,valid_positive_finite
40010,True,,,valid_positive_finite
40011,True,,,valid_positive_finite
40012,True,,,valid_positive_finite
40013,True,,,valid_positive_finite
40025,True,,,valid_positive_finite
40032,True,,,valid_positive_finite
40034,True,,,valid_positive_finite
40040,True,,,valid_positive_finite
40048,True,,,valid_positive_finite
40051,True,,,valid_positive_finite
40058,True,,,valid_positive_finite
40059,True,,,valid_positive_finite
40060,True,,,valid_positive_finite
40061,True,,,valid_positive_finite
40062,True,,,valid_positive_finite
40063,True,,,valid_positive_finite
40067,True,,,valid_positive_finite
40068,True,,,valid_positive_finite
40069,True,,,valid_positive_finite
40070,True,,,valid_positive_finite
40071,True,,,valid_positive_finite
40072,True,,,valid_positive_finite
40073,True,,,valid_positive_finite
40074,True,,,valid_positive_finite
40076,True,,,valid_positive_finite
40077,True,,,valid_positive_finite
40081,True,,,valid_positive_finite
40082,True,,,valid_positive_finite
40083,True,,,valid_positive_finite
40088,True,,,valid_positive_finite
40089,False,alternative_technology_present | electric_motor_present | hybrid_text_signal,,valid_positive_finite
40106,True,,,valid_positive_finite
40110,True,,,valid_positive_finite
40117,True,,,valid_positive_finite
40118,True,,,valid_positive_finite
40119,True,,,valid_positive_finite
40120,True,,,valid_positive_finite
40127,True,,,valid_positive_finite
40132,True,,,valid_positive_finite
40133,True,,,valid_positive_finite
40151,True,,,valid_positive_finite
40153,True,,missing_optional:engine_description,valid_positive_finite
40156,True,,,valid_positive_finite
40158,True,,missing_optional:engine_description,valid_positive_finite
40161,True,,missing_optional:engine_description,valid_positive_finite
40164,True,,,valid_positive_finite
40171,True,,missing_optional:engine_description,valid_positive_finite
40172,True,,missing_optional:engine_description,valid_positive_finite
40175,True,,,valid_positive_finite
40184,True,,,valid_positive_finite
40186,True,,,valid_positive_finite
40191,True,,,valid_positive_finite
40192,True,,,valid_positive_finite
40195,True,,,valid_positive_finite
40196,True,,,valid_positive_finite
40207,True,,,valid_positive_finite
40208,True,,,valid_positive_finite
40209,True,,,valid_positive_finite
40210,False,vehicle_class_out_of_scope,,valid_positive_finite
40211,False,vehicle_class_out_of_scope,,valid_positive_finite
40214,True,,,valid_positive_finite
40216,True,,,valid_positive_finite
40217,True,,missing_optional:engine_description,valid_positive_finite
40218,True,,missing_optional:engine_description,valid_positive_finite
40227,True,,missing_optional:engine_description,valid_positive_finite
40228,True,,missing_optional:engine_description,valid_positive_finite
40229,True,,,valid_positive_finite
40230,True,,missing_optional:engine_description,valid_positive_finite
40231,True,,missing_optional:engine_description,valid_positive_finite
40235,True,,,valid_positive_finite
40237,False,alternative_technology_present | electric_motor_present | hybrid_text_signal,,valid_positive_finite
40240,False,primary_fuel_out_of_scope | alternative_technology_present,missing_optional:engine_description,valid_positive_finite
40253,True,,,valid_positive_finite
40254,True,,,valid_positive_finite
40255,True,,,valid_positive_finite
40261,False,vehicle_class_out_of_scope,,valid_positive_finite
40262,True,,,valid_positive_finite
40272,True,,,valid_positive_finite
40273,True,,,valid_positive_finite
40274,True,,,valid_positive_finite
40275,True,,,valid_positive_finite
40277,True,,,valid_positive_finite
40290,True,,,valid_positive_finite
40303,True,,,valid_positive_finite
40313,False,secondary_fuel_present | alternative_technology_present,,valid_positive_finite
40318,True,,,valid_positive_finite
40333,True,,,valid_positive_finite
40334,True,,,valid_positive_finite
40336,True,,,valid_positive_finite
40337,True,,,valid_positive_finite
40338,True,,,valid_positive_finite
40341,True,,,valid_positive_finite
40343,True,,,valid_positive_finite
40349,True,,,valid_positive_finite
40358,True,,,valid_positive_finite
40359,True,,,valid_positive_finite
40360,True,,,valid_positive_finite
40370,True,,missing_optional:engine_description,valid_positive_finite
40371,True,,missing_optional:engine_description,valid_positive_finite
40372,True,,missing_optional:engine_description,valid_positive_finite
40373,True,,missing_optional:engine_description,valid_positive_finite
40374,True,,missing_optional:engine_description,valid_positive_finite
40382,True,,missing_optional:engine_description,valid_positive_finite
40383,True,,missing_optional:engine_description,valid_positive_finite
40384,False,primary_fuel_out_of_scope | alternative_technology_present | electric_motor_present | insufficient_engine_specs,missing_optional:displacement_l | missing_optional:cylinders | missing_optional:engine_description,valid_positive_finite
40385,False,primary_fuel_out_of_scope | alternative_technology_present | electric_motor_present | insufficient_engine_specs,missing_optional:displacement_l | missing_optional:cylinders | missing_optional:engine_description,valid_positive_finite
40386,False,primary_fuel_out_of_scope | alternative_technology_present | electric_motor_present | insufficient_engine_specs,missing_optional:displacement_l | missing_optional:cylinders | missing_optional:engine_description,valid_positive_finite
40388,False,vehicle_class_out_of_scope,,valid_positive_finite
40392,False,vehicle_class_out_of_scope,,valid_positive_finite
40394,False,alternative_technology_present | electric_motor_present | hybrid_text_signal | vehicle_class_out_of_scope,,valid_positive_finite
40396,False,vehicle_class_out_of_scope,missing_optional:engine_description,valid_positive_finite
40398,False,secondary_fuel_present | alternative_technology_present | vehicle_class_out_of_scope,,valid_positive_finite
40405,False,secondary_fuel_present | alternative_technology_present | electric_motor_present | phev_blended | hybrid_text_signal,,valid_positive_finite
40409,True,,,valid_positive_finite
40411,True,,,valid_positive_finite
40412,True,,,valid_positive_finite
40416,True,,,valid_positive_finite
40418,True,,,valid_positive_finite
40419,True,,missing_optional:engine_description,valid_positive_finite
40422,True,,missing_optional:engine_description,valid_positive_finite
40423,True,,missing_optional:engine_description,valid_positive_finite
40433,True,,,valid_positive_finite
40435,True,,missing_optional:engine_description,valid_positive_finite
40438,True,,,valid_positive_finite
40450,True,,,valid_positive_finite
40451,True,,,valid_positive_finite
40454,True,,,valid_positive_finite
40455,True,,,valid_positive_finite
40465,True,,,valid_positive_finite
40466,True,,,valid_positive_finite
40473,False,primary_fuel_out_of_scope | alternative_technology_present,missing_optional:engine_description,valid_positive_finite
40474,True,,,valid_positive_finite
40482,True,,,valid_positive_finite
40490,True,,missing_optional:engine_description,valid_positive_finite
40491,True,,missing_optional:engine_description,valid_positive_finite
40493,True,,,valid_positive_finite
40498,True,,,valid_positive_finite
40499,True,,,valid_positive_finite
40500,True,,,valid_positive_finite
40502,False,primary_fuel_out_of_scope | alternative_technology_present | vehicle_class_out_of_scope,missing_optional:engine_description,valid_positive_finite
40508,False,secondary_fuel_present | alternative_technology_present | vehicle_class_out_of_scope,,valid_positive_finite
40511,True,,,valid_positive_finite
40512,True,,,valid_positive_finite
40514,False,primary_fuel_out_of_scope | alternative_technology_present,missing_optional:engine_description,valid_positive_finite
40516,True,,missing_optional:engine_description,valid_positive_finite
40517,True,,missing_optional:engine_description,valid_positive_finite
40521,False,primary_fuel_out_of_scope | alternative_technology_present,missing_optional:engine_description,valid_positive_finite
40523,True,,missing_optional:engine_description,valid_positive_finite
40524,True,,missing_optional:engine_description,valid_positive_finite
40529,True,,,valid_positive_finite
40530,True,,,valid_positive_finite
40537,True,,,valid_positive_finite
40538,True,,,valid_positive_finite
40544,False,vehicle_class_out_of_scope,missing_optional:engine_description,valid_positive_finite
40545,False,vehicle_class_out_of_scope,,valid_positive_finite
40549,True,,missing_optional:engine_description,valid_positive_finite
40550,True,,missing_optional:engine_description,valid_positive_finite
40554,False,secondary_fuel_present | alternative_technology_present,,valid_positive_finite
40559,True,,,valid_positive_finite
40560,True,,,valid_positive_finite
40563,True,,,valid_positive_finite
40569,True,,,valid_positive_finite
40570,True,,,valid_positive_finite
40572,True,,,valid_positive_finite
40575,True,,,valid_positive_finite
40581,True,,,valid_positive_finite
40582,False,primary_fuel_out_of_scope | alternative_technology_present,missing_optional:engine_description,valid_positive_finite
40583,True,,,valid_positive_finite
40584,True,,,valid_positive_finite
40587,True,,,valid_positive_finite
40595,True,,,valid_positive_finite
40610,True,,missing_optional:engine_description,valid_positive_finite
40611,False,secondary_fuel_present | alternative_technology_present,,valid_positive_finite
40612,True,,missing_optional:engine_description,valid_positive_finite
40613,True,,missing_optional:engine_description,valid_positive_finite
40614,False,secondary_fuel_present | alternative_technology_present,,valid_positive_finite
40615,True,,missing_optional:engine_description,valid_positive_finite
40616,False,secondary_fuel_present | alternative_technology_present,,valid_positive_finite
40617,True,,missing_optional:engine_description,valid_positive_finite
40618,True,,missing_optional:engine_description,valid_positive_finite
40625,True,,missing_optional:engine_description,valid_positive_finite
40636,True,,,valid_positive_finite
40637,True,,,valid_positive_finite
40638,True,,,valid_positive_finite
40653,False,primary_fuel_out_of_scope | alternative_technology_present | vehicle_class_out_of_scope,missing_optional:engine_description,valid_positive_finite
40654,False,vehicle_class_out_of_scope,,valid_positive_finite
40655,False,vehicle_class_out_of_scope,missing_optional:engine_description,valid_positive_finite
40660,True,,,valid_positive_finite
40661,True,,,valid_positive_finite
40662,True,,,valid_positive_finite
40664,True,,,valid_positive_finite
40665,True,,,valid_positive_finite
40667,True,,,valid_positive_finite
40668,True,,missing_optional:engine_description,valid_positive_finite
40669,True,,missing_optional:engine_description,valid_positive_finite
40671,True,,missing_optional:engine_description,valid_positive_finite
40672,True,,missing_optional:engine_description,valid_positive_finite
40673,True,,missing_optional:engine_description,valid_positive_finite
40674,True,,missing_optional:engine_description,valid_positive_finite
40676,True,,,valid_positive_finite
40680,True,,missing_optional:engine_description,valid_positive_finite
40683,True,,,valid_positive_finite
40684,True,,,valid_positive_finite
40691,True,,missing_optional:engine_description,valid_positive_finite
40692,True,,missing_optional:engine_description,valid_positive_finite
40694,True,,,valid_positive_finite
40695,True,,,valid_positive_finite
40699,True,,missing_optional:engine_description,valid_positive_finite
40700,True,,,valid_positive_finite
40705,True,,,valid_positive_finite
40706,True,,,valid_positive_finite
40709,True,,,valid_positive_finite
40713,False,alternative_technology_present | electric_motor_present | hybrid_text_signal,,valid_positive_finite
40714,True,,,valid_positive_finite
40718,False,alternative_technology_present | electric_motor_present | hybrid_text_signal,,valid_positive_finite
40719,True,,,valid_positive_finite
40724,True,,,valid_positive_finite
40725,True,,,valid_positive_finite
40728,True,,,valid_positive_finite
40729,True,,,valid_positive_finite
40730,False,vehicle_class_out_of_scope,,valid_positive_finite
40731,False,vehicle_class_out_of_scope,missing_optional:engine_description,valid_positive_finite
40736,False,alternative_technology_present | electric_motor_present | hybrid_text_signal | vehicle_class_out_of_scope,,valid_positive_finite
40737,False,alternative_technology_present | electric_motor_present | hybrid_text_signal | vehicle_class_out_of_scope,,valid_positive_finite
40742,True,,missing_optional:engine_description,valid_positive_finite
40743,True,,missing_optional:engine_description,valid_positive_finite
40744,True,,missing_optional:engine_description,valid_positive_finite
40748,True,,missing_optional:engine_description,valid_positive_finite
40749,True,,missing_optional:engine_description,valid_positive_finite
40750,True,,,valid_positive_finite
40753,True,,missing_optional:engine_description,valid_positive_finite
40754,True,,missing_optional:engine_description,valid_positive_finite
40755,True,,,valid_positive_finite
40757,True,,,valid_positive_finite
40758,True,,,valid_positive_finite
40759,True,,,valid_positive_finite
40776,True,,,valid_positive_finite
40778,True,,,valid_positive_finite
40779,True,,,valid_positive_finite
40780,True,,,valid_positive_finite
40799,True,,,valid_positive_finite
40812,False,primary_fuel_out_of_scope | alternative_technology_present | electric_motor_present | insufficient_engine_specs,missing_optional:displacement_l | missing_optional:cylinders | missing_optional:engine_description,valid_positive_finite
40813,True,,missing_optional:engine_description,valid_positive_finite
40814,True,,missing_optional:engine_description,valid_positive_finite
40815,True,,,valid_positive_finite
40816,True,,,valid_positive_finite
40830,False,secondary_fuel_present | alternative_technology_present | electric_motor_present | phev_blended | hybrid_text_signal | vehicle_class_out_of_scope,,valid_positive_finite
40833,True,,,valid_positive_finite
40835,True,,,valid_positive_finite
40849,True,,,valid_positive_finite
40851,False,vehicle_class_out_of_scope,missing_optional:engine_description,valid_positive_finite
40856,True,,,valid_positive_finite
40857,True,,,valid_positive_finite
40858,True,,,valid_positive_finite
40865,True,,missing_optional:engine_description,valid_positive_finite
40866,True,,,valid_positive_finite
40869,True,,,valid_positive_finite
40882,True,,,valid_positive_finite
40883,True,,,valid_positive_finite
40897,True,,,valid_positive_finite
40898,True,,,valid_positive_finite
40899,True,,,valid_positive_finite
40900,True,,missing_optional:engine_description,valid_positive_finite
40901,True,,missing_optional:engine_description,valid_positive_finite
40906,False,vehicle_class_out_of_scope,missing_optional:engine_description,valid_positive_finite
40914,True,,,valid_positive_finite
40921,True,,missing_optional:engine_description,valid_positive_finite
40922,True,,,valid_positive_finite
40923,True,,,valid_positive_finite
40930,True,,missing_optional:engine_description,valid_positive_finite
40934,False,alternative_technology_present | electric_motor_present | hybrid_text_signal,,valid_positive_finite
40938,True,,missing_optional:engine_description,valid_positive_finite
40939,True,,missing_optional:engine_description,valid_positive_finite
40940,True,,missing_optional:engine_description,valid_positive_finite
40960,False,vehicle_class_out_of_scope,missing_optional:engine_description,valid_positive_finite
40964,False,vehicle_class_out_of_scope,,valid_positive_finite
40974,True,,,valid_positive_finite
40987,True,,,valid_positive_finite
40988,True,,,valid_positive_finite
40989,True,,,valid_positive_finite
40990,True,,,valid_positive_finite
40994,True,,,valid_positive_finite
40998,True,,,valid_positive_finite
40999,True,,,valid_positive_finite
41000,True,,,valid_positive_finite
41002,True,,,valid_positive_finite
41007,True,,,valid_positive_finite
41008,False,alternative_technology_present | electric_motor_present | hybrid_text_signal,,valid_positive_finite
41026,False,vehicle_class_out_of_scope,,valid_positive_finite
41032,False,vehicle_class_out_of_scope,,valid_positive_finite
41033,False,vehicle_class_out_of_scope,,valid_positive_finite
41036,False,secondary_fuel_present | alternative_technology_present | vehicle_class_out_of_scope,,valid_positive_finite
41041,True,,,valid_positive_finite
41042,True,,,valid_positive_finite
41047,True,,,valid_positive_finite
41048,True,,,valid_positive_finite
41049,False,alternative_technology_present | electric_motor_present | hybrid_text_signal,,valid_positive_finite
41057,True,,missing_optional:engine_description,valid_positive_finite
41060,False,primary_fuel_out_of_scope | alternative_technology_present | electric_motor_present | insufficient_engine_specs,missing_optional:displacement_l | missing_optional:cylinders | missing_optional:engine_description,valid_positive_finite
41075,True,,,valid_positive_finite
41076,True,,,valid_positive_finite
41077,True,,,valid_positive_finite
41080,True,,missing_optional:engine_description,valid_positive_finite
41085,True,,,valid_positive_finite
41089,True,,,valid_positive_finite
41092,True,,,valid_positive_finite
41094,True,,,valid_positive_finite
41095,True,,,valid_positive_finite
41096,True,,,valid_positive_finite
41097,True,,,valid_positive_finite
41109,False,vehicle_class_out_of_scope,missing_optional:engine_description,valid_positive_finite
41116,False,vehicle_class_out_of_scope,missing_optional:engine_description,valid_positive_finite
41120,False,vehicle_class_out_of_scope,,valid_positive_finite
41126,True,,,valid_positive_finite
41127,True,,,valid_positive_finite
41133,False,secondary_fuel_present | alternative_technology_present | electric_motor_present | phev_blended | hybrid_text_signal,,valid_positive_finite
41135,True,,missing_optional:engine_description,valid_positive_finite
41136,True,,,valid_positive_finite
41142,True,,,valid_positive_finite
41143,False,primary_fuel_out_of_scope | alternative_technology_present | electric_motor_present | insufficient_engine_specs,missing_optional:displacement_l | missing_optional:cylinders | missing_optional:engine_description,valid_positive_finite
41146,True,,,valid_positive_finite
41147,True,,missing_optional:engine_description,valid_positive_finite
41148,True,,missing_optional:engine_description,valid_positive_finite
41149,True,,missing_optional:engine_description,valid_positive_finite
41150,True,,missing_optional:engine_description,valid_positive_finite
41151,True,,missing_optional:engine_description,valid_positive_finite
41152,True,,missing_optional:engine_description,valid_positive_finite
41154,True,,,valid_positive_finite
41156,True,,,valid_positive_finite
41158,True,,,valid_positive_finite
41163,False,alternative_technology_present | electric_motor_present | hybrid_text_signal,,valid_positive_finite
41164,True,,missing_optional:engine_description,valid_positive_finite
41165,True,,missing_optional:engine_description,valid_positive_finite
41168,False,vehicle_class_out_of_scope,,valid_positive_finite
41176,True,,missing_optional:engine_description,valid_positive_finite
41181,True,,missing_optional:engine_description,valid_positive_finite
41182,True,,,valid_positive_finite
41183,False,secondary_fuel_present | alternative_technology_present | electric_motor_present | phev_blended | hybrid_text_signal,,valid_positive_finite
41184,False,secondary_fuel_present | alternative_technology_present | electric_motor_present | phev_blended | hybrid_text_signal,,valid_positive_finite
41186,False,primary_fuel_out_of_scope | alternative_technology_present | electric_motor_present | insufficient_engine_specs,missing_optional:displacement_l | missing_optional:cylinders | missing_optional:engine_description,valid_positive_finite
41187,False,primary_fuel_out_of_scope | alternative_technology_present | electric_motor_present | insufficient_engine_specs,missing_optional:displacement_l | missing_optional:cylinders | missing_optional:engine_description,valid_positive_finite
41189,False,primary_fuel_out_of_scope | alternative_technology_present | electric_motor_present | insufficient_engine_specs,missing_optional:displacement_l | missing_optional:cylinders | missing_optional:engine_description,valid_positive_finite
41190,False,primary_fuel_out_of_scope | alternative_technology_present | electric_motor_present | insufficient_engine_specs,missing_optional:displacement_l | missing_optional:cylinders | missing_optional:engine_description,valid_positive_finite
41191,False,primary_fuel_out_of_scope | alternative_technology_present | electric_motor_present | insufficient_engine_specs,missing_optional:displacement_l | missing_optional:cylinders | missing_optional:engine_description,valid_positive_finite
41193,False,primary_fuel_out_of_scope | alternative_technology_present | electric_motor_present | insufficient_engine_specs,missing_optional:displacement_l | missing_optional:cylinders | missing_optional:engine_description,valid_positive_finite
41194,False,primary_fuel_out_of_scope | alternative_technology_present | electric_motor_present | insufficient_engine_specs,missing_optional:displacement_l | missing_optional:cylinders | missing_optional:engine_description,valid_positive_finite
41195,False,primary_fuel_out_of_scope | alternative_technology_present | electric_motor_present | insufficient_engine_specs,missing_optional:displacement_l | missing_optional:cylinders | missing_optional:engine_description,valid_positive_finite
41201,True,,,valid_positive_finite
41204,True,,,valid_positive_finite
41205,True,,,valid_positive_finite
41206,True,,,valid_positive_finite
41207,True,,,valid_positive_finite
41211,False,secondary_fuel_present | alternative_technology_present | electric_motor_present | hybrid_text_signal,,valid_positive_finite
41221,True,,missing_optional:engine_description,valid_positive_finite
41229,True,,,valid_positive_finite
41232,True,,,valid_positive_finite
41237,True,,,valid_positive_finite
41239,True,,,valid_positive_finite
41241,True,,,valid_positive_finite
41242,True,,,valid_positive_finite
41245,True,,,valid_positive_finite
41247,True,,,valid_positive_finite
41250,True,,,valid_positive_finite
41251,True,,,valid_positive_finite
41256,True,,,valid_positive_finite
41257,True,,missing_optional:engine_description,valid_positive_finite
41258,True,,missing_optional:engine_description,valid_positive_finite
41259,True,,,valid_positive_finite
41260,True,,,valid_positive_finite
41261,False,vehicle_class_out_of_scope,missing_optional:engine_description,valid_positive_finite
41262,False,vehicle_class_out_of_scope,missing_optional:engine_description,valid_positive_finite
41263,True,,,valid_positive_finite
41264,True,,,valid_positive_finite
41265,True,,,valid_positive_finite
41269,True,,,valid_positive_finite
41271,True,,,valid_positive_finite
41272,True,,,valid_positive_finite
41273,False,alternative_technology_present | electric_motor_present | hybrid_text_signal | vehicle_class_out_of_scope,,valid_positive_finite
41277,False,primary_fuel_out_of_scope | alternative_technology_present | electric_motor_present | insufficient_engine_specs,missing_optional:displacement_l | missing_optional:cylinders | missing_optional:engine_description,valid_positive_finite
41279,True,,,valid_positive_finite
41280,True,,,valid_positive_finite
41303,True,,,valid_positive_finite
41304,True,,,valid_positive_finite
41305,True,,,valid_positive_finite
41320,True,,,valid_positive_finite
41321,True,,,valid_positive_finite
41322,True,,,valid_positive_finite
41334,True,,,valid_positive_finite
41336,True,,,valid_positive_finite
41338,True,,,valid_positive_finite
41342,True,,,valid_positive_finite
41343,True,,,valid_positive_finite
41355,True,,,valid_positive_finite
41366,True,,,valid_positive_finite
41375,True,,missing_optional:engine_description,valid_positive_finite
41376,True,,missing_optional:engine_description,valid_positive_finite
41379,True,,,valid_positive_finite
41380,True,,,valid_positive_finite
41381,True,,missing_optional:engine_description,valid_positive_finite
41382,True,,missing_optional:engine_description,valid_positive_finite
41383,True,,,valid_positive_finite
41384,True,,,valid_positive_finite
41393,False,primary_fuel_out_of_scope | alternative_technology_present | electric_motor_present | insufficient_engine_specs,missing_optional:displacement_l | missing_optional:cylinders | missing_optional:engine_description,valid_positive_finite
41394,True,,missing_optional:engine_description,valid_positive_finite
41396,True,,,valid_positive_finite
41397,True,,,valid_positive_finite
41400,True,,missing_optional:engine_description,valid_positive_finite
41401,True,,missing_optional:engine_description,valid_positive_finite
41403,True,,,valid_positive_finite
41407,False,vehicle_class_out_of_scope,,valid_positive_finite
41409,True,,,valid_positive_finite
41410,True,,,valid_positive_finite
41413,False,primary_fuel_out_of_scope | alternative_technology_present | electric_motor_present | insufficient_engine_specs,missing_optional:displacement_l | missing_optional:cylinders | missing_optional:engine_description,valid_positive_finite
41415,False,primary_fuel_out_of_scope | alternative_technology_present | electric_motor_present | insufficient_engine_specs,missing_optional:displacement_l | missing_optional:cylinders | missing_optional:engine_description,valid_positive_finite
41416,False,primary_fuel_out_of_scope | alternative_technology_present | electric_motor_present | insufficient_engine_specs,missing_optional:displacement_l | missing_optional:cylinders | missing_optional:engine_description,valid_positive_finite
41418,False,primary_fuel_out_of_scope | alternative_technology_present | electric_motor_present | insufficient_engine_specs,missing_optional:displacement_l | missing_optional:cylinders | missing_optional:engine_description,valid_positive_finite
41419,False,primary_fuel_out_of_scope | alternative_technology_present | electric_motor_present | insufficient_engine_specs,missing_optional:displacement_l | missing_optional:cylinders | missing_optional:engine_description,valid_positive_finite
41420,True,,,valid_positive_finite
41421,True,,,valid_positive_finite
41423,True,,,valid_positive_finite
41424,True,,,valid_positive_finite
41427,True,,,valid_positive_finite
41429,True,,,valid_positive_finite
41431,True,,,valid_positive_finite
41434,False,primary_fuel_out_of_scope | alternative_technology_present | vehicle_class_out_of_scope,missing_optional:engine_description,valid_positive_finite
41435,False,primary_fuel_out_of_scope | alternative_technology_present,missing_optional:engine_description,valid_positive_finite
41438,True,,,valid_positive_finite
41439,True,,,valid_positive_finite
41440,True,,,valid_positive_finite
41441,True,,,valid_positive_finite
41442,True,,,valid_positive_finite
41453,True,,,valid_positive_finite
41457,True,,missing_optional:engine_description,valid_positive_finite
41461,True,,,valid_positive_finite
41462,True,,,valid_positive_finite
41463,True,,,valid_positive_finite
41468,False,vehicle_class_out_of_scope,,valid_positive_finite
41471,False,secondary_fuel_present | alternative_technology_present | vehicle_class_out_of_scope,,valid_positive_finite
41472,False,vehicle_class_out_of_scope,missing_optional:engine_description,valid_positive_finite
41474,False,vehicle_class_out_of_scope,missing_optional:engine_description,valid_positive_finite
41478,True,,missing_optional:engine_description,valid_positive_finite
41479,True,,,valid_positive_finite
41480,True,,,valid_positive_finite
41481,False,alternative_technology_present | electric_motor_present | hybrid_text_signal,,valid_positive_finite
41483,True,,,valid_positive_finite
41486,True,,,valid_positive_finite
41488,True,,,valid_positive_finite
41493,True,,,valid_positive_finite
41494,True,,,valid_positive_finite
41496,True,,,valid_positive_finite
41498,True,,,valid_positive_finite
41502,True,,,valid_positive_finite
41503,True,,,valid_positive_finite
41508,True,,,valid_positive_finite
41518,True,,missing_optional:engine_description,valid_positive_finite
41520,True,,missing_optional:engine_description,valid_positive_finite
41528,True,,,valid_positive_finite
41530,True,,,valid_positive_finite
41534,True,,,valid_positive_finite
41542,True,,,valid_positive_finite
41543,True,,,valid_positive_finite
41544,True,,,valid_positive_finite
41546,True,,,valid_positive_finite
41547,True,,,valid_positive_finite
41548,True,,,valid_positive_finite
41549,True,,,valid_positive_finite
41550,True,,,valid_positive_finite
41553,True,,missing_optional:engine_description,valid_positive_finite
41556,True,,missing_optional:engine_description,valid_positive_finite
41558,True,,,valid_positive_finite
41564,True,,,valid_positive_finite
41565,True,,,valid_positive_finite
41566,True,,,valid_positive_finite
41571,True,,,valid_positive_finite
41572,False,secondary_fuel_present | alternative_technology_present,,valid_positive_finite
41574,True,,,valid_positive_finite
41576,True,,,valid_positive_finite
41580,True,,,valid_positive_finite
41583,True,,,valid_positive_finite
41593,False,primary_fuel_out_of_scope | alternative_technology_present,missing_optional:engine_description,valid_positive_finite
41595,True,,,valid_positive_finite
41596,True,,,valid_positive_finite
41598,True,,,valid_positive_finite
41600,True,,,valid_positive_finite
41608,True,,missing_optional:engine_description,valid_positive_finite
41609,True,,missing_optional:engine_description,valid_positive_finite
41611,True,,,valid_positive_finite
41613,True,,,valid_positive_finite
41634,False,primary_fuel_out_of_scope | alternative_technology_present,missing_optional:engine_description,valid_positive_finite
41636,True,,,valid_positive_finite
41639,True,,,valid_positive_finite
41641,True,,,valid_positive_finite
41645,True,,,valid_positive_finite
41647,True,,,valid_positive_finite
41650,True,,missing_optional:engine_description,valid_positive_finite
41652,False,alternative_technology_present | electric_motor_present | hybrid_text_signal | vehicle_class_out_of_scope,,valid_positive_finite
41654,False,alternative_technology_present | electric_motor_present | hybrid_text_signal | vehicle_class_out_of_scope,,valid_positive_finite
41655,False,alternative_technology_present | electric_motor_present | hybrid_text_signal | vehicle_class_out_of_scope,,valid_positive_finite
41656,False,alternative_technology_present | electric_motor_present | hybrid_text_signal | vehicle_class_out_of_scope,,valid_positive_finite
41657,False,vehicle_class_out_of_scope,missing_optional:engine_description,valid_positive_finite
41662,True,,missing_optional:engine_description,valid_positive_finite
41663,True,,,valid_positive_finite
41665,False,alternative_technology_present | electric_motor_present | hybrid_text_signal,,valid_positive_finite
41667,True,,,valid_positive_finite
41670,True,,,valid_positive_finite
41671,True,,missing_optional:engine_description,valid_positive_finite
41672,True,,missing_optional:engine_description,valid_positive_finite
41678,False,alternative_technology_present | electric_motor_present | hybrid_text_signal,,valid_positive_finite
41679,True,,missing_optional:engine_description,valid_positive_finite
41683,True,,,valid_positive_finite
41685,True,,,valid_positive_finite
41686,True,,,valid_positive_finite
41688,True,,,valid_positive_finite
41689,True,,,valid_positive_finite
41690,True,,,valid_positive_finite
41691,True,,,valid_positive_finite
41692,True,,,valid_positive_finite
41693,True,,,valid_positive_finite
41694,True,,,valid_positive_finite
41695,True,,,valid_positive_finite
41696,True,,,valid_positive_finite
41704,False,alternative_technology_present | electric_motor_present | hybrid_text_signal,,valid_positive_finite
41706,True,,,valid_positive_finite
41709,True,,,valid_positive_finite
41714,False,alternative_technology_present | electric_motor_present | hybrid_text_signal,,valid_positive_finite
41729,True,,,valid_positive_finite
41730,True,,,valid_positive_finite
41731,True,,,valid_positive_finite
41732,True,,,valid_positive_finite
41733,True,,,valid_positive_finite
41737,True,,,valid_positive_finite
41738,True,,,valid_positive_finite
41747,True,,,valid_positive_finite
41748,True,,,valid_positive_finite
41750,True,,,valid_positive_finite
41751,True,,,valid_positive_finite
41752,True,,,valid_positive_finite
41754,True,,,valid_positive_finite
41755,True,,,valid_positive_finite
41756,True,,missing_optional:engine_description,valid_positive_finite
41763,True,,,valid_positive_finite
41764,True,,missing_optional:engine_description,valid_positive_finite
41765,False,alternative_technology_present | electric_motor_present | hybrid_text_signal,,valid_positive_finite
41766,True,,,valid_positive_finite
41767,True,,missing_optional:engine_description,valid_positive_finite
41768,True,,missing_optional:engine_description,valid_positive_finite
41769,True,,,valid_positive_finite
41770,True,,missing_optional:engine_description,valid_positive_finite
41778,True,,missing_optional:engine_description,valid_positive_finite
41779,True,,missing_optional:engine_description,valid_positive_finite
41784,True,,,valid_positive_finite
41785,True,,,valid_positive_finite
41786,True,,,valid_positive_finite
41787,True,,,valid_positive_finite
41804,True,,,valid_positive_finite
41805,True,,,valid_positive_finite
41806,True,,,valid_positive_finite
41807,True,,,valid_positive_finite
41815,True,,,valid_positive_finite
41846,False,vehicle_class_out_of_scope,,valid_positive_finite
41848,False,vehicle_class_out_of_scope,,valid_positive_finite
41850,False,vehicle_class_out_of_scope,,valid_positive_finite
41851,False,vehicle_class_out_of_scope,,valid_positive_finite
41853,False,vehicle_class_out_of_scope,,valid_positive_finite
41855,False,primary_fuel_out_of_scope | alternative_technology_present | vehicle_class_out_of_scope,missing_optional:engine_description,valid_positive_finite
41857,False,vehicle_class_out_of_scope,,valid_positive_finite
41858,False,vehicle_class_out_of_scope,,valid_positive_finite
41868,True,,,valid_positive_finite
41874,True,,,valid_positive_finite
41880,True,,missing_optional:engine_description,valid_positive_finite
41883,True,,,valid_positive_finite
41890,True,,,valid_positive_finite
41893,False,vehicle_class_out_of_scope,missing_optional:engine_description,valid_positive_finite
41894,False,vehicle_class_out_of_scope,missing_optional:engine_description,valid_positive_finite
41897,True,,,valid_positive_finite
41902,True,,missing_optional:engine_description,valid_positive_finite
41903,True,,missing_optional:engine_description,valid_positive_finite
41904,True,,missing_optional:engine_description,valid_positive_finite
41905,True,,missing_optional:engine_description,valid_positive_finite
41906,True,,missing_optional:engine_description,valid_positive_finite
41909,True,,,valid_positive_finite
41911,True,,,valid_positive_finite
41914,True,,missing_optional:engine_description,valid_positive_finite
41923,True,,,valid_positive_finite
41925,True,,,valid_positive_finite
41940,True,,,valid_positive_finite
41943,False,secondary_fuel_present | alternative_technology_present | electric_motor_present | phev_blended | hybrid_text_signal | vehicle_class_out_of_scope,,valid_positive_finite
41945,False,secondary_fuel_present | alternative_technology_present | electric_motor_present | phev_blended | hybrid_text_signal,,valid_positive_finite
41946,False,secondary_fuel_present | alternative_technology_present | electric_motor_present | phev_blended | hybrid_text_signal,,valid_positive_finite
41947,False,secondary_fuel_present | alternative_technology_present | electric_motor_present | phev_blended | hybrid_text_signal,,valid_positive_finite
41949,True,,,valid_positive_finite
41950,True,,,valid_positive_finite
41963,False,secondary_fuel_present | alternative_technology_present | vehicle_class_out_of_scope,,valid_positive_finite
41966,True,,,valid_positive_finite
41967,True,,,valid_positive_finite
41968,True,,,valid_positive_finite
41971,True,,missing_optional:engine_description,valid_positive_finite
41976,True,,missing_optional:engine_description,valid_positive_finite
41978,False,secondary_fuel_present | alternative_technology_present | electric_motor_present | hybrid_text_signal,,valid_positive_finite
41980,True,,,valid_positive_finite
41982,True,,,valid_positive_finite
41988,True,,,valid_positive_finite
41989,True,,,valid_positive_finite
41998,True,,,valid_positive_finite
42001,False,alternative_technology_present | electric_motor_present | hybrid_text_signal,,valid_positive_finite
42003,True,,,valid_positive_finite
42006,True,,,valid_positive_finite
42007,True,,,valid_positive_finite
42008,True,,,valid_positive_finite
42012,True,,,valid_positive_finite
42019,True,,,valid_positive_finite
42020,True,,,valid_positive_finite
42021,True,,,valid_positive_finite
42022,True,,,valid_positive_finite
42023,True,,,valid_positive_finite
42024,True,,,valid_positive_finite
42025,True,,,valid_positive_finite
42028,True,,,valid_positive_finite
42032,False,vehicle_class_out_of_scope,,valid_positive_finite
42033,False,vehicle_class_out_of_scope,,valid_positive_finite
42034,False,vehicle_class_out_of_scope,missing_optional:engine_description,valid_positive_finite
42040,True,,missing_optional:engine_description,valid_positive_finite
42048,True,,missing_optional:engine_description,valid_positive_finite
42052,True,,,valid_positive_finite
42058,True,,,valid_positive_finite
42064,True,,,valid_positive_finite
42066,True,,,valid_positive_finite
42067,True,,,valid_positive_finite
42068,True,,,valid_positive_finite
42076,True,,,valid_positive_finite
42081,True,,,valid_positive_finite
42082,True,,,valid_positive_finite
42088,False,primary_fuel_out_of_scope | alternative_technology_present | electric_motor_present | insufficient_engine_specs,missing_optional:displacement_l | missing_optional:cylinders | missing_optional:engine_description,valid_positive_finite
42097,True,,missing_optional:engine_description,valid_positive_finite
42099,True,,,valid_positive_finite
42101,True,,,valid_positive_finite
42104,True,,,valid_positive_finite
42107,True,,,valid_positive_finite
42111,False,secondary_fuel_present | alternative_technology_present | electric_motor_present | hybrid_text_signal,,valid_positive_finite
42113,False,secondary_fuel_present | alternative_technology_present | electric_motor_present | hybrid_text_signal,,valid_positive_finite
42117,True,,,valid_positive_finite
42121,True,,,valid_positive_finite
42124,True,,,valid_positive_finite
42127,True,,,valid_positive_finite
42132,False,alternative_technology_present | electric_motor_present | hybrid_text_signal,,valid_positive_finite
42136,True,,,valid_positive_finite
42138,True,,missing_optional:engine_description,valid_positive_finite
42146,True,,,valid_positive_finite
42147,True,,,valid_positive_finite
42148,True,,,valid_positive_finite
42155,False,primary_fuel_out_of_scope | alternative_technology_present | vehicle_class_out_of_scope,missing_optional:engine_description,valid_positive_finite
42157,True,,,valid_positive_finite
42158,True,,,valid_positive_finite
42159,True,,,valid_positive_finite
42160,True,,missing_optional:engine_description,valid_positive_finite
42161,True,,missing_optional:engine_description,valid_positive_finite
42163,True,,,valid_positive_finite
42165,True,,,valid_positive_finite
42166,True,,,valid_positive_finite
42181,True,,,valid_positive_finite
42182,True,,,valid_positive_finite
42183,True,,,valid_positive_finite
42190,True,,,valid_positive_finite
42192,False,alternative_technology_present | electric_motor_present | hybrid_text_signal,,valid_positive_finite
42194,True,,,valid_positive_finite
42200,True,,,valid_positive_finite
42205,True,,,valid_positive_finite
42209,False,secondary_fuel_present | alternative_technology_present | electric_motor_present | phev_blended | hybrid_text_signal,,valid_positive_finite
42210,True,,missing_optional:engine_description,valid_positive_finite
42212,True,,,valid_positive_finite
42216,True,,,valid_positive_finite
42219,True,,,valid_positive_finite
42222,False,alternative_technology_present | electric_motor_present | hybrid_text_signal,,valid_positive_finite
42227,True,,missing_optional:engine_description,valid_positive_finite
42228,True,,missing_optional:engine_description,valid_positive_finite
42229,True,,missing_optional:engine_description,valid_positive_finite
42230,True,,missing_optional:engine_description,valid_positive_finite
42231,True,,,valid_positive_finite
42234,False,alternative_technology_present | electric_motor_present | hybrid_text_signal,,valid_positive_finite
42235,False,alternative_technology_present | electric_motor_present | hybrid_text_signal,,valid_positive_finite
42248,True,,,valid_positive_finite
42251,True,,missing_optional:engine_description,valid_positive_finite
42256,True,,,valid_positive_finite
42257,True,,,valid_positive_finite
42262,True,,,valid_positive_finite
42263,True,,,valid_positive_finite
42265,True,,,valid_positive_finite
42270,True,,,valid_positive_finite
42276,False,primary_fuel_out_of_scope | alternative_technology_present | electric_motor_present | insufficient_engine_specs,missing_optional:displacement_l | missing_optional:cylinders | missing_optional:engine_description,valid_positive_finite
42277,False,primary_fuel_out_of_scope | alternative_technology_present | electric_motor_present | insufficient_engine_specs,missing_optional:displacement_l | missing_optional:cylinders | missing_optional:engine_description,valid_positive_finite
42278,False,primary_fuel_out_of_scope | alternative_technology_present | electric_motor_present | insufficient_engine_specs,missing_optional:displacement_l | missing_optional:cylinders | missing_optional:engine_description,valid_positive_finite
42279,False,primary_fuel_out_of_scope | alternative_technology_present | electric_motor_present | insufficient_engine_specs,missing_optional:displacement_l | missing_optional:cylinders | missing_optional:engine_description,valid_positive_finite
42288,False,primary_fuel_out_of_scope | alternative_technology_present | electric_motor_present | insufficient_engine_specs,missing_optional:displacement_l | missing_optional:cylinders | missing_optional:engine_description,valid_positive_finite
42291,False,secondary_fuel_present | alternative_technology_present | electric_motor_present | hybrid_text_signal,,valid_positive_finite
42292,False,secondary_fuel_present | alternative_technology_present | electric_motor_present | phev_blended | hybrid_text_signal,,valid_positive_finite
42293,True,,,valid_positive_finite
42294,False,alternative_technology_present | electric_motor_present | hybrid_text_signal,,valid_positive_finite
42300,True,,,valid_positive_finite
42301,True,,,valid_positive_finite
42307,False,alternative_technology_present | electric_motor_present | hybrid_text_signal,,valid_positive_finite
42308,False,alternative_technology_present | electric_motor_present | hybrid_text_signal,,valid_positive_finite
42311,False,alternative_technology_present | electric_motor_present | hybrid_text_signal,,valid_positive_finite
42312,True,,,valid_positive_finite
42313,True,,,valid_positive_finite
42318,True,,,valid_positive_finite
42319,True,,,valid_positive_finite
42320,True,,,valid_positive_finite
42326,True,,missing_optional:engine_description,valid_positive_finite
42327,True,,missing_optional:engine_description,valid_positive_finite
42328,True,,missing_optional:engine_description,valid_positive_finite
42329,True,,missing_optional:engine_description,valid_positive_finite
42330,True,,missing_optional:engine_description,valid_positive_finite
42336,True,,,valid_positive_finite
42337,True,,,valid_positive_finite
42346,True,,,valid_positive_finite
42354,False,secondary_fuel_present | alternative_technology_present | electric_motor_present | phev_blended | hybrid_text_signal,,valid_positive_finite
42357,False,secondary_fuel_present | alternative_technology_present | electric_motor_present | hybrid_text_signal,,valid_positive_finite
42359,True,,,valid_positive_finite
42362,True,,,valid_positive_finite
42364,True,,,valid_positive_finite
42365,True,,,valid_positive_finite
42366,True,,,valid_positive_finite
42367,True,,,valid_positive_finite
42368,True,,,valid_positive_finite
42371,False,secondary_fuel_present | alternative_technology_present | electric_motor_present | phev_blended | hybrid_text_signal,,valid_positive_finite
42374,False,secondary_fuel_present | alternative_technology_present | electric_motor_present | phev_blended | hybrid_text_signal,,valid_positive_finite
42376,False,secondary_fuel_present | alternative_technology_present | electric_motor_present | phev_blended | hybrid_text_signal,,valid_positive_finite
42377,False,secondary_fuel_present | alternative_technology_present | electric_motor_present | phev_blended | hybrid_text_signal,,valid_positive_finite
42382,True,,,valid_positive_finite
42386,True,,,valid_positive_finite
42390,True,,missing_optional:engine_description,valid_positive_finite
42392,True,,missing_optional:engine_description,valid_positive_finite
42397,False,vehicle_class_out_of_scope,,valid_positive_finite
42398,False,vehicle_class_out_of_scope,missing_optional:engine_description,valid_positive_finite
42399,False,vehicle_class_out_of_scope,missing_optional:engine_description,valid_positive_finite
42400,False,vehicle_class_out_of_scope,,valid_positive_finite
42401,False,vehicle_class_out_of_scope,missing_optional:engine_description,valid_positive_finite
42402,False,vehicle_class_out_of_scope,missing_optional:engine_description,valid_positive_finite
42403,True,,,valid_positive_finite
42404,True,,,valid_positive_finite
42405,False,primary_fuel_out_of_scope | alternative_technology_present,missing_optional:engine_description,valid_positive_finite
42407,True,,,valid_positive_finite
42409,True,,,valid_positive_finite
42416,True,,,valid_positive_finite
42418,True,,,valid_positive_finite
42421,False,vehicle_class_out_of_scope,missing_optional:engine_description,valid_positive_finite
42423,False,vehicle_class_out_of_scope,missing_optional:engine_description,valid_positive_finite
42425,True,,,valid_positive_finite
42433,True,,,valid_positive_finite
42434,True,,,valid_positive_finite
42438,True,,,valid_positive_finite
42439,True,,,valid_positive_finite
42441,True,,,valid_positive_finite
42449,True,,,valid_positive_finite
42450,True,,,valid_positive_finite
42452,False,vehicle_class_out_of_scope,,valid_positive_finite
42454,True,,,valid_positive_finite
42456,False,alternative_technology_present | electric_motor_present | hybrid_text_signal,,valid_positive_finite
42457,True,,,valid_positive_finite
42464,True,,,valid_positive_finite
42465,True,,,valid_positive_finite
42466,True,,,valid_positive_finite
42469,True,,,valid_positive_finite
42471,True,,,valid_positive_finite
42473,True,,,valid_positive_finite
42474,False,primary_fuel_out_of_scope | alternative_technology_present | electric_motor_present | insufficient_engine_specs,missing_optional:displacement_l | missing_optional:cylinders | missing_optional:engine_description,valid_positive_finite
42481,True,,,valid_positive_finite
42482,True,,,valid_positive_finite
42485,True,,,valid_positive_finite
42487,True,,,valid_positive_finite
42493,True,,,valid_positive_finite
42494,True,,,valid_positive_finite
42495,True,,,valid_positive_finite
42501,True,,,valid_positive_finite
42502,False,alternative_technology_present | electric_motor_present | hybrid_text_signal,,valid_positive_finite
42508,False,primary_fuel_out_of_scope | alternative_technology_present | electric_motor_present | insufficient_engine_specs,missing_optional:displacement_l | missing_optional:cylinders | missing_optional:engine_description,valid_positive_finite
42514,False,primary_fuel_out_of_scope | alternative_technology_present | electric_motor_present | insufficient_engine_specs,missing_optional:displacement_l | missing_optional:cylinders | missing_optional:engine_description,valid_positive_finite
42515,True,,,valid_positive_finite
42516,True,,,valid_positive_finite
42519,False,primary_fuel_out_of_scope | alternative_technology_present | vehicle_class_out_of_scope,missing_optional:engine_description,valid_positive_finite
42521,True,,,valid_positive_finite
42530,True,,,valid_positive_finite
42533,True,,,valid_positive_finite
42534,True,,,valid_positive_finite
42535,True,,,valid_positive_finite
42537,False,alternative_technology_present | electric_motor_present | hybrid_text_signal,,valid_positive_finite
42554,False,vehicle_class_out_of_scope,,valid_positive_finite
42560,False,secondary_fuel_present | alternative_technology_present | electric_motor_present | phev_blended | hybrid_text_signal,,valid_positive_finite
42561,False,primary_fuel_out_of_scope | alternative_technology_present | electric_motor_present | insufficient_engine_specs,missing_optional:displacement_l | missing_optional:cylinders | missing_optional:engine_description,valid_positive_finite
42562,False,primary_fuel_out_of_scope | alternative_technology_present | electric_motor_present | insufficient_engine_specs,missing_optional:displacement_l | missing_optional:cylinders | missing_optional:engine_description,valid_positive_finite
42566,True,,,valid_positive_finite
42570,False,secondary_fuel_present | alternative_technology_present | electric_motor_present | phev_blended | hybrid_text_signal,,valid_positive_finite
42575,True,,,valid_positive_finite
42579,True,,missing_optional:engine_description,valid_positive_finite
42591,False,alternative_technology_present | electric_motor_present | hybrid_text_signal,,valid_positive_finite
42603,True,,,valid_positive_finite
42604,True,,,valid_positive_finite
42605,True,,,valid_positive_finite
42606,True,,,valid_positive_finite
42607,True,,,valid_positive_finite
42608,True,,,valid_positive_finite
42610,True,,,valid_positive_finite
42611,True,,missing_optional:engine_description,valid_positive_finite
42615,False,alternative_technology_present | electric_motor_present | hybrid_text_signal,,valid_positive_finite
42616,True,,,valid_positive_finite
42619,True,,,valid_positive_finite
42621,True,,,valid_positive_finite
42622,True,,,valid_positive_finite
42623,True,,,valid_positive_finite
42624,True,,,valid_positive_finite
42625,True,,,valid_positive_finite
42626,True,,,valid_positive_finite
42628,True,,,valid_positive_finite
42634,False,primary_fuel_out_of_scope | alternative_technology_present | electric_motor_present | insufficient_engine_specs,missing_optional:displacement_l | missing_optional:cylinders | missing_optional:engine_description,valid_positive_finite
42635,True,,,valid_positive_finite
42636,True,,,valid_positive_finite
42637,True,,missing_optional:engine_description,valid_positive_finite
42639,True,,missing_optional:engine_description,valid_positive_finite
42643,True,,,valid_positive_finite
42646,True,,,valid_positive_finite
42648,True,,missing_optional:engine_description,valid_positive_finite
42649,True,,missing_optional:engine_description,valid_positive_finite
42650,True,,missing_optional:engine_description,valid_positive_finite
42652,True,,,valid_positive_finite
42669,True,,missing_optional:engine_description,valid_positive_finite
42670,True,,missing_optional:engine_description,valid_positive_finite
42671,True,,missing_optional:engine_description,valid_positive_finite
42672,True,,missing_optional:engine_description,valid_positive_finite
42673,False,alternative_technology_present | electric_motor_present | hybrid_text_signal,,valid_positive_finite
42678,True,,,valid_positive_finite
42680,True,,,valid_positive_finite
42682,True,,,valid_positive_finite
42686,True,,,valid_positive_finite
42687,True,,,valid_positive_finite
42688,True,,,valid_positive_finite
42690,True,,,valid_positive_finite
42695,True,,,valid_positive_finite
42696,True,,,valid_positive_finite
42698,True,,missing_optional:engine_description,valid_positive_finite
42702,True,,missing_optional:engine_description,valid_positive_finite
42703,True,,missing_optional:engine_description,valid_positive_finite
42706,True,,missing_optional:engine_description,valid_positive_finite
42707,True,,missing_optional:engine_description,valid_positive_finite
42709,True,,missing_optional:engine_description,valid_positive_finite
42710,True,,missing_optional:engine_description,valid_positive_finite
42711,True,,missing_optional:engine_description,valid_positive_finite
42712,True,,missing_optional:engine_description,valid_positive_finite
42713,True,,missing_optional:engine_description,valid_positive_finite
42714,True,,missing_optional:engine_description,valid_positive_finite
42715,True,,missing_optional:engine_description,valid_positive_finite
42716,True,,missing_optional:engine_description,valid_positive_finite
42717,True,,missing_optional:engine_description,valid_positive_finite
42719,True,,,valid_positive_finite
42737,True,,,valid_positive_finite
42738,True,,,valid_positive_finite
42744,False,secondary_fuel_present | alternative_technology_present | electric_motor_present | phev_blended | hybrid_text_signal,,valid_positive_finite
42753,True,,,valid_positive_finite
42754,True,,,valid_positive_finite
42755,False,primary_fuel_out_of_scope | alternative_technology_present | electric_motor_present | insufficient_engine_specs,missing_optional:displacement_l | missing_optional:cylinders | missing_optional:engine_description,valid_positive_finite
42761,True,,,valid_positive_finite
42762,True,,,valid_positive_finite
42763,True,,,valid_positive_finite
42764,True,,,valid_positive_finite
42765,True,,,valid_positive_finite
42766,True,,,valid_positive_finite
42767,True,,,valid_positive_finite
42768,True,,,valid_positive_finite
42769,True,,,valid_positive_finite
42770,True,,,valid_positive_finite
42771,True,,,valid_positive_finite
42772,True,,,valid_positive_finite
42773,True,,,valid_positive_finite
42776,True,,,valid_positive_finite
42783,True,,missing_optional:engine_description,valid_positive_finite
42789,False,alternative_technology_present | electric_motor_present | hybrid_text_signal,,valid_positive_finite
42792,True,,,valid_positive_finite
42798,True,,,valid_positive_finite
42799,True,,,valid_positive_finite
42800,True,,,valid_positive_finite
42801,True,,,valid_positive_finite
42802,True,,,valid_positive_finite
42803,True,,,valid_positive_finite
42805,False,secondary_fuel_present | alternative_technology_present | electric_motor_present | hybrid_text_signal,,valid_positive_finite
42813,True,,,valid_positive_finite
42815,True,,missing_optional:engine_description,valid_positive_finite
42816,False,primary_fuel_out_of_scope | alternative_technology_present | electric_motor_present | insufficient_engine_specs,missing_optional:displacement_l | missing_optional:cylinders | missing_optional:engine_description,valid_positive_finite
42820,True,,,valid_positive_finite
42821,True,,,valid_positive_finite
42822,True,,,valid_positive_finite
42825,True,,,valid_positive_finite
42827,True,,,valid_positive_finite
42828,True,,,valid_positive_finite
42831,True,,,valid_positive_finite
42832,True,,,valid_positive_finite
42834,True,,,valid_positive_finite
42839,True,,,valid_positive_finite
42841,True,,,valid_positive_finite
42842,True,,,valid_positive_finite
42843,True,,,valid_positive_finite
42846,True,,,valid_positive_finite
42847,True,,,valid_positive_finite
42857,True,,,valid_positive_finite
42858,True,,,valid_positive_finite
42859,True,,,valid_positive_finite
42866,False,alternative_technology_present | electric_motor_present | hybrid_text_signal,,valid_positive_finite
42874,True,,,valid_positive_finite
42892,True,,,valid_positive_finite
42906,False,alternative_technology_present | electric_motor_present | hybrid_text_signal,,valid_positive_finite
42908,False,alternative_technology_present | electric_motor_present | hybrid_text_signal,,valid_positive_finite
42909,True,,,valid_positive_finite
42911,True,,missing_optional:engine_description,valid_positive_finite
42916,False,primary_fuel_out_of_scope | alternative_technology_present | electric_motor_present | insufficient_engine_specs,missing_optional:displacement_l | missing_optional:cylinders | missing_optional:engine_description,valid_positive_finite
42917,True,,,valid_positive_finite
42924,True,,missing_optional:engine_description,valid_positive_finite
42926,False,alternative_technology_present | electric_motor_present | hybrid_text_signal,,valid_positive_finite
42927,True,,,valid_positive_finite
42928,True,,,valid_positive_finite
42929,True,,,valid_positive_finite
42938,True,,,valid_positive_finite
42941,True,,,valid_positive_finite
42948,True,,,valid_positive_finite
42949,True,,,valid_positive_finite
42953,False,vehicle_class_out_of_scope,,valid_positive_finite
42958,True,,,valid_positive_finite
42968,True,,,valid_positive_finite
42969,True,,,valid_positive_finite
42975,True,,,valid_positive_finite
42977,False,alternative_technology_present | electric_motor_present | hybrid_text_signal,,valid_positive_finite
42986,False,vehicle_class_out_of_scope,missing_optional:engine_description,valid_positive_finite
42987,True,,missing_optional:engine_description,valid_positive_finite
42990,True,,missing_optional:engine_description,valid_positive_finite
42991,True,,missing_optional:engine_description,valid_positive_finite
42992,True,,missing_optional:engine_description,valid_positive_finite
42993,True,,,valid_positive_finite
42995,True,,,valid_positive_finite
42997,True,,,valid_positive_finite
43006,False,alternative_technology_present | electric_motor_present | hybrid_text_signal | vehicle_class_out_of_scope,,valid_positive_finite
43007,False,primary_fuel_out_of_scope | alternative_technology_present | vehicle_class_out_of_scope,missing_optional:engine_description,valid_positive_finite
43008,False,alternative_technology_present | electric_motor_present | hybrid_text_signal | vehicle_class_out_of_scope,,valid_positive_finite
43009,False,vehicle_class_out_of_scope,missing_optional:engine_description,valid_positive_finite
43012,False,primary_fuel_out_of_scope | alternative_technology_present | vehicle_class_out_of_scope,missing_optional:engine_description,valid_positive_finite
43013,False,primary_fuel_out_of_scope | alternative_technology_present | vehicle_class_out_of_scope,missing_optional:engine_description,valid_positive_finite
43014,False,alternative_technology_present | electric_motor_present | hybrid_text_signal | vehicle_class_out_of_scope,,valid_positive_finite
43015,False,primary_fuel_out_of_scope | alternative_technology_present | vehicle_class_out_of_scope,missing_optional:engine_description,valid_positive_finite
43016,False,alternative_technology_present | electric_motor_present | hybrid_text_signal | vehicle_class_out_of_scope,,valid_positive_finite
43017,False,vehicle_class_out_of_scope,missing_optional:engine_description,valid_positive_finite
43020,True,,,valid_positive_finite
43023,True,,,valid_positive_finite
43027,False,alternative_technology_present | electric_motor_present | hybrid_text_signal,,valid_positive_finite
43029,False,reviewed_powertrain_uncertain:audi_sq7_sq8_4l_technology_uncertain,,valid_positive_finite
43030,True,,,valid_positive_finite
43041,True,,,valid_positive_finite
43042,True,,,valid_positive_finite
43043,True,,,valid_positive_finite
43046,True,,missing_optional:engine_description,valid_positive_finite
43047,True,,,valid_positive_finite
43048,True,,,valid_positive_finite
43049,True,,,valid_positive_finite
43050,True,,,valid_positive_finite
43051,True,,,valid_positive_finite
43052,True,,,valid_positive_finite
43053,True,,,valid_positive_finite
43055,True,,,valid_positive_finite
43056,True,,,valid_positive_finite
43057,True,,,valid_positive_finite
43061,True,,,valid_positive_finite
43071,True,,,valid_positive_finite
43077,True,,,valid_positive_finite
43127,True,,,valid_positive_finite
43132,True,,,valid_positive_finite
43133,True,,,valid_positive_finite
43134,True,,,valid_positive_finite
43137,True,,,valid_positive_finite
43143,False,secondary_fuel_present | alternative_technology_present | electric_motor_present | phev_blended | hybrid_text_signal,,valid_positive_finite
43144,False,secondary_fuel_present | alternative_technology_present | electric_motor_present | phev_blended | hybrid_text_signal,,valid_positive_finite
43145,False,secondary_fuel_present | alternative_technology_present | electric_motor_present | phev_blended | hybrid_text_signal,,valid_positive_finite
43147,True,,,valid_positive_finite
43149,True,,,valid_positive_finite
43151,True,,,valid_positive_finite
43153,True,,,valid_positive_finite
43158,True,,,valid_positive_finite
43162,True,,,valid_positive_finite
43163,True,,,valid_positive_finite
43164,True,,missing_optional:engine_description,valid_positive_finite
43166,True,,missing_optional:engine_description,valid_positive_finite
43167,True,,missing_optional:engine_description,valid_positive_finite
43168,True,,missing_optional:engine_description,valid_positive_finite
43171,True,,missing_optional:engine_description,valid_positive_finite
43172,True,,,valid_positive_finite
43173,True,,,valid_positive_finite
43176,True,,,valid_positive_finite
43177,True,,,valid_positive_finite
43178,True,,,valid_positive_finite
43179,True,,,valid_positive_finite
43180,True,,,valid_positive_finite
43182,True,,,valid_positive_finite
43183,True,,,valid_positive_finite
43184,True,,,valid_positive_finite
43200,True,,,valid_positive_finite
43201,True,,,valid_positive_finite
43202,True,,,valid_positive_finite
43203,True,,,valid_positive_finite
43205,True,,,valid_positive_finite
43207,False,alternative_technology_present | electric_motor_present | hybrid_text_signal,,valid_positive_finite
43208,True,,,valid_positive_finite
43209,True,,,valid_positive_finite
43210,True,,,valid_positive_finite
43212,True,,missing_optional:engine_description,valid_positive_finite
43214,False,secondary_fuel_present | alternative_technology_present | electric_motor_present | phev_blended | hybrid_text_signal,,valid_positive_finite
43215,True,,missing_optional:engine_description,valid_positive_finite
43224,True,,,valid_positive_finite
43225,True,,,valid_positive_finite
43229,False,alternative_technology_present | electric_motor_present | hybrid_text_signal | reviewed_powertrain_hybrid:audi_2021_2022_a4_a5_q5_2l_mild_hybrid,,valid_positive_finite
43231,True,,,valid_positive_finite
43233,True,,,valid_positive_finite
43235,True,,,valid_positive_finite
43237,True,,,valid_positive_finite
43240,True,,,valid_positive_finite
43241,True,,,valid_positive_finite
43248,True,,,valid_positive_finite
43250,True,,,valid_positive_finite
43251,True,,,valid_positive_finite
43253,True,,,valid_positive_finite
43257,True,,,valid_positive_finite
43260,True,,,valid_positive_finite
43264,False,vehicle_class_out_of_scope,missing_optional:engine_description,valid_positive_finite
43265,False,vehicle_class_out_of_scope,missing_optional:engine_description,valid_positive_finite
43269,False,vehicle_class_out_of_scope,,valid_positive_finite
43272,True,,,valid_positive_finite
43273,True,,,valid_positive_finite
43275,True,,,valid_positive_finite
43281,True,,,valid_positive_finite
43282,True,,,valid_positive_finite
43286,True,,,valid_positive_finite
43287,True,,missing_optional:engine_description,valid_positive_finite
43293,True,,,valid_positive_finite
43294,False,primary_fuel_out_of_scope | alternative_technology_present | electric_motor_present | insufficient_engine_specs,missing_optional:displacement_l | missing_optional:cylinders | missing_optional:engine_description,valid_positive_finite
43295,False,primary_fuel_out_of_scope | alternative_technology_present | electric_motor_present | insufficient_engine_specs,missing_optional:displacement_l | missing_optional:cylinders | missing_optional:engine_description,valid_positive_finite
43296,False,secondary_fuel_present | alternative_technology_present | electric_motor_present | phev_blended | hybrid_text_signal,,valid_positive_finite
43297,True,,,valid_positive_finite
43298,True,,,valid_positive_finite
43299,True,,,valid_positive_finite
43304,True,,,valid_positive_finite
43306,True,,,valid_positive_finite
43308,False,alternative_technology_present | electric_motor_present | hybrid_text_signal,,valid_positive_finite
43316,True,,,valid_positive_finite
43317,True,,,valid_positive_finite
43318,True,,,valid_positive_finite
43319,True,,missing_optional:engine_description,valid_positive_finite
43322,False,secondary_fuel_present | alternative_technology_present | electric_motor_present | phev_blended | hybrid_text_signal,,valid_positive_finite
43326,True,,,valid_positive_finite
43328,True,,,valid_positive_finite
43330,True,,,valid_positive_finite
43351,False,alternative_technology_present | electric_motor_present | hybrid_text_signal,,valid_positive_finite
43352,True,,,valid_positive_finite
43353,True,,,valid_positive_finite
43364,False,alternative_technology_present | electric_motor_present | hybrid_text_signal,,valid_positive_finite
43367,True,,,valid_positive_finite
43368,True,,,valid_positive_finite
43372,True,,,valid_positive_finite
43373,True,,,valid_positive_finite
43375,True,,,valid_positive_finite
43379,True,,,valid_positive_finite
43386,True,,,valid_positive_finite
43387,False,alternative_technology_present | electric_motor_present | hybrid_text_signal,,valid_positive_finite
43388,False,alternative_technology_present | electric_motor_present | hybrid_text_signal,,valid_positive_finite
43389,True,,,valid_positive_finite
43390,True,,,valid_positive_finite
43394,True,,,valid_positive_finite
43399,True,,missing_optional:engine_description,valid_positive_finite
43401,False,primary_fuel_out_of_scope | alternative_technology_present | electric_motor_present | insufficient_engine_specs,missing_optional:displacement_l | missing_optional:cylinders | missing_optional:engine_description,valid_positive_finite
43402,False,primary_fuel_out_of_scope | alternative_technology_present | electric_motor_present | insufficient_engine_specs,missing_optional:displacement_l | missing_optional:cylinders | missing_optional:engine_description,valid_positive_finite
43404,False,primary_fuel_out_of_scope | alternative_technology_present | electric_motor_present | insufficient_engine_specs,missing_optional:displacement_l | missing_optional:cylinders | missing_optional:engine_description,valid_positive_finite
43405,False,primary_fuel_out_of_scope | alternative_technology_present | electric_motor_present | insufficient_engine_specs,missing_optional:displacement_l | missing_optional:cylinders | missing_optional:engine_description,valid_positive_finite
43406,False,primary_fuel_out_of_scope | alternative_technology_present | electric_motor_present | insufficient_engine_specs,missing_optional:displacement_l | missing_optional:cylinders | missing_optional:engine_description,valid_positive_finite
43409,True,,missing_optional:engine_description,valid_positive_finite
43410,True,,missing_optional:engine_description,valid_positive_finite
43411,True,,,valid_positive_finite
43412,False,primary_fuel_out_of_scope | alternative_technology_present | electric_motor_present | insufficient_engine_specs,missing_optional:displacement_l | missing_optional:cylinders | missing_optional:engine_description,valid_positive_finite
43414,True,,,valid_positive_finite
43415,False,alternative_technology_present | electric_motor_present | hybrid_text_signal | vehicle_class_out_of_scope,,valid_positive_finite
43417,False,vehicle_class_out_of_scope,missing_optional:engine_description,valid_positive_finite
43418,False,vehicle_class_out_of_scope,missing_optional:engine_description,valid_positive_finite
43419,False,vehicle_class_out_of_scope,missing_optional:engine_description,valid_positive_finite
43426,True,,missing_optional:engine_description,valid_positive_finite
43427,True,,missing_optional:engine_description,valid_positive_finite
43431,True,,,valid_positive_finite
43441,True,,missing_optional:engine_description,valid_positive_finite
43442,True,,missing_optional:engine_description,valid_positive_finite
43443,True,,missing_optional:engine_description,valid_positive_finite
43446,True,,,valid_positive_finite
43447,True,,,valid_positive_finite
43448,True,,missing_optional:engine_description,valid_positive_finite
43449,True,,missing_optional:engine_description,valid_positive_finite
43450,True,,missing_optional:engine_description,valid_positive_finite
43453,True,,missing_optional:engine_description,valid_positive_finite
43454,True,,,valid_positive_finite
43468,False,vehicle_class_out_of_scope,missing_optional:engine_description,valid_positive_finite
43469,False,vehicle_class_out_of_scope,missing_optional:engine_description,valid_positive_finite
43473,True,,missing_optional:engine_description,valid_positive_finite
43474,True,,missing_optional:engine_description,valid_positive_finite
43476,False,alternative_technology_present | electric_motor_present | hybrid_text_signal,,valid_positive_finite
43477,True,,missing_optional:engine_description,valid_positive_finite
43478,True,,missing_optional:engine_description,valid_positive_finite
43479,True,,,valid_positive_finite
43483,True,,missing_optional:engine_description,valid_positive_finite
43484,True,,missing_optional:engine_description,valid_positive_finite
43485,True,,missing_optional:engine_description,valid_positive_finite
43486,True,,missing_optional:engine_description,valid_positive_finite
43487,True,,,valid_positive_finite
43491,True,,,valid_positive_finite
43492,False,primary_fuel_out_of_scope | alternative_technology_present,missing_optional:engine_description,valid_positive_finite
43493,False,primary_fuel_out_of_scope | alternative_technology_present,missing_optional:engine_description,valid_positive_finite
43495,False,primary_fuel_out_of_scope | alternative_technology_present,missing_optional:engine_description,valid_positive_finite
43496,False,primary_fuel_out_of_scope | alternative_technology_present,missing_optional:engine_description,valid_positive_finite
43497,False,secondary_fuel_present | alternative_technology_present | electric_motor_present | phev_blended | hybrid_text_signal | vehicle_class_out_of_scope,,valid_positive_finite
43501,True,,,valid_positive_finite
43517,False,primary_fuel_out_of_scope | alternative_technology_present | electric_motor_present | insufficient_engine_specs,missing_optional:displacement_l | missing_optional:cylinders | missing_optional:engine_description,valid_positive_finite
43530,True,,,valid_positive_finite
43541,True,,,valid_positive_finite
43545,True,,,valid_positive_finite
43547,True,,,valid_positive_finite
43566,True,,missing_optional:engine_description,valid_positive_finite
43567,True,,missing_optional:engine_description,valid_positive_finite
43568,True,,missing_optional:engine_description,valid_positive_finite
43569,True,,missing_optional:engine_description,valid_positive_finite
43571,False,alternative_technology_present | electric_motor_present | hybrid_text_signal,,valid_positive_finite
43572,True,,,valid_positive_finite
43573,True,,,valid_positive_finite
43574,True,,,valid_positive_finite
43576,True,,,valid_positive_finite
43578,True,,,valid_positive_finite
43590,True,,,valid_positive_finite
43591,True,,,valid_positive_finite
43592,True,,,valid_positive_finite
43593,False,primary_fuel_out_of_scope | alternative_technology_present,missing_optional:engine_description,valid_positive_finite
43595,False,primary_fuel_out_of_scope | alternative_technology_present,missing_optional:engine_description,valid_positive_finite
43597,True,,,valid_positive_finite
43601,True,,,valid_positive_finite
43606,False,secondary_fuel_present | alternative_technology_present | electric_motor_present | hybrid_text_signal,,valid_positive_finite
43607,False,secondary_fuel_present | alternative_technology_present | electric_motor_present | hybrid_text_signal,,valid_positive_finite
43611,True,,,valid_positive_finite
43622,True,,,valid_positive_finite
43624,False,alternative_technology_present | electric_motor_present | hybrid_text_signal,,valid_positive_finite
43628,True,,,valid_positive_finite
43629,True,,,valid_positive_finite
43630,True,,missing_optional:engine_description,valid_positive_finite
43631,False,alternative_technology_present | electric_motor_present | hybrid_text_signal,,valid_positive_finite
43639,True,,,valid_positive_finite
43640,False,primary_fuel_out_of_scope | alternative_technology_present | electric_motor_present | insufficient_engine_specs,missing_optional:displacement_l | missing_optional:cylinders,valid_positive_finite
43642,True,,,valid_positive_finite
43643,True,,,valid_positive_finite
43644,False,alternative_technology_present | electric_motor_present | hybrid_text_signal,,valid_positive_finite
43649,False,alternative_technology_present | electric_motor_present | hybrid_text_signal,,valid_positive_finite
43654,True,,,valid_positive_finite
43658,False,alternative_technology_present | electric_motor_present | hybrid_text_signal,,valid_positive_finite
43659,True,,,valid_positive_finite
43660,True,,,valid_positive_finite
43661,True,,,valid_positive_finite
43664,False,primary_fuel_out_of_scope | alternative_technology_present | electric_motor_present | insufficient_engine_specs,missing_optional:displacement_l | missing_optional:cylinders | missing_optional:engine_description,valid_positive_finite
43666,False,primary_fuel_out_of_scope | alternative_technology_present | electric_motor_present | insufficient_engine_specs,missing_optional:displacement_l | missing_optional:cylinders | missing_optional:engine_description,valid_positive_finite
43668,True,,,valid_positive_finite
43670,True,,,valid_positive_finite
43682,True,,missing_optional:engine_description,valid_positive_finite
43687,False,secondary_fuel_present | alternative_technology_present | electric_motor_present | phev_blended | hybrid_text_signal,,valid_positive_finite
43688,False,vehicle_class_out_of_scope,,valid_positive_finite
43695,True,,,valid_positive_finite
43696,True,,,valid_positive_finite
43703,True,,,valid_positive_finite
43706,True,,,valid_positive_finite
43707,True,,,valid_positive_finite
43709,True,,,valid_positive_finite
43710,False,alternative_technology_present | electric_motor_present | hybrid_text_signal,,valid_positive_finite
43717,True,,,valid_positive_finite
43718,True,,,valid_positive_finite
43719,True,,,valid_positive_finite
43722,False,primary_fuel_out_of_scope | alternative_technology_present | vehicle_class_out_of_scope,missing_optional:engine_description,valid_positive_finite
43724,False,secondary_fuel_present | alternative_technology_present | electric_motor_present | phev_blended | hybrid_text_signal,,valid_positive_finite
43726,False,secondary_fuel_present | alternative_technology_present | electric_motor_present | phev_blended | hybrid_text_signal,,valid_positive_finite
43735,True,,,valid_positive_finite
43737,True,,,valid_positive_finite
43748,True,,,valid_positive_finite
43749,True,,,valid_positive_finite
43750,True,,,valid_positive_finite
43751,True,,,valid_positive_finite
43757,True,,missing_optional:engine_description,valid_positive_finite
43758,True,,missing_optional:engine_description,valid_positive_finite
43759,True,,,valid_positive_finite
43760,True,,,valid_positive_finite
43763,True,,missing_optional:engine_description,valid_positive_finite
43764,True,,missing_optional:engine_description,valid_positive_finite
43767,True,,,valid_positive_finite
43772,True,,,valid_positive_finite
43773,True,,,valid_positive_finite
43774,False,secondary_fuel_present | alternative_technology_present | electric_motor_present | phev_blended | hybrid_text_signal,,valid_positive_finite
43781,True,,,valid_positive_finite
43784,True,,,valid_positive_finite
43785,True,,,valid_positive_finite
43790,True,,,valid_positive_finite
43791,True,,,valid_positive_finite
43798,True,,,valid_positive_finite
43805,True,,,valid_positive_finite
43810,True,,,valid_positive_finite
43812,True,,,valid_positive_finite
43821,False,primary_fuel_out_of_scope | alternative_technology_present | electric_motor_present | insufficient_engine_specs,missing_optional:displacement_l | missing_optional:cylinders | missing_optional:engine_description,valid_positive_finite
43822,True,,,valid_positive_finite
43830,True,,,valid_positive_finite
43833,True,,,valid_positive_finite
43837,True,,,valid_positive_finite
43838,True,,,valid_positive_finite
43839,True,,,valid_positive_finite
43844,True,,,valid_positive_finite
43845,True,,,valid_positive_finite
43846,True,,,valid_positive_finite
43847,True,,,valid_positive_finite
43854,True,,,valid_positive_finite
43855,True,,,valid_positive_finite
43859,True,,,valid_positive_finite
43863,True,,,valid_positive_finite
43864,True,,missing_optional:engine_description,valid_positive_finite
43879,False,primary_fuel_out_of_scope | alternative_technology_present | electric_motor_present | insufficient_engine_specs,missing_optional:displacement_l | missing_optional:cylinders | missing_optional:engine_description,valid_positive_finite
43880,False,primary_fuel_out_of_scope | alternative_technology_present | electric_motor_present | insufficient_engine_specs,missing_optional:displacement_l | missing_optional:cylinders | missing_optional:engine_description,valid_positive_finite
43889,False,primary_fuel_out_of_scope | alternative_technology_present | electric_motor_present | insufficient_engine_specs,missing_optional:displacement_l | missing_optional:cylinders | missing_optional:engine_description,valid_positive_finite
43890,True,,missing_optional:engine_description,valid_positive_finite
43891,True,,,valid_positive_finite
43892,True,,,valid_positive_finite
43893,True,,,valid_positive_finite
43894,False,vehicle_class_out_of_scope,missing_optional:engine_description,valid_positive_finite
43897,True,,,valid_positive_finite
43898,True,,,valid_positive_finite
43900,True,,,valid_positive_finite
43901,True,,,valid_positive_finite
43902,True,,,valid_positive_finite
43903,True,,,valid_positive_finite
43904,True,,,valid_positive_finite
43905,False,alternative_technology_present | electric_motor_present | hybrid_text_signal,,valid_positive_finite
43906,False,alternative_technology_present | electric_motor_present | hybrid_text_signal,,valid_positive_finite
43912,False,secondary_fuel_present | alternative_technology_present | electric_motor_present | phev_blended | hybrid_text_signal,,valid_positive_finite
43926,True,,,valid_positive_finite
43927,True,,,valid_positive_finite
43948,False,alternative_technology_present | electric_motor_present | hybrid_text_signal,,valid_positive_finite
43950,True,,,valid_positive_finite
43957,False,alternative_technology_present | electric_motor_present | hybrid_text_signal,,valid_positive_finite
43958,True,,,valid_positive_finite
43961,True,,,valid_positive_finite
43962,True,,,valid_positive_finite
43963,True,,,valid_positive_finite
43966,True,,,valid_positive_finite
43967,True,,,valid_positive_finite
43973,True,,,valid_positive_finite
43975,True,,,valid_positive_finite
43976,True,,,valid_positive_finite
43977,True,,,valid_positive_finite
43978,True,,,valid_positive_finite
43980,False,alternative_technology_present | electric_motor_present | hybrid_text_signal,,valid_positive_finite
43983,True,,,valid_positive_finite
43984,True,,,valid_positive_finite
44006,True,,,valid_positive_finite
44007,True,,,valid_positive_finite
44033,True,,,valid_positive_finite
44034,True,,,valid_positive_finite
44038,True,,,valid_positive_finite
44039,True,,,valid_positive_finite
44040,True,,,valid_positive_finite
44041,True,,,valid_positive_finite
44042,True,,,valid_positive_finite
44043,True,,,valid_positive_finite
44045,True,,,valid_positive_finite
44051,False,primary_fuel_out_of_scope | alternative_technology_present | electric_motor_present | insufficient_engine_specs,missing_optional:displacement_l | missing_optional:cylinders | missing_optional:engine_description,valid_positive_finite
44053,True,,,valid_positive_finite
44064,True,,,valid_positive_finite
44065,True,,,valid_positive_finite
44067,True,,missing_optional:engine_description,valid_positive_finite
44068,True,,missing_optional:engine_description,valid_positive_finite
44069,False,primary_fuel_out_of_scope | alternative_technology_present | electric_motor_present | insufficient_engine_specs,missing_optional:displacement_l | missing_optional:cylinders | missing_optional:engine_description,valid_positive_finite
44073,False,alternative_technology_present | electric_motor_present | hybrid_text_signal,,valid_positive_finite
44083,False,vehicle_class_out_of_scope,,valid_positive_finite
44084,False,vehicle_class_out_of_scope,,valid_positive_finite
44085,True,,,valid_positive_finite
44087,True,,,valid_positive_finite
44089,True,,,valid_positive_finite
44090,False,alternative_technology_present | electric_motor_present | hybrid_text_signal,,valid_positive_finite
44092,True,,missing_optional:engine_description,valid_positive_finite
44097,True,,,valid_positive_finite
44098,True,,,valid_positive_finite
44099,True,,,valid_positive_finite
44100,True,,,valid_positive_finite
44101,True,,,valid_positive_finite
44102,True,,,valid_positive_finite
44109,True,,,valid_positive_finite
44113,False,alternative_technology_present | electric_motor_present | hybrid_text_signal | reviewed_powertrain_hybrid:audi_2021_2022_a4_a5_q5_2l_mild_hybrid,,valid_positive_finite
44118,False,alternative_technology_present | electric_motor_present | hybrid_text_signal | reviewed_powertrain_hybrid:audi_2021_2022_a4_a5_q5_2l_mild_hybrid,,valid_positive_finite
44126,True,,,valid_positive_finite
44127,True,,,valid_positive_finite
44129,True,,,valid_positive_finite
44131,True,,,valid_positive_finite
44132,True,,,valid_positive_finite
44133,True,,missing_optional:engine_description,valid_positive_finite
44134,True,,missing_optional:engine_description,valid_positive_finite
44136,True,,,valid_positive_finite
44138,False,alternative_technology_present | electric_motor_present | hybrid_text_signal,,valid_positive_finite
44139,False,alternative_technology_present | electric_motor_present | hybrid_text_signal | reviewed_powertrain_hybrid:audi_2021_2022_a4_a5_q5_2l_mild_hybrid,,valid_positive_finite
44141,False,alternative_technology_present | electric_motor_present | hybrid_text_signal,,valid_positive_finite
44142,True,,,valid_positive_finite
44147,True,,,valid_positive_finite
44149,True,,,valid_positive_finite
44156,True,,,valid_positive_finite
44157,True,,,valid_positive_finite
44161,True,,,valid_positive_finite
44162,False,alternative_technology_present | electric_motor_present | hybrid_text_signal,,valid_positive_finite
44167,True,,,valid_positive_finite
44168,True,,,valid_positive_finite
44171,True,,,valid_positive_finite
44178,True,,,valid_positive_finite
44184,True,,,valid_positive_finite
44185,False,alternative_technology_present | electric_motor_present | hybrid_text_signal,,valid_positive_finite
44187,False,reviewed_powertrain_hybrid:volvo_b_badge_mild_hybrid,,valid_positive_finite
44200,True,,,valid_positive_finite
44203,True,,,valid_positive_finite
44204,True,,,valid_positive_finite
44205,False,reviewed_powertrain_hybrid:volvo_b_badge_mild_hybrid,,valid_positive_finite
44209,True,,,valid_positive_finite
44212,False,secondary_fuel_present | alternative_technology_present | electric_motor_present | phev_blended | hybrid_text_signal,,valid_positive_finite
44215,True,,,valid_positive_finite
44216,True,,,valid_positive_finite
44224,False,alternative_technology_present | electric_motor_present | hybrid_text_signal,,valid_positive_finite
44225,False,alternative_technology_present | electric_motor_present | hybrid_text_signal,,valid_positive_finite
44226,True,,,valid_positive_finite
44227,True,,,valid_positive_finite
44228,False,alternative_technology_present | electric_motor_present | hybrid_text_signal,,valid_positive_finite
44236,True,,,valid_positive_finite
44237,True,,,valid_positive_finite
44238,True,,,valid_positive_finite
44243,True,,,valid_positive_finite
44247,True,,,valid_positive_finite
44248,True,,,valid_positive_finite
44249,True,,,valid_positive_finite
44250,True,,missing_optional:engine_description,valid_positive_finite
44251,True,,missing_optional:engine_description,valid_positive_finite
44254,True,,,valid_positive_finite
44255,True,,,valid_positive_finite
44259,True,,,valid_positive_finite
44260,True,,,valid_positive_finite
44261,False,alternative_technology_present | electric_motor_present | hybrid_text_signal,,valid_positive_finite
44264,True,,,valid_positive_finite
44265,True,,,valid_positive_finite
44268,False,secondary_fuel_present | alternative_technology_present | electric_motor_present | phev_blended | hybrid_text_signal,,valid_positive_finite
44269,False,secondary_fuel_present | alternative_technology_present | electric_motor_present | phev_blended | hybrid_text_signal,,valid_positive_finite
44270,True,,,valid_positive_finite
44271,True,,,valid_positive_finite
44272,True,,,valid_positive_finite
44273,True,,,valid_positive_finite
44275,True,,,valid_positive_finite
44277,True,,,valid_positive_finite
44290,True,,missing_optional:engine_description,valid_positive_finite
44291,True,,missing_optional:engine_description,valid_positive_finite
44293,False,alternative_technology_present | electric_motor_present | hybrid_text_signal,,valid_positive_finite
44295,True,,,valid_positive_finite
44296,True,,,valid_positive_finite
44298,True,,,valid_positive_finite
44300,True,,,valid_positive_finite
44301,True,,,valid_positive_finite
44302,True,,,valid_positive_finite
44303,True,,,valid_positive_finite
44304,True,,,valid_positive_finite
44305,True,,,valid_positive_finite
44307,True,,,valid_positive_finite
44309,True,,missing_optional:engine_description,valid_positive_finite
44310,True,,missing_optional:engine_description,valid_positive_finite
44317,True,,,valid_positive_finite
44320,True,,missing_optional:engine_description,valid_positive_finite
44321,True,,missing_optional:engine_description,valid_positive_finite
44330,True,,,valid_positive_finite
44334,True,,,valid_positive_finite
44336,True,,,valid_positive_finite
44338,True,,,valid_positive_finite
44339,True,,,valid_positive_finite
44340,True,,,valid_positive_finite
44341,True,,,valid_positive_finite
44345,True,,,valid_positive_finite
44353,False,vehicle_class_out_of_scope,,valid_positive_finite
44354,False,vehicle_class_out_of_scope,,valid_positive_finite
44385,False,primary_fuel_out_of_scope | alternative_technology_present | vehicle_class_out_of_scope,missing_optional:engine_description,valid_positive_finite
44386,False,vehicle_class_out_of_scope,,valid_positive_finite
44387,False,vehicle_class_out_of_scope,,valid_positive_finite
44393,False,primary_fuel_out_of_scope | alternative_technology_present | vehicle_class_out_of_scope,missing_optional:engine_description,valid_positive_finite
44394,False,alternative_technology_present | electric_motor_present | hybrid_text_signal | vehicle_class_out_of_scope,,valid_positive_finite
44396,False,vehicle_class_out_of_scope,missing_optional:engine_description,valid_positive_finite
44397,False,primary_fuel_out_of_scope | alternative_technology_present | vehicle_class_out_of_scope,missing_optional:engine_description,valid_positive_finite
44398,False,alternative_technology_present | electric_motor_present | hybrid_text_signal | vehicle_class_out_of_scope,,valid_positive_finite
44399,False,primary_fuel_out_of_scope | alternative_technology_present | vehicle_class_out_of_scope,missing_optional:engine_description,valid_positive_finite
44400,False,alternative_technology_present | electric_motor_present | hybrid_text_signal | vehicle_class_out_of_scope,,valid_positive_finite
44401,False,alternative_technology_present | electric_motor_present | hybrid_text_signal | vehicle_class_out_of_scope,,valid_positive_finite
44402,False,vehicle_class_out_of_scope,missing_optional:engine_description,valid_positive_finite
44408,True,,,valid_positive_finite
44409,False,alternative_technology_present | electric_motor_present | hybrid_text_signal,,valid_positive_finite
44410,False,alternative_technology_present | electric_motor_present | hybrid_text_signal,,valid_positive_finite
44413,True,,,valid_positive_finite
44414,True,,,valid_positive_finite
44417,True,,,valid_positive_finite
44418,True,,,valid_positive_finite
44428,True,,,valid_positive_finite
44429,True,,,valid_positive_finite
44430,True,,,valid_positive_finite
44431,False,vehicle_class_out_of_scope,,valid_positive_finite
44440,True,,,valid_positive_finite
44441,True,,missing_optional:engine_description,valid_positive_finite
44444,False,primary_fuel_out_of_scope | alternative_technology_present | electric_motor_present | insufficient_engine_specs,missing_optional:displacement_l | missing_optional:cylinders | missing_optional:engine_description,valid_positive_finite
44447,False,primary_fuel_out_of_scope | alternative_technology_present | electric_motor_present | insufficient_engine_specs,missing_optional:displacement_l | missing_optional:cylinders | missing_optional:engine_description,valid_positive_finite
44448,False,primary_fuel_out_of_scope | alternative_technology_present | electric_motor_present | insufficient_engine_specs,missing_optional:displacement_l | missing_optional:cylinders | missing_optional:engine_description,valid_positive_finite
44449,False,primary_fuel_out_of_scope | alternative_technology_present | electric_motor_present | insufficient_engine_specs,missing_optional:displacement_l | missing_optional:cylinders | missing_optional:engine_description,valid_positive_finite
44450,False,primary_fuel_out_of_scope | alternative_technology_present | electric_motor_present | insufficient_engine_specs,missing_optional:displacement_l | missing_optional:cylinders | missing_optional:engine_description,valid_positive_finite
44452,True,,,valid_positive_finite
44453,True,,,valid_positive_finite
44454,True,,,valid_positive_finite
44459,False,vehicle_class_out_of_scope,,valid_positive_finite
44460,False,secondary_fuel_present | alternative_technology_present | electric_motor_present | phev_blended | hybrid_text_signal,,valid_positive_finite
44461,False,primary_fuel_out_of_scope | alternative_technology_present | electric_motor_present | insufficient_engine_specs,missing_optional:displacement_l | missing_optional:cylinders | missing_optional:engine_description,valid_positive_finite
44462,False,primary_fuel_out_of_scope | alternative_technology_present | electric_motor_present | vehicle_class_out_of_scope | insufficient_engine_specs,missing_optional:displacement_l | missing_optional:cylinders | missing_optional:engine_description,valid_positive_finite
44463,True,,,valid_positive_finite
44466,False,alternative_technology_present | electric_motor_present | hybrid_text_signal,,valid_positive_finite
44481,False,reviewed_powertrain_hybrid:volvo_b_badge_mild_hybrid,,valid_positive_finite
44484,True,,,valid_positive_finite
44485,True,,,valid_positive_finite
44486,True,,,valid_positive_finite
44487,True,,,valid_positive_finite
44490,True,,,valid_positive_finite
44491,False,primary_fuel_out_of_scope | alternative_technology_present | electric_motor_present | insufficient_engine_specs,missing_optional:displacement_l | missing_optional:cylinders | missing_optional:engine_description,valid_positive_finite
44492,False,primary_fuel_out_of_scope | alternative_technology_present | electric_motor_present | insufficient_engine_specs,missing_optional:displacement_l | missing_optional:cylinders | missing_optional:engine_description,valid_positive_finite
44493,False,primary_fuel_out_of_scope | alternative_technology_present | electric_motor_present | insufficient_engine_specs,missing_optional:displacement_l | missing_optional:cylinders | missing_optional:engine_description,valid_positive_finite
44494,False,primary_fuel_out_of_scope | alternative_technology_present | electric_motor_present | insufficient_engine_specs,missing_optional:displacement_l | missing_optional:cylinders | missing_optional:engine_description,valid_positive_finite
44495,False,primary_fuel_out_of_scope | alternative_technology_present | electric_motor_present | insufficient_engine_specs,missing_optional:displacement_l | missing_optional:cylinders | missing_optional:engine_description,valid_positive_finite
44496,False,primary_fuel_out_of_scope | alternative_technology_present | electric_motor_present | insufficient_engine_specs,missing_optional:displacement_l | missing_optional:cylinders | missing_optional:engine_description,valid_positive_finite
44498,True,,,valid_positive_finite
44499,True,,,valid_positive_finite
44500,True,,,valid_positive_finite
44511,True,,,valid_positive_finite
44512,True,,,valid_positive_finite
44523,True,,,valid_positive_finite
44524,True,,,valid_positive_finite
44525,True,,,valid_positive_finite
44526,True,,,valid_positive_finite
44527,True,,,valid_positive_finite
44528,True,,,valid_positive_finite
44533,True,,,valid_positive_finite
44534,True,,,valid_positive_finite
44535,True,,,valid_positive_finite
44540,True,,,valid_positive_finite
44544,True,,,valid_positive_finite
44555,True,,,valid_positive_finite
44556,True,,,valid_positive_finite
44557,True,,,valid_positive_finite
44559,True,,missing_optional:engine_description,valid_positive_finite
44560,True,,,valid_positive_finite
44561,True,,,valid_positive_finite
44563,True,,missing_optional:engine_description,valid_positive_finite
44570,True,,,valid_positive_finite
44580,False,primary_fuel_out_of_scope | alternative_technology_present | vehicle_class_out_of_scope,missing_optional:engine_description,valid_positive_finite
44589,True,,missing_optional:engine_description,valid_positive_finite
44593,True,,,valid_positive_finite
44608,False,secondary_fuel_present | alternative_technology_present | electric_motor_present | phev_blended | hybrid_text_signal,,valid_positive_finite
44610,True,,missing_optional:engine_description,valid_positive_finite
44611,True,,missing_optional:engine_description,valid_positive_finite
44620,True,,,valid_positive_finite
44621,True,,,valid_positive_finite
44622,True,,,valid_positive_finite
44628,False,secondary_fuel_present | alternative_technology_present | vehicle_class_out_of_scope,,valid_positive_finite
44639,False,vehicle_class_out_of_scope,,valid_positive_finite
44645,False,vehicle_class_out_of_scope,missing_optional:engine_description,valid_positive_finite
44646,False,vehicle_class_out_of_scope,missing_optional:engine_description,valid_positive_finite
44647,False,vehicle_class_out_of_scope,missing_optional:engine_description,valid_positive_finite
44648,True,,,valid_positive_finite
44655,True,,,valid_positive_finite
44656,True,,,valid_positive_finite
44675,False,alternative_technology_present | electric_motor_present | hybrid_text_signal,,valid_positive_finite
44677,True,,,valid_positive_finite
44686,True,,missing_optional:engine_description,valid_positive_finite
44687,True,,missing_optional:engine_description,valid_positive_finite
44688,True,,missing_optional:engine_description,valid_positive_finite
44689,True,,missing_optional:engine_description,valid_positive_finite
44690,True,,missing_optional:engine_description,valid_positive_finite
44692,True,,,valid_positive_finite
44694,False,alternative_technology_present | electric_motor_present | hybrid_text_signal,,valid_positive_finite
44699,True,,,valid_positive_finite
44700,True,,,valid_positive_finite
44701,True,,,valid_positive_finite
44708,True,,missing_optional:engine_description,valid_positive_finite
44714,True,,,valid_positive_finite
44715,True,,,valid_positive_finite
44716,True,,,valid_positive_finite
44717,True,,,valid_positive_finite
44727,False,vehicle_class_out_of_scope,,valid_positive_finite
44728,False,vehicle_class_out_of_scope,,valid_positive_finite
44729,False,vehicle_class_out_of_scope,,valid_positive_finite
44730,False,vehicle_class_out_of_scope,,valid_positive_finite
44747,False,vehicle_class_out_of_scope,,valid_positive_finite
44749,False,vehicle_class_out_of_scope,,valid_positive_finite
44750,False,vehicle_class_out_of_scope,,valid_positive_finite
44751,False,vehicle_class_out_of_scope,,valid_positive_finite
44756,True,,,valid_positive_finite
44762,False,vehicle_class_out_of_scope,missing_optional:engine_description,valid_positive_finite
44763,False,vehicle_class_out_of_scope,missing_optional:engine_description,valid_positive_finite
44766,True,,,valid_positive_finite
44768,True,,,valid_positive_finite
44773,True,,missing_optional:engine_description,valid_positive_finite
44774,True,,missing_optional:engine_description,valid_positive_finite
44775,True,,missing_optional:engine_description,valid_positive_finite
44776,False,primary_fuel_out_of_scope | alternative_technology_present | electric_motor_present | insufficient_engine_specs,missing_optional:displacement_l | missing_optional:cylinders | missing_optional:engine_description,valid_positive_finite
44778,False,primary_fuel_out_of_scope | alternative_technology_present | electric_motor_present | insufficient_engine_specs,missing_optional:displacement_l | missing_optional:cylinders | missing_optional:engine_description,valid_positive_finite
44780,False,primary_fuel_out_of_scope | alternative_technology_present | electric_motor_present | insufficient_engine_specs,missing_optional:displacement_l | missing_optional:cylinders | missing_optional:engine_description,valid_positive_finite
44790,False,primary_fuel_out_of_scope | alternative_technology_present | electric_motor_present | insufficient_engine_specs,missing_optional:displacement_l | missing_optional:cylinders | missing_optional:engine_description,valid_positive_finite
44803,True,,,valid_positive_finite
44805,True,,,valid_positive_finite
44807,True,,,valid_positive_finite
44810,True,,,valid_positive_finite
44812,True,,,valid_positive_finite
44818,True,,missing_optional:engine_description,valid_positive_finite
44819,True,,,valid_positive_finite
44820,True,,,valid_positive_finite
44823,True,,,valid_positive_finite
44826,True,,,valid_positive_finite
44829,False,vehicle_class_out_of_scope,,valid_positive_finite
44833,False,alternative_technology_present | electric_motor_present | hybrid_text_signal,,valid_positive_finite
44835,True,,,valid_positive_finite
44836,True,,,valid_positive_finite
44837,True,,,valid_positive_finite
44838,True,,,valid_positive_finite
44839,True,,,valid_positive_finite
44840,True,,,valid_positive_finite
44843,True,,,valid_positive_finite
44845,True,,,valid_positive_finite
44846,True,,,valid_positive_finite
44850,True,,missing_optional:engine_description,valid_positive_finite
44853,True,,missing_optional:engine_description,valid_positive_finite
44854,True,,missing_optional:engine_description,valid_positive_finite
44862,False,alternative_technology_present | electric_motor_present | hybrid_text_signal,,valid_positive_finite
44875,False,vehicle_class_out_of_scope,,valid_positive_finite
44881,False,vehicle_class_out_of_scope,,valid_positive_finite
44885,True,,missing_optional:engine_description,valid_positive_finite
44886,True,,,valid_positive_finite
44891,True,,,valid_positive_finite
44893,False,alternative_technology_present | electric_motor_present | hybrid_text_signal,,valid_positive_finite
44898,False,primary_fuel_out_of_scope | alternative_technology_present | vehicle_class_out_of_scope,missing_optional:engine_description,valid_positive_finite
44928,False,primary_fuel_out_of_scope | alternative_technology_present | electric_motor_present | insufficient_engine_specs,missing_optional:displacement_l | missing_optional:cylinders | missing_optional:engine_description,valid_positive_finite
44930,False,secondary_fuel_present | alternative_technology_present | electric_motor_present | phev_blended | hybrid_text_signal | vehicle_class_out_of_scope,,valid_positive_finite
44933,False,secondary_fuel_present | alternative_technology_present | electric_motor_present | phev_blended,,valid_positive_finite
44934,False,secondary_fuel_present | alternative_technology_present | electric_motor_present | phev_blended | hybrid_text_signal,,valid_positive_finite
44935,True,,,valid_positive_finite
44936,True,,missing_optional:engine_description,valid_positive_finite
44937,True,,missing_optional:engine_description,valid_positive_finite
44938,True,,,valid_positive_finite
44939,True,,,valid_positive_finite
44941,True,,,valid_positive_finite
44942,True,,,valid_positive_finite
44943,True,,,valid_positive_finite
44944,True,,,valid_positive_finite
44946,True,,,valid_positive_finite
44949,True,,,valid_positive_finite
44950,True,,missing_optional:engine_description,valid_positive_finite
44974,True,,,valid_positive_finite
44977,True,,,valid_positive_finite
44983,False,secondary_fuel_present | alternative_technology_present | electric_motor_present | phev_blended | hybrid_text_signal,,valid_positive_finite
44984,False,secondary_fuel_present | alternative_technology_present | electric_motor_present | phev_blended,,valid_positive_finite
45011,False,primary_fuel_out_of_scope | alternative_technology_present | electric_motor_present | insufficient_engine_specs,missing_optional:displacement_l | missing_optional:cylinders | missing_optional:engine_description,valid_positive_finite
45012,False,primary_fuel_out_of_scope | alternative_technology_present | electric_motor_present | insufficient_engine_specs,missing_optional:displacement_l | missing_optional:cylinders | missing_optional:engine_description,valid_positive_finite
45013,False,primary_fuel_out_of_scope | alternative_technology_present | electric_motor_present | insufficient_engine_specs,missing_optional:displacement_l | missing_optional:cylinders | missing_optional:engine_description,valid_positive_finite
45014,False,primary_fuel_out_of_scope | alternative_technology_present | electric_motor_present | insufficient_engine_specs,missing_optional:displacement_l | missing_optional:cylinders | missing_optional:engine_description,valid_positive_finite
45015,False,primary_fuel_out_of_scope | alternative_technology_present | electric_motor_present | insufficient_engine_specs,missing_optional:displacement_l | missing_optional:cylinders | missing_optional:engine_description,valid_positive_finite
45016,False,primary_fuel_out_of_scope | alternative_technology_present | electric_motor_present | insufficient_engine_specs,missing_optional:displacement_l | missing_optional:cylinders | missing_optional:engine_description,valid_positive_finite
45017,False,primary_fuel_out_of_scope | alternative_technology_present | electric_motor_present | insufficient_engine_specs,missing_optional:displacement_l | missing_optional:cylinders | missing_optional:engine_description,valid_positive_finite
45018,False,primary_fuel_out_of_scope | alternative_technology_present | electric_motor_present | insufficient_engine_specs,missing_optional:displacement_l | missing_optional:cylinders | missing_optional:engine_description,valid_positive_finite
45019,False,primary_fuel_out_of_scope | alternative_technology_present | electric_motor_present | insufficient_engine_specs,missing_optional:displacement_l | missing_optional:cylinders | missing_optional:engine_description,valid_positive_finite
45020,False,primary_fuel_out_of_scope | alternative_technology_present | electric_motor_present | insufficient_engine_specs,missing_optional:displacement_l | missing_optional:cylinders | missing_optional:engine_description,valid_positive_finite
45021,False,primary_fuel_out_of_scope | alternative_technology_present | electric_motor_present | insufficient_engine_specs,missing_optional:displacement_l | missing_optional:cylinders | missing_optional:engine_description,valid_positive_finite
45022,False,primary_fuel_out_of_scope | alternative_technology_present | electric_motor_present | insufficient_engine_specs,missing_optional:displacement_l | missing_optional:cylinders | missing_optional:engine_description,valid_positive_finite
45024,True,,missing_optional:engine_description,valid_positive_finite
45025,True,,missing_optional:engine_description,valid_positive_finite
45026,True,,,valid_positive_finite
45027,True,,,valid_positive_finite
45028,True,,,valid_positive_finite
45029,True,,,valid_positive_finite
45030,True,,,valid_positive_finite
45031,True,,,valid_positive_finite
45032,True,,,valid_positive_finite
45033,True,,,valid_positive_finite
45034,True,,,valid_positive_finite
45035,True,,,valid_positive_finite
45036,True,,missing_optional:engine_description,valid_positive_finite
45037,True,,,valid_positive_finite
45038,True,,missing_optional:engine_description,valid_positive_finite
45040,True,,,valid_positive_finite
45043,False,alternative_technology_present | electric_motor_present | hybrid_text_signal,,valid_positive_finite
45059,True,,,valid_positive_finite
45060,True,,,valid_positive_finite
45065,True,,missing_optional:engine_description,valid_positive_finite
45066,True,,missing_optional:engine_description,valid_positive_finite
45067,True,,missing_optional:engine_description,valid_positive_finite
45068,True,,missing_optional:engine_description,valid_positive_finite
45070,True,,missing_optional:engine_description,valid_positive_finite
45071,True,,missing_optional:engine_description,valid_positive_finite
45077,True,,missing_optional:engine_description,valid_positive_finite
45078,True,,missing_optional:engine_description,valid_positive_finite
45079,True,,missing_optional:engine_description,valid_positive_finite
45083,True,,missing_optional:engine_description,valid_positive_finite
45084,True,,missing_optional:engine_description,valid_positive_finite
45086,True,,,valid_positive_finite
45092,False,alternative_technology_present | electric_motor_present | hybrid_text_signal,,valid_positive_finite
45096,True,,missing_optional:engine_description,valid_positive_finite
45097,True,,missing_optional:engine_description,valid_positive_finite
45105,True,,,valid_positive_finite
45106,False,alternative_technology_present | electric_motor_present | hybrid_text_signal,,valid_positive_finite
45107,False,alternative_technology_present | electric_motor_present | hybrid_text_signal,,valid_positive_finite
45109,True,,,valid_positive_finite
45114,True,,,valid_positive_finite
45115,True,,,valid_positive_finite
45123,True,,,valid_positive_finite
45124,True,,,valid_positive_finite
45127,True,,,valid_positive_finite
45128,True,,,valid_positive_finite
45140,False,primary_fuel_out_of_scope | alternative_technology_present | electric_motor_present | insufficient_engine_specs,missing_optional:displacement_l | missing_optional:cylinders | missing_optional:engine_description,valid_positive_finite
45141,False,primary_fuel_out_of_scope | alternative_technology_present | electric_motor_present | insufficient_engine_specs,missing_optional:displacement_l | missing_optional:cylinders | missing_optional:engine_description,valid_positive_finite
45158,True,,,valid_positive_finite
45159,False,vehicle_class_out_of_scope,,valid_positive_finite
45160,False,vehicle_class_out_of_scope,,valid_positive_finite
45169,False,vehicle_class_out_of_scope,,valid_positive_finite
45170,False,vehicle_class_out_of_scope,,valid_positive_finite
45179,False,secondary_fuel_present | alternative_technology_present | electric_motor_present | phev_blended | hybrid_text_signal,,valid_positive_finite
45182,True,,,valid_positive_finite
45183,True,,,valid_positive_finite
45184,True,,,valid_positive_finite
45185,True,,,valid_positive_finite
45186,True,,,valid_positive_finite
45189,False,alternative_technology_present | electric_motor_present | hybrid_text_signal,,valid_positive_finite
45193,True,,missing_optional:engine_description,valid_positive_finite
45194,True,,missing_optional:engine_description,valid_positive_finite
45196,False,primary_fuel_out_of_scope | alternative_technology_present | electric_motor_present | insufficient_engine_specs,missing_optional:displacement_l | missing_optional:cylinders | missing_optional:engine_description,valid_positive_finite
45199,False,secondary_fuel_present | alternative_technology_present | electric_motor_present | phev_blended | hybrid_text_signal,,valid_positive_finite
45202,True,,,valid_positive_finite
45204,True,,,valid_positive_finite
45205,True,,,valid_positive_finite
45206,True,,,valid_positive_finite
45207,False,alternative_technology_present | electric_motor_present | hybrid_text_signal,,valid_positive_finite
45221,True,,,valid_positive_finite
45222,True,,,valid_positive_finite
45227,True,,,valid_positive_finite
45228,True,,,valid_positive_finite
45241,True,,,valid_positive_finite
45243,True,,,valid_positive_finite
45245,True,,,valid_positive_finite
45246,True,,,valid_positive_finite
45250,True,,,valid_positive_finite
45251,True,,,valid_positive_finite
45252,True,,,valid_positive_finite
45253,True,,,valid_positive_finite
45255,True,,,valid_positive_finite
45256,True,,,valid_positive_finite
45258,False,primary_fuel_out_of_scope | alternative_technology_present | electric_motor_present | insufficient_engine_specs,missing_optional:displacement_l | missing_optional:cylinders | missing_optional:engine_description,valid_positive_finite
45262,True,,,valid_positive_finite
45264,True,,,valid_positive_finite
45271,True,,,valid_positive_finite
45272,True,,,valid_positive_finite
45277,True,,,valid_positive_finite
45280,True,,,valid_positive_finite
45281,True,,,valid_positive_finite
45287,False,secondary_fuel_present | alternative_technology_present | electric_motor_present | phev_blended | hybrid_text_signal,,valid_positive_finite
45291,True,,,valid_positive_finite
45292,True,,,valid_positive_finite
45294,True,,missing_optional:engine_description,valid_positive_finite
45295,True,,,valid_positive_finite
45296,True,,,valid_positive_finite
45299,True,,,valid_positive_finite
45301,True,,,valid_positive_finite
45305,True,,,valid_positive_finite
45306,True,,,valid_positive_finite
45310,True,,,valid_positive_finite
45314,False,alternative_technology_present | electric_motor_present | hybrid_text_signal,,valid_positive_finite
45319,True,,,valid_positive_finite
45320,True,,,valid_positive_finite
45321,True,,,valid_positive_finite
45329,False,primary_fuel_out_of_scope | alternative_technology_present | electric_motor_present | insufficient_engine_specs,missing_optional:displacement_l | missing_optional:cylinders | missing_optional:engine_description,valid_positive_finite
45333,True,,,valid_positive_finite
45334,True,,,valid_positive_finite
45335,True,,,valid_positive_finite
45336,True,,,valid_positive_finite
45337,True,,,valid_positive_finite
45338,True,,,valid_positive_finite
45339,True,,,valid_positive_finite
45341,True,,,valid_positive_finite
45342,True,,,valid_positive_finite
45351,True,,missing_optional:engine_description,valid_positive_finite
45354,True,,,valid_positive_finite
45357,True,,,valid_positive_finite
45359,True,,,valid_positive_finite
45368,True,,,valid_positive_finite
45376,True,,,valid_positive_finite
45383,True,,,valid_positive_finite
45386,True,,,valid_positive_finite
45387,True,,,valid_positive_finite
45392,True,,,valid_positive_finite
45394,True,,,valid_positive_finite
45395,False,secondary_fuel_present | alternative_technology_present | electric_motor_present | phev_blended | hybrid_text_signal,,valid_positive_finite
45396,True,,,valid_positive_finite
45397,True,,,valid_positive_finite
45398,False,secondary_fuel_present | alternative_technology_present | electric_motor_present | phev_blended | hybrid_text_signal,,valid_positive_finite
45399,True,,,valid_positive_finite
45400,True,,,valid_positive_finite
45413,False,primary_fuel_out_of_scope | alternative_technology_present | electric_motor_present | insufficient_engine_specs,missing_optional:displacement_l | missing_optional:cylinders | missing_optional:engine_description,valid_positive_finite
45414,True,,,valid_positive_finite
45421,True,,,valid_positive_finite
45423,True,,missing_optional:engine_description,valid_positive_finite
45424,True,,missing_optional:engine_description,valid_positive_finite
45425,True,,missing_optional:engine_description,valid_positive_finite
45429,True,,,valid_positive_finite
45430,True,,,valid_positive_finite
45431,True,,,valid_positive_finite
45432,True,,,valid_positive_finite
45433,True,,,valid_positive_finite
45434,True,,,valid_positive_finite
45435,True,,,valid_positive_finite
45436,True,,,valid_positive_finite
45437,True,,,valid_positive_finite
45438,True,,,valid_positive_finite
45442,True,,,valid_positive_finite
45443,True,,,valid_positive_finite
45445,True,,,valid_positive_finite
45446,True,,,valid_positive_finite
45447,True,,,valid_positive_finite
45448,True,,,valid_positive_finite
45449,True,,,valid_positive_finite
45450,True,,,valid_positive_finite
45452,False,alternative_technology_present | electric_motor_present | hybrid_text_signal,,valid_positive_finite
45453,True,,,valid_positive_finite
45459,False,alternative_technology_present | electric_motor_present | hybrid_text_signal,,valid_positive_finite
45461,False,alternative_technology_present | electric_motor_present | hybrid_text_signal,,valid_positive_finite
45465,True,,,valid_positive_finite
45466,True,,,valid_positive_finite
45468,True,,,valid_positive_finite
45469,True,,,valid_positive_finite
45471,True,,,valid_positive_finite
45477,True,,,valid_positive_finite
45478,True,,,valid_positive_finite
45485,True,,,valid_positive_finite
45499,True,,,valid_positive_finite
45500,True,,,valid_positive_finite
45501,True,,,valid_positive_finite
45502,True,,,valid_positive_finite
45503,True,,,valid_positive_finite
45505,True,,,valid_positive_finite
45506,True,,,valid_positive_finite
45507,True,,missing_optional:engine_description,valid_positive_finite
45508,True,,missing_optional:engine_description,valid_positive_finite
45509,True,,missing_optional:engine_description,valid_positive_finite
45510,True,,missing_optional:engine_description,valid_positive_finite
45515,False,alternative_technology_present | electric_motor_present | hybrid_text_signal | reviewed_powertrain_hybrid:volvo_b_badge_mild_hybrid,,valid_positive_finite
45517,True,,,valid_positive_finite
45530,False,alternative_technology_present | electric_motor_present | hybrid_text_signal | reviewed_powertrain_hybrid:volvo_b_badge_mild_hybrid,,valid_positive_finite
45532,False,alternative_technology_present | electric_motor_present | hybrid_text_signal,,valid_positive_finite
45533,False,alternative_technology_present | electric_motor_present | hybrid_text_signal | reviewed_powertrain_hybrid:volvo_b_badge_mild_hybrid,,valid_positive_finite
45534,False,alternative_technology_present | electric_motor_present | hybrid_text_signal | reviewed_powertrain_hybrid:volvo_b_badge_mild_hybrid,,valid_positive_finite
45536,True,,,valid_positive_finite
45537,True,,,valid_positive_finite
45538,False,alternative_technology_present | electric_motor_present | hybrid_text_signal,,valid_positive_finite
45539,False,alternative_technology_present | electric_motor_present | hybrid_text_signal | reviewed_powertrain_hybrid:volvo_b_badge_mild_hybrid,,valid_positive_finite
45540,False,alternative_technology_present | electric_motor_present | hybrid_text_signal | reviewed_powertrain_hybrid:volvo_b_badge_mild_hybrid,,valid_positive_finite
45542,True,,,valid_positive_finite
45544,True,,,valid_positive_finite
45556,True,,,valid_positive_finite
45557,False,alternative_technology_present | electric_motor_present | hybrid_text_signal,,valid_positive_finite
45559,False,alternative_technology_present | electric_motor_present | hybrid_text_signal | reviewed_powertrain_hybrid:volvo_b_badge_mild_hybrid,,valid_positive_finite
45560,False,alternative_technology_present | electric_motor_present | hybrid_text_signal | reviewed_powertrain_hybrid:volvo_b_badge_mild_hybrid,,valid_positive_finite
45564,False,primary_fuel_out_of_scope | alternative_technology_present,missing_optional:engine_description,valid_positive_finite
45565,False,primary_fuel_out_of_scope | alternative_technology_present,missing_optional:engine_description,valid_positive_finite
45566,True,,missing_optional:engine_description,valid_positive_finite
45580,False,primary_fuel_out_of_scope | alternative_technology_present,missing_optional:engine_description,valid_positive_finite
45582,False,primary_fuel_out_of_scope | alternative_technology_present,missing_optional:engine_description,valid_positive_finite
45586,True,,missing_optional:engine_description,valid_positive_finite
45589,False,alternative_technology_present | electric_motor_present | hybrid_text_signal | reviewed_powertrain_hybrid:volvo_b_badge_mild_hybrid,,valid_positive_finite
45593,False,alternative_technology_present | electric_motor_present | hybrid_text_signal,,valid_positive_finite
45600,True,,,valid_positive_finite
45609,True,,,valid_positive_finite
45610,True,,,valid_positive_finite
45611,True,,,valid_positive_finite
45614,False,alternative_technology_present | electric_motor_present | hybrid_text_signal,,valid_positive_finite
45618,True,,,valid_positive_finite
45619,True,,,valid_positive_finite
45621,True,,,valid_positive_finite
45622,True,,,valid_positive_finite
45623,True,,,valid_positive_finite
45624,True,,,valid_positive_finite
45633,True,,,valid_positive_finite
45634,True,,,valid_positive_finite
45641,False,alternative_technology_present | electric_motor_present | hybrid_text_signal,,valid_positive_finite
45642,False,alternative_technology_present | electric_motor_present | hybrid_text_signal,,valid_positive_finite
45645,True,,,valid_positive_finite
45653,True,,,valid_positive_finite
45654,True,,,valid_positive_finite
45655,False,alternative_technology_present | electric_motor_present | hybrid_text_signal,,valid_positive_finite
45657,False,alternative_technology_present | electric_motor_present | hybrid_text_signal,,valid_positive_finite
45659,False,alternative_technology_present | electric_motor_present | hybrid_text_signal,,valid_positive_finite
45665,True,,,valid_positive_finite
45666,True,,,valid_positive_finite
45667,True,,,valid_positive_finite
45668,True,,,valid_positive_finite
45669,True,,,valid_positive_finite
45676,True,,,valid_positive_finite
45677,True,,,valid_positive_finite
45684,False,alternative_technology_present | electric_motor_present | hybrid_text_signal,,valid_positive_finite
45685,False,alternative_technology_present | electric_motor_present | hybrid_text_signal,,valid_positive_finite
45694,True,,,valid_positive_finite
45695,False,alternative_technology_present | electric_motor_present | hybrid_text_signal,,valid_positive_finite
45696,True,,missing_optional:engine_description,valid_positive_finite
45697,True,,missing_optional:engine_description,valid_positive_finite
45703,True,,,valid_positive_finite
45711,True,,,valid_positive_finite
45721,True,,,valid_positive_finite
45742,False,vehicle_class_out_of_scope,,valid_positive_finite
45746,True,,,valid_positive_finite
45747,True,,,valid_positive_finite
45752,False,primary_fuel_out_of_scope | alternative_technology_present | electric_motor_present | insufficient_engine_specs,missing_optional:displacement_l | missing_optional:cylinders | missing_optional:engine_description,valid_positive_finite
45753,False,primary_fuel_out_of_scope | alternative_technology_present | electric_motor_present | insufficient_engine_specs,missing_optional:displacement_l | missing_optional:cylinders | missing_optional:engine_description,valid_positive_finite
45754,False,primary_fuel_out_of_scope | alternative_technology_present | electric_motor_present | insufficient_engine_specs,missing_optional:displacement_l | missing_optional:cylinders | missing_optional:engine_description,valid_positive_finite
45755,False,primary_fuel_out_of_scope | alternative_technology_present | electric_motor_present | insufficient_engine_specs,missing_optional:displacement_l | missing_optional:cylinders | missing_optional:engine_description,valid_positive_finite
45760,False,primary_fuel_out_of_scope | alternative_technology_present | electric_motor_present | insufficient_engine_specs,missing_optional:displacement_l | missing_optional:cylinders | missing_optional:engine_description,valid_positive_finite
45761,False,primary_fuel_out_of_scope | alternative_technology_present | electric_motor_present | insufficient_engine_specs,missing_optional:displacement_l | missing_optional:cylinders | missing_optional:engine_description,valid_positive_finite
45762,True,,,valid_positive_finite
45763,True,,,valid_positive_finite
45764,True,,,valid_positive_finite
45766,True,,missing_optional:engine_description,valid_positive_finite
45767,True,,missing_optional:engine_description,valid_positive_finite
45768,True,,missing_optional:engine_description,valid_positive_finite
45802,False,primary_fuel_out_of_scope | alternative_technology_present | vehicle_class_out_of_scope,missing_optional:engine_description,valid_positive_finite
45804,False,vehicle_class_out_of_scope,,valid_positive_finite
45805,False,vehicle_class_out_of_scope,,valid_positive_finite
45806,False,vehicle_class_out_of_scope,,valid_positive_finite
45808,False,vehicle_class_out_of_scope,,valid_positive_finite
45810,False,vehicle_class_out_of_scope,,valid_positive_finite
45814,False,vehicle_class_out_of_scope,,valid_positive_finite
45822,False,vehicle_class_out_of_scope,,valid_positive_finite
45826,True,,,valid_positive_finite
45843,True,,,valid_positive_finite
45852,True,,missing_optional:engine_description,valid_positive_finite
45855,True,,,valid_positive_finite
45856,True,,,valid_positive_finite
45857,True,,,valid_positive_finite
45859,True,,,valid_positive_finite
45860,True,,,valid_positive_finite
45870,False,vehicle_class_out_of_scope,,valid_positive_finite
45880,True,,,valid_positive_finite
45881,True,,,valid_positive_finite
45882,True,,,valid_positive_finite
45883,True,,,valid_positive_finite
45884,True,,,valid_positive_finite
45885,True,,,valid_positive_finite
45889,True,,missing_optional:engine_description,valid_positive_finite
45890,True,,missing_optional:engine_description,valid_positive_finite
45891,True,,missing_optional:engine_description,valid_positive_finite
45895,True,,,valid_positive_finite
45896,True,,,valid_positive_finite
45897,True,,,valid_positive_finite
45898,True,,,valid_positive_finite
45901,True,,,valid_positive_finite
45902,True,,,valid_positive_finite
45905,True,,,valid_positive_finite
45906,True,,,valid_positive_finite
45907,True,,,valid_positive_finite
45924,True,,,valid_positive_finite
45928,True,,,valid_positive_finite
45936,True,,,valid_positive_finite
45939,True,,,valid_positive_finite
45940,True,,,valid_positive_finite
45941,True,,,valid_positive_finite
45947,True,,,valid_positive_finite
45954,True,,missing_optional:engine_description,valid_positive_finite
45956,True,,,valid_positive_finite
45960,True,,,valid_positive_finite
45961,True,,,valid_positive_finite
45962,True,,,valid_positive_finite
45963,True,,,valid_positive_finite
45965,True,,,valid_positive_finite
45980,True,,missing_optional:engine_description,valid_positive_finite
45987,False,primary_fuel_out_of_scope | alternative_technology_present | electric_motor_present | insufficient_engine_specs,missing_optional:displacement_l | missing_optional:cylinders | missing_optional:engine_description,valid_positive_finite
45999,False,primary_fuel_out_of_scope | alternative_technology_present | electric_motor_present | insufficient_engine_specs,missing_optional:displacement_l | missing_optional:cylinders | missing_optional:engine_description,valid_positive_finite
46002,False,primary_fuel_out_of_scope | alternative_technology_present | electric_motor_present | insufficient_engine_specs,missing_optional:displacement_l | missing_optional:cylinders | missing_optional:engine_description,valid_positive_finite
46013,False,primary_fuel_out_of_scope | alternative_technology_present | electric_motor_present | insufficient_engine_specs,missing_optional:displacement_l | missing_optional:cylinders | missing_optional:engine_description,valid_positive_finite
46031,False,primary_fuel_out_of_scope | alternative_technology_present | electric_motor_present | insufficient_engine_specs,missing_optional:displacement_l | missing_optional:cylinders | missing_optional:engine_description,valid_positive_finite
46034,False,primary_fuel_out_of_scope | alternative_technology_present | electric_motor_present | insufficient_engine_specs,missing_optional:displacement_l | missing_optional:cylinders | missing_optional:engine_description,valid_positive_finite
46036,False,primary_fuel_out_of_scope | alternative_technology_present | electric_motor_present | insufficient_engine_specs,missing_optional:displacement_l | missing_optional:cylinders | missing_optional:engine_description,valid_positive_finite
46037,False,primary_fuel_out_of_scope | alternative_technology_present | electric_motor_present | insufficient_engine_specs,missing_optional:displacement_l | missing_optional:cylinders | missing_optional:engine_description,valid_positive_finite
46039,True,,,valid_positive_finite
46046,False,alternative_technology_present | electric_motor_present | hybrid_text_signal,,valid_positive_finite
46047,False,alternative_technology_present | electric_motor_present | hybrid_text_signal,,valid_positive_finite
46053,True,,,valid_positive_finite
46054,True,,missing_optional:engine_description,valid_positive_finite
46057,False,alternative_technology_present | electric_motor_present | hybrid_text_signal,,valid_positive_finite
46062,True,,,valid_positive_finite
46063,True,,,valid_positive_finite
46065,True,,,valid_positive_finite
46066,True,,,valid_positive_finite
46072,True,,,valid_positive_finite
46081,True,,,valid_positive_finite
46083,True,,,valid_positive_finite
46084,True,,,valid_positive_finite
46088,True,,,valid_positive_finite
46089,True,,,valid_positive_finite
46091,True,,,valid_positive_finite
46101,True,,,valid_positive_finite
46102,True,,,valid_positive_finite
46103,True,,,valid_positive_finite
46113,True,,,valid_positive_finite
46114,True,,,valid_positive_finite
46124,True,,,valid_positive_finite
46125,True,,,valid_positive_finite
46128,True,,,valid_positive_finite
46129,True,,,valid_positive_finite
46130,True,,,valid_positive_finite
46136,True,,,valid_positive_finite
46137,True,,,valid_positive_finite
46138,True,,,valid_positive_finite
46139,True,,,valid_positive_finite
46140,True,,missing_optional:engine_description,valid_positive_finite
46141,True,,missing_optional:engine_description,valid_positive_finite
46142,True,,,valid_positive_finite
46144,True,,missing_optional:engine_description,valid_positive_finite
46145,False,alternative_technology_present | electric_motor_present | hybrid_text_signal,,valid_positive_finite
46146,True,,,valid_positive_finite
46147,True,,,valid_positive_finite
46154,True,,missing_optional:engine_description,valid_positive_finite
46155,True,,,valid_positive_finite
46162,False,secondary_fuel_present | alternative_technology_present | vehicle_class_out_of_scope,,valid_positive_finite
46163,False,secondary_fuel_present | alternative_technology_present | vehicle_class_out_of_scope,,valid_positive_finite
46164,False,secondary_fuel_present | alternative_technology_present | vehicle_class_out_of_scope,,valid_positive_finite
46165,False,secondary_fuel_present | alternative_technology_present | vehicle_class_out_of_scope,,valid_positive_finite
46201,True,,,valid_positive_finite
46204,False,primary_fuel_out_of_scope | alternative_technology_present | electric_motor_present | insufficient_engine_specs,missing_optional:displacement_l | missing_optional:cylinders | missing_optional:engine_description,valid_positive_finite
46205,False,primary_fuel_out_of_scope | alternative_technology_present | electric_motor_present | insufficient_engine_specs,missing_optional:displacement_l | missing_optional:cylinders | missing_optional:engine_description,valid_positive_finite
46206,False,primary_fuel_out_of_scope | alternative_technology_present | electric_motor_present | insufficient_engine_specs,missing_optional:displacement_l | missing_optional:cylinders | missing_optional:engine_description,valid_positive_finite
46207,False,primary_fuel_out_of_scope | alternative_technology_present | electric_motor_present | insufficient_engine_specs,missing_optional:displacement_l | missing_optional:cylinders | missing_optional:engine_description,valid_positive_finite
46208,False,primary_fuel_out_of_scope | alternative_technology_present | electric_motor_present | insufficient_engine_specs,missing_optional:displacement_l | missing_optional:cylinders | missing_optional:engine_description,valid_positive_finite
46209,False,primary_fuel_out_of_scope | alternative_technology_present | electric_motor_present | insufficient_engine_specs,missing_optional:displacement_l | missing_optional:cylinders | missing_optional:engine_description,valid_positive_finite
46210,False,primary_fuel_out_of_scope | alternative_technology_present | electric_motor_present | insufficient_engine_specs,missing_optional:displacement_l | missing_optional:cylinders | missing_optional:engine_description,valid_positive_finite
46211,False,primary_fuel_out_of_scope | alternative_technology_present | electric_motor_present | insufficient_engine_specs,missing_optional:displacement_l | missing_optional:cylinders | missing_optional:engine_description,valid_positive_finite
46212,False,primary_fuel_out_of_scope | alternative_technology_present | electric_motor_present | insufficient_engine_specs,missing_optional:displacement_l | missing_optional:cylinders | missing_optional:engine_description,valid_positive_finite
46213,False,primary_fuel_out_of_scope | alternative_technology_present | electric_motor_present | insufficient_engine_specs,missing_optional:displacement_l | missing_optional:cylinders | missing_optional:engine_description,valid_positive_finite
46221,False,alternative_technology_present | electric_motor_present | hybrid_text_signal,,valid_positive_finite
46224,False,alternative_technology_present | electric_motor_present | hybrid_text_signal | vehicle_class_out_of_scope,,valid_positive_finite
46225,False,alternative_technology_present | electric_motor_present | hybrid_text_signal | vehicle_class_out_of_scope,,valid_positive_finite
46226,False,primary_fuel_out_of_scope | alternative_technology_present | vehicle_class_out_of_scope,missing_optional:engine_description,valid_positive_finite
46227,False,alternative_technology_present | electric_motor_present | hybrid_text_signal | vehicle_class_out_of_scope,,valid_positive_finite
46228,False,alternative_technology_present | electric_motor_present | hybrid_text_signal | vehicle_class_out_of_scope,,valid_positive_finite
46229,False,vehicle_class_out_of_scope,missing_optional:engine_description,valid_positive_finite
46230,True,,,valid_positive_finite
46234,True,,,valid_positive_finite
46235,True,,,valid_positive_finite
46242,True,,,valid_positive_finite
46245,False,secondary_fuel_present | alternative_technology_present | electric_motor_present | phev_blended | hybrid_text_signal,,valid_positive_finite
46249,False,secondary_fuel_present | alternative_technology_present | electric_motor_present | phev_blended | hybrid_text_signal | vehicle_class_out_of_scope,missing_optional:engine_description,valid_positive_finite
46256,False,secondary_fuel_present | alternative_technology_present | electric_motor_present | phev_blended | hybrid_text_signal,missing_optional:engine_description,valid_positive_finite
46262,False,secondary_fuel_present | alternative_technology_present | electric_motor_present | phev_blended,missing_optional:engine_description,valid_positive_finite
46273,True,,missing_optional:engine_description,valid_positive_finite
46276,True,,missing_optional:engine_description,valid_positive_finite
46277,True,,missing_optional:engine_description,valid_positive_finite
46278,True,,missing_optional:engine_description,valid_positive_finite
46279,True,,missing_optional:engine_description,valid_positive_finite
46283,True,,missing_optional:engine_description,valid_positive_finite
46285,True,,missing_optional:engine_description,valid_positive_finite
46288,False,vehicle_class_out_of_scope,missing_optional:engine_description,valid_positive_finite
46289,False,vehicle_class_out_of_scope,missing_optional:engine_description,valid_positive_finite
46290,False,vehicle_class_out_of_scope,missing_optional:engine_description,valid_positive_finite
46291,False,vehicle_class_out_of_scope,missing_optional:engine_description,valid_positive_finite
46292,False,vehicle_class_out_of_scope,missing_optional:engine_description,valid_positive_finite
46298,False,alternative_technology_present | electric_motor_present | hybrid_text_signal,,valid_positive_finite
46302,False,alternative_technology_present | electric_motor_present | hybrid_text_signal,,valid_positive_finite
46303,False,primary_fuel_out_of_scope | alternative_technology_present | electric_motor_present | insufficient_engine_specs,missing_optional:displacement_l | missing_optional:cylinders | missing_optional:engine_description,valid_positive_finite
46304,False,primary_fuel_out_of_scope | alternative_technology_present | electric_motor_present | insufficient_engine_specs,missing_optional:displacement_l | missing_optional:cylinders | missing_optional:engine_description,valid_positive_finite
46305,False,primary_fuel_out_of_scope | alternative_technology_present | electric_motor_present | insufficient_engine_specs,missing_optional:displacement_l | missing_optional:cylinders | missing_optional:engine_description,valid_positive_finite
46306,False,primary_fuel_out_of_scope | alternative_technology_present | electric_motor_present | insufficient_engine_specs,missing_optional:displacement_l | missing_optional:cylinders | missing_optional:engine_description,valid_positive_finite
46307,False,primary_fuel_out_of_scope | alternative_technology_present | electric_motor_present | insufficient_engine_specs,missing_optional:displacement_l | missing_optional:cylinders | missing_optional:engine_description,valid_positive_finite
46308,False,primary_fuel_out_of_scope | alternative_technology_present | electric_motor_present | insufficient_engine_specs,missing_optional:displacement_l | missing_optional:cylinders | missing_optional:engine_description,valid_positive_finite
46309,False,primary_fuel_out_of_scope | alternative_technology_present | electric_motor_present | insufficient_engine_specs,missing_optional:displacement_l | missing_optional:cylinders | missing_optional:engine_description,valid_positive_finite
46310,False,primary_fuel_out_of_scope | alternative_technology_present | electric_motor_present | insufficient_engine_specs,missing_optional:displacement_l | missing_optional:cylinders | missing_optional:engine_description,valid_positive_finite
46311,False,primary_fuel_out_of_scope | alternative_technology_present | electric_motor_present | insufficient_engine_specs,missing_optional:displacement_l | missing_optional:cylinders | missing_optional:engine_description,valid_positive_finite
46312,False,primary_fuel_out_of_scope | alternative_technology_present | electric_motor_present | vehicle_class_out_of_scope | insufficient_engine_specs,missing_optional:displacement_l | missing_optional:cylinders | missing_optional:engine_description,valid_positive_finite
46313,False,primary_fuel_out_of_scope | alternative_technology_present | electric_motor_present | vehicle_class_out_of_scope | insufficient_engine_specs,missing_optional:displacement_l | missing_optional:cylinders | missing_optional:engine_description,valid_positive_finite
46316,False,primary_fuel_out_of_scope | alternative_technology_present | electric_motor_present | insufficient_engine_specs,missing_optional:displacement_l | missing_optional:cylinders | missing_optional:engine_description,valid_positive_finite
46317,False,primary_fuel_out_of_scope | alternative_technology_present | electric_motor_present | insufficient_engine_specs,missing_optional:displacement_l | missing_optional:cylinders | missing_optional:engine_description,valid_positive_finite
46326,True,,missing_optional:engine_description,valid_positive_finite
46343,True,,,valid_positive_finite
46350,True,,,valid_positive_finite
46351,True,,missing_optional:engine_description,valid_positive_finite
46352,True,,,valid_positive_finite
46353,True,,,valid_positive_finite
46354,True,,,valid_positive_finite
46355,True,,,valid_positive_finite
46359,False,alternative_technology_present | electric_motor_present | hybrid_text_signal,,valid_positive_finite
46365,False,vehicle_class_out_of_scope,,valid_positive_finite
46368,False,vehicle_class_out_of_scope,,valid_positive_finite
46369,False,alternative_technology_present | electric_motor_present | hybrid_text_signal | vehicle_class_out_of_scope,,valid_positive_finite
46372,False,vehicle_class_out_of_scope,missing_optional:engine_description,valid_positive_finite
46373,False,vehicle_class_out_of_scope,missing_optional:engine_description,valid_positive_finite
46375,True,,,valid_positive_finite
46376,True,,,valid_positive_finite
46377,True,,,valid_positive_finite
46378,True,,missing_optional:engine_description,valid_positive_finite
46381,True,,,valid_positive_finite
46382,True,,,valid_positive_finite
46383,True,,,valid_positive_finite
46384,True,,,valid_positive_finite
46393,True,,,valid_positive_finite
46394,True,,,valid_positive_finite
46395,True,,,valid_positive_finite
46396,True,,missing_optional:engine_description,valid_positive_finite
46407,True,,,valid_positive_finite
46408,True,,,valid_positive_finite
46426,True,,,valid_positive_finite
46434,True,,,valid_positive_finite
46435,False,vehicle_class_out_of_scope,,valid_positive_finite
46444,True,,,valid_positive_finite
46445,True,,,valid_positive_finite
46447,True,,,valid_positive_finite
46448,True,,,valid_positive_finite
46451,True,,,valid_positive_finite
46454,True,,missing_optional:engine_description,valid_positive_finite
46455,True,,,valid_positive_finite
46456,True,,missing_optional:engine_description,valid_positive_finite
46458,True,,missing_optional:engine_description,valid_positive_finite
46463,True,,,valid_positive_finite
46464,True,,,valid_positive_finite
46465,True,,,valid_positive_finite
46471,True,,,valid_positive_finite
46474,True,,,valid_positive_finite
46482,True,,,valid_positive_finite
46483,True,,,valid_positive_finite
46486,True,,,valid_positive_finite
46487,True,,,valid_positive_finite
46488,True,,,valid_positive_finite
46489,True,,,valid_positive_finite
46493,True,,,valid_positive_finite
46500,True,,,valid_positive_finite
46502,True,,,valid_positive_finite
46503,False,vehicle_class_out_of_scope,,valid_positive_finite
46506,True,,missing_optional:engine_description,valid_positive_finite
46507,False,alternative_technology_present | electric_motor_present | hybrid_text_signal,,valid_positive_finite
46509,True,,missing_optional:engine_description,valid_positive_finite
46510,True,,missing_optional:engine_description,valid_positive_finite
46511,True,,missing_optional:engine_description,valid_positive_finite
46519,False,primary_fuel_out_of_scope | alternative_technology_present | electric_motor_present | vehicle_class_out_of_scope | insufficient_engine_specs,missing_optional:displacement_l | missing_optional:cylinders | missing_optional:engine_description,valid_positive_finite
46527,False,alternative_technology_present | electric_motor_present | hybrid_text_signal,,valid_positive_finite
46528,True,,,valid_positive_finite
46529,True,,,valid_positive_finite
46530,True,,,valid_positive_finite
46531,True,,,valid_positive_finite
46532,True,,,valid_positive_finite
46534,True,,,valid_positive_finite
46536,True,,,valid_positive_finite
46541,True,,,valid_positive_finite
46542,True,,,valid_positive_finite
46558,True,,missing_optional:engine_description,valid_positive_finite
46563,False,vehicle_class_out_of_scope,,valid_positive_finite
46565,False,vehicle_class_out_of_scope,missing_optional:engine_description,valid_positive_finite
46566,False,vehicle_class_out_of_scope,missing_optional:engine_description,valid_positive_finite
46568,False,alternative_technology_present | electric_motor_present | hybrid_text_signal,,valid_positive_finite
46574,True,,,valid_positive_finite
46577,True,,,valid_positive_finite
46581,True,,,valid_positive_finite
46585,True,,,valid_positive_finite
46586,True,,,valid_positive_finite
46587,True,,missing_optional:engine_description,valid_positive_finite
46588,True,,missing_optional:engine_description,valid_positive_finite
46590,True,,,valid_positive_finite
46592,True,,,valid_positive_finite
46593,True,,,valid_positive_finite
46594,True,,,valid_positive_finite
46595,True,,,valid_positive_finite
46596,True,,,valid_positive_finite
46602,True,,,valid_positive_finite
46604,True,,,valid_positive_finite
46607,False,alternative_technology_present | electric_motor_present | hybrid_text_signal,,valid_positive_finite
46612,True,,,valid_positive_finite
46617,False,primary_fuel_out_of_scope | alternative_technology_present | electric_motor_present | insufficient_engine_specs,missing_optional:displacement_l | missing_optional:cylinders | missing_optional:engine_description,valid_positive_finite
46624,False,primary_fuel_out_of_scope | alternative_technology_present | electric_motor_present | insufficient_engine_specs,missing_optional:displacement_l | missing_optional:cylinders | missing_optional:engine_description,valid_positive_finite
46629,False,secondary_fuel_present | alternative_technology_present | electric_motor_present | phev_blended,missing_optional:engine_description,valid_positive_finite
46633,True,,,valid_positive_finite
46634,True,,,valid_positive_finite
46635,True,,,valid_positive_finite
46636,True,,,valid_positive_finite
46638,True,,,valid_positive_finite
46650,False,alternative_technology_present | electric_motor_present | hybrid_text_signal,,valid_positive_finite
46652,False,alternative_technology_present | electric_motor_present | hybrid_text_signal,,valid_positive_finite
46661,False,alternative_technology_present | electric_motor_present | hybrid_text_signal | reviewed_powertrain_hybrid:volvo_b_badge_mild_hybrid,,valid_positive_finite
46662,False,alternative_technology_present | electric_motor_present | hybrid_text_signal | reviewed_powertrain_hybrid:volvo_b_badge_mild_hybrid,,valid_positive_finite
46665,True,,,valid_positive_finite
46668,True,,,valid_positive_finite
46669,False,alternative_technology_present | electric_motor_present | hybrid_text_signal | reviewed_powertrain_hybrid:volvo_b_badge_mild_hybrid,,valid_positive_finite
46671,True,,,valid_positive_finite
46672,True,,,valid_positive_finite
46674,False,alternative_technology_present | electric_motor_present | hybrid_text_signal,,valid_positive_finite
46676,True,,,valid_positive_finite
46679,True,,,valid_positive_finite
46680,True,,,valid_positive_finite
46683,False,vehicle_class_out_of_scope,,valid_positive_finite
46684,False,vehicle_class_out_of_scope,,valid_positive_finite
46685,False,vehicle_class_out_of_scope,,valid_positive_finite
46687,True,,,valid_positive_finite
46696,True,,,valid_positive_finite
46700,True,,,valid_positive_finite
46706,True,,,valid_positive_finite
46708,True,,,valid_positive_finite
46709,True,,,valid_positive_finite
46712,True,,,valid_positive_finite
46713,True,,,valid_positive_finite
46714,True,,,valid_positive_finite
46715,True,,,valid_positive_finite
46716,False,alternative_technology_present | electric_motor_present | hybrid_text_signal,,valid_positive_finite
46717,True,,,valid_positive_finite
46718,True,,,valid_positive_finite
46724,True,,,valid_positive_finite
46735,True,,,valid_positive_finite
46736,True,,,valid_positive_finite
46738,False,alternative_technology_present | electric_motor_present | hybrid_text_signal | reviewed_powertrain_hybrid:volvo_b_badge_mild_hybrid,,valid_positive_finite
46739,False,alternative_technology_present | electric_motor_present | hybrid_text_signal | reviewed_powertrain_hybrid:volvo_b_badge_mild_hybrid,,valid_positive_finite
46740,True,,,valid_positive_finite
46745,True,,,valid_positive_finite
46746,True,,,valid_positive_finite
46747,True,,,valid_positive_finite
46748,True,,,valid_positive_finite
46751,False,alternative_technology_present | electric_motor_present | hybrid_text_signal,,valid_positive_finite
46757,False,alternative_technology_present | electric_motor_present | hybrid_text_signal | reviewed_powertrain_hybrid:volvo_b_badge_mild_hybrid,,valid_positive_finite
46760,True,,,valid_positive_finite
46761,True,,,valid_positive_finite
46762,True,,,valid_positive_finite
46778,True,,missing_optional:engine_description,valid_positive_finite
46779,True,,missing_optional:engine_description,valid_positive_finite
46780,True,,,valid_positive_finite
46781,True,,,valid_positive_finite
46783,True,,,valid_positive_finite
46787,True,,,valid_positive_finite
46788,True,,,valid_positive_finite
46791,True,,,valid_positive_finite
46793,True,,,valid_positive_finite
46795,False,alternative_technology_present | electric_motor_present | hybrid_text_signal,,valid_positive_finite
46796,True,,,valid_positive_finite
46797,True,,,valid_positive_finite
46798,True,,,valid_positive_finite
46799,True,,,valid_positive_finite
46802,True,,,valid_positive_finite
46803,True,,,valid_positive_finite
46804,True,,,valid_positive_finite
46805,True,,,valid_positive_finite
46806,True,,,valid_positive_finite
46809,True,,,valid_positive_finite
46810,True,,,valid_positive_finite
46821,False,alternative_technology_present | electric_motor_present | hybrid_text_signal | vehicle_class_out_of_scope,,valid_positive_finite
46822,False,alternative_technology_present | electric_motor_present | hybrid_text_signal | vehicle_class_out_of_scope,,valid_positive_finite
46831,False,vehicle_class_out_of_scope,,valid_positive_finite
46833,False,vehicle_class_out_of_scope,,valid_positive_finite
46843,False,vehicle_class_out_of_scope,,valid_positive_finite
46850,False,primary_fuel_out_of_scope | alternative_technology_present | vehicle_class_out_of_scope,missing_optional:engine_description,valid_positive_finite
46853,False,alternative_technology_present | electric_motor_present | hybrid_text_signal | vehicle_class_out_of_scope,,valid_positive_finite
46855,False,vehicle_class_out_of_scope,missing_optional:engine_description,valid_positive_finite
46861,True,,,valid_positive_finite
46862,True,,,valid_positive_finite
46863,True,,missing_optional:engine_description,valid_positive_finite
46865,True,,,valid_positive_finite
46866,True,,,valid_positive_finite
46868,False,alternative_technology_present | electric_motor_present | hybrid_text_signal,,valid_positive_finite
46869,True,,,valid_positive_finite
46870,True,,,valid_positive_finite
46872,False,alternative_technology_present | electric_motor_present | hybrid_text_signal,,valid_positive_finite
46883,True,,missing_optional:engine_description,valid_positive_finite
46884,True,,,valid_positive_finite
46888,True,,missing_optional:engine_description,valid_positive_finite
46889,True,,,valid_positive_finite
46892,True,,,valid_positive_finite
46893,True,,,valid_positive_finite
46894,True,,,valid_positive_finite
46896,True,,,valid_positive_finite
46897,True,,,valid_positive_finite
46903,False,alternative_technology_present | electric_motor_present | hybrid_text_signal,,valid_positive_finite
46904,True,,,valid_positive_finite
46911,False,primary_fuel_out_of_scope | alternative_technology_present | electric_motor_present | insufficient_engine_specs,missing_optional:displacement_l | missing_optional:cylinders | missing_optional:engine_description,valid_positive_finite
46913,False,primary_fuel_out_of_scope | alternative_technology_present | electric_motor_present | insufficient_engine_specs,missing_optional:displacement_l | missing_optional:cylinders | missing_optional:engine_description,valid_positive_finite
46934,False,primary_fuel_out_of_scope | alternative_technology_present | electric_motor_present | insufficient_engine_specs,missing_optional:displacement_l | missing_optional:cylinders | missing_optional:engine_description,valid_positive_finite
46936,False,primary_fuel_out_of_scope | alternative_technology_present | electric_motor_present | insufficient_engine_specs,missing_optional:displacement_l | missing_optional:cylinders | missing_optional:engine_description,valid_positive_finite
46943,False,primary_fuel_out_of_scope | alternative_technology_present | electric_motor_present | insufficient_engine_specs,missing_optional:displacement_l | missing_optional:cylinders | missing_optional:engine_description,valid_positive_finite
46947,False,primary_fuel_out_of_scope | alternative_technology_present | electric_motor_present | insufficient_engine_specs,missing_optional:displacement_l | missing_optional:cylinders | missing_optional:engine_description,valid_positive_finite
46950,False,primary_fuel_out_of_scope | alternative_technology_present | electric_motor_present | insufficient_engine_specs,missing_optional:displacement_l | missing_optional:cylinders | missing_optional:engine_description,valid_positive_finite
46951,False,primary_fuel_out_of_scope | alternative_technology_present | electric_motor_present | vehicle_class_out_of_scope | insufficient_engine_specs,missing_optional:displacement_l | missing_optional:cylinders | missing_optional:engine_description,valid_positive_finite
46964,False,primary_fuel_out_of_scope | alternative_technology_present | electric_motor_present | insufficient_engine_specs,missing_optional:displacement_l | missing_optional:cylinders | missing_optional:engine_description,valid_positive_finite
46967,False,primary_fuel_out_of_scope | alternative_technology_present | electric_motor_present | insufficient_engine_specs,missing_optional:displacement_l | missing_optional:cylinders | missing_optional:engine_description,valid_positive_finite
46968,False,primary_fuel_out_of_scope | alternative_technology_present | electric_motor_present | insufficient_engine_specs,missing_optional:displacement_l | missing_optional:cylinders | missing_optional:engine_description,valid_positive_finite
46971,False,primary_fuel_out_of_scope | alternative_technology_present | electric_motor_present | insufficient_engine_specs,missing_optional:displacement_l | missing_optional:cylinders | missing_optional:engine_description,valid_positive_finite
46973,False,primary_fuel_out_of_scope | alternative_technology_present | electric_motor_present | insufficient_engine_specs,missing_optional:displacement_l | missing_optional:cylinders | missing_optional:engine_description,valid_positive_finite
46975,False,primary_fuel_out_of_scope | alternative_technology_present | electric_motor_present | insufficient_engine_specs,missing_optional:displacement_l | missing_optional:cylinders | missing_optional:engine_description,valid_positive_finite
46976,False,primary_fuel_out_of_scope | alternative_technology_present | electric_motor_present | insufficient_engine_specs,missing_optional:displacement_l | missing_optional:cylinders | missing_optional:engine_description,valid_positive_finite
46977,False,primary_fuel_out_of_scope | alternative_technology_present | electric_motor_present | insufficient_engine_specs,missing_optional:displacement_l | missing_optional:cylinders | missing_optional:engine_description,valid_positive_finite
46978,False,primary_fuel_out_of_scope | alternative_technology_present | electric_motor_present | insufficient_engine_specs,missing_optional:displacement_l | missing_optional:cylinders | missing_optional:engine_description,valid_positive_finite
46979,False,primary_fuel_out_of_scope | alternative_technology_present | electric_motor_present | insufficient_engine_specs,missing_optional:displacement_l | missing_optional:cylinders | missing_optional:engine_description,valid_positive_finite
46980,False,primary_fuel_out_of_scope | alternative_technology_present | electric_motor_present | insufficient_engine_specs,missing_optional:displacement_l | missing_optional:cylinders | missing_optional:engine_description,valid_positive_finite
46982,False,primary_fuel_out_of_scope | alternative_technology_present | electric_motor_present | insufficient_engine_specs,missing_optional:displacement_l | missing_optional:cylinders | missing_optional:engine_description,valid_positive_finite
46983,False,primary_fuel_out_of_scope | alternative_technology_present | electric_motor_present | insufficient_engine_specs,missing_optional:displacement_l | missing_optional:cylinders | missing_optional:engine_description,valid_positive_finite
46984,False,primary_fuel_out_of_scope | alternative_technology_present | electric_motor_present | insufficient_engine_specs,missing_optional:displacement_l | missing_optional:cylinders | missing_optional:engine_description,valid_positive_finite
46988,False,primary_fuel_out_of_scope | alternative_technology_present | electric_motor_present | insufficient_engine_specs,missing_optional:displacement_l | missing_optional:cylinders | missing_optional:engine_description,valid_positive_finite
46992,False,primary_fuel_out_of_scope | alternative_technology_present | electric_motor_present | insufficient_engine_specs,missing_optional:displacement_l | missing_optional:cylinders | missing_optional:engine_description,valid_positive_finite
46993,False,primary_fuel_out_of_scope | alternative_technology_present | electric_motor_present | insufficient_engine_specs,missing_optional:displacement_l | missing_optional:cylinders | missing_optional:engine_description,valid_positive_finite
46994,False,primary_fuel_out_of_scope | alternative_technology_present | electric_motor_present | insufficient_engine_specs,missing_optional:displacement_l | missing_optional:cylinders | missing_optional:engine_description,valid_positive_finite
46995,False,primary_fuel_out_of_scope | alternative_technology_present | electric_motor_present | insufficient_engine_specs,missing_optional:displacement_l | missing_optional:cylinders | missing_optional:engine_description,valid_positive_finite
46996,False,primary_fuel_out_of_scope | alternative_technology_present | electric_motor_present | insufficient_engine_specs,missing_optional:displacement_l | missing_optional:cylinders | missing_optional:engine_description,valid_positive_finite
46997,False,primary_fuel_out_of_scope | alternative_technology_present | electric_motor_present | insufficient_engine_specs,missing_optional:displacement_l | missing_optional:cylinders | missing_optional:engine_description,valid_positive_finite
47000,False,primary_fuel_out_of_scope | alternative_technology_present | electric_motor_present | vehicle_class_out_of_scope | insufficient_engine_specs,missing_optional:displacement_l | missing_optional:cylinders | missing_optional:engine_description,valid_positive_finite
47001,False,primary_fuel_out_of_scope | alternative_technology_present | electric_motor_present | vehicle_class_out_of_scope | insufficient_engine_specs,missing_optional:displacement_l | missing_optional:cylinders | missing_optional:engine_description,valid_positive_finite
47003,False,primary_fuel_out_of_scope | alternative_technology_present | electric_motor_present | vehicle_class_out_of_scope | insufficient_engine_specs,missing_optional:displacement_l | missing_optional:cylinders | missing_optional:engine_description,valid_positive_finite
47004,False,primary_fuel_out_of_scope | alternative_technology_present | electric_motor_present | vehicle_class_out_of_scope | insufficient_engine_specs,missing_optional:displacement_l | missing_optional:cylinders | missing_optional:engine_description,valid_positive_finite
47005,False,primary_fuel_out_of_scope | alternative_technology_present | electric_motor_present | vehicle_class_out_of_scope | insufficient_engine_specs,missing_optional:displacement_l | missing_optional:cylinders | missing_optional:engine_description,valid_positive_finite
47006,True,,missing_optional:engine_description,valid_positive_finite
47008,True,,,valid_positive_finite
47009,True,,,valid_positive_finite
47010,True,,,valid_positive_finite
47041,True,,,valid_positive_finite
47048,True,,,valid_positive_finite
47050,True,,,valid_positive_finite
47066,False,alternative_technology_present | electric_motor_present | hybrid_text_signal,,valid_positive_finite
47073,False,alternative_technology_present | electric_motor_present | hybrid_text_signal,,valid_positive_finite
47076,True,,,valid_positive_finite
47083,True,,,valid_positive_finite
47084,True,,,valid_positive_finite
47093,False,alternative_technology_present | electric_motor_present | hybrid_text_signal,,valid_positive_finite
47108,True,,missing_optional:engine_description,valid_positive_finite
47109,True,,missing_optional:engine_description,valid_positive_finite
47117,False,vehicle_class_out_of_scope,,valid_positive_finite
47133,False,vehicle_class_out_of_scope,missing_optional:engine_description,valid_positive_finite
47134,False,vehicle_class_out_of_scope,missing_optional:engine_description,valid_positive_finite
47138,True,,missing_optional:engine_description,valid_positive_finite
47139,True,,,valid_positive_finite
47141,True,,,valid_positive_finite
47145,False,alternative_technology_present | electric_motor_present | hybrid_text_signal,,valid_positive_finite
47146,True,,,valid_positive_finite
47154,True,,missing_optional:engine_description,valid_positive_finite
47155,True,,missing_optional:engine_description,valid_positive_finite
47157,True,,,valid_positive_finite
47162,True,,,valid_positive_finite
47166,True,,,valid_positive_finite
47168,True,,,valid_positive_finite
47171,True,,missing_optional:engine_description,valid_positive_finite
47174,False,alternative_technology_present | electric_motor_present | hybrid_text_signal,,valid_positive_finite
47177,True,,,valid_positive_finite
47178,False,reviewed_powertrain_uncertain:audi_sq7_sq8_4l_technology_uncertain,,valid_positive_finite
47184,True,,,valid_positive_finite
47185,True,,,valid_positive_finite
47186,True,,,valid_positive_finite
47189,True,,,valid_positive_finite
47190,True,,missing_optional:engine_description,valid_positive_finite
47196,False,alternative_technology_present | electric_motor_present | hybrid_text_signal,,valid_positive_finite
47197,False,alternative_technology_present | electric_motor_present | hybrid_text_signal,,valid_positive_finite
47198,True,,,valid_positive_finite
47199,False,alternative_technology_present | electric_motor_present | hybrid_text_signal,,valid_positive_finite
47203,True,,,valid_positive_finite
47207,True,,,valid_positive_finite
47211,True,,,valid_positive_finite
47213,False,secondary_fuel_present | alternative_technology_present | electric_motor_present | phev_blended | hybrid_text_signal,,valid_positive_finite
47214,False,secondary_fuel_present | alternative_technology_present | electric_motor_present | phev_blended | hybrid_text_signal,,valid_positive_finite
47218,False,secondary_fuel_present | alternative_technology_present | electric_motor_present | phev_blended | hybrid_text_signal,,valid_positive_finite
47219,False,secondary_fuel_present | alternative_technology_present | electric_motor_present | phev_blended | hybrid_text_signal,,valid_positive_finite
47221,False,secondary_fuel_present | alternative_technology_present | electric_motor_present | phev_blended | hybrid_text_signal,,valid_positive_finite
47222,False,secondary_fuel_present | alternative_technology_present | electric_motor_present | phev_blended | hybrid_text_signal,,valid_positive_finite
47225,False,secondary_fuel_present | alternative_technology_present | electric_motor_present | phev_blended | hybrid_text_signal,,valid_positive_finite
47226,False,secondary_fuel_present | alternative_technology_present | electric_motor_present | phev_blended | hybrid_text_signal,,valid_positive_finite
47232,True,,,valid_positive_finite
47233,True,,,valid_positive_finite
47235,False,alternative_technology_present | electric_motor_present | hybrid_text_signal,,valid_positive_finite
47238,True,,,valid_positive_finite
47239,True,,,valid_positive_finite
47242,True,,,valid_positive_finite
47250,False,vehicle_class_out_of_scope,,valid_positive_finite
47253,False,vehicle_class_out_of_scope,missing_optional:engine_description,valid_positive_finite
47255,True,,,valid_positive_finite
47257,True,,,valid_positive_finite
47258,True,,,valid_positive_finite
47259,True,,,valid_positive_finite
47260,True,,,valid_positive_finite
47263,True,,,valid_positive_finite
47264,True,,,valid_positive_finite
47266,False,alternative_technology_present | electric_motor_present | hybrid_text_signal,,valid_positive_finite
47267,False,alternative_technology_present | electric_motor_present | hybrid_text_signal,,valid_positive_finite
47268,False,alternative_technology_present | electric_motor_present | hybrid_text_signal,,valid_positive_finite
47270,False,alternative_technology_present | electric_motor_present | hybrid_text_signal,,valid_positive_finite
47274,False,secondary_fuel_present | alternative_technology_present | electric_motor_present | phev_blended | hybrid_text_signal,,valid_positive_finite
47276,False,secondary_fuel_present | alternative_technology_present | electric_motor_present | phev_blended | hybrid_text_signal | vehicle_class_out_of_scope,,valid_positive_finite
47277,False,secondary_fuel_present | alternative_technology_present | electric_motor_present | phev_blended | hybrid_text_signal,,valid_positive_finite
47278,False,secondary_fuel_present | alternative_technology_present | electric_motor_present | phev_blended | hybrid_text_signal,,valid_positive_finite
47286,True,,,valid_positive_finite
47287,True,,,valid_positive_finite
47288,True,,,valid_positive_finite
47289,True,,,valid_positive_finite
47292,True,,,valid_positive_finite
47293,True,,,valid_positive_finite
47294,True,,,valid_positive_finite
47295,True,,,valid_positive_finite
47300,True,,,valid_positive_finite
47315,True,,,valid_positive_finite
47316,True,,,valid_positive_finite
47317,True,,,valid_positive_finite
47320,True,,,valid_positive_finite
47321,True,,,valid_positive_finite
47322,True,,,valid_positive_finite
47323,True,,,valid_positive_finite
47324,True,,,valid_positive_finite
47331,True,,,valid_positive_finite
47332,True,,,valid_positive_finite
47347,True,,,valid_positive_finite
47356,True,,,valid_positive_finite
47359,True,,,valid_positive_finite
47363,False,vehicle_class_out_of_scope,,valid_positive_finite
47364,False,alternative_technology_present | electric_motor_present | hybrid_text_signal | vehicle_class_out_of_scope,,valid_positive_finite
47369,False,alternative_technology_present | electric_motor_present | hybrid_text_signal | vehicle_class_out_of_scope,,valid_positive_finite
47377,True,,,valid_positive_finite
47412,True,,,valid_positive_finite
47413,True,,,valid_positive_finite
47424,True,,missing_optional:engine_description,valid_positive_finite
47425,True,,missing_optional:engine_description,valid_positive_finite
47426,True,,missing_optional:engine_description,valid_positive_finite
47427,True,,missing_optional:engine_description,valid_positive_finite
47428,True,,,valid_positive_finite
47430,True,,,valid_positive_finite
47433,False,primary_fuel_out_of_scope | alternative_technology_present,missing_optional:engine_description,valid_positive_finite
47434,True,,missing_optional:engine_description,valid_positive_finite
47435,True,,,valid_positive_finite
47453,False,primary_fuel_out_of_scope | alternative_technology_present | electric_motor_present | insufficient_engine_specs,missing_optional:displacement_l | missing_optional:cylinders | missing_optional:engine_description,valid_positive_finite
47454,False,primary_fuel_out_of_scope | alternative_technology_present | electric_motor_present | insufficient_engine_specs,missing_optional:displacement_l | missing_optional:cylinders | missing_optional:engine_description,valid_positive_finite
47455,False,primary_fuel_out_of_scope | alternative_technology_present | electric_motor_present | insufficient_engine_specs,missing_optional:displacement_l | missing_optional:cylinders | missing_optional:engine_description,valid_positive_finite
47456,False,primary_fuel_out_of_scope | alternative_technology_present | electric_motor_present | insufficient_engine_specs,missing_optional:displacement_l | missing_optional:cylinders | missing_optional:engine_description,valid_positive_finite
47470,False,primary_fuel_out_of_scope | alternative_technology_present | electric_motor_present | insufficient_engine_specs,missing_optional:displacement_l | missing_optional:cylinders | missing_optional:engine_description,valid_positive_finite
47472,False,primary_fuel_out_of_scope | alternative_technology_present | electric_motor_present | insufficient_engine_specs,missing_optional:displacement_l | missing_optional:cylinders | missing_optional:engine_description,valid_positive_finite
47477,False,primary_fuel_out_of_scope | alternative_technology_present | electric_motor_present | insufficient_engine_specs,missing_optional:displacement_l | missing_optional:cylinders | missing_optional:engine_description,valid_positive_finite
47478,False,primary_fuel_out_of_scope | alternative_technology_present | electric_motor_present | insufficient_engine_specs,missing_optional:displacement_l | missing_optional:cylinders | missing_optional:engine_description,valid_positive_finite
47479,False,primary_fuel_out_of_scope | alternative_technology_present | electric_motor_present | insufficient_engine_specs,missing_optional:displacement_l | missing_optional:cylinders | missing_optional:engine_description,valid_positive_finite
47480,False,primary_fuel_out_of_scope | alternative_technology_present | electric_motor_present | insufficient_engine_specs,missing_optional:displacement_l | missing_optional:cylinders | missing_optional:engine_description,valid_positive_finite
47481,False,primary_fuel_out_of_scope | alternative_technology_present | electric_motor_present | insufficient_engine_specs,missing_optional:displacement_l | missing_optional:cylinders | missing_optional:engine_description,valid_positive_finite
47482,False,primary_fuel_out_of_scope | alternative_technology_present | electric_motor_present | insufficient_engine_specs,missing_optional:displacement_l | missing_optional:cylinders | missing_optional:engine_description,valid_positive_finite
47484,False,primary_fuel_out_of_scope | alternative_technology_present | electric_motor_present | insufficient_engine_specs,missing_optional:displacement_l | missing_optional:cylinders | missing_optional:engine_description,valid_positive_finite
47487,False,primary_fuel_out_of_scope | alternative_technology_present | electric_motor_present | vehicle_class_out_of_scope | insufficient_engine_specs,missing_optional:displacement_l | missing_optional:cylinders | missing_optional:engine_description,valid_positive_finite
47488,False,primary_fuel_out_of_scope | alternative_technology_present | electric_motor_present | vehicle_class_out_of_scope | insufficient_engine_specs,missing_optional:displacement_l | missing_optional:cylinders | missing_optional:engine_description,valid_positive_finite
47489,False,secondary_fuel_present | alternative_technology_present | electric_motor_present | phev_blended | hybrid_text_signal,,valid_positive_finite
47493,False,secondary_fuel_present | alternative_technology_present | electric_motor_present | phev_blended | hybrid_text_signal,,valid_positive_finite
47494,False,secondary_fuel_present | alternative_technology_present | electric_motor_present | phev_blended | hybrid_text_signal,,valid_positive_finite
47496,False,secondary_fuel_present | alternative_technology_present | electric_motor_present | phev_blended | hybrid_text_signal,,valid_positive_finite
47499,False,secondary_fuel_present | alternative_technology_present | electric_motor_present | phev_blended | hybrid_text_signal,,valid_positive_finite
47500,False,secondary_fuel_present | alternative_technology_present | electric_motor_present | phev_blended | hybrid_text_signal,,valid_positive_finite
47505,False,secondary_fuel_present | alternative_technology_present | electric_motor_present | phev_blended,missing_optional:engine_description,valid_positive_finite
47506,True,,missing_optional:engine_description,valid_positive_finite
47507,False,alternative_technology_present | electric_motor_present | hybrid_text_signal,,valid_positive_finite
47508,True,,,valid_positive_finite
47511,True,,,valid_positive_finite
47516,False,alternative_technology_present | electric_motor_present | hybrid_text_signal,,valid_positive_finite
47517,True,,missing_optional:engine_description,valid_positive_finite
47520,True,,,valid_positive_finite
47521,True,,,valid_positive_finite
47524,False,primary_fuel_out_of_scope | alternative_technology_present | electric_motor_present | insufficient_engine_specs,missing_optional:displacement_l | missing_optional:cylinders,valid_positive_finite
47525,False,primary_fuel_out_of_scope | alternative_technology_present | electric_motor_present | insufficient_engine_specs,missing_optional:displacement_l | missing_optional:cylinders,valid_positive_finite
47528,False,primary_fuel_out_of_scope | alternative_technology_present | electric_motor_present | insufficient_engine_specs,missing_optional:displacement_l | missing_optional:cylinders,valid_positive_finite
47534,False,primary_fuel_out_of_scope | alternative_technology_present | electric_motor_present | insufficient_engine_specs,missing_optional:displacement_l | missing_optional:cylinders,valid_positive_finite
47541,False,primary_fuel_out_of_scope | alternative_technology_present | electric_motor_present | insufficient_engine_specs,missing_optional:displacement_l | missing_optional:cylinders,valid_positive_finite
47544,False,primary_fuel_out_of_scope | alternative_technology_present | electric_motor_present | insufficient_engine_specs,missing_optional:displacement_l | missing_optional:cylinders,valid_positive_finite
47549,True,,missing_optional:engine_description,valid_positive_finite
47550,True,,missing_optional:engine_description,valid_positive_finite
47551,False,alternative_technology_present | electric_motor_present | hybrid_text_signal,,valid_positive_finite
47560,True,,,valid_positive_finite
47566,True,,,valid_positive_finite
47567,True,,,valid_positive_finite
47568,True,,,valid_positive_finite
47569,False,alternative_technology_present | electric_motor_present | hybrid_text_signal,,valid_positive_finite
47573,True,,,valid_positive_finite
47574,True,,,valid_positive_finite
47575,True,,,valid_positive_finite
47593,False,vehicle_class_out_of_scope,,valid_positive_finite
47596,False,vehicle_class_out_of_scope,,valid_positive_finite
47597,False,vehicle_class_out_of_scope,,valid_positive_finite
47606,False,vehicle_class_out_of_scope,missing_optional:engine_description,valid_positive_finite
47607,False,vehicle_class_out_of_scope,missing_optional:engine_description,valid_positive_finite
47611,False,vehicle_class_out_of_scope,,valid_positive_finite
47614,False,vehicle_class_out_of_scope,,valid_positive_finite
47615,False,vehicle_class_out_of_scope,,valid_positive_finite
47616,False,vehicle_class_out_of_scope,,valid_positive_finite
47618,False,vehicle_class_out_of_scope,,valid_positive_finite
47619,False,vehicle_class_out_of_scope,,valid_positive_finite
47622,False,vehicle_class_out_of_scope,missing_optional:engine_description,valid_positive_finite
47623,False,vehicle_class_out_of_scope,missing_optional:engine_description,valid_positive_finite
47632,True,,,valid_positive_finite
47634,True,,,valid_positive_finite
47636,False,alternative_technology_present | electric_motor_present | hybrid_text_signal,,valid_positive_finite
47644,True,,,valid_positive_finite
47645,True,,,valid_positive_finite
47651,True,,,valid_positive_finite
47656,True,,,valid_positive_finite
47657,True,,,valid_positive_finite
47660,True,,,valid_positive_finite
47661,True,,,valid_positive_finite
47662,False,alternative_technology_present | electric_motor_present | hybrid_text_signal,,valid_positive_finite
47663,False,alternative_technology_present | electric_motor_present | hybrid_text_signal,,valid_positive_finite
47674,True,,,valid_positive_finite
47675,True,,,valid_positive_finite
47676,True,,,valid_positive_finite
47684,True,,,valid_positive_finite
47685,True,,,valid_positive_finite
47687,True,,,valid_positive_finite
47689,True,,missing_optional:engine_description,valid_positive_finite
47703,True,,,valid_positive_finite
47705,True,,,valid_positive_finite
47707,True,,,valid_positive_finite
47709,False,alternative_technology_present | electric_motor_present | hybrid_text_signal,,valid_positive_finite
47711,False,alternative_technology_present | electric_motor_present | hybrid_text_signal,,valid_positive_finite
47722,False,vehicle_class_out_of_scope,,valid_positive_finite
47723,False,alternative_technology_present | electric_motor_present | hybrid_text_signal | vehicle_class_out_of_scope,,valid_positive_finite
47724,False,alternative_technology_present | electric_motor_present | hybrid_text_signal | vehicle_class_out_of_scope,,valid_positive_finite
47725,False,vehicle_class_out_of_scope,,valid_positive_finite
47726,False,alternative_technology_present | electric_motor_present | hybrid_text_signal | vehicle_class_out_of_scope,,valid_positive_finite
47727,False,vehicle_class_out_of_scope,,valid_positive_finite
47728,True,,,valid_positive_finite
47733,True,,,valid_positive_finite
47734,True,,,valid_positive_finite
47735,False,alternative_technology_present | electric_motor_present | hybrid_text_signal,,valid_positive_finite
47737,True,,,valid_positive_finite
47741,True,,,valid_positive_finite
47751,True,,,valid_positive_finite
47752,True,,,valid_positive_finite
47753,True,,,valid_positive_finite
47759,True,,,valid_positive_finite
47773,True,,,valid_positive_finite
47777,True,,,valid_positive_finite
47780,True,,,valid_positive_finite
47782,True,,missing_optional:engine_description,valid_positive_finite
47785,True,,,valid_positive_finite
47786,False,secondary_fuel_present | alternative_technology_present,,valid_positive_finite
47789,True,,,valid_positive_finite
47791,True,,,valid_positive_finite
47793,True,,,valid_positive_finite
47795,False,alternative_technology_present | electric_motor_present | hybrid_text_signal,,valid_positive_finite
47799,True,,,valid_positive_finite
47800,True,,,valid_positive_finite
47806,False,reviewed_powertrain_uncertain:audi_sq7_sq8_4l_technology_uncertain,,valid_positive_finite
47807,False,alternative_technology_present | electric_motor_present | hybrid_text_signal,,valid_positive_finite
47808,False,primary_fuel_out_of_scope | alternative_technology_present | electric_motor_present | insufficient_engine_specs,missing_optional:displacement_l | missing_optional:cylinders | missing_optional:engine_description,valid_positive_finite
47809,False,primary_fuel_out_of_scope | alternative_technology_present | electric_motor_present | insufficient_engine_specs,missing_optional:displacement_l | missing_optional:cylinders | missing_optional:engine_description,valid_positive_finite
47811,False,primary_fuel_out_of_scope | alternative_technology_present | electric_motor_present | insufficient_engine_specs,missing_optional:displacement_l | missing_optional:cylinders | missing_optional:engine_description,valid_positive_finite
47814,False,primary_fuel_out_of_scope | alternative_technology_present | electric_motor_present | insufficient_engine_specs,missing_optional:displacement_l | missing_optional:cylinders | missing_optional:engine_description,valid_positive_finite
47816,False,primary_fuel_out_of_scope | alternative_technology_present | electric_motor_present | insufficient_engine_specs,missing_optional:displacement_l | missing_optional:cylinders | missing_optional:engine_description,valid_positive_finite
47817,False,primary_fuel_out_of_scope | alternative_technology_present | electric_motor_present | insufficient_engine_specs,missing_optional:displacement_l | missing_optional:cylinders | missing_optional:engine_description,valid_positive_finite
47821,False,primary_fuel_out_of_scope | alternative_technology_present | electric_motor_present | vehicle_class_out_of_scope | insufficient_engine_specs,missing_optional:displacement_l | missing_optional:cylinders | missing_optional:engine_description,valid_positive_finite
47827,False,primary_fuel_out_of_scope | alternative_technology_present | electric_motor_present | insufficient_engine_specs,missing_optional:displacement_l | missing_optional:cylinders | missing_optional:engine_description,valid_positive_finite
47830,False,primary_fuel_out_of_scope | alternative_technology_present | electric_motor_present | insufficient_engine_specs,missing_optional:displacement_l | missing_optional:cylinders | missing_optional:engine_description,valid_positive_finite
47836,False,primary_fuel_out_of_scope | alternative_technology_present | electric_motor_present | insufficient_engine_specs,missing_optional:displacement_l | missing_optional:cylinders | missing_optional:engine_description,valid_positive_finite
47837,False,primary_fuel_out_of_scope | alternative_technology_present | electric_motor_present | insufficient_engine_specs,missing_optional:displacement_l | missing_optional:cylinders | missing_optional:engine_description,valid_positive_finite
47838,False,primary_fuel_out_of_scope | alternative_technology_present | electric_motor_present | insufficient_engine_specs,missing_optional:displacement_l | missing_optional:cylinders | missing_optional:engine_description,valid_positive_finite
47839,False,primary_fuel_out_of_scope | alternative_technology_present | electric_motor_present | insufficient_engine_specs,missing_optional:displacement_l | missing_optional:cylinders | missing_optional:engine_description,valid_positive_finite
47840,False,primary_fuel_out_of_scope | alternative_technology_present | electric_motor_present | insufficient_engine_specs,missing_optional:displacement_l | missing_optional:cylinders | missing_optional:engine_description,valid_positive_finite
47841,False,primary_fuel_out_of_scope | alternative_technology_present | electric_motor_present | insufficient_engine_specs,missing_optional:displacement_l | missing_optional:cylinders | missing_optional:engine_description,valid_positive_finite
47842,False,primary_fuel_out_of_scope | alternative_technology_present | electric_motor_present | insufficient_engine_specs,missing_optional:displacement_l | missing_optional:cylinders | missing_optional:engine_description,valid_positive_finite
47846,False,primary_fuel_out_of_scope | alternative_technology_present | electric_motor_present | insufficient_engine_specs,missing_optional:displacement_l | missing_optional:cylinders | missing_optional:engine_description,valid_positive_finite
47853,False,primary_fuel_out_of_scope | alternative_technology_present | electric_motor_present | insufficient_engine_specs,missing_optional:displacement_l | missing_optional:cylinders | missing_optional:engine_description,valid_positive_finite
47857,False,primary_fuel_out_of_scope | alternative_technology_present | electric_motor_present | insufficient_engine_specs,missing_optional:displacement_l | missing_optional:cylinders | missing_optional:engine_description,valid_positive_finite
47861,False,primary_fuel_out_of_scope | alternative_technology_present | electric_motor_present | vehicle_class_out_of_scope | insufficient_engine_specs,missing_optional:displacement_l | missing_optional:cylinders | missing_optional:engine_description,valid_positive_finite
47869,False,primary_fuel_out_of_scope | alternative_technology_present | electric_motor_present | vehicle_class_out_of_scope | insufficient_engine_specs,missing_optional:displacement_l | missing_optional:cylinders | missing_optional:engine_description,valid_positive_finite
47870,False,primary_fuel_out_of_scope | alternative_technology_present | electric_motor_present | vehicle_class_out_of_scope | insufficient_engine_specs,missing_optional:displacement_l | missing_optional:cylinders | missing_optional:engine_description,valid_positive_finite
47871,False,primary_fuel_out_of_scope | alternative_technology_present | electric_motor_present | vehicle_class_out_of_scope | insufficient_engine_specs,missing_optional:displacement_l | missing_optional:cylinders | missing_optional:engine_description,valid_positive_finite
47876,False,primary_fuel_out_of_scope | alternative_technology_present | electric_motor_present | vehicle_class_out_of_scope | insufficient_engine_specs,missing_optional:displacement_l | missing_optional:cylinders | missing_optional:engine_description,valid_positive_finite
47881,False,primary_fuel_out_of_scope | alternative_technology_present | electric_motor_present | vehicle_class_out_of_scope | insufficient_engine_specs,missing_optional:displacement_l | missing_optional:cylinders | missing_optional:engine_description,valid_positive_finite
47882,False,primary_fuel_out_of_scope | alternative_technology_present | electric_motor_present | vehicle_class_out_of_scope | insufficient_engine_specs,missing_optional:displacement_l | missing_optional:cylinders | missing_optional:engine_description,valid_positive_finite
47890,False,primary_fuel_out_of_scope | alternative_technology_present | electric_motor_present | insufficient_engine_specs,missing_optional:displacement_l | missing_optional:cylinders | missing_optional:engine_description,valid_positive_finite
47898,False,primary_fuel_out_of_scope | alternative_technology_present | electric_motor_present | insufficient_engine_specs,missing_optional:displacement_l | missing_optional:cylinders | missing_optional:engine_description,valid_positive_finite
47899,False,primary_fuel_out_of_scope | alternative_technology_present | electric_motor_present | insufficient_engine_specs,missing_optional:displacement_l | missing_optional:cylinders | missing_optional:engine_description,valid_positive_finite
47903,False,primary_fuel_out_of_scope | alternative_technology_present | electric_motor_present | insufficient_engine_specs,missing_optional:displacement_l | missing_optional:cylinders | missing_optional:engine_description,valid_positive_finite
47904,False,primary_fuel_out_of_scope | alternative_technology_present | electric_motor_present | insufficient_engine_specs,missing_optional:displacement_l | missing_optional:cylinders | missing_optional:engine_description,valid_positive_finite
47909,False,primary_fuel_out_of_scope | alternative_technology_present | electric_motor_present | insufficient_engine_specs,missing_optional:displacement_l | missing_optional:cylinders | missing_optional:engine_description,valid_positive_finite
47910,False,primary_fuel_out_of_scope | alternative_technology_present | electric_motor_present | insufficient_engine_specs,missing_optional:displacement_l | missing_optional:cylinders | missing_optional:engine_description,valid_positive_finite
47911,False,primary_fuel_out_of_scope | alternative_technology_present | electric_motor_present | insufficient_engine_specs,missing_optional:displacement_l | missing_optional:cylinders | missing_optional:engine_description,valid_positive_finite
47913,False,primary_fuel_out_of_scope | alternative_technology_present | electric_motor_present | insufficient_engine_specs,missing_optional:displacement_l | missing_optional:cylinders | missing_optional:engine_description,valid_positive_finite
47914,False,primary_fuel_out_of_scope | alternative_technology_present | electric_motor_present | insufficient_engine_specs,missing_optional:displacement_l | missing_optional:cylinders | missing_optional:engine_description,valid_positive_finite
47916,False,primary_fuel_out_of_scope | alternative_technology_present | electric_motor_present | insufficient_engine_specs,missing_optional:displacement_l | missing_optional:cylinders | missing_optional:engine_description,valid_positive_finite
47917,False,primary_fuel_out_of_scope | alternative_technology_present | electric_motor_present | insufficient_engine_specs,missing_optional:displacement_l | missing_optional:cylinders | missing_optional:engine_description,valid_positive_finite
47922,False,primary_fuel_out_of_scope | alternative_technology_present | electric_motor_present | insufficient_engine_specs,missing_optional:displacement_l | missing_optional:cylinders | missing_optional:engine_description,valid_positive_finite
47924,False,primary_fuel_out_of_scope | alternative_technology_present | electric_motor_present | insufficient_engine_specs,missing_optional:displacement_l | missing_optional:cylinders | missing_optional:engine_description,valid_positive_finite
47925,True,,,valid_positive_finite
47926,True,,,valid_positive_finite
47933,True,,,valid_positive_finite
47935,True,,,valid_positive_finite
47938,True,,,valid_positive_finite
47939,True,,,valid_positive_finite
47940,True,,,valid_positive_finite
47941,False,secondary_fuel_present | alternative_technology_present,,valid_positive_finite
47943,True,,missing_optional:engine_description,valid_positive_finite
47944,False,alternative_technology_present | electric_motor_present | hybrid_text_signal,,valid_positive_finite
47946,False,vehicle_class_out_of_scope,,valid_positive_finite
47955,True,,,valid_positive_finite
47956,True,,,valid_positive_finite
47957,False,alternative_technology_present | electric_motor_present | hybrid_text_signal,,valid_positive_finite
47958,True,,,valid_positive_finite
47961,True,,,valid_positive_finite
47962,True,,missing_optional:engine_description,valid_positive_finite
47963,False,alternative_technology_present | electric_motor_present | hybrid_text_signal,,valid_positive_finite
47965,True,,,valid_positive_finite
47970,True,,,valid_positive_finite
47972,True,,,valid_positive_finite
47980,True,,,valid_positive_finite
47982,True,,,valid_positive_finite
47983,True,,,valid_positive_finite
47984,True,,,valid_positive_finite
47985,True,,,valid_positive_finite
47986,True,,,valid_positive_finite
47995,True,,,valid_positive_finite
48002,False,alternative_technology_present | electric_motor_present | hybrid_text_signal | reviewed_powertrain_hybrid:volvo_b_badge_mild_hybrid,,valid_positive_finite
48003,True,,,valid_positive_finite
48004,True,,,valid_positive_finite
48008,False,alternative_technology_present | electric_motor_present | hybrid_text_signal,,valid_positive_finite
48035,False,alternative_technology_present | electric_motor_present | hybrid_text_signal | reviewed_powertrain_hybrid:volvo_b_badge_mild_hybrid,,valid_positive_finite
48038,True,,,valid_positive_finite
48039,True,,,valid_positive_finite
48040,True,,,valid_positive_finite
48041,False,alternative_technology_present | electric_motor_present | hybrid_text_signal,,valid_positive_finite
48044,True,,,valid_positive_finite
48045,True,,,valid_positive_finite
48046,True,,,valid_positive_finite
48048,False,alternative_technology_present | electric_motor_present | hybrid_text_signal,,valid_positive_finite
48050,False,alternative_technology_present | electric_motor_present | hybrid_text_signal | reviewed_powertrain_hybrid:volvo_b_badge_mild_hybrid,,valid_positive_finite
48055,True,,,valid_positive_finite
48061,True,,,valid_positive_finite
48065,True,,,valid_positive_finite
48067,False,alternative_technology_present | electric_motor_present | hybrid_text_signal,,valid_positive_finite
48070,True,,,valid_positive_finite
48071,True,,,valid_positive_finite
48073,True,,,valid_positive_finite
48083,True,,,valid_positive_finite
48094,True,,,valid_positive_finite
48097,False,alternative_technology_present | electric_motor_present | hybrid_text_signal,,valid_positive_finite
48102,True,,,valid_positive_finite
48105,False,alternative_technology_present | electric_motor_present | hybrid_text_signal,,valid_positive_finite
48107,False,alternative_technology_present | electric_motor_present | hybrid_text_signal | reviewed_powertrain_hybrid:volvo_b_badge_mild_hybrid,,valid_positive_finite
48108,False,alternative_technology_present | electric_motor_present | hybrid_text_signal | reviewed_powertrain_hybrid:volvo_b_badge_mild_hybrid,,valid_positive_finite
48109,True,,,valid_positive_finite
48111,True,,,valid_positive_finite
48112,True,,,valid_positive_finite
48113,True,,,valid_positive_finite
48116,True,,,valid_positive_finite
48117,True,,,valid_positive_finite
48118,True,,,valid_positive_finite
48119,True,,,valid_positive_finite
48120,True,,,valid_positive_finite
48121,False,alternative_technology_present | electric_motor_present | hybrid_text_signal,,valid_positive_finite
48126,False,alternative_technology_present | electric_motor_present | hybrid_text_signal,,valid_positive_finite
48129,False,alternative_technology_present | electric_motor_present | hybrid_text_signal,,valid_positive_finite
48131,True,,,valid_positive_finite
48132,True,,,valid_positive_finite
48133,False,alternative_technology_present | electric_motor_present | hybrid_text_signal,,valid_positive_finite
48146,False,alternative_technology_present | electric_motor_present | hybrid_text_signal | reviewed_powertrain_hybrid:volvo_b_badge_mild_hybrid,,valid_positive_finite
48148,True,,,valid_positive_finite
48149,True,,,valid_positive_finite
48155,True,,,valid_positive_finite
48156,False,alternative_technology_present | electric_motor_present | hybrid_text_signal,,valid_positive_finite
48158,False,alternative_technology_present | electric_motor_present | hybrid_text_signal,,valid_positive_finite
48160,True,,,valid_positive_finite
48162,True,,,valid_positive_finite
48173,False,alternative_technology_present | electric_motor_present | hybrid_text_signal,,valid_positive_finite
48184,False,alternative_technology_present | electric_motor_present | hybrid_text_signal,,valid_positive_finite
48189,True,,,valid_positive_finite
48191,False,alternative_technology_present | electric_motor_present | hybrid_text_signal,,valid_positive_finite
48192,False,alternative_technology_present | electric_motor_present | hybrid_text_signal,,valid_positive_finite
48199,False,primary_fuel_out_of_scope | alternative_technology_present | vehicle_class_out_of_scope,missing_optional:engine_description,valid_positive_finite
48200,False,vehicle_class_out_of_scope,,valid_positive_finite
48201,False,vehicle_class_out_of_scope,,valid_positive_finite
48202,False,vehicle_class_out_of_scope,,valid_positive_finite
48203,False,vehicle_class_out_of_scope,,valid_positive_finite
48230,False,primary_fuel_out_of_scope | alternative_technology_present | vehicle_class_out_of_scope,,valid_positive_finite
48234,False,vehicle_class_out_of_scope,,valid_positive_finite
48238,False,vehicle_class_out_of_scope,,valid_positive_finite
48241,False,vehicle_class_out_of_scope,,valid_positive_finite
48243,False,vehicle_class_out_of_scope,,valid_positive_finite
48247,False,vehicle_class_out_of_scope,,valid_positive_finite
48252,False,vehicle_class_out_of_scope,missing_optional:engine_description,valid_positive_finite
48253,False,vehicle_class_out_of_scope,missing_optional:engine_description,valid_positive_finite
48255,False,vehicle_class_out_of_scope,missing_optional:engine_description,valid_positive_finite
48266,True,,,valid_positive_finite
48267,True,,,valid_positive_finite
48273,True,,,valid_positive_finite
48274,True,,,valid_positive_finite
48278,True,,,valid_positive_finite
48284,True,,,valid_positive_finite
48285,True,,,valid_positive_finite
48286,False,alternative_technology_present | electric_motor_present | hybrid_text_signal,,valid_positive_finite
48287,True,,missing_optional:engine_description,valid_positive_finite
48288,True,,missing_optional:engine_description,valid_positive_finite
48290,True,,,valid_positive_finite
48291,True,,,valid_positive_finite
48292,False,alternative_technology_present | electric_motor_present | hybrid_text_signal,,valid_positive_finite
48293,False,alternative_technology_present | electric_motor_present | hybrid_text_signal,,valid_positive_finite
48294,True,,,valid_positive_finite
48295,True,,,valid_positive_finite
48296,False,primary_fuel_out_of_scope | alternative_technology_present | electric_motor_present | insufficient_engine_specs,missing_optional:displacement_l | missing_optional:cylinders | missing_optional:engine_description,valid_positive_finite
48311,False,primary_fuel_out_of_scope | alternative_technology_present | electric_motor_present | insufficient_engine_specs,missing_optional:displacement_l | missing_optional:cylinders | missing_optional:engine_description,valid_positive_finite
48315,False,primary_fuel_out_of_scope | alternative_technology_present | electric_motor_present | insufficient_engine_specs,missing_optional:displacement_l | missing_optional:cylinders | missing_optional:engine_description,valid_positive_finite
48341,False,primary_fuel_out_of_scope | alternative_technology_present | electric_motor_present | insufficient_engine_specs,missing_optional:displacement_l | missing_optional:cylinders | missing_optional:engine_description,valid_positive_finite
48351,False,primary_fuel_out_of_scope | alternative_technology_present | electric_motor_present | insufficient_engine_specs,missing_optional:displacement_l | missing_optional:cylinders | missing_optional:engine_description,valid_positive_finite
48354,False,primary_fuel_out_of_scope | alternative_technology_present | electric_motor_present | insufficient_engine_specs,missing_optional:displacement_l | missing_optional:cylinders | missing_optional:engine_description,valid_positive_finite
48355,False,primary_fuel_out_of_scope | alternative_technology_present | electric_motor_present | insufficient_engine_specs,missing_optional:displacement_l | missing_optional:cylinders | missing_optional:engine_description,valid_positive_finite
48356,False,primary_fuel_out_of_scope | alternative_technology_present | electric_motor_present | insufficient_engine_specs,missing_optional:displacement_l | missing_optional:cylinders | missing_optional:engine_description,valid_positive_finite
48357,False,primary_fuel_out_of_scope | alternative_technology_present | electric_motor_present | insufficient_engine_specs,missing_optional:displacement_l | missing_optional:cylinders | missing_optional:engine_description,valid_positive_finite
48361,False,primary_fuel_out_of_scope | alternative_technology_present | electric_motor_present | insufficient_engine_specs,missing_optional:displacement_l | missing_optional:cylinders | missing_optional:engine_description,valid_positive_finite
48365,False,primary_fuel_out_of_scope | alternative_technology_present | electric_motor_present | insufficient_engine_specs,missing_optional:displacement_l | missing_optional:cylinders | missing_optional:engine_description,valid_positive_finite
48371,False,primary_fuel_out_of_scope | alternative_technology_present | electric_motor_present | insufficient_engine_specs,missing_optional:displacement_l | missing_optional:cylinders | missing_optional:engine_description,valid_positive_finite
48372,False,primary_fuel_out_of_scope | alternative_technology_present | electric_motor_present | insufficient_engine_specs,missing_optional:displacement_l | missing_optional:cylinders | missing_optional:engine_description,valid_positive_finite
48374,False,primary_fuel_out_of_scope | alternative_technology_present | electric_motor_present | insufficient_engine_specs,missing_optional:displacement_l | missing_optional:cylinders | missing_optional:engine_description,valid_positive_finite
48375,False,primary_fuel_out_of_scope | alternative_technology_present | electric_motor_present | insufficient_engine_specs,missing_optional:displacement_l | missing_optional:cylinders | missing_optional:engine_description,valid_positive_finite
48376,False,primary_fuel_out_of_scope | alternative_technology_present | electric_motor_present | insufficient_engine_specs,missing_optional:displacement_l | missing_optional:cylinders | missing_optional:engine_description,valid_positive_finite
48377,False,primary_fuel_out_of_scope | alternative_technology_present | electric_motor_present | insufficient_engine_specs,missing_optional:displacement_l | missing_optional:cylinders | missing_optional:engine_description,valid_positive_finite
48379,False,primary_fuel_out_of_scope | alternative_technology_present | electric_motor_present | insufficient_engine_specs,missing_optional:displacement_l | missing_optional:cylinders | missing_optional:engine_description,valid_positive_finite
48380,False,primary_fuel_out_of_scope | alternative_technology_present | electric_motor_present | insufficient_engine_specs,missing_optional:displacement_l | missing_optional:cylinders | missing_optional:engine_description,valid_positive_finite
48382,False,primary_fuel_out_of_scope | alternative_technology_present | electric_motor_present | insufficient_engine_specs,missing_optional:displacement_l | missing_optional:cylinders | missing_optional:engine_description,valid_positive_finite
48395,False,primary_fuel_out_of_scope | alternative_technology_present | electric_motor_present | insufficient_engine_specs,missing_optional:displacement_l | missing_optional:cylinders | missing_optional:engine_description,valid_positive_finite
48398,False,primary_fuel_out_of_scope | alternative_technology_present | electric_motor_present | insufficient_engine_specs,missing_optional:displacement_l | missing_optional:cylinders | missing_optional:engine_description,valid_positive_finite
48399,False,primary_fuel_out_of_scope | alternative_technology_present | electric_motor_present | insufficient_engine_specs,missing_optional:displacement_l | missing_optional:cylinders | missing_optional:engine_description,valid_positive_finite
48402,False,primary_fuel_out_of_scope | alternative_technology_present | electric_motor_present | insufficient_engine_specs,missing_optional:displacement_l | missing_optional:cylinders | missing_optional:engine_description,valid_positive_finite
48403,False,primary_fuel_out_of_scope | alternative_technology_present | electric_motor_present | insufficient_engine_specs,missing_optional:displacement_l | missing_optional:cylinders | missing_optional:engine_description,valid_positive_finite
48404,False,primary_fuel_out_of_scope | alternative_technology_present | electric_motor_present | insufficient_engine_specs,missing_optional:displacement_l | missing_optional:cylinders | missing_optional:engine_description,valid_positive_finite
48405,False,primary_fuel_out_of_scope | alternative_technology_present | electric_motor_present | insufficient_engine_specs,missing_optional:displacement_l | missing_optional:cylinders | missing_optional:engine_description,valid_positive_finite
48408,False,primary_fuel_out_of_scope | alternative_technology_present | electric_motor_present | insufficient_engine_specs,missing_optional:displacement_l | missing_optional:cylinders | missing_optional:engine_description,valid_positive_finite
48409,False,primary_fuel_out_of_scope | alternative_technology_present | electric_motor_present | insufficient_engine_specs,missing_optional:displacement_l | missing_optional:cylinders | missing_optional:engine_description,valid_positive_finite
48410,False,primary_fuel_out_of_scope | alternative_technology_present | electric_motor_present | insufficient_engine_specs,missing_optional:displacement_l | missing_optional:cylinders | missing_optional:engine_description,valid_positive_finite
48412,False,primary_fuel_out_of_scope | alternative_technology_present | electric_motor_present | insufficient_engine_specs,missing_optional:displacement_l | missing_optional:cylinders | missing_optional:engine_description,valid_positive_finite
48416,False,primary_fuel_out_of_scope | alternative_technology_present | electric_motor_present | vehicle_class_out_of_scope | insufficient_engine_specs,missing_optional:displacement_l | missing_optional:cylinders | missing_optional:engine_description,valid_positive_finite
48424,False,primary_fuel_out_of_scope | alternative_technology_present | electric_motor_present | vehicle_class_out_of_scope | insufficient_engine_specs,missing_optional:displacement_l | missing_optional:cylinders | missing_optional:engine_description,valid_positive_finite
48425,False,primary_fuel_out_of_scope | alternative_technology_present | electric_motor_present | vehicle_class_out_of_scope | insufficient_engine_specs,missing_optional:displacement_l | missing_optional:cylinders | missing_optional:engine_description,valid_positive_finite
48429,False,primary_fuel_out_of_scope | alternative_technology_present | electric_motor_present | insufficient_engine_specs,missing_optional:displacement_l | missing_optional:cylinders | missing_optional:engine_description,valid_positive_finite
48430,False,primary_fuel_out_of_scope | alternative_technology_present | electric_motor_present | insufficient_engine_specs,missing_optional:displacement_l | missing_optional:cylinders | missing_optional:engine_description,valid_positive_finite
48440,False,primary_fuel_out_of_scope | alternative_technology_present | electric_motor_present | insufficient_engine_specs,missing_optional:displacement_l | missing_optional:cylinders | missing_optional:engine_description,valid_positive_finite
48441,False,primary_fuel_out_of_scope | alternative_technology_present | electric_motor_present | insufficient_engine_specs,missing_optional:displacement_l | missing_optional:cylinders | missing_optional:engine_description,valid_positive_finite
48442,False,primary_fuel_out_of_scope | alternative_technology_present | electric_motor_present | insufficient_engine_specs,missing_optional:displacement_l | missing_optional:cylinders | missing_optional:engine_description,valid_positive_finite
48443,False,primary_fuel_out_of_scope | alternative_technology_present | electric_motor_present | insufficient_engine_specs,missing_optional:displacement_l | missing_optional:cylinders | missing_optional:engine_description,valid_positive_finite
48446,False,primary_fuel_out_of_scope | alternative_technology_present | electric_motor_present | insufficient_engine_specs,missing_optional:displacement_l | missing_optional:cylinders | missing_optional:engine_description,valid_positive_finite
48451,False,primary_fuel_out_of_scope | alternative_technology_present | electric_motor_present | insufficient_engine_specs,missing_optional:displacement_l | missing_optional:cylinders | missing_optional:engine_description,valid_positive_finite
48452,False,alternative_technology_present | hybrid_text_signal,,valid_positive_finite
48453,True,,missing_optional:engine_description,valid_positive_finite
48454,False,alternative_technology_present | electric_motor_present | hybrid_text_signal,,valid_positive_finite
48456,True,,,valid_positive_finite
48460,False,alternative_technology_present | electric_motor_present | hybrid_text_signal | vehicle_class_out_of_scope,,valid_positive_finite
48461,False,alternative_technology_present | electric_motor_present | hybrid_text_signal | vehicle_class_out_of_scope,,valid_positive_finite
48463,True,,,valid_positive_finite
48465,True,,,valid_positive_finite
48469,False,primary_fuel_out_of_scope | alternative_technology_present | electric_motor_present | insufficient_engine_specs,missing_optional:displacement_l | missing_optional:cylinders | missing_optional:engine_description,valid_positive_finite
48470,False,primary_fuel_out_of_scope | alternative_technology_present | electric_motor_present | insufficient_engine_specs,missing_optional:displacement_l | missing_optional:cylinders | missing_optional:engine_description,valid_positive_finite
48471,False,primary_fuel_out_of_scope | alternative_technology_present | electric_motor_present | insufficient_engine_specs,missing_optional:displacement_l | missing_optional:cylinders | missing_optional:engine_description,valid_positive_finite
48473,False,primary_fuel_out_of_scope | alternative_technology_present | electric_motor_present | insufficient_engine_specs,missing_optional:displacement_l | missing_optional:cylinders | missing_optional:engine_description,valid_positive_finite
48475,False,primary_fuel_out_of_scope | alternative_technology_present | electric_motor_present | insufficient_engine_specs,missing_optional:displacement_l | missing_optional:cylinders | missing_optional:engine_description,valid_positive_finite
48478,False,alternative_technology_present | electric_motor_present | hybrid_text_signal,,valid_positive_finite
48483,True,,,valid_positive_finite
48486,False,alternative_technology_present | electric_motor_present | hybrid_text_signal,,valid_positive_finite
48496,True,,,valid_positive_finite
48497,False,alternative_technology_present | electric_motor_present | hybrid_text_signal,,valid_positive_finite
48504,True,,,valid_positive_finite
48507,True,,,valid_positive_finite
48508,True,,,valid_positive_finite
48509,False,vehicle_class_out_of_scope,,valid_positive_finite
48513,False,vehicle_class_out_of_scope,missing_optional:engine_description,valid_positive_finite
48520,True,,,valid_positive_finite
48521,True,,,valid_positive_finite
48524,True,,,valid_positive_finite
48526,True,,,valid_positive_finite
48527,True,,,valid_positive_finite
48529,True,,,valid_positive_finite
48532,True,,,valid_positive_finite
48533,True,,missing_optional:engine_description,valid_positive_finite
48535,False,alternative_technology_present | electric_motor_present | hybrid_text_signal,,valid_positive_finite
48536,True,,,valid_positive_finite
48542,True,,,valid_positive_finite
48543,True,,,valid_positive_finite
48544,True,,,valid_positive_finite
48547,True,,,valid_positive_finite
48548,True,,,valid_positive_finite
48552,True,,missing_optional:engine_description,valid_positive_finite
48554,True,,,valid_positive_finite
48555,True,,,valid_positive_finite
48557,True,,,valid_positive_finite
48558,True,,,valid_positive_finite
48560,True,,,valid_positive_finite
48562,True,,,valid_positive_finite
48563,True,,missing_optional:engine_description,valid_positive_finite
48565,True,,,valid_positive_finite
48567,True,,,valid_positive_finite
48568,False,alternative_technology_present | electric_motor_present | hybrid_text_signal,,valid_positive_finite
48569,False,alternative_technology_present | electric_motor_present | hybrid_text_signal,,valid_positive_finite
48572,True,,,valid_positive_finite
48573,True,,,valid_positive_finite
48578,True,,,valid_positive_finite
48579,True,,,valid_positive_finite
48580,True,,,valid_positive_finite
48581,False,alternative_technology_present | electric_motor_present | hybrid_text_signal,,valid_positive_finite
48588,True,,,valid_positive_finite
48601,False,alternative_technology_present | electric_motor_present | hybrid_text_signal,,valid_positive_finite
48605,True,,,valid_positive_finite
48606,True,,,valid_positive_finite
48611,True,,,valid_positive_finite
48612,True,,,valid_positive_finite
48613,True,,,valid_positive_finite
48614,False,alternative_technology_present | electric_motor_present | hybrid_text_signal,,valid_positive_finite
48615,True,,,valid_positive_finite
48617,True,,,valid_positive_finite
48618,True,,,valid_positive_finite
48625,True,,,valid_positive_finite
48627,True,,,valid_positive_finite
48634,True,,,valid_positive_finite
48645,False,alternative_technology_present | electric_motor_present | hybrid_text_signal,,valid_positive_finite
48648,True,,,valid_positive_finite
48650,True,,,valid_positive_finite
48652,False,secondary_fuel_present | alternative_technology_present | electric_motor_present | phev_blended | hybrid_text_signal,,valid_positive_finite
48654,False,secondary_fuel_present | alternative_technology_present | electric_motor_present | phev_blended | hybrid_text_signal,,valid_positive_finite
48656,False,secondary_fuel_present | alternative_technology_present | electric_motor_present | phev_blended | hybrid_text_signal | vehicle_class_out_of_scope,,valid_positive_finite
48657,False,secondary_fuel_present | alternative_technology_present | electric_motor_present | phev_blended | hybrid_text_signal,,valid_positive_finite
48658,False,secondary_fuel_present | alternative_technology_present | electric_motor_present | phev_blended | hybrid_text_signal,,valid_positive_finite
48659,False,secondary_fuel_present | alternative_technology_present | electric_motor_present | phev_blended | hybrid_text_signal,,valid_positive_finite
48660,False,secondary_fuel_present | alternative_technology_present | electric_motor_present | phev_blended | hybrid_text_signal,,valid_positive_finite
48661,False,secondary_fuel_present | alternative_technology_present | electric_motor_present | phev_blended | hybrid_text_signal,,valid_positive_finite
48662,False,secondary_fuel_present | alternative_technology_present | electric_motor_present | phev_blended | hybrid_text_signal,,valid_positive_finite
48667,False,secondary_fuel_present | alternative_technology_present | electric_motor_present | phev_blended | hybrid_text_signal,,valid_positive_finite
48668,False,secondary_fuel_present | alternative_technology_present | electric_motor_present | phev_blended | hybrid_text_signal,,valid_positive_finite
48671,False,secondary_fuel_present | alternative_technology_present | electric_motor_present | phev_blended | hybrid_text_signal,,valid_positive_finite
48672,False,secondary_fuel_present | alternative_technology_present | electric_motor_present | phev_blended | hybrid_text_signal,,valid_positive_finite
48676,False,secondary_fuel_present | alternative_technology_present | electric_motor_present | phev_blended | hybrid_text_signal,,valid_positive_finite
48677,False,secondary_fuel_present | alternative_technology_present | electric_motor_present | phev_blended | hybrid_text_signal,,valid_positive_finite
48678,False,secondary_fuel_present | alternative_technology_present | electric_motor_present | phev_blended | hybrid_text_signal,,valid_positive_finite
48691,False,primary_fuel_out_of_scope | alternative_technology_present | electric_motor_present | insufficient_engine_specs,missing_optional:displacement_l | missing_optional:cylinders | missing_optional:engine_description,valid_positive_finite
48699,False,primary_fuel_out_of_scope | alternative_technology_present | electric_motor_present | vehicle_class_out_of_scope | insufficient_engine_specs,missing_optional:displacement_l | missing_optional:cylinders | missing_optional:engine_description,valid_positive_finite
48703,False,primary_fuel_out_of_scope | alternative_technology_present | electric_motor_present | insufficient_engine_specs,missing_optional:displacement_l | missing_optional:cylinders | missing_optional:engine_description,valid_positive_finite
48704,False,primary_fuel_out_of_scope | alternative_technology_present | electric_motor_present | insufficient_engine_specs,missing_optional:displacement_l | missing_optional:cylinders | missing_optional:engine_description,valid_positive_finite
48713,False,primary_fuel_out_of_scope | alternative_technology_present | electric_motor_present | insufficient_engine_specs,missing_optional:displacement_l | missing_optional:cylinders | missing_optional:engine_description,valid_positive_finite
48715,False,primary_fuel_out_of_scope | alternative_technology_present | electric_motor_present | insufficient_engine_specs,missing_optional:displacement_l | missing_optional:cylinders | missing_optional:engine_description,valid_positive_finite
48716,False,primary_fuel_out_of_scope | alternative_technology_present | electric_motor_present | insufficient_engine_specs,missing_optional:displacement_l | missing_optional:cylinders | missing_optional:engine_description,valid_positive_finite
48717,False,primary_fuel_out_of_scope | alternative_technology_present | electric_motor_present | insufficient_engine_specs,missing_optional:displacement_l | missing_optional:cylinders | missing_optional:engine_description,valid_positive_finite
48718,False,primary_fuel_out_of_scope | alternative_technology_present | electric_motor_present | insufficient_engine_specs,missing_optional:displacement_l | missing_optional:cylinders | missing_optional:engine_description,valid_positive_finite
48719,False,primary_fuel_out_of_scope | alternative_technology_present | electric_motor_present | insufficient_engine_specs,missing_optional:displacement_l | missing_optional:cylinders | missing_optional:engine_description,valid_positive_finite
48726,False,primary_fuel_out_of_scope | alternative_technology_present | electric_motor_present | insufficient_engine_specs,missing_optional:displacement_l | missing_optional:cylinders | missing_optional:engine_description,valid_positive_finite
48730,False,primary_fuel_out_of_scope | alternative_technology_present | electric_motor_present | insufficient_engine_specs,missing_optional:displacement_l | missing_optional:cylinders | missing_optional:engine_description,valid_positive_finite
48742,False,primary_fuel_out_of_scope | alternative_technology_present | electric_motor_present | insufficient_engine_specs,missing_optional:displacement_l | missing_optional:cylinders | missing_optional:engine_description,valid_positive_finite
48745,False,primary_fuel_out_of_scope | alternative_technology_present | electric_motor_present | insufficient_engine_specs,missing_optional:displacement_l | missing_optional:cylinders | missing_optional:engine_description,valid_positive_finite
48751,False,primary_fuel_out_of_scope | alternative_technology_present | electric_motor_present | insufficient_engine_specs,missing_optional:displacement_l | missing_optional:cylinders | missing_optional:engine_description,valid_positive_finite
48756,False,primary_fuel_out_of_scope | alternative_technology_present | electric_motor_present | vehicle_class_out_of_scope | insufficient_engine_specs,missing_optional:displacement_l | missing_optional:cylinders | missing_optional:engine_description,valid_positive_finite
48762,False,primary_fuel_out_of_scope | alternative_technology_present | electric_motor_present | insufficient_engine_specs,missing_optional:displacement_l | missing_optional:cylinders | missing_optional:engine_description,valid_positive_finite
48763,False,primary_fuel_out_of_scope | alternative_technology_present | electric_motor_present | insufficient_engine_specs,missing_optional:displacement_l | missing_optional:cylinders | missing_optional:engine_description,valid_positive_finite
48764,False,primary_fuel_out_of_scope | alternative_technology_present | electric_motor_present | insufficient_engine_specs,missing_optional:displacement_l | missing_optional:cylinders | missing_optional:engine_description,valid_positive_finite
48765,False,primary_fuel_out_of_scope | alternative_technology_present | electric_motor_present | insufficient_engine_specs,missing_optional:displacement_l | missing_optional:cylinders | missing_optional:engine_description,valid_positive_finite
48766,False,primary_fuel_out_of_scope | alternative_technology_present | electric_motor_present | insufficient_engine_specs,missing_optional:displacement_l | missing_optional:cylinders | missing_optional:engine_description,valid_positive_finite
48769,False,primary_fuel_out_of_scope | alternative_technology_present | electric_motor_present | insufficient_engine_specs,missing_optional:displacement_l | missing_optional:cylinders | missing_optional:engine_description,valid_positive_finite
48770,False,primary_fuel_out_of_scope | alternative_technology_present | electric_motor_present | insufficient_engine_specs,missing_optional:displacement_l | missing_optional:cylinders | missing_optional:engine_description,valid_positive_finite
48772,False,primary_fuel_out_of_scope | alternative_technology_present | electric_motor_present | insufficient_engine_specs,missing_optional:displacement_l | missing_optional:cylinders | missing_optional:engine_description,valid_positive_finite
48774,False,primary_fuel_out_of_scope | alternative_technology_present | electric_motor_present | insufficient_engine_specs,missing_optional:displacement_l | missing_optional:cylinders | missing_optional:engine_description,valid_positive_finite
48775,False,primary_fuel_out_of_scope | alternative_technology_present | electric_motor_present | insufficient_engine_specs,missing_optional:displacement_l | missing_optional:cylinders | missing_optional:engine_description,valid_positive_finite
48780,False,primary_fuel_out_of_scope | alternative_technology_present | electric_motor_present | insufficient_engine_specs,missing_optional:displacement_l | missing_optional:cylinders | missing_optional:engine_description,valid_positive_finite
48782,False,primary_fuel_out_of_scope | alternative_technology_present | electric_motor_present | insufficient_engine_specs,missing_optional:displacement_l | missing_optional:cylinders | missing_optional:engine_description,valid_positive_finite
48783,False,primary_fuel_out_of_scope | alternative_technology_present | electric_motor_present | insufficient_engine_specs,missing_optional:displacement_l | missing_optional:cylinders | missing_optional:engine_description,valid_positive_finite
48784,False,primary_fuel_out_of_scope | alternative_technology_present | electric_motor_present | insufficient_engine_specs,missing_optional:displacement_l | missing_optional:cylinders | missing_optional:engine_description,valid_positive_finite
48785,False,primary_fuel_out_of_scope | alternative_technology_present | electric_motor_present | insufficient_engine_specs,missing_optional:displacement_l | missing_optional:cylinders | missing_optional:engine_description,valid_positive_finite
48786,False,primary_fuel_out_of_scope | alternative_technology_present | electric_motor_present | insufficient_engine_specs,missing_optional:displacement_l | missing_optional:cylinders | missing_optional:engine_description,valid_positive_finite
48789,False,primary_fuel_out_of_scope | alternative_technology_present | electric_motor_present | insufficient_engine_specs,missing_optional:displacement_l | missing_optional:cylinders | missing_optional:engine_description,valid_positive_finite
48791,False,primary_fuel_out_of_scope | alternative_technology_present | electric_motor_present | insufficient_engine_specs,missing_optional:displacement_l | missing_optional:cylinders | missing_optional:engine_description,valid_positive_finite
48792,False,primary_fuel_out_of_scope | alternative_technology_present | electric_motor_present | insufficient_engine_specs,missing_optional:displacement_l | missing_optional:cylinders | missing_optional:engine_description,valid_positive_finite
48796,False,primary_fuel_out_of_scope | alternative_technology_present | electric_motor_present | insufficient_engine_specs,missing_optional:displacement_l | missing_optional:cylinders | missing_optional:engine_description,valid_positive_finite
48797,False,primary_fuel_out_of_scope | alternative_technology_present | electric_motor_present | insufficient_engine_specs,missing_optional:displacement_l | missing_optional:cylinders,valid_positive_finite
48798,False,primary_fuel_out_of_scope | alternative_technology_present | electric_motor_present | insufficient_engine_specs,missing_optional:displacement_l | missing_optional:cylinders,valid_positive_finite
48801,True,,missing_optional:engine_description,valid_positive_finite
48802,True,,,valid_positive_finite
48803,True,,,valid_positive_finite
48816,True,,,valid_positive_finite
48818,True,,,valid_positive_finite
48819,True,,,valid_positive_finite
48820,True,,,valid_positive_finite
48821,True,,,valid_positive_finite
48822,True,,,valid_positive_finite
48837,True,,,valid_positive_finite
48838,True,,,valid_positive_finite
48839,True,,,valid_positive_finite
48840,True,,,valid_positive_finite
48845,True,,,valid_positive_finite
48849,True,,,valid_positive_finite
48851,True,,,valid_positive_finite
48856,True,,,valid_positive_finite
48857,True,,,valid_positive_finite
48858,False,alternative_technology_present | electric_motor_present | hybrid_text_signal,,valid_positive_finite
48862,True,,,valid_positive_finite
48863,True,,,valid_positive_finite
48864,True,,,valid_positive_finite
48865,True,,,valid_positive_finite
48866,True,,,valid_positive_finite
48869,False,alternative_technology_present | electric_motor_present | hybrid_text_signal | vehicle_class_out_of_scope,,valid_positive_finite
48873,False,alternative_technology_present | electric_motor_present | hybrid_text_signal | vehicle_class_out_of_scope,,valid_positive_finite
48888,False,vehicle_class_out_of_scope,,valid_positive_finite
48897,False,alternative_technology_present | electric_motor_present | hybrid_text_signal | vehicle_class_out_of_scope,,valid_positive_finite
48898,False,vehicle_class_out_of_scope,,valid_positive_finite
48901,False,vehicle_class_out_of_scope,,valid_positive_finite
48906,True,,,valid_positive_finite
48907,True,,,valid_positive_finite
48908,True,,,valid_positive_finite
48910,True,,,valid_positive_finite
48914,True,,,valid_positive_finite
48915,True,,,valid_positive_finite
48918,True,,missing_optional:engine_description,valid_positive_finite
48919,True,,missing_optional:engine_description,valid_positive_finite
48921,True,,,valid_positive_finite
48922,False,alternative_technology_present | electric_motor_present | hybrid_text_signal,,valid_positive_finite
48924,False,alternative_technology_present | electric_motor_present | hybrid_text_signal,,valid_positive_finite
48925,True,,,valid_positive_finite
48926,True,,missing_optional:engine_description,valid_positive_finite
48927,True,,missing_optional:engine_description,valid_positive_finite
48928,True,,,valid_positive_finite
48929,True,,,valid_positive_finite
48945,False,primary_fuel_out_of_scope | alternative_technology_present,missing_optional:engine_description,valid_positive_finite
48947,True,,,valid_positive_finite
48948,False,alternative_technology_present | electric_motor_present | hybrid_text_signal,,valid_positive_finite
48958,True,,,valid_positive_finite
48966,False,alternative_technology_present | electric_motor_present | hybrid_text_signal,,valid_positive_finite
48967,True,,,valid_positive_finite
48968,True,,,valid_positive_finite
48982,True,,,valid_positive_finite
48994,False,primary_fuel_out_of_scope | alternative_technology_present | electric_motor_present | insufficient_engine_specs,missing_optional:displacement_l | missing_optional:cylinders | missing_optional:engine_description,valid_positive_finite
48995,False,primary_fuel_out_of_scope | alternative_technology_present | electric_motor_present | insufficient_engine_specs,missing_optional:displacement_l | missing_optional:cylinders | missing_optional:engine_description,valid_positive_finite
48996,False,primary_fuel_out_of_scope | alternative_technology_present | electric_motor_present | insufficient_engine_specs,missing_optional:displacement_l | missing_optional:cylinders | missing_optional:engine_description,valid_positive_finite
48998,False,secondary_fuel_present | alternative_technology_present | electric_motor_present | phev_blended | hybrid_text_signal,,valid_positive_finite
48999,False,secondary_fuel_present | alternative_technology_present | electric_motor_present | phev_blended | hybrid_text_signal,,valid_positive_finite
49000,False,secondary_fuel_present | alternative_technology_present | electric_motor_present | phev_blended | hybrid_text_signal,,valid_positive_finite
49001,False,secondary_fuel_present | alternative_technology_present | electric_motor_present | phev_blended | hybrid_text_signal,,valid_positive_finite
49002,False,secondary_fuel_present | alternative_technology_present | electric_motor_present | phev_blended | hybrid_text_signal,,valid_positive_finite
49003,False,secondary_fuel_present | alternative_technology_present | electric_motor_present | phev_blended | hybrid_text_signal,,valid_positive_finite
49004,False,secondary_fuel_present | alternative_technology_present | electric_motor_present | phev_blended | hybrid_text_signal,,valid_positive_finite
49014,False,secondary_fuel_present | alternative_technology_present | electric_motor_present | phev_blended | hybrid_text_signal,,valid_positive_finite
49021,False,secondary_fuel_present | alternative_technology_present | electric_motor_present | phev_blended | hybrid_text_signal,,valid_positive_finite
49024,False,secondary_fuel_present | alternative_technology_present | electric_motor_present | phev_blended | hybrid_text_signal,,valid_positive_finite
49037,True,,,valid_positive_finite
49039,True,,,valid_positive_finite
49041,True,,,valid_positive_finite
49044,True,,,valid_positive_finite
49045,True,,,valid_positive_finite
49047,True,,,valid_positive_finite
49050,True,,,valid_positive_finite
49062,False,alternative_technology_present | electric_motor_present | hybrid_text_signal,,valid_positive_finite
49063,False,alternative_technology_present | electric_motor_present | hybrid_text_signal,,valid_positive_finite
49067,False,primary_fuel_out_of_scope | alternative_technology_present | electric_motor_present | insufficient_engine_specs,missing_optional:displacement_l | missing_optional:cylinders | missing_optional:engine_description,valid_positive_finite
49073,False,primary_fuel_out_of_scope | alternative_technology_present | electric_motor_present | insufficient_engine_specs,missing_optional:displacement_l | missing_optional:cylinders | missing_optional:engine_description,valid_positive_finite
49074,False,primary_fuel_out_of_scope | alternative_technology_present | electric_motor_present | insufficient_engine_specs,missing_optional:displacement_l | missing_optional:cylinders | missing_optional:engine_description,valid_positive_finite
49076,False,primary_fuel_out_of_scope | alternative_technology_present | electric_motor_present | insufficient_engine_specs,missing_optional:displacement_l | missing_optional:cylinders | missing_optional:engine_description,valid_positive_finite
49081,False,primary_fuel_out_of_scope | alternative_technology_present | electric_motor_present | insufficient_engine_specs,missing_optional:displacement_l | missing_optional:cylinders | missing_optional:engine_description,valid_positive_finite
49084,False,primary_fuel_out_of_scope | alternative_technology_present | electric_motor_present | vehicle_class_out_of_scope | insufficient_engine_specs,missing_optional:displacement_l | missing_optional:cylinders | missing_optional:engine_description,valid_positive_finite
49085,False,primary_fuel_out_of_scope | alternative_technology_present | electric_motor_present | vehicle_class_out_of_scope | insufficient_engine_specs,missing_optional:displacement_l | missing_optional:cylinders | missing_optional:engine_description,valid_positive_finite
49086,False,primary_fuel_out_of_scope | alternative_technology_present | electric_motor_present | vehicle_class_out_of_scope | insufficient_engine_specs,missing_optional:displacement_l | missing_optional:cylinders | missing_optional:engine_description,valid_positive_finite
49087,False,primary_fuel_out_of_scope | alternative_technology_present | electric_motor_present | vehicle_class_out_of_scope | insufficient_engine_specs,missing_optional:displacement_l | missing_optional:cylinders | missing_optional:engine_description,valid_positive_finite
49088,False,primary_fuel_out_of_scope | alternative_technology_present | electric_motor_present | vehicle_class_out_of_scope | insufficient_engine_specs,missing_optional:displacement_l | missing_optional:cylinders | missing_optional:engine_description,valid_positive_finite
49090,False,primary_fuel_out_of_scope | alternative_technology_present | electric_motor_present | insufficient_engine_specs,missing_optional:displacement_l | missing_optional:cylinders | missing_optional:engine_description,valid_positive_finite
49097,False,primary_fuel_out_of_scope | alternative_technology_present | electric_motor_present | insufficient_engine_specs,missing_optional:displacement_l | missing_optional:cylinders | missing_optional:engine_description,valid_positive_finite
49100,False,primary_fuel_out_of_scope | alternative_technology_present | electric_motor_present | insufficient_engine_specs,missing_optional:displacement_l | missing_optional:cylinders | missing_optional:engine_description,valid_positive_finite
49101,False,primary_fuel_out_of_scope | alternative_technology_present | electric_motor_present | insufficient_engine_specs,missing_optional:displacement_l | missing_optional:cylinders | missing_optional:engine_description,valid_positive_finite
49102,False,primary_fuel_out_of_scope | alternative_technology_present | electric_motor_present | insufficient_engine_specs,missing_optional:displacement_l | missing_optional:cylinders | missing_optional:engine_description,valid_positive_finite
49110,False,primary_fuel_out_of_scope | alternative_technology_present | electric_motor_present | insufficient_engine_specs,missing_optional:displacement_l | missing_optional:cylinders | missing_optional:engine_description,valid_positive_finite
49112,False,primary_fuel_out_of_scope | alternative_technology_present | electric_motor_present | insufficient_engine_specs,missing_optional:displacement_l | missing_optional:cylinders | missing_optional:engine_description,valid_positive_finite
49113,False,primary_fuel_out_of_scope | alternative_technology_present | electric_motor_present | insufficient_engine_specs,missing_optional:displacement_l | missing_optional:cylinders | missing_optional:engine_description,valid_positive_finite
49114,False,primary_fuel_out_of_scope | alternative_technology_present | electric_motor_present | insufficient_engine_specs,missing_optional:displacement_l | missing_optional:cylinders | missing_optional:engine_description,valid_positive_finite
49115,False,primary_fuel_out_of_scope | alternative_technology_present | electric_motor_present | insufficient_engine_specs,missing_optional:displacement_l | missing_optional:cylinders | missing_optional:engine_description,valid_positive_finite
49123,False,primary_fuel_out_of_scope | alternative_technology_present | electric_motor_present | vehicle_class_out_of_scope | insufficient_engine_specs,missing_optional:displacement_l | missing_optional:cylinders | missing_optional:engine_description,valid_positive_finite
49124,False,primary_fuel_out_of_scope | alternative_technology_present | electric_motor_present | insufficient_engine_specs,missing_optional:displacement_l | missing_optional:cylinders | missing_optional:engine_description,valid_positive_finite
49125,False,primary_fuel_out_of_scope | alternative_technology_present | electric_motor_present | insufficient_engine_specs,missing_optional:displacement_l | missing_optional:cylinders | missing_optional:engine_description,valid_positive_finite
49130,True,,missing_optional:engine_description,valid_positive_finite
49131,True,,missing_optional:engine_description,valid_positive_finite
49132,True,,,valid_positive_finite
49134,True,,,valid_positive_finite
49146,True,,,valid_positive_finite
49147,True,,,valid_positive_finite
49150,False,primary_fuel_out_of_scope | alternative_technology_present | electric_motor_present | insufficient_engine_specs,missing_optional:displacement_l | missing_optional:cylinders | missing_optional:engine_description,valid_positive_finite
49156,False,primary_fuel_out_of_scope | alternative_technology_present | electric_motor_present | insufficient_engine_specs,missing_optional:displacement_l | missing_optional:cylinders | missing_optional:engine_description,valid_positive_finite
49157,False,primary_fuel_out_of_scope | alternative_technology_present | electric_motor_present | insufficient_engine_specs,missing_optional:displacement_l | missing_optional:cylinders | missing_optional:engine_description,valid_positive_finite
50270,False,primary_fuel_out_of_scope | alternative_technology_present | electric_motor_present | insufficient_engine_specs,missing_optional:displacement_l | missing_optional:cylinders | missing_optional:engine_description,valid_positive_finite
