vehicle_id,model_year,manufacturer,model_name,option_text,status,error,provenance_count
34652,2015,Mazda,CX-5 2WD,"Auto (S6), 4 cyl, 2.0 L",fetched,,1
34653,2015,Mazda,CX-5 2WD,"Man 6-spd, 4 cyl, 2.0 L",fetched,,1
34654,2015,Mazda,CX-5 2WD,"Auto (S6), 4 cyl, 2.5 L",fetched,,1
34659,2015,Volvo,XC60 AWD,"Auto (S6), 6 cyl, 3.0 L, Turbo",fetched,,1
34660,2015,Volvo,XC70 AWD,"Auto (S6), 6 cyl, 3.0 L, Turbo",fetched,,1
34664,2015,Audi,TT Coupe quattro,"Auto (AM-S6), 4 cyl, 2.0 L, Turbo",fetched,,1
34668,2015,Subaru,WRX,"Man 6-spd, 4 cyl, 2.0 L, Turbo",fetched,,1
34669,2015,Subaru,WRX,"Man 6-spd, 4 cyl, 2.5 L, Turbo",fetched,,1
34671,2015,Volvo,S80 AWD,"Auto (S6), 6 cyl, 3.0 L, Turbo",fetched,,1
34672,2015,Volvo,V60 AWD,"Auto (S6), 5 cyl, 2.5 L, Turbo",fetched,,1
34673,2015,Volvo,V60 AWD,"Auto (S6), 6 cyl, 3.0 L, Turbo",fetched,,1
34679,2015,Cadillac,Escalade 2WD,"Auto 6-spd, 8 cyl, 6.2 L",fetched,,1
34684,2015,GMC,Yukon C1500 XL 2WD,"Auto 6-spd, 8 cyl, 6.2 L, SIDI",fetched,,1
34686,2015,GMC,Yukon C1500 XL 2WD,"Auto 6-spd, 8 cyl, 5.3 L, SIDI; FFV",fetched,,1
34688,2015,Cadillac,Escalade ESV 4WD,"Auto 6-spd, 8 cyl, 6.2 L",discovered,,1
34700,2015,Jaguar,F-Type V8 S Convertible,"Auto (S8), 8 cyl, 5.0 L, Sup Charg",fetched,,1
34704,2015,Jaguar,F-Type S Convertible,"Auto (S8), 6 cyl, 3.0 L, Sup Charg",fetched,,1
34705,2015,Jaguar,F-Type S Coupe,"Auto (S8), 6 cyl, 3.0 L, Sup Charg",fetched,,1
34711,2015,Subaru,WRX,"Auto (AV-S8), 4 cyl, 2.0 L, Turbo",fetched,,1
34712,2015,Jaguar,XF,"Auto (S8), 8 cyl, 5.0 L, Sup Charg",fetched,,1
34713,2015,Jaguar,XJ,"Auto (S8), 8 cyl, 5.0 L, Sup Charg",fetched,,1
34714,2015,Jaguar,XJL,"Auto (S8), 8 cyl, 5.0 L, Sup Charg",fetched,,1
34767,2015,Hyundai,Genesis RWD,"Auto 8-spd, 6 cyl, 3.8 L",fetched,,1
34769,2015,Hyundai,Genesis RWD,"Auto 8-spd, 8 cyl, 5.0 L",fetched,,1
34777,2015,Chrysler,200 AWD,"Auto 9-spd, 6 cyl, 3.6 L",fetched,,1
34779,2015,Lexus,RX 450h,"Auto (AV-S6), 6 cyl, 3.5 L",fetched,,1
34782,2015,Lexus,RX 450h AWD,"Auto (AV-S6), 6 cyl, 3.5 L",fetched,,1
34801,2015,MINI,Cooper Coupe,"Auto (S6), 4 cyl, 1.6 L",fetched,,1
34804,2015,MINI,John Cooper Works Coupe,"Auto (S6), 4 cyl, 1.6 L, Turbo",fetched,,1
34809,2015,Bentley,Continental GT Convertible,"Auto (S8), 8 cyl, 4.0 L, Turbo",fetched,,1
34810,2015,Bentley,Continental GT,"Auto (S8), 8 cyl, 4.0 L, Turbo",fetched,,1
34813,2015,MINI,Cooper S Countryman,"Auto (S6), 4 cyl, 1.6 L, Turbo",fetched,,1
34814,2015,MINI,Cooper S Countryman,"Man 6-spd, 4 cyl, 1.6 L, Turbo",fetched,,1
34817,2015,MINI,Cooper S Paceman,"Auto (S6), 4 cyl, 1.6 L, Turbo",fetched,,1
34818,2015,MINI,Cooper S Paceman,"Man 6-spd, 4 cyl, 1.6 L, Turbo",fetched,,1
34823,2015,MINI,JCW Paceman All4,"Auto (S6), 4 cyl, 1.6 L, Turbo",fetched,,1
34824,2015,MINI,JCW Paceman All4,"Man 6-spd, 4 cyl, 1.6 L, Turbo",fetched,,1
34825,2015,Volkswagen,GTI,"Auto (AM-S6), 4 cyl, 2.0 L, Turbo",fetched,,1
34826,2015,Volkswagen,GTI,"Man 6-spd, 4 cyl, 2.0 L, Turbo",fetched,,1
34829,2015,Bentley,Flying Spur,"Auto (S8), 8 cyl, 4.0 L, Turbo",fetched,,1
34830,2015,Chrysler,200,"Auto 9-spd, 4 cyl, 2.4 L",fetched,,1
34831,2015,Chrysler,200,"Auto 9-spd, 6 cyl, 3.6 L",fetched,,1
34836,2015,Honda,Fit,"Auto (AV-S7), 4 cyl, 1.5 L",discovered,,1
34837,2015,Honda,Fit,"Man 6-spd, 4 cyl, 1.5 L",discovered,,1
34838,2015,Volvo,V60 FWD,"Auto (S8), 4 cyl, 2.0 L, Turbo",fetched,,1
34839,2015,Acura,RDX 2WD,"Auto (S6), 6 cyl, 3.5 L",fetched,,1
34841,2015,Volvo,XC70 FWD,"Auto (S8), 4 cyl, 2.0 L, Turbo",fetched,,1
34843,2015,Acura,RDX 4WD,"Auto (S6), 6 cyl, 3.5 L",fetched,,1
34846,2015,Volvo,XC70 AWD,"Auto (S6), 6 cyl, 3.2 L",fetched,,1
34847,2015,Volvo,XC60 AWD,"Auto (S6), 6 cyl, 3.2 L",fetched,,1
34851,2015,BMW,428i Convertible,"Auto (S8), 4 cyl, 2.0 L, Turbo",fetched,,1
34855,2015,Honda,Fit,"Auto (variable gear ratios), 4 cyl, 1.5 L",fetched,,1
34862,2015,MINI,Cooper Coupe,"Man 6-spd, 4 cyl, 1.6 L",fetched,,1
34865,2015,MINI,John Cooper Works Coupe,"Man 6-spd, 4 cyl, 1.6 L, Turbo",fetched,,1
34884,2015,Nissan,Versa,"Auto (variable gear ratios), 4 cyl, 1.6 L",fetched,,1
34885,2015,Nissan,Versa,"Man 5-spd, 4 cyl, 1.6 L",fetched,,1
34886,2015,Nissan,Versa,"Auto 4-spd, 4 cyl, 1.6 L",fetched,,1
34888,2015,Mazda,MX-5,"Man 5-spd, 4 cyl, 2.0 L",fetched,,1
34889,2015,Mazda,MX-5,"Man 6-spd, 4 cyl, 2.0 L",fetched,,1
34890,2015,Mazda,MX-5,"Auto (S6), 4 cyl, 2.0 L",fetched,,1
34894,2015,Bentley,Mulsanne,"Auto (S8), 8 cyl, 6.8 L, Turbo",fetched,,1
34896,2015,Kia,Cadenza,"Auto 6-spd, 6 cyl, 3.3 L",fetched,,1
34900,2015,Land Rover,LR2,"Auto (S9), 4 cyl, 2.0 L, Turbo",fetched,,1
34912,2015,Kia,Optima,"Auto (S6), 4 cyl, 2.0 L, Turbo",fetched,,1
34913,2015,Infiniti,QX50,"Auto (S7), 6 cyl, 3.7 L",fetched,,1
34917,2015,Infiniti,QX70 AWD,"Auto (S7), 6 cyl, 3.7 L",fetched,,1
34921,2015,Lamborghini,Huracan,"Auto (AM-S7), 10 cyl, 5.2 L",fetched,,1
34922,2015,Bentley,Continental GT Convertible,"Auto (S8), 12 cyl, 6.0 L, Turbo",fetched,,1
34923,2015,Bentley,Continental GT,"Auto (S8), 12 cyl, 6.0 L, Turbo",fetched,,1
34927,2015,Bentley,Flying Spur,"Auto (S8), 12 cyl, 6.0 L, Turbo",fetched,,1
34933,2015,Aston Martin,V8 Vantage,"Man 6-spd, 8 cyl, 4.7 L",fetched,,1
34934,2015,Aston Martin,V8 Vantage S,"Man 6-spd, 8 cyl, 4.7 L",fetched,,1
34935,2015,Aston Martin,Vantage GT,"Man 6-spd, 8 cyl, 4.7 L",fetched,,1
34936,2015,Aston Martin,V8 Vantage,"Auto (AM7), 8 cyl, 4.7 L",fetched,,1
34937,2015,Aston Martin,V8 Vantage S,"Auto (AM7), 8 cyl, 4.7 L",fetched,,1
34938,2015,Aston Martin,Vantage GT,"Auto (AM7), 8 cyl, 4.7 L",fetched,,1
34939,2015,Bugatti,Veyron,"Auto (AM-S7), 16 cyl, 8.0 L, Turbo",fetched,,1
34940,2015,Scion,FR-S,"Man 6-spd, 4 cyl, 2.0 L",fetched,,1
34941,2015,Scion,FR-S,"Auto (S6), 4 cyl, 2.0 L",fetched,,1
34944,2015,Kia,Forte Koup,"Auto (S6), 4 cyl, 2.0 L",fetched,,1
34945,2015,Kia,Forte Koup,"Man 6-spd, 4 cyl, 2.0 L",fetched,,1
34946,2015,Kia,Forte Koup,"Auto (S6), 4 cyl, 1.6 L, Turbo",fetched,,1
34947,2015,Kia,Forte Koup,"Man 6-spd, 4 cyl, 1.6 L, Turbo",fetched,,1
34948,2015,Jaguar,XF FFV,"Auto (S8), 8 cyl, 5.0 L, Sup Charg",fetched,,1
34949,2015,Kia,Optima,"Auto (S6), 4 cyl, 2.4 L",fetched,,1
34958,2015,Lincoln,MKC FWD,"Auto (S6), 4 cyl, 2.0 L, Turbo",fetched,,1
34959,2015,Lincoln,MKC AWD,"Auto (S6), 4 cyl, 2.0 L, Turbo",fetched,,1
34960,2015,Lincoln,MKC AWD,"Auto (S6), 4 cyl, 2.3 L, Turbo",fetched,,1
34966,2015,GMC,Yukon C1500 XL 2WD,"Auto 6-spd, 8 cyl, 5.3 L, SIDI",fetched,,1
34971,2015,smart,fortwo coupe,"Auto (AM5), 3 cyl, 1.0 L",fetched,,1
34972,2015,smart,fortwo cabriolet,"Auto (AM5), 3 cyl, 1.0 L",fetched,,1
34973,2015,Aston Martin,DB9,"Auto (S6), 12 cyl, 5.9 L",fetched,,1
34977,2015,BMW,M3,"Man 6-spd, 6 cyl, 3.0 L, Turbo",discovered,,1
34978,2015,BMW,M3,"Auto (AM-S7), 6 cyl, 3.0 L, Turbo",fetched,,1
34980,2015,BMW,M4 Coupe,"Man 6-spd, 6 cyl, 3.0 L, Turbo",fetched,,1
34981,2015,BMW,M4 Coupe,"Auto (AM-S7), 6 cyl, 3.0 L, Turbo",fetched,,1
34982,2015,Buick,Verano,"Man 6-spd, 4 cyl, 2.0 L, Turbo",discovered,,1
34983,2015,Buick,Verano,"Auto (S6), 4 cyl, 2.0 L, Turbo",fetched,,1
34986,2015,Chevrolet,Sonic,"Auto (S6), 4 cyl, 1.4 L, Turbo",fetched,,1
34988,2015,Mitsubishi,Mirage,"Man 5-spd, 3 cyl, 1.2 L",fetched,,1
34989,2015,Mitsubishi,Mirage,"Auto (variable gear ratios), 3 cyl, 1.2 L",fetched,,1
34990,2015,Scion,tC,"Auto (S6), 4 cyl, 2.5 L",fetched,,1
34991,2015,Scion,tC,"Man 6-spd, 4 cyl, 2.5 L",fetched,,1
34992,2015,Acura,RLX,"Auto (S6), 6 cyl, 3.5 L",fetched,,1
34995,2015,Audi,RS 7,"Auto (S8), 8 cyl, 4.0 L, Turbo",fetched,,1
34998,2015,Buick,Regal AWD,"Auto (S6), 4 cyl, 2.0 L, Turbo",fetched,,1
35001,2015,Buick,Regal eAssist,"Auto (S6), 4 cyl, 2.4 L",fetched,,1
35002,2015,Buick,LaCrosse eAssist,"Auto (S6), 4 cyl, 2.4 L",fetched,,1
35018,2015,Jaguar,XF,"Auto (S8), 4 cyl, 2.0 L, Turbo",discovered,,1
35021,2015,Cadillac,XTS,"Auto (S6), 6 cyl, 3.6 L",fetched,,1
35022,2015,Cadillac,XTS AWD,"Auto (S6), 6 cyl, 3.6 L, Turbo",fetched,,1
35023,2015,Chevrolet,Impala,"Auto (S6), 6 cyl, 3.6 L, SIDI",fetched,,1
35024,2015,Chevrolet,Impala,"Auto (S6), 6 cyl, 3.6 L, SIDI; FFV",fetched,,1
35025,2015,Chevrolet,Impala,"Auto (S6), 4 cyl, 2.5 L, SIDI",fetched,,1
35027,2015,Ford,Taurus AWD,"Auto (S6), 6 cyl, 3.5 L, Turbo",fetched,,1
35031,2015,Ford,Taurus AWD FFV,"Auto (S6), 6 cyl, 3.5 L",fetched,,1
35032,2015,Ford,Taurus AWD,"Auto (S6), 6 cyl, 3.5 L",fetched,,1
35039,2015,Cadillac,XTS Limo,"Auto (S6), 6 cyl, 3.6 L",fetched,,1
35040,2015,Acura,MDX 2WD,"Auto (S6), 6 cyl, 3.5 L",fetched,,1
35049,2015,Acura,MDX 4WD,"Auto (S6), 6 cyl, 3.5 L",fetched,,1
35052,2015,GMC,Terrain AWD,"Auto 6-spd, 6 cyl, 3.6 L",fetched,,1
35053,2015,GMC,Terrain AWD,"Auto 6-spd, 4 cyl, 2.4 L",fetched,,1
35055,2015,Subaru,Outback AWD,"Auto (AV-S6), 4 cyl, 2.5 L",fetched,,1
35056,2015,Subaru,Outback AWD,"Auto (AV-S6), 6 cyl, 3.6 L",fetched,,1
35057,2015,Buick,Enclave FWD,"Auto 6-spd, 6 cyl, 3.6 L",fetched,,1
35058,2015,Cadillac,SRX,"Auto (S6), 6 cyl, 3.6 L",fetched,,1
35063,2015,GMC,Acadia FWD,"Auto 6-spd, 6 cyl, 3.6 L",fetched,,1
35065,2015,Buick,Enclave AWD,"Auto 6-spd, 6 cyl, 3.6 L",fetched,,1
35068,2015,Ford,Explorer AWD FFV,"Auto (S6), 6 cyl, 3.5 L",fetched,,1
35071,2015,GMC,Acadia AWD,"Auto 6-spd, 6 cyl, 3.6 L",fetched,,1
35081,2015,Audi,RS 5 Cabriolet,"Auto (AM-S7), 8 cyl, 4.2 L",fetched,,1
35086,2015,Audi,S5 Cabriolet,"Auto (AM-S7), 6 cyl, 3.0 L, Sup Charg",fetched,,1
35089,2015,Audi,A4 quattro,"Man 6-spd, 4 cyl, 2.0 L, Turbo",fetched,,1
35090,2015,Audi,A4 quattro,"Auto (S8), 4 cyl, 2.0 L, Turbo",fetched,,1
35095,2015,Audi,A7 quattro,"Auto (S8), 6 cyl, 3.0 L, Diesel, Turbo",fetched,,1
35098,2015,Audi,A7 quattro,"Auto (S8), 6 cyl, 3.0 L, Sup Charg",fetched,,1
35100,2015,Cadillac,CTS,"Man 6-spd, 8 cyl, 6.2 L, Sup Charg",fetched,,1
35101,2015,Cadillac,CTS,"Auto (S6), 8 cyl, 6.2 L, Sup Charg",fetched,,1
35112,2015,Audi,Q5,"Auto (S8), 6 cyl, 3.0 L, Diesel, Turbo",fetched,,1
35114,2015,Audi,Q5,"Auto (S8), 4 cyl, 2.0 L, Turbo",fetched,,1
35116,2015,Audi,Q5,"Auto (S8), 6 cyl, 3.0 L, Sup Charg",fetched,,1
35118,2015,Volvo,XC60 AWD,"Auto (S6), 5 cyl, 2.5 L, Turbo",fetched,,1
35120,2015,Chevrolet,Spark EV,Auto (A1),fetched,,1
35130,2015,Porsche,Panamera 4,"Auto (AM-S7), 6 cyl, 3.6 L",fetched,,1
35149,2015,Porsche,Cayman S,"Man 6-spd, 6 cyl, 3.4 L",fetched,,1
35150,2015,Porsche,Cayman S,"Auto (AM-S7), 6 cyl, 3.4 L",fetched,,1
35154,2015,Fiat,500,"Auto 6-spd, 4 cyl, 1.4 L",fetched,,1
35155,2015,Fiat,500,"Auto 6-spd, 4 cyl, 1.4 L, Turbo",fetched,,1
35156,2015,Fiat,500,"Man 5-spd, 4 cyl, 1.4 L",fetched,,1
35157,2015,Fiat,500,"Man 5-spd, 4 cyl, 1.4 L, Turbo",fetched,,1
35158,2015,Fiat,500 Abarth,"Auto 6-spd, 4 cyl, 1.4 L, Turbo",fetched,,1
35159,2015,Fiat,500 Abarth,"Man 5-spd, 4 cyl, 1.4 L, Turbo",fetched,,1
35175,2015,Porsche,911 Turbo S,"Auto (AM-S7), 6 cyl, 3.8 L, Turbo",fetched,,1
35176,2015,Porsche,911 Targa 4,"Man 7-spd, 6 cyl, 3.4 L",fetched,,1
35177,2015,Porsche,911 Targa 4,"Auto (AM-S7), 6 cyl, 3.4 L",fetched,,1
35183,2015,Maserati,GranTurismo,"Auto 6-spd, 8 cyl, 4.7 L",fetched,,1
35184,2015,Maserati,GranTurismo Convertible,"Auto 6-spd, 8 cyl, 4.7 L",fetched,,1
35185,2015,Acura,ILX,"Auto (S5), 4 cyl, 2.0 L",fetched,,1
35186,2015,Acura,ILX,"Man 6-spd, 4 cyl, 2.4 L",fetched,,1
35195,2015,Jaguar,XF AWD,"Auto (S8), 6 cyl, 3.0 L, Sup Charg",fetched,,1
35197,2015,Lincoln,MKZ FWD,"Auto (S6), 4 cyl, 2.0 L, Turbo",discovered,,1
35198,2015,Maserati,Ghibli V6 SQ4,"Auto 8-spd, 6 cyl, 3.0 L, Turbo",fetched,,1
35199,2015,Maserati,Ghibli V6,"Auto 8-spd, 6 cyl, 3.0 L, Turbo",fetched,,1
35200,2015,Maserati,Quattroporte GTS,"Auto 8-spd, 8 cyl, 3.8 L, Turbo",fetched,,1
35201,2015,Maserati,Quattroporte SQ4 V6,"Auto 8-spd, 6 cyl, 3.0 L, Turbo",fetched,,1
35202,2015,Kia,Sportage FWD,"Auto 6-spd, 4 cyl, 2.4 L",fetched,,1
35203,2015,Kia,Sportage FWD,"Auto 6-spd, 4 cyl, 2.0 L, Turbo",fetched,,1
35206,2015,Fiat,500e,Auto (A1),fetched,,1
35211,2015,Chevrolet,Sonic,"Man 6-spd, 4 cyl, 1.4 L, Turbo",fetched,,1
35213,2015,Chevrolet,Sonic,"Auto (S6), 4 cyl, 1.8 L",fetched,,1
35214,2015,Chevrolet,Sonic,"Man 5-spd, 4 cyl, 1.8 L",fetched,,1
35227,2015,Jaguar,XJ AWD,"Auto (S8), 6 cyl, 3.0 L, Sup Charg",fetched,,1
35228,2015,Jaguar,XJL AWD,"Auto (S8), 6 cyl, 3.0 L, Sup Charg",fetched,,1
35237,2015,Mitsubishi,Outlander 2WD,"Auto (AV-S6), 4 cyl, 2.4 L",fetched,,1
35240,2015,BMW,X4 xDrive28i,"Auto (S8), 4 cyl, 2.0 L, Turbo",fetched,,1
35245,2015,Mitsubishi,Outlander Sport 4WD,"Auto (AV-S6), 4 cyl, 2.0 L",fetched,,1
35253,2015,Lamborghini,Aventador Coupe,"Auto (AM-S7), 12 cyl, 6.5 L",fetched,,1
35254,2015,Lamborghini,Aventador Roadster,"Auto (AM-S7), 12 cyl, 6.5 L",fetched,,1
35255,2015,Lamborghini,Veneno Roadster,"Auto (AM-S7), 12 cyl, 6.5 L",fetched,,1
35265,2015,Mazda,3 5-Door,"Man 6-spd, 4 cyl, 2.0 L, SIDI",fetched,,1
35266,2015,Mazda,3 5-Door,"Auto (S6), 4 cyl, 2.0 L, SIDI",fetched,,1
35267,2015,Mazda,3 5-Door,"Auto (S6), 4 cyl, 2.5 L, SIDI",fetched,,1
35268,2015,Mazda,3 5-Door,"Auto (S6), 4 cyl, 2.5 L, SIDI; with i-ELOOP Technology Package",fetched,,1
35269,2015,Mazda,3 5-Door,"Man 6-spd, 4 cyl, 2.5 L, SIDI",discovered,,1
35271,2015,Lincoln,MKZ FWD,"Auto (S6), 6 cyl, 3.7 L",fetched,,1
35275,2015,Aston Martin,V12 Vantage S,"Auto (AM7), 12 cyl, 6.0 L",fetched,,1
35276,2015,Jaguar,XF,"Auto (S8), 6 cyl, 3.0 L, Sup Charg",discovered,,1
35289,2015,Infiniti,Q60 AWD,"Auto (S7), 6 cyl, 3.7 L",fetched,,1
35292,2015,Volkswagen,Eos,"Auto (AM-S6), 4 cyl, 2.0 L, Turbo",fetched,,1
35294,2015,Buick,Verano,"Auto (S6), 4 cyl, 2.4 L",fetched,,1
35306,2015,Fiat,500 L,"Auto (AM6), 4 cyl, 1.4 L, Turbo",fetched,,1
35307,2015,Fiat,500 L,"Man 6-spd, 4 cyl, 1.4 L, Turbo",fetched,,1
35308,2015,Fiat,500 L,"Auto 6-spd, 4 cyl, 1.4 L, Turbo",fetched,,1
35309,2015,Dodge,Journey FWD,"Auto 4-spd, 4 cyl, 2.4 L",fetched,,1
35310,2015,Dodge,Journey FWD,"Auto 6-spd, 6 cyl, 3.6 L",fetched,,1
35313,2015,Dodge,Journey AWD,"Auto 6-spd, 6 cyl, 3.6 L",fetched,,1
35325,2015,BMW,M235i xDrive,"Auto (S8), 6 cyl, 3.0 L, Turbo",fetched,,1
35326,2015,Volkswagen,Beetle Convertible,"Auto (S6), 4 cyl, 1.8 L, Turbo",fetched,,1
35327,2015,Volkswagen,Beetle Convertible,"Auto (AM-S6), 4 cyl, 2.0 L, Turbo",fetched,,1
35328,2015,Volkswagen,Beetle Convertible,"Man 6-spd, 4 cyl, 2.0 L, Turbo",discovered,,1
35329,2015,Acura,TLX,"Auto (AM8), 4 cyl, 2.4 L",fetched,,1
35342,2015,Lexus,IS 350,"Auto (S8), 6 cyl, 3.5 L",fetched,,1
35359,2015,Chrysler,200,"Auto 9-spd, 4 cyl, 2.4 L, FFV",fetched,,1
35360,2015,Chrysler,200,"Auto 9-spd, 6 cyl, 3.6 L, FFV",fetched,,1
35361,2015,Chrysler,200 AWD,"Auto 9-spd, 6 cyl, 3.6 L, FFV",fetched,,1
35366,2015,Cadillac,XTS AWD,"Auto (S6), 6 cyl, 3.6 L",fetched,,1
35377,2015,Chevrolet,Express 3500 2WD Passenger,"Auto 6-spd, 8 cyl, 6.0 L, FFV",fetched,,1
35379,2015,Chevrolet,Express 3500 2WD Passenger,"Auto 6-spd, 8 cyl, 4.8 L",fetched,,1
35381,2015,Chevrolet,Express 3500 2WD Passenger,"Auto 6-spd, 8 cyl, 6.0 L",fetched,,1
35389,2015,Jeep,Cherokee FWD,"Auto 9-spd, 4 cyl, 2.4 L",fetched,,1
35390,2015,Jeep,Cherokee FWD,"Auto 9-spd, 6 cyl, 3.2 L",fetched,,1
35391,2015,Jeep,Cherokee FWD,"Auto 9-spd, 4 cyl, 2.4 L, FFV",fetched,,1
35393,2015,Jeep,Wrangler 4WD,"Auto 5-spd, 6 cyl, 3.6 L",fetched,,1
35394,2015,Jeep,Wrangler 4WD,"Man 6-spd, 6 cyl, 3.6 L",fetched,,1
35399,2015,Jeep,Cherokee 4WD Active Drive II,"Auto 9-spd, 4 cyl, 2.4 L",fetched,,1
35406,2015,Mercedes-Benz,ML350,"Auto 7-spd, 6 cyl, 3.5 L",fetched,,1
35417,2015,Audi,Q3 quattro,"Auto (S6), 4 cyl, 2.0 L, Turbo",fetched,,1
35426,2015,BMW,435i xDrive Coupe,"Auto (S8), 6 cyl, 3.0 L, Turbo",fetched,,1
35427,2015,BMW,435i xDrive Coupe,"Man 6-spd, 6 cyl, 3.0 L, Turbo",fetched,,1
35428,2015,Mitsubishi,Lancer,"Man 5-spd, 4 cyl, 2.0 L",fetched,,1
35429,2015,Mitsubishi,Lancer,"Auto (AV-S6), 4 cyl, 2.0 L",fetched,,1
35430,2015,Mitsubishi,Lancer,"Man 5-spd, 4 cyl, 2.4 L",fetched,,1
35431,2015,Mitsubishi,Lancer,"Auto (AV-S6), 4 cyl, 2.4 L",fetched,,1
35438,2015,Dodge,Challenger SRT8,"Auto 8-spd, 8 cyl, 6.4 L",fetched,,1
35440,2015,Dodge,Challenger SRT8,"Man 6-spd, 8 cyl, 6.4 L",fetched,,1
35448,2015,BMW,750Li xDrive,"Auto (S8), 8 cyl, 4.4 L, Turbo",fetched,,1
35452,2015,Dodge,Charger SRT8,"Auto 8-spd, 8 cyl, 6.4 L",fetched,,1
35453,2015,Toyota,Tacoma 2WD,"Man 6-spd, 6 cyl, 4.0 L",fetched,,1
35454,2015,Toyota,Tacoma 2WD,"Man 5-spd, 4 cyl, 2.7 L",fetched,,1
35455,2015,Toyota,Tacoma 2WD,"Auto 5-spd, 6 cyl, 4.0 L",fetched,,1
35456,2015,Toyota,Tacoma 2WD,"Auto 4-spd, 4 cyl, 2.7 L",fetched,,1
35461,2015,Chrysler,Town and Country,"Auto 6-spd, 6 cyl, 3.6 L",fetched,,1
35464,2015,Ram,C/V Tradesman,"Auto 6-spd, 6 cyl, 3.6 L",fetched,,1
35465,2015,Ram,C/V Tradesman,"Auto 6-spd, 6 cyl, 3.6 L, FFV",fetched,,1
35469,2015,Jeep,Patriot FWD,"Auto (variable gear ratios), 4 cyl, 2.0 L",fetched,,1
35470,2015,Jeep,Patriot FWD,"Auto 6-spd, 4 cyl, 2.4 L",fetched,,1
35471,2015,Jeep,Patriot FWD,"Man 5-spd, 4 cyl, 2.0 L",fetched,,1
35472,2015,Lincoln,MKX FWD,"Auto (S6), 6 cyl, 3.7 L",fetched,,1
35473,2015,Jeep,Compass 4WD,"Auto (variable gear ratios), 4 cyl, 2.4 L",fetched,,1
35474,2015,Jeep,Compass 4WD,"Auto 6-spd, 4 cyl, 2.4 L",fetched,,1
35475,2015,Jeep,Compass 4WD,"Man 5-spd, 4 cyl, 2.4 L",discovered,,1
35479,2015,Jeep,Cherokee 4WD Active Drive II,"Auto 9-spd, 6 cyl, 3.2 L",fetched,,1
35481,2015,Land Rover,LR4,"Auto (S8), 6 cyl, 3.0 L, Sup Charg",fetched,,1
35484,2015,Volkswagen,Touareg,"Auto (S8), 6 cyl, 3.6 L",fetched,,1
35487,2015,Acura,TLX,"Auto (S9), 6 cyl, 3.5 L",fetched,,1
35504,2015,BMW,550i Gran Turismo,"Auto (S8), 8 cyl, 4.4 L, Turbo",fetched,,1
35508,2015,Chrysler,Town and Country,"Auto 6-spd, 6 cyl, 3.6 L, FFV",fetched,,1
35510,2015,Jeep,Patriot FWD,"Man 5-spd, 4 cyl, 2.4 L",fetched,,1
35526,2015,Toyota,Highlander Hybrid AWD LE Plus,"Auto (AV-S6), 6 cyl, 3.5 L",fetched,,1
35527,2015,Alfa Romeo,4C,"Auto (AM6), 4 cyl, 1.8 L, Turbo",fetched,,1
35530,2015,Ferrari,458 Spider,"Auto (AM7), 8 cyl, 4.5 L, SIDI",fetched,,1
35531,2015,Ferrari,458 Spider,"Auto (AM7), 8 cyl, 4.5 L, SIDI; with Stop-Start Option",fetched,,1
35532,2015,Ferrari,458 Speciale,"Auto (AM7), 8 cyl, 4.5 L, SIDI",fetched,,1
35533,2015,Ferrari,458 Speciale,"Auto (AM7), 8 cyl, 4.5 L, SIDI; with Stop-Start Option",fetched,,1
35534,2015,Ferrari,458 Speciale Spider,"Auto (AM7), 8 cyl, 4.5 L, SIDI",fetched,,1
35535,2015,Ferrari,458 Speciale Spider,"Auto (AM7), 8 cyl, 4.5 L, SIDI; with Stop-Start Option",fetched,,1
35537,2015,Scion,iQ,"Auto (variable gear ratios), 4 cyl, 1.3 L",fetched,,1
35543,2015,Rolls-Royce,Phantom Drophead Coupe,"Auto (S8), 12 cyl, 6.7 L",fetched,,1
35544,2015,Rolls-Royce,Phantom Coupe,"Auto (S8), 12 cyl, 6.7 L",fetched,,1
35546,2015,Ferrari,FF,"Auto (AM7), 12 cyl, 6.3 L, SIDI",fetched,,1
35547,2015,Ferrari,FF,"Auto (AM7), 12 cyl, 6.3 L, SIDI; with Stop-Start Option",fetched,,1
35548,2015,Honda,Accord,"Man 6-spd, 6 cyl, 3.5 L",fetched,,1
35549,2015,Honda,Accord,"Auto 6-spd, 6 cyl, 3.5 L",fetched,,1
35550,2015,Honda,Accord,"Auto (S6), 6 cyl, 3.5 L",fetched,,1
35551,2015,Honda,Accord,"Man 6-spd, 4 cyl, 2.4 L",fetched,,1
35552,2015,Honda,Accord,"Auto (variable gear ratios), 4 cyl, 2.4 L",fetched,,1
35553,2015,Honda,Accord,"Auto (AV-S7), 4 cyl, 2.4 L",fetched,,1
35554,2015,Infiniti,Q40,"Auto (S7), 6 cyl, 3.7 L",fetched,,1
35555,2015,Infiniti,Q40 AWD,"Auto (S7), 6 cyl, 3.7 L",fetched,,1
35556,2015,Toyota,Prius,"Auto (variable gear ratios), 4 cyl, 1.8 L",fetched,,1
35564,2015,Rolls-Royce,Phantom,"Auto (S8), 12 cyl, 6.7 L",fetched,,1
35565,2015,Rolls-Royce,Phantom EWB,"Auto (S8), 12 cyl, 6.7 L",fetched,,1
35566,2015,Rolls-Royce,Ghost,"Auto (S8), 12 cyl, 6.6 L, Turbo",fetched,,1
35567,2015,Rolls-Royce,Ghost EWB,"Auto (S8), 12 cyl, 6.6 L, Turbo",fetched,,1
35604,2015,McLaren Automotive,650S Coupe,"Auto 7-spd, 8 cyl, 3.8 L, Turbo",fetched,,1
35605,2015,McLaren Automotive,650S Spider,"Auto 7-spd, 8 cyl, 3.8 L, Turbo",fetched,,1
35606,2015,Aston Martin,Vanquish,"Auto (S8), 12 cyl, 6.0 L",fetched,,1
35607,2015,Ferrari,California T,"Auto (AM7), 8 cyl, 3.9 L, Turbo, SIDI",fetched,,1
35608,2015,Ferrari,California T,"Auto (AM7), 8 cyl, 3.9 L, Turbo, SIDI; with Stop-Start Option",fetched,,1
35609,2015,Aston Martin,Rapide S,"Auto (S8), 12 cyl, 6.0 L",fetched,,1
35611,2015,Volkswagen,Beetle Convertible,"Man 6-spd, 4 cyl, 2.0 L, Diesel, Turbo",discovered,,1
35612,2015,Volkswagen,Beetle Convertible,"Auto (AM-S6), 4 cyl, 2.0 L, Diesel, Turbo",discovered,,1
35613,2015,Acura,TLX AWD,"Auto (S9), 6 cyl, 3.5 L",fetched,,1
35614,2015,Lexus,CT 200h,"Auto (variable gear ratios), 4 cyl, 1.8 L",fetched,,1
35615,2015,Subaru,Impreza AWD,"Man 5-spd, 4 cyl, 2.0 L",fetched,,1
35616,2015,Subaru,Impreza AWD,"Auto (AV-S6), 4 cyl, 2.0 L",fetched,,1
35628,2015,Rolls-Royce,Wraith,"Auto (S8), 12 cyl, 6.6 L, Turbo",fetched,,1
35630,2015,Subaru,Impreza Wagon AWD,"Man 5-spd, 4 cyl, 2.0 L",fetched,,1
35631,2015,Subaru,Impreza Wagon AWD,"Auto (AV-S6), 4 cyl, 2.0 L",fetched,,1
35639,2015,Kia,Sedona,"Auto (S6), 6 cyl, 3.3 L",fetched,,1
35642,2015,Buick,Encore,"Auto (S6), 4 cyl, 1.4 L, Turbo",fetched,,1
35643,2015,Nissan,Xterra 2WD,"Auto 5-spd, 6 cyl, 4.0 L",fetched,,1
35644,2015,Buick,Encore AWD,"Auto (S6), 4 cyl, 1.4 L, Turbo",fetched,,1
35646,2015,Nissan,Xterra 4WD,"Auto 5-spd, 6 cyl, 4.0 L",fetched,,1
35647,2015,Nissan,Xterra 4WD,"Man 6-spd, 6 cyl, 4.0 L",fetched,,1
35648,2015,Toyota,Sequoia 2WD,"Auto (S6), 8 cyl, 5.7 L",fetched,,1
35652,2015,McLaren Automotive,P1,"Auto 7-spd, 8 cyl, 3.8 L, Turbo",fetched,,1
35656,2015,Dodge,Viper SRT,"Man 6-spd, 10 cyl, 8.4 L",fetched,,1
35666,2015,Lexus,IS 250 C,"Auto (S6), 6 cyl, 2.5 L",fetched,,1
35671,2015,Honda,Civic HF,"Auto (variable gear ratios), 4 cyl, 1.8 L",fetched,,1
35673,2015,Volkswagen,Jetta Hybrid,"Auto (AM-S7), 4 cyl, 1.4 L, Turbo",fetched,,1
35676,2015,GMC,Canyon 2WD,"Auto 6-spd, 6 cyl, 3.6 L",fetched,,1
35679,2015,Toyota,Tundra 2WD,"Auto (S6), 8 cyl, 4.6 L",fetched,,1
35680,2015,Toyota,Tundra 2WD,"Auto (S6), 8 cyl, 5.7 L",fetched,,1
35682,2015,Toyota,Tundra 4WD FFV,"Auto (S6), 8 cyl, 5.7 L",fetched,,1
35691,2015,Honda,Crosstour 2WD,"Auto 5-spd, 4 cyl, 2.4 L",fetched,,1
35692,2015,Honda,Crosstour 2WD,"Auto (S6), 6 cyl, 3.5 L",fetched,,1
35699,2015,Hyundai,Santa Fe AWD,"Auto (S6), 6 cyl, 3.3 L",fetched,,1
35704,2015,Lincoln,Navigator 2WD,"Auto (S6), 6 cyl, 3.5 L, Turbo",fetched,,1
35705,2015,Lincoln,Navigator L 2WD,"Auto (S6), 6 cyl, 3.5 L, Turbo",fetched,,1
35709,2015,Lincoln,Navigator L 4WD,"Auto (S6), 6 cyl, 3.5 L, Turbo",fetched,,1
35710,2015,Hyundai,Elantra Coupe,"Auto (S6), 4 cyl, 2.0 L",fetched,,1
35711,2015,Hyundai,Elantra Coupe,"Man 6-spd, 4 cyl, 2.0 L",fetched,,1
35717,2015,Lexus,ES 350,"Auto (S6), 6 cyl, 3.5 L",fetched,,1
35722,2015,Hyundai,Santa Fe Sport Ultimate FWD,"Auto (S6), 4 cyl, 2.0 L, Turbo",fetched,,1
35726,2015,Infiniti,QX80 2WD,"Auto (S7), 8 cyl, 5.6 L",fetched,,1
35727,2015,Infiniti,QX80 4WD,"Auto (S7), 8 cyl, 5.6 L",fetched,,1
35728,2015,Land Rover,Range Rover Sport,"Auto (S8), 8 cyl, 5.0 L, Sup Charg",fetched,,1
35730,2015,Volkswagen,Touareg,"Auto (S8), 6 cyl, 3.0 L, Diesel, Turbo",fetched,,1
35733,2015,Dodge,Challenger SRT8,"Auto 8-spd, 8 cyl, 6.2 L, Sup Charg",fetched,,1
35739,2015,Ram,1500 2WD,"Auto 6-spd, 8 cyl, 5.7 L",fetched,,1
35740,2015,Ram,1500 2WD,"Auto 8-spd, 8 cyl, 5.7 L",fetched,,1
35741,2015,Ram,1500 2WD,"Auto 8-spd, 6 cyl, 3.6 L",fetched,,1
35742,2015,Ram,1500 2WD,"Auto 8-spd, 6 cyl, 3.6 L, FFV",fetched,,1
35743,2015,Ram,1500 HFE 2WD,"Auto 8-spd, 6 cyl, 3.6 L",fetched,,1
35744,2015,Ram,1500 4WD,"Auto 6-spd, 8 cyl, 5.7 L",fetched,,1
35745,2015,Ram,1500 4WD,"Auto 8-spd, 6 cyl, 3.6 L, FFV",fetched,,1
35746,2015,Ram,1500 4WD,"Auto 8-spd, 6 cyl, 3.6 L",fetched,,1
35747,2015,Ram,1500 4WD,"Auto 8-spd, 8 cyl, 5.7 L",fetched,,1
35754,2015,Chevrolet,Trax,"Auto (S6), 4 cyl, 1.4 L, Turbo",fetched,,1
35757,2015,Nissan,Armada 2WD,"Auto 5-spd, 8 cyl, 5.6 L",fetched,,1
35758,2015,Nissan,Armada 2WD,"Auto 5-spd, 8 cyl, 5.6 L, FFV",fetched,,1
35760,2015,Land Rover,Range Rover FFV,"Auto (S8), 8 cyl, 5.0 L, Sup Charg",fetched,,1
35761,2015,Land Rover,Range Rover L FFV,"Auto (S8), 8 cyl, 5.0 L, Sup Charg",fetched,,1
35762,2015,Land Rover,Range Rover Sport FFV,"Auto (S8), 8 cyl, 5.0 L, Sup Charg",fetched,,1
35767,2015,Mercedes-Benz,SLK55 AMG,"Auto 7-spd, 8 cyl, 5.5 L",fetched,,1
35776,2015,Dodge,Challenger SRT8,"Man 6-spd, 8 cyl, 6.2 L, Sup Charg",fetched,,1
35781,2015,Dodge,Charger SRT8,"Auto 8-spd, 8 cyl, 6.2 L, Sup Charg",fetched,,1
35791,2015,Subaru,XV Crosstrek Hybrid AWD,"Auto (AV-S6), 4 cyl, 2.0 L",fetched,,1
35799,2015,MINI,Cooper S (5-doors),"Auto (S6), 4 cyl, 2.0 L, Turbo",fetched,,1
35800,2015,MINI,Cooper S (5-doors),"Man 6-spd, 4 cyl, 2.0 L, Turbo",fetched,,1
35810,2015,GMC,Canyon 2WD,"Man 6-spd, 4 cyl, 2.5 L",discovered,,1
35811,2015,GMC,Canyon 2WD,"Auto 6-spd, 4 cyl, 2.5 L",discovered,,1
35816,2015,Ram,1500 2WD,"Auto 8-spd, 6 cyl, 3.0 L, Diesel, Turbo",discovered,,1
35819,2015,Ram,1500 4WD,"Auto 8-spd, 6 cyl, 3.0 L, Diesel, Turbo",fetched,,1
35823,2015,Infiniti,QX60 AWD,"Auto (AV-S7), 6 cyl, 3.5 L",fetched,,1
35824,2015,Nissan,Pathfinder 4WD,"Auto (variable gear ratios), 6 cyl, 3.5 L",fetched,,1
35826,2015,Cadillac,Escalade 2WD,"Auto 8-spd, 8 cyl, 6.2 L",fetched,,1
35829,2015,GMC,Yukon C1500 XL 2WD,"Auto 8-spd, 8 cyl, 6.2 L, SIDI",fetched,,1
35833,2015,Cadillac,Escalade ESV 4WD,"Auto 8-spd, 8 cyl, 6.2 L",fetched,,1
35839,2015,Mercedes-Benz,G63 AMG,"Auto 7-spd, 8 cyl, 5.5 L, Turbo",fetched,,1
35846,2015,Mercedes-Benz,E350 Convertible,"Auto 7-spd, 6 cyl, 3.5 L",fetched,,1
35849,2015,Volkswagen,e-Golf,Auto (A1),fetched,,1
35850,2015,Mercedes-Benz,E350,"Auto 7-spd, 6 cyl, 3.5 L, SIDI",fetched,,1
35852,2015,Mercedes-Benz,E350 4matic,"Auto 7-spd, 6 cyl, 3.5 L, SIDI",fetched,,1
35855,2015,Land Rover,Range Rover Evoque,"Auto (S9), 4 cyl, 2.0 L, Turbo",fetched,,1
35858,2015,smart,fortwo electric drive convertible,Auto (A1),fetched,,1
35859,2015,smart,fortwo electric drive coupe,Auto (A1),fetched,,1
35864,2015,Mercedes-Benz,E350,"Auto 7-spd, 6 cyl, 3.5 L, SIDI; FFV",fetched,,1
35865,2015,Mercedes-Benz,E350 4matic,"Auto 7-spd, 6 cyl, 3.5 L, SIDI; FFV",fetched,,1
35866,2015,Mercedes-Benz,E400,"Auto 7-spd, 6 cyl, 3.0 L, Turbo",fetched,,1
35872,2015,Chrysler,300 AWD,"Auto 8-spd, 6 cyl, 3.6 L",fetched,,1
35873,2015,Chrysler,300 AWD,"Auto 8-spd, 6 cyl, 3.6 L, FFV",fetched,,1
35890,2015,Mercedes-Benz,E400 Hybrid,"Auto 7-spd, 6 cyl, 3.5 L",fetched,,1
35892,2015,Hyundai,Sonata Limited,"Auto (S6), 4 cyl, 2.0 L, Turbo",fetched,,1
35895,2015,Porsche,Cayenne Turbo,"Auto (S8), 8 cyl, 4.8 L, Turbo",fetched,,1
35899,2015,Hyundai,Elantra GT,"Auto (S6), 4 cyl, 2.0 L",fetched,,1
35903,2015,Lexus,LS 460 L AWD,"Auto (S8), 8 cyl, 4.6 L",fetched,,1
35904,2015,Lexus,LS 600h L,"Auto (AV-S8), 8 cyl, 5.0 L",fetched,,1
35908,2015,Lincoln,MKS FWD,"Auto (S6), 6 cyl, 3.7 L",fetched,,1
35909,2015,Scion,xB,"Man 5-spd, 4 cyl, 2.4 L",fetched,,1
35910,2015,Scion,xB,"Auto (S4), 4 cyl, 2.4 L",fetched,,1
35913,2015,Lexus,NX 200t AWD,"Auto (S6), 4 cyl, 2.0 L, Turbo",fetched,,1
35915,2015,Land Rover,Range Rover,"Auto (S8), 6 cyl, 3.0 L, Sup Charg",fetched,,1
35916,2015,Land Rover,Range Rover LWB,"Auto (S8), 6 cyl, 3.0 L, Sup Charg",fetched,,1
35917,2015,Land Rover,Range Rover Sport,"Auto (S8), 6 cyl, 3.0 L, Sup Charg",fetched,,1
35924,2015,Ford,F150 Pickup 4WD FFV,"Auto 6-spd, 6 cyl, 3.5 L",fetched,,1
35925,2015,Ford,F150 Pickup 4WD FFV,"Auto (S6), 8 cyl, 5.0 L",fetched,,1
35926,2015,Bentley,Continental GT3-R,"Auto (S8), 8 cyl, 4.0 L, Turbo",fetched,,1
35928,2015,Porsche,911 Carrera GTS,"Man 7-spd, 6 cyl, 3.8 L",fetched,,1
35929,2015,Porsche,911 Carrera GTS,"Auto (AM-S7), 6 cyl, 3.8 L",fetched,,1
35930,2015,Porsche,911 Carrera GTS Cabriolet,"Man 7-spd, 6 cyl, 3.8 L",fetched,,1
35931,2015,Porsche,911 Carrera GTS Cabriolet,"Auto (AM-S7), 6 cyl, 3.8 L",discovered,,1
35946,2015,Nissan,Murano AWD,"Auto (AV-S7), 6 cyl, 3.5 L",fetched,,1
35947,2015,Lincoln,MKT Livery FWD,"Auto (S6), 4 cyl, 2.0 L, Turbo",fetched,,1
35948,2015,Lincoln,MKT Livery AWD,"Auto 6-spd, 6 cyl, 3.7 L",fetched,,1
35950,2015,Lincoln,MKT FWD,"Auto (S6), 6 cyl, 3.7 L",fetched,,1
35959,2015,Hyundai,Elantra GT,"Man 6-spd, 4 cyl, 2.0 L",fetched,,1
35969,2015,Ford,Focus SFE FWD,"Man 6-spd, 3 cyl, 1.0 L, Turbo",fetched,,1
35973,2015,Nissan,Sentra FE,"Auto (variable gear ratios), 4 cyl, 1.8 L",fetched,,1
35979,2015,Volvo,V60 CC AWD,"Auto (S6), 5 cyl, 2.5 L, Turbo",fetched,,1
35980,2015,Tesla,Model S (85 kW-hr battery pack),Auto (A1),fetched,,1
35984,2016,Kia,Sorento FE AWD,"Auto (S6), 6 cyl, 3.3 L",fetched,,1
35988,2016,Mazda,CX-5 2WD,"Man 6-spd, 4 cyl, 2.0 L",fetched,,1
35989,2016,Mazda,CX-5 2WD,"Auto (S6), 4 cyl, 2.5 L",fetched,,1
35990,2016,Kia,Sorento AWD,"Auto (S6), 4 cyl, 2.0 L, Turbo",discovered,,1
35991,2016,Kia,Sorento AWD,"Auto (S6), 4 cyl, 2.4 L",fetched,,1
35992,2016,Kia,Sorento AWD,"Auto (S6), 6 cyl, 3.3 L",fetched,,1
35993,2016,Mazda,CX-5 4WD,"Auto (S6), 4 cyl, 2.5 L",fetched,,1
35998,2016,Honda,HR-V 2WD,"Man 6-spd, 4 cyl, 1.8 L",fetched,,1
35999,2016,Honda,HR-V 2WD,"Auto (variable gear ratios), 4 cyl, 1.8 L",fetched,,1
36000,2016,Honda,HR-V 2WD,"Auto (AV-S7), 4 cyl, 1.8 L",fetched,,1
36001,2016,Honda,HR-V 4WD,"Auto (variable gear ratios), 4 cyl, 1.8 L",fetched,,1
36002,2016,Honda,HR-V 4WD,"Auto (AV-S7), 4 cyl, 1.8 L",fetched,,1
36004,2015,Ram,1500 HFE 2WD,"Auto 8-spd, 6 cyl, 3.0 L, Diesel, Turbo",fetched,,1
36005,2015,Nissan,Rogue Select FWD,"Auto (variable gear ratios), 4 cyl, 2.5 L",fetched,,1
36006,2015,Land Rover,Discovery Sport,"Auto (S9), 4 cyl, 2.0 L, Turbo",fetched,,1
36008,2015,Tesla,Model S AWD - P85D,Auto (A1),fetched,,1
36009,2015,Tesla,Model S AWD - 85D,Auto (A1),fetched,,1
36010,2016,Jaguar,F-Type Coupe,"Auto (S8), 6 cyl, 3.0 L, Sup Charg",fetched,,1
36012,2016,Jaguar,F-Type S Coupe,"Auto (S8), 6 cyl, 3.0 L, Sup Charg",fetched,,1
36015,2016,Bentley,Mulsanne,"Auto (S8), 8 cyl, 6.8 L, Turbo",fetched,,1
36017,2015,Tesla,Model S (60 kW-hr battery pack),Auto (A1),fetched,,1
36022,2016,Hyundai,Elantra GT,"Man 6-spd, 4 cyl, 2.0 L",fetched,,1
36023,2016,Mitsubishi,i-MiEV,"Auto (A1), 0 L",fetched,,1
36027,2015,Ford,Edge AWD,"Auto (S6), 4 cyl, 2.0 L, Turbo",fetched,,1
36028,2015,Ford,Edge AWD,"Auto (S6), 6 cyl, 3.5 L",fetched,,1
36029,2015,Ford,Edge AWD,"Auto (S6), 6 cyl, 2.7 L, Turbo",fetched,,1
36034,2016,Acura,ILX,"Auto (AM8), 4 cyl, 2.4 L",fetched,,1
36036,2016,Hyundai,Elantra GT,"Auto (S6), 4 cyl, 2.0 L",fetched,,1
36040,2016,Jaguar,F-Type R Convertible,"Auto (S8), 8 cyl, 5.0 L, Sup Charg",fetched,,1
36043,2016,Jaguar,XJ,"Auto (S8), 8 cyl, 5.0 L, Sup Charg",fetched,,1
36044,2016,Jaguar,XJL,"Auto (S8), 8 cyl, 5.0 L, Sup Charg",fetched,,1
36046,2016,Acura,RLX,"Auto (S6), 6 cyl, 3.5 L",fetched,,1
36047,2016,Acura,RLX Hybrid,"Auto (AM7), 6 cyl, 3.5 L",fetched,,1
36051,2015,Mitsubishi,Outlander Sport 4WD,"Auto (AV-S6), 4 cyl, 2.4 L",fetched,,1
36057,2016,Kia,Sedona,"Auto (S6), 6 cyl, 3.3 L",fetched,,1
36059,2016,Kia,Sedona SXL,"Auto (S6), 6 cyl, 3.3 L",fetched,,1
36066,2016,Kia,Rio Eco,"Auto (S6), 4 cyl, 1.6 L",fetched,,1
36074,2016,Nissan,370Z Roadster,"Auto (S7), 6 cyl, 3.7 L",fetched,,1
36075,2016,Nissan,370Z Roadster,"Man 6-spd, 6 cyl, 3.7 L",fetched,,1
36077,2016,BMW,640i xDrive Coupe,"Auto (S8), 6 cyl, 3.0 L, Turbo",fetched,,1
36080,2016,BMW,650i xDrive Convertible,"Auto (S8), 8 cyl, 4.4 L, Turbo",fetched,,1
36088,2016,BMW,Alpina B6 Gran Coupe xDrive,"Auto (S8), 8 cyl, 4.4 L, Turbo",fetched,,1
36109,2015,Infiniti,QX80 4WD (over 6000 lbs curb weight),"Auto (S7), 8 cyl, 5.6 L",fetched,,1
36111,2016,BMW,650i Convertible,"Auto (S8), 8 cyl, 4.4 L, Turbo",fetched,,1
36121,2016,Acura,MDX 4WD,"Auto (S9), 6 cyl, 3.5 L, SIDI; Stop-Start",fetched,,1
36122,2016,Acura,MDX 4WD,"Auto (S9), 6 cyl, 3.5 L, SIDI",fetched,,1
36126,2015,Tesla,Model S AWD - 70D,Auto (A1),fetched,,1
36127,2016,Mazda,2,"Man 6-spd, 4 cyl, 1.5 L",fetched,,1
36128,2016,Mazda,2,"Auto (S6), 4 cyl, 1.5 L",fetched,,1
36132,2016,Audi,S6,"Auto (AM-S7), 8 cyl, 4.0 L, Turbo",fetched,,1
36135,2016,Honda,Fit,"Man 6-spd, 4 cyl, 1.5 L",fetched,,1
36136,2016,Honda,Fit,"Auto (variable gear ratios), 4 cyl, 1.5 L",fetched,,1
36137,2016,Honda,Fit,"Auto (AV-S7), 4 cyl, 1.5 L",fetched,,1
36138,2016,Acura,RDX 2WD,"Auto (S6), 6 cyl, 3.5 L",fetched,,1
36140,2016,Acura,RDX 4WD,"Auto (S6), 6 cyl, 3.5 L",fetched,,1
36146,2016,Subaru,Forester AWD,"Man 6-spd, 4 cyl, 2.5 L",fetched,,1
36147,2016,Subaru,Forester AWD,"Auto (variable gear ratios), 4 cyl, 2.5 L",fetched,,1
36148,2016,Subaru,Forester AWD,"Auto (AV-S8), 4 cyl, 2.0 L, Turbo",fetched,,1
36155,2016,Ford,Fusion FWD,"Auto (S6), 4 cyl, 1.5 L, Turbo, SIDI; Stop-Start",fetched,,1
36156,2016,Ford,Fusion FWD,"Auto (S6), 4 cyl, 1.5 L, Turbo, SIDI",fetched,,1
36158,2016,Ford,Fusion FWD,"Auto (S6), 4 cyl, 2.0 L, Turbo, SIDI",fetched,,1
36159,2016,Ford,Fusion FWD,"Auto (S6), 4 cyl, 2.5 L",fetched,,1
36160,2016,Ford,Fusion Hybrid FWD,"Auto (variable gear ratios), 4 cyl, 2.0 L",fetched,,1
36161,2016,Lincoln,MKZ Hybrid FWD,"Auto (variable gear ratios), 4 cyl, 2.0 L",fetched,,1
36162,2016,Lincoln,MKZ AWD,"Auto (S6), 4 cyl, 2.0 L, Turbo",fetched,,1
36163,2016,Lincoln,MKZ FWD,"Auto (S6), 4 cyl, 2.0 L, Turbo",fetched,,1
36164,2016,Lincoln,MKZ FWD,"Auto (S6), 6 cyl, 3.7 L",fetched,,1
36165,2016,Lincoln,MKZ AWD,"Auto (S6), 6 cyl, 3.7 L",fetched,,1
36166,2016,Mercedes-Benz,E400,"Auto 7-spd, 6 cyl, 3.0 L, Turbo",fetched,,1
36174,2016,Porsche,911 Targa 4 GTS,"Man 7-spd, 6 cyl, 3.8 L",fetched,,1
36175,2016,Porsche,911 Targa 4 GTS,"Auto (AM-S7), 6 cyl, 3.8 L",fetched,,1
36188,2016,Mercedes-Benz,AMG E63 S 4matic (wagon),"Auto 7-spd, 8 cyl, 5.5 L, Turbo",fetched,,1
36191,2016,Lamborghini,Aventador Coupe,"Auto (AM-S7), 12 cyl, 6.5 L",fetched,,1
36192,2016,Lamborghini,Aventador Roadster,"Auto (AM-S7), 12 cyl, 6.5 L",fetched,,1
36194,2016,Scion,FR-S,"Auto (S6), 4 cyl, 2.0 L",fetched,,1
36195,2016,Scion,FR-S,"Man 6-spd, 4 cyl, 2.0 L",fetched,,1
36196,2016,Toyota,Yaris,"Auto 4-spd, 4 cyl, 1.5 L",discovered,,1
36197,2016,Toyota,Yaris,"Man 5-spd, 4 cyl, 1.5 L",fetched,,1
36199,2016,Fiat,500 X,"Man 6-spd, 4 cyl, 1.4 L, Turbo",discovered,,1
36200,2016,Fiat,500 X,"Auto 9-spd, 4 cyl, 2.4 L",fetched,,1
36205,2016,Maserati,GranTurismo,"Auto 6-spd, 8 cyl, 4.7 L",fetched,,1
36206,2016,Maserati,GranTurismo Convertible,"Auto 6-spd, 8 cyl, 4.7 L",fetched,,1
36214,2016,Infiniti,QX70 AWD,"Auto (S7), 6 cyl, 3.7 L",fetched,,1
36222,2016,Volvo,S60 Inscription AWD,"Auto (S6), 5 cyl, 2.5 L, Turbo",fetched,,1
36227,2016,Jaguar,XJ AWD,"Auto (S8), 6 cyl, 3.0 L, Sup Charg",fetched,,1
36236,2016,Volvo,V60 AWD,"Auto (S6), 5 cyl, 2.5 L, Turbo",fetched,,1
36237,2016,Volvo,V60 AWD,"Auto (S6), 6 cyl, 3.0 L, Turbo",fetched,,1
36238,2016,Volvo,V60 PoleStar AWD,"Auto (S6), 6 cyl, 3.0 L, Turbo",fetched,,1
36240,2016,Volvo,XC70 FWD,"Auto (S8), 4 cyl, 2.0 L, Turbo",fetched,,1
36242,2016,Fiat,500 X AWD,"Auto 9-spd, 4 cyl, 2.4 L",fetched,,1
36243,2016,Volvo,XC60 AWD,"Auto (S6), 6 cyl, 3.0 L, Turbo",fetched,,1
36245,2016,Volvo,XC60 AWD,"Auto (S6), 5 cyl, 2.5 L, Turbo",fetched,,1
36249,2016,Porsche,Boxster S,"Man 6-spd, 6 cyl, 3.4 L",fetched,,1
36258,2016,Porsche,911 Carrera S Cabriolet,"Man 7-spd, 6 cyl, 3.8 L",fetched,,1
36259,2016,Porsche,911 Carrera S Cabriolet,"Auto (AM-S7), 6 cyl, 3.8 L",fetched,,1
36270,2016,Porsche,911 Carrera GTS Cabriolet,"Man 7-spd, 6 cyl, 3.8 L",fetched,,1
36271,2016,Porsche,911 Carrera GTS Cabriolet,"Auto (AM-S7), 6 cyl, 3.8 L",fetched,,1
36276,2016,Porsche,911 Turbo,"Auto (AM-S7), 6 cyl, 3.8 L, Turbo",fetched,,1
36278,2016,Porsche,911 Targa 4,"Man 7-spd, 6 cyl, 3.4 L",fetched,,1
36279,2016,Porsche,911 Targa 4,"Auto (AM-S7), 6 cyl, 3.4 L",fetched,,1
36280,2016,Bentley,Continental GT Convertible,"Auto (S8), 8 cyl, 4.0 L, Turbo",fetched,,1
36281,2016,Bentley,Continental GT,"Auto (S8), 8 cyl, 4.0 L, Turbo",fetched,,1
36283,2016,Bentley,Flying Spur,"Auto (S8), 8 cyl, 4.0 L, Turbo",fetched,,1
36286,2016,Maserati,Ghibli V6 SQ4,"Auto 8-spd, 6 cyl, 3.0 L, Turbo",fetched,,1
36287,2016,Maserati,Ghibli V6,"Auto 8-spd, 6 cyl, 3.0 L, Turbo",fetched,,1
36290,2016,Maserati,Quattroporte GTS,"Auto 8-spd, 8 cyl, 3.8 L, Turbo",fetched,,1
36291,2016,Maserati,Quattroporte SQ4 V6,"Auto 8-spd, 6 cyl, 3.0 L, Turbo",fetched,,1
36307,2016,Jaguar,F-Type Coupe,"Man 6-spd, 6 cyl, 3.0 L, Sup Charg",fetched,,1
36309,2016,Jaguar,F-Type S Coupe,"Man 6-spd, 6 cyl, 3.0 L, Sup Charg",fetched,,1
36311,2016,Porsche,Boxster S,"Auto (AM-S7), 6 cyl, 3.4 L",fetched,,1
36317,2016,Hyundai,Accent,"Auto (S6), 4 cyl, 1.6 L",fetched,,1
36318,2016,Hyundai,Accent,"Man 6-spd, 4 cyl, 1.6 L",fetched,,1
36320,2016,Maserati,Ghibli  S RWD,"Auto 8-spd, 6 cyl, 3.0 L, Turbo",fetched,,1
36323,2016,Hyundai,Azera,"Auto (S6), 6 cyl, 3.3 L",fetched,,1
36324,2016,Maserati,Quattroporte S,"Auto 8-spd, 6 cyl, 3.0 L, Turbo",fetched,,1
36327,2016,Kia,Sportage FWD,"Auto (S6), 4 cyl, 2.4 L",fetched,,1
36329,2016,Mitsubishi,Outlander 2WD,"Auto (AV-S6), 4 cyl, 2.4 L",fetched,,1
36337,2016,Mitsubishi,Outlander 4WD,"Auto (AV-S6), 4 cyl, 2.4 L",discovered,,1
36338,2016,Mitsubishi,Outlander 4WD,"Auto (S6), 6 cyl, 3.0 L",fetched,,1
36339,2016,Scion,iA,"Man 6-spd, 4 cyl, 1.5 L",fetched,,1
36340,2016,Scion,iA,"Auto (S6), 4 cyl, 1.5 L",fetched,,1
36350,2016,Buick,Enclave FWD,"Auto 6-spd, 6 cyl, 3.6 L",fetched,,1
36353,2016,Buick,Enclave AWD,"Auto 6-spd, 6 cyl, 3.6 L",fetched,,1
36363,2016,Bentley,Flying Spur,"Auto (S8), 12 cyl, 6.0 L, Turbo",fetched,,1
36364,2016,Chevrolet,Cruze Limited,"Man 6-spd, 4 cyl, 1.8 L",fetched,,1
36372,2016,Hyundai,Tucson Eco FWD,"Auto (AM7), 4 cyl, 1.6 L, Turbo",fetched,,1
36373,2016,Jeep,Cherokee FWD,"Auto 9-spd, 4 cyl, 2.4 L",fetched,,1
36374,2016,Jeep,Cherokee FWD,"Auto 9-spd, 4 cyl, 2.4 L, FFV",fetched,,1
36379,2016,Land Rover,LR4,"Auto (S8), 6 cyl, 3.0 L, Sup Charg",fetched,,1
36380,2016,Audi,TT Roadster quattro,"Auto (AM-S6), 4 cyl, 2.0 L, Turbo",fetched,,1
36381,2016,Audi,A5 quattro,"Auto (S8), 4 cyl, 2.0 L, Turbo",fetched,,1
36382,2016,Audi,A5 Cabriolet quattro,"Auto (S8), 4 cyl, 2.0 L, Turbo",fetched,,1
36385,2016,Audi,A3 quattro,"Auto (AM-S6), 4 cyl, 2.0 L, Turbo",fetched,,1
36390,2016,Audi,A5 quattro,"Man 6-spd, 4 cyl, 2.0 L, Turbo",fetched,,1
36398,2016,Audi,A4,"Auto (AV-S8), 4 cyl, 2.0 L, Turbo",fetched,,1
36406,2016,Subaru,Legacy AWD,"Auto (AV-S6), 4 cyl, 2.5 L",fetched,,1
36407,2016,Subaru,Legacy AWD,"Auto (AV-S6), 6 cyl, 3.6 L",fetched,,1
36423,2016,Audi,SQ5,"Auto (S8), 6 cyl, 3.0 L, Sup Charg",fetched,,1
36434,2016,Subaru,Outback AWD,"Auto (AV-S6), 4 cyl, 2.5 L",fetched,,1
36435,2016,Subaru,Outback AWD,"Auto (AV-S6), 6 cyl, 3.6 L",fetched,,1
36436,2016,Cadillac,SRX,"Auto (S6), 6 cyl, 3.6 L",fetched,,1
36442,2016,Pagani,Huayra Coupe,"Auto (AM7), 12 cyl, 6.0 L, Turbo",fetched,,1
36453,2016,Buick,LaCrosse AWD,"Auto (S6), 6 cyl, 3.6 L",fetched,,1
36455,2016,Buick,Regal,"Auto (S6), 4 cyl, 2.0 L, Turbo",discovered,,1
36456,2016,Buick,Regal,"Man 6-spd, 4 cyl, 2.0 L, Turbo",fetched,,1
36457,2016,Buick,LaCrosse,"Auto (S6), 6 cyl, 3.6 L, SIDI; FFV",fetched,,1
36458,2016,Buick,LaCrosse,"Auto (S6), 6 cyl, 3.6 L, SIDI",fetched,,1
36460,2016,Buick,LaCrosse eAssist,"Auto (S6), 4 cyl, 2.4 L",fetched,,1
36461,2016,Buick,Regal,"Auto (S6), 4 cyl, 2.4 L",discovered,,1
36465,2016,Chevrolet,Cruze Limited,"Auto (S6), 4 cyl, 1.4 L, Turbo",fetched,,1
36467,2016,Chevrolet,Cruze Limited,"Man 6-spd, 4 cyl, 1.4 L, Turbo",fetched,,1
36468,2016,Chevrolet,Cruze Limited,"Auto (S6), 4 cyl, 1.8 L",fetched,,1
36470,2016,Kia,Optima Hybrid EX,"Auto (AM6), 4 cyl, 2.4 L",fetched,,1
36481,2016,Hyundai,Genesis RWD,"Auto (S8), 6 cyl, 3.8 L",fetched,,1
36486,2016,Ram,1500 HFE 2WD,"Auto 8-spd, 6 cyl, 3.6 L",fetched,,1
36487,2016,Ram,Promaster City,"Auto 9-spd, 4 cyl, 2.4 L",fetched,,1
36494,2016,Dodge,Journey,"Auto 4-spd, 4 cyl, 2.4 L",fetched,,1
36495,2016,Dodge,Journey,"Auto 6-spd, 6 cyl, 3.6 L",fetched,,1
36499,2016,GMC,Terrain FWD,"Auto 6-spd, 4 cyl, 2.4 L, SIDI",fetched,,1
36500,2016,GMC,Terrain FWD,"Auto 6-spd, 4 cyl, 2.4 L, SIDI; FFV",fetched,,1
36511,2016,Land Rover,Discovery Sport,"Auto (S9), 4 cyl, 2.0 L, Turbo",fetched,,1
36512,2016,Land Rover,Range Rover Evoque,"Auto (S9), 4 cyl, 2.0 L, Turbo",fetched,,1
36513,2016,Lincoln,MKC AWD,"Auto (S6), 4 cyl, 2.0 L, Turbo",fetched,,1
36514,2016,Lincoln,MKC AWD,"Auto (S6), 4 cyl, 2.3 L, Turbo",fetched,,1
36529,2016,Mercedes-Benz,CLS400 4matic,"Auto 7-spd, 6 cyl, 3.0 L, Turbo",fetched,,1
36534,2016,Mazda,3 5-Door,"Man 6-spd, 4 cyl, 2.0 L, SIDI",fetched,,1
36535,2016,Mazda,3 5-Door,"Auto (S6), 4 cyl, 2.0 L, SIDI",discovered,,1
36536,2016,Mazda,3 5-Door,"Man 6-spd, 4 cyl, 2.5 L, SIDI",discovered,,1
36537,2016,Mazda,3 5-Door,"Auto (S6), 4 cyl, 2.5 L, SIDI",fetched,,1
36538,2016,Mazda,3 5-Door,"Auto (S6), 4 cyl, 2.5 L, SIDI; with i-ELOOP Technology Package",fetched,,1
36542,2016,Ram,1500 2WD,"Auto 6-spd, 8 cyl, 5.7 L",fetched,,1
36543,2016,Ram,1500 2WD,"Auto 8-spd, 8 cyl, 5.7 L",fetched,,1
36544,2016,Ram,1500 2WD,"Auto 8-spd, 6 cyl, 3.6 L",fetched,,1
36545,2016,Ram,1500 HFE 2WD,"Auto 8-spd, 6 cyl, 3.0 L, Diesel, Turbo",fetched,,1
36546,2016,Ram,1500 4WD,"Auto 6-spd, 8 cyl, 5.7 L",fetched,,1
36547,2016,Ram,1500 4WD,"Auto 8-spd, 6 cyl, 3.0 L, Diesel, Turbo",fetched,,1
36548,2016,Ram,1500 4WD,"Auto 8-spd, 8 cyl, 5.7 L",fetched,,1
36549,2016,Jeep,Cherokee 4WD Active Drive II,"Auto 9-spd, 4 cyl, 2.4 L",fetched,,1
36563,2016,Cadillac,ATS AWD,"Auto (S8), 4 cyl, 2.0 L, Turbo",fetched,,1
36566,2016,MINI,Cooper Countryman,"Auto (S6), 4 cyl, 1.6 L",fetched,,1
36571,2016,Scion,tC,"Man 6-spd, 4 cyl, 2.5 L",fetched,,1
36572,2016,Scion,tC,"Auto (S6), 4 cyl, 2.5 L",fetched,,1
36577,2016,Volkswagen,CC,"Auto (AM-S6), 4 cyl, 2.0 L, Turbo",fetched,,1
36578,2016,Volkswagen,CC,"Man 6-spd, 4 cyl, 2.0 L, Turbo",fetched,,1
36580,2016,Cadillac,CTS Sedan AWD,"Auto (S8), 4 cyl, 2.0 L, Turbo",discovered,,1
36581,2016,Chrysler,200,"Auto 9-spd, 4 cyl, 2.4 L",fetched,,1
36582,2016,Chrysler,200,"Auto 9-spd, 4 cyl, 2.4 L, FFV",fetched,,1
36583,2016,Chrysler,200 AWD,"Auto 9-spd, 6 cyl, 3.6 L",fetched,,1
36597,2016,Ram,1500 2WD,"Auto 8-spd, 6 cyl, 3.0 L, Diesel, Turbo",fetched,,1
36598,2016,Ram,1500 4WD,"Auto 8-spd, 6 cyl, 3.6 L",discovered,,1
36600,2016,GMC,Canyon Cab Chassis 2WD,"Auto 6-spd, 6 cyl, 3.6 L",fetched,,1
36602,2016,GMC,Terrain FWD,"Auto 6-spd, 6 cyl, 3.6 L, SIDI",fetched,,1
36603,2016,Jeep,Cherokee FWD,"Auto 9-spd, 6 cyl, 3.2 L",fetched,,1
36605,2016,GMC,Canyon 4WD,"Auto 6-spd, 4 cyl, 2.5 L",fetched,,1
36606,2016,GMC,Canyon 4WD,"Auto 6-spd, 6 cyl, 3.6 L",fetched,,1
36608,2016,Jeep,Cherokee 4WD Active Drive II,"Auto 9-spd, 6 cyl, 3.2 L",fetched,,1
36624,2016,GMC,Yukon K1500 XL 4WD,"Auto 6-spd, 8 cyl, 5.3 L, SIDI; FFV",fetched,,1
36626,2016,GMC,Yukon K1500 XL 4WD,"Auto 6-spd, 8 cyl, 5.3 L, SIDI",fetched,,1
36628,2016,Land Rover,Range Rover,"Auto (S8), 8 cyl, 5.0 L, Sup Charg",fetched,,1
36629,2016,Land Rover,Range Rover LWB,"Auto (S8), 8 cyl, 5.0 L, Sup Charg",fetched,,1
36630,2016,Land Rover,Range Rover,"Auto (S8), 6 cyl, 3.0 L, Sup Charg",fetched,,1
36631,2016,Land Rover,Range Rover LWB,"Auto (S8), 6 cyl, 3.0 L, Sup Charg",fetched,,1
36632,2016,Land Rover,Range Rover Sport,"Auto (S8), 8 cyl, 5.0 L, Sup Charg",fetched,,1
36633,2016,Land Rover,Range Rover Sport,"Auto (S8), 6 cyl, 3.0 L, Sup Charg",discovered,,1
36637,2016,Bentley,Continental GT Convertible,"Auto (S8), 12 cyl, 6.0 L, Turbo",fetched,,1
36645,2016,BMW,435i xDrive Convertible,"Auto (S8), 6 cyl, 3.0 L, Turbo",fetched,,1
36646,2016,Volkswagen,Beetle Convertible,"Auto (S6), 4 cyl, 1.8 L, Turbo",fetched,,1
36647,2016,Volkswagen,Beetle Convertible,"Man 6-spd, 4 cyl, 2.0 L, Turbo",fetched,,1
36648,2016,Bentley,Continental GT,"Auto (S8), 12 cyl, 6.0 L, Turbo",fetched,,1
36660,2016,MINI,Cooper Countryman,"Man 6-spd, 4 cyl, 1.6 L",fetched,,1
36664,2016,MINI,Cooper S Countryman All4,"Auto (S6), 4 cyl, 1.6 L, Turbo",fetched,,1
36665,2016,MINI,Cooper S Countryman All4,"Man 6-spd, 4 cyl, 1.6 L, Turbo",fetched,,1
36670,2016,MINI,JCW Countryman All4,"Auto (S6), 4 cyl, 1.6 L, Turbo",fetched,,1
36671,2016,MINI,JCW Countryman All4,"Man 6-spd, 4 cyl, 1.6 L, Turbo",fetched,,1
36674,2016,Volkswagen,Jetta,"Auto (S6), 4 cyl, 1.8 L, Turbo",discovered,,1
36677,2016,Volkswagen,Jetta,"Auto (AM-S6), 4 cyl, 2.0 L, Turbo",fetched,,1
36678,2016,Volkswagen,Jetta,"Man 6-spd, 4 cyl, 2.0 L, Turbo",fetched,,1
36683,2016,BMW,550i xDrive,"Auto (S8), 8 cyl, 4.4 L, Turbo",fetched,,1
36684,2016,Chrysler,200,"Auto 9-spd, 6 cyl, 3.6 L, FFV",fetched,,1
36696,2016,Lincoln,Navigator L 2WD,"Auto (S6), 6 cyl, 3.5 L, Turbo",fetched,,1
36697,2016,Lincoln,Navigator 2WD,"Auto (S6), 6 cyl, 3.5 L, Turbo",fetched,,1
36701,2016,GMC,Yukon K1500 XL 4WD,"Auto 8-spd, 8 cyl, 6.2 L, SIDI",fetched,,1
36720,2016,MINI,John Cooper Works Hardtop,"Auto (S6), 4 cyl, 2.0 L, Turbo",fetched,,1
36721,2016,MINI,John Cooper Works Hardtop,"Man 6-spd, 4 cyl, 2.0 L, Turbo",fetched,,1
36722,2016,Volkswagen,Beetle Convertible,"Auto (AM-S6), 4 cyl, 2.0 L, Turbo",fetched,,1
36733,2016,Cadillac,ATS,"Auto (S8), 4 cyl, 2.0 L, Turbo",fetched,,1
36734,2016,Cadillac,ATS,"Man 6-spd, 4 cyl, 2.0 L, Turbo",fetched,,1
36735,2016,Cadillac,ATS,"Auto (S8), 6 cyl, 3.6 L",fetched,,1
36739,2016,Mercedes-Benz,C300,"Auto 7-spd, 4 cyl, 2.0 L, Turbo",fetched,,1
36741,2016,Volkswagen,Jetta,"Man 5-spd, 4 cyl, 1.8 L, Turbo",discovered,,1
36766,2016,GMC,Sierra C15 Cab Chassis 2WD,"Auto 6-spd, 8 cyl, 5.3 L",fetched,,1
36768,2016,Buick,Encore AWD,"Auto (S6), 4 cyl, 1.4 L, Turbo",fetched,,1
36781,2016,Mercedes-Benz,AMG GLE63,"Auto 7-spd, 8 cyl, 5.5 L, Turbo",fetched,,1
36783,2016,Mercedes-Benz,GL450 4matic,"Auto 7-spd, 6 cyl, 3.0 L, Turbo",fetched,,1
36786,2015,Tesla,Model S AWD - 90D,Auto (A1),fetched,,1
36787,2015,Tesla,Model S AWD - P90D,Auto (A1),fetched,,1
36795,2016,Toyota,Camry,"Auto (S6), 4 cyl, 2.5 L",fetched,,1
36797,2016,Toyota,Camry Hybrid XLE/SE,"Auto (variable gear ratios), 4 cyl, 2.5 L",fetched,,1
36798,2016,Toyota,Camry,"Auto (S6), 6 cyl, 3.5 L",fetched,,1
36805,2016,Infiniti,QX50,"Auto (S7), 6 cyl, 3.7 L",fetched,,1
36806,2016,Infiniti,QX50 AWD,"Auto (S7), 6 cyl, 3.7 L",fetched,,1
36808,2016,Toyota,Tundra 2WD,"Auto (S6), 8 cyl, 5.7 L",fetched,,1
36809,2016,Toyota,Tundra 2WD,"Auto (S6), 8 cyl, 4.6 L",fetched,,1
36815,2016,Toyota,Sequoia 4WD FFV,"Auto (S6), 8 cyl, 5.7 L",fetched,,1
36817,2016,Alfa Romeo,4C,"Auto (AM6), 4 cyl, 1.8 L, Turbo",fetched,,1
36818,2016,Cadillac,ATS,"Auto (S8), 4 cyl, 2.5 L",fetched,,1
36819,2016,Subaru,Impreza AWD,"Man 5-spd, 4 cyl, 2.0 L",fetched,,1
36820,2016,Subaru,Impreza AWD,"Auto (AV-S6), 4 cyl, 2.0 L",fetched,,1
36822,2016,Volkswagen,Jetta,"Auto (S6), 4 cyl, 1.4 L, Turbo",fetched,,1
36825,2016,Jaguar,XJ,"Auto (S8), 6 cyl, 3.0 L, Sup Charg",fetched,,1
36826,2016,Jaguar,XJL,"Auto (S8), 6 cyl, 3.0 L, Sup Charg",fetched,,1
36829,2016,Subaru,Impreza Sport AWD,"Man 5-spd, 4 cyl, 2.0 L",fetched,,1
36830,2016,Subaru,Impreza Sport AWD,"Auto (AV-S6), 4 cyl, 2.0 L",fetched,,1
36831,2016,Subaru,XV Crosstrek AWD,"Man 5-spd, 4 cyl, 2.0 L",fetched,,1
36832,2016,Subaru,XV Crosstrek AWD,"Auto (AV-S6), 4 cyl, 2.0 L",fetched,,1
36835,2015,Roush Performance,Stage 3 Mustang,"Auto (S6), 8 cyl, 5.0 L, Sup Charg",fetched,,1
36836,2015,Roush Performance,Stage 3 Mustang,"Man 6-spd, 8 cyl, 5.0 L, Sup Charg",fetched,,1
36837,2016,Fiat,500,"Auto 6-spd, 4 cyl, 1.4 L",fetched,,1
36838,2016,Fiat,500,"Auto 6-spd, 4 cyl, 1.4 L, Turbo",fetched,,1
36839,2016,Fiat,500,"Man 5-spd, 4 cyl, 1.4 L",fetched,,1
36840,2016,Fiat,500,"Man 5-spd, 4 cyl, 1.4 L, Turbo",fetched,,1
36844,2016,BMW,340i,"Man 6-spd, 6 cyl, 3.0 L, Turbo",fetched,,1
36853,2016,Fiat,500 L,"Auto 6-spd, 4 cyl, 1.4 L, Turbo",fetched,,1
36854,2016,Fiat,500 L,"Man 6-spd, 4 cyl, 1.4 L, Turbo",fetched,,1
36856,2016,Toyota,4Runner 2WD,"Auto (S5), 6 cyl, 4.0 L",fetched,,1
36860,2016,smart,fortwo electric drive convertible,Auto (A1),fetched,,1
36861,2016,smart,fortwo electric drive coupe,Auto (A1),fetched,,1
36864,2016,Aston Martin,V8 Vantage,"Man 6-spd, 8 cyl, 4.7 L",fetched,,1
36865,2016,Aston Martin,V8 Vantage S,"Man 6-spd, 8 cyl, 4.7 L",fetched,,1
36866,2016,Aston Martin,Vantage GT,"Man 6-spd, 8 cyl, 4.7 L",fetched,,1
36867,2016,Aston Martin,V8 Vantage,"Auto (AM7), 8 cyl, 4.7 L",fetched,,1
36868,2016,Aston Martin,V8 Vantage S,"Auto (AM7), 8 cyl, 4.7 L",fetched,,1
36869,2016,Aston Martin,Vantage GT,"Auto (AM7), 8 cyl, 4.7 L",fetched,,1
36870,2016,Aston Martin,V12 Vantage S,"Auto (AM7), 12 cyl, 6.0 L",fetched,,1
36871,2016,McLaren Automotive,650S Coupe,"Auto 7-spd, 8 cyl, 3.8 L, Turbo",fetched,,1
36872,2016,McLaren Automotive,650S Spider,"Auto 7-spd, 8 cyl, 3.8 L, Turbo",fetched,,1
36873,2016,McLaren Automotive,675LT Coupe,"Auto 7-spd, 8 cyl, 3.8 L, Turbo",fetched,,1
36874,2016,Aston Martin,DB9,"Auto (S6), 12 cyl, 5.9 L",fetched,,1
36875,2016,Aston Martin,Vanquish,"Auto (S8), 12 cyl, 6.0 L",fetched,,1
36876,2016,Aston Martin,Rapide S,"Auto (S8), 12 cyl, 6.0 L",fetched,,1
36886,2016,Roush Performance,Stage 3 Mustang,"Man 6-spd, 8 cyl, 5.0 L, Sup Charg",fetched,,1
36887,2016,Roush Performance,Stage 3 Mustang,"Auto (S6), 8 cyl, 5.0 L, Sup Charg",fetched,,1
36888,2016,BMW,340i,"Auto (S8), 6 cyl, 3.0 L, Turbo",fetched,,1
36889,2016,Cadillac,ATS AWD,"Auto (S8), 6 cyl, 3.6 L",fetched,,1
36891,2016,Lexus,IS 200t,"Auto (S8), 4 cyl, 2.0 L, Turbo",fetched,,1
36895,2016,Rolls-Royce,Phantom Drophead Coupe,"Auto (S8), 12 cyl, 6.7 L",fetched,,1
36896,2016,Rolls-Royce,Phantom Coupe,"Auto (S8), 12 cyl, 6.7 L",fetched,,1
36898,2016,Chevrolet,Impala Bi-Fuel  (CNG),"Auto (S6), 6 cyl, 3.6 L",fetched,,1
36899,2016,Cadillac,CTS Sedan AWD,"Auto (S8), 6 cyl, 3.6 L",fetched,,1
36900,2016,Rolls-Royce,Wraith,"Auto (S8), 12 cyl, 6.6 L, Turbo",fetched,,1
36901,2016,Scion,iM,"Auto (AV-S7), 4 cyl, 1.8 L",fetched,,1
36902,2016,Scion,iM,"Man 6-spd, 4 cyl, 1.8 L",fetched,,1
36905,2016,Rolls-Royce,Phantom,"Auto (S8), 12 cyl, 6.7 L",fetched,,1
36906,2016,Rolls-Royce,Phantom EWB,"Auto (S8), 12 cyl, 6.7 L",fetched,,1
36907,2016,Rolls-Royce,Ghost,"Auto (S8), 12 cyl, 6.6 L, Turbo",fetched,,1
36908,2016,Rolls-Royce,Ghost EWB,"Auto (S8), 12 cyl, 6.6 L, Turbo",fetched,,1
36912,2016,Land Rover,Range Rover Sport TDV6,"Auto (S8), 6 cyl, 3.0 L, Diesel, Turbo",fetched,,1
36913,2016,Mercedes-Benz,AMG G63,"Auto 7-spd, 8 cyl, 5.5 L, Turbo",fetched,,1
36916,2016,Nissan,Frontier 2WD,"Auto 5-spd, 6 cyl, 4.0 L",fetched,,1
36917,2016,Nissan,Frontier 2WD,"Man 6-spd, 6 cyl, 4.0 L",fetched,,1
36927,2016,Jeep,Wrangler 4WD,"Auto 5-spd, 6 cyl, 3.6 L",fetched,,1
36928,2016,Jeep,Wrangler 4WD,"Man 6-spd, 6 cyl, 3.6 L",fetched,,1
36933,2016,Lamborghini,Huracan,"Auto (AM-S7), 10 cyl, 5.2 L",fetched,,1
36934,2016,smart,fortwo coupe,"Auto (AM6), 3 cyl, 0.9 L, Turbo",fetched,,1
36935,2016,smart,fortwo coupe,"Man 5-spd, 3 cyl, 0.9 L, Turbo",fetched,,1
36936,2016,BMW,X1 xDrive28i,"Auto (S8), 4 cyl, 2.0 L, Turbo",fetched,,1
36938,2016,Nissan,Frontier 2WD,"Auto 5-spd, 4 cyl, 2.5 L",fetched,,1
36939,2016,Nissan,Frontier 2WD,"Man 5-spd, 4 cyl, 2.5 L",fetched,,1
36946,2016,Ferrari,California T,"Auto (AM7), 8 cyl, 3.9 L, Turbo, SIDI",fetched,,1
36947,2016,Ferrari,California T,"Auto (AM7), 8 cyl, 3.9 L, Turbo, SIDI; with Stop-Start option",fetched,,1
36948,2016,Acura,TLX 2WD,"Auto (AM-S8), 4 cyl, 2.4 L",fetched,,1
36949,2016,Acura,TLX 2WD,"Auto (S9), 6 cyl, 3.5 L",fetched,,1
36950,2016,Acura,TLX 4WD,"Auto (S9), 6 cyl, 3.5 L",fetched,,1
36951,2016,Dodge,Challenger,"Auto 8-spd, 6 cyl, 3.6 L",fetched,,1
36952,2016,Dodge,Challenger,"Auto 8-spd, 8 cyl, 5.7 L",fetched,,1
36953,2016,Dodge,Challenger,"Auto 8-spd, 8 cyl, 6.4 L",fetched,,1
36954,2016,Dodge,Challenger,"Man 6-spd, 8 cyl, 5.7 L",fetched,,1
36955,2016,Dodge,Challenger,"Man 6-spd, 8 cyl, 6.4 L",fetched,,1
36956,2016,Dodge,Challenger SRT8,"Auto 8-spd, 8 cyl, 6.2 L, Sup Charg",fetched,,1
36957,2016,Dodge,Challenger SRT8,"Man 6-spd, 8 cyl, 6.2 L, Sup Charg",fetched,,1
36958,2016,Dodge,Challenger SRT8,"Auto 8-spd, 8 cyl, 6.4 L",fetched,,1
36959,2016,Dodge,Challenger SRT8,"Man 6-spd, 8 cyl, 6.4 L",fetched,,1
36960,2016,Ferrari,FF,"Auto (AM7), 12 cyl, 6.3 L, SIDI",fetched,,1
36961,2016,Ferrari,FF,"Auto (AM7), 12 cyl, 6.3 L, SIDI; with Stop-Start option",fetched,,1
36964,2016,Chrysler,300,"Auto 8-spd, 6 cyl, 3.6 L",fetched,,1
36965,2016,Chrysler,300,"Auto 8-spd, 6 cyl, 3.6 L, FFV",fetched,,1
36966,2016,Chrysler,300,"Auto 8-spd, 8 cyl, 5.7 L",fetched,,1
36967,2016,Chrysler,300 AWD,"Auto 8-spd, 6 cyl, 3.6 L",fetched,,1
36968,2016,Chrysler,300 AWD,"Auto 8-spd, 6 cyl, 3.6 L, FFV",fetched,,1
36970,2016,Dodge,Charger AWD,"Auto 8-spd, 6 cyl, 3.6 L",fetched,,1
36971,2016,Dodge,Charger AWD,"Auto 8-spd, 6 cyl, 3.6 L, FFV",fetched,,1
36979,2016,Tesla,Model X AWD - 90D,Auto (A1),fetched,,1
36980,2016,Tesla,Model X AWD - P90D,Auto (A1),fetched,,1
36989,2016,Mercedes-Benz,CLA250 4matic,"Auto (AM7), 4 cyl, 2.0 L, Turbo, SIDI; FFV",fetched,,1
36991,2016,Mercedes-Benz,Metris (Cargo Van),"Auto 7-spd, 4 cyl, 2.0 L, Turbo",fetched,,1
36994,2016,Volvo,XC90 FWD,"Auto (S8), 4 cyl, 2.0 L, Turbo",fetched,,1
37002,2016,Kia,Optima FE,"Auto (S6), 4 cyl, 2.0 L, Turbo",fetched,,1
37004,2016,Chevrolet,Silverado C15 2WD,"Auto 6-spd, 8 cyl, 5.3 L, SIDI; FFV",fetched,,1
37005,2016,Chevrolet,Silverado C15 2WD,"Auto 6-spd, 6 cyl, 4.3 L, SIDI; FFV",fetched,,1
37006,2016,Chevrolet,Silverado C15 2WD,"Auto 6-spd, 8 cyl, 5.3 L, SIDI",fetched,,1
37007,2016,Chevrolet,Silverado C15 2WD,"Auto 8-spd, 8 cyl, 5.3 L, SIDI",fetched,,1
37008,2016,Chevrolet,Silverado C15 2WD,"Auto 8-spd, 8 cyl, 6.2 L, SIDI",fetched,,1
37009,2016,GMC,Sierra C15 2WD,"Auto 6-spd, 8 cyl, 5.3 L, SIDI; FFV",discovered,,1
37010,2016,GMC,Sierra C15 2WD,"Auto 6-spd, 6 cyl, 4.3 L, SIDI; FFV",fetched,,1
37011,2016,GMC,Sierra C15 2WD,"Auto 6-spd, 8 cyl, 5.3 L, SIDI",discovered,,1
37012,2016,GMC,Sierra C15 2WD,"Auto 8-spd, 8 cyl, 5.3 L, SIDI",discovered,,1
37013,2016,GMC,Sierra C15 2WD,"Auto 8-spd, 8 cyl, 6.2 L, SIDI",discovered,,1
37024,2016,Honda,CR-V 4WD,"Auto (variable gear ratios), 4 cyl, 2.4 L",fetched,,1
37027,2016,Ferrari,F12,"Auto (AM7), 12 cyl, 6.3 L, SIDI",fetched,,1
37028,2016,Ferrari,F12,"Auto (AM7), 12 cyl, 6.3 L, SIDI; with Stop-Start option",fetched,,1
37030,2016,Mercedes-Benz,CLA250 4matic,"Auto (AM7), 4 cyl, 2.0 L, Turbo, SIDI",fetched,,1
37031,2016,Mercedes-Benz,CLA250,"Auto (AM7), 4 cyl, 2.0 L, Turbo",fetched,,1
37032,2016,Kia,Optima FE,"Auto (S6), 4 cyl, 2.4 L",fetched,,1
37035,2016,Nissan,Juke AWD,"Auto (AV-S7), 4 cyl, 1.6 L, Turbo",fetched,,1
37039,2016,Ford,F150 Pickup 2WD,"Auto (S6), 6 cyl, 2.7 L, Turbo",fetched,,1
37040,2016,Ford,F150 Pickup 2WD,"Auto (S6), 6 cyl, 3.5 L, Turbo",fetched,,1
37047,2016,Ford,F150 Pickup 4WD,"Auto (S6), 6 cyl, 2.7 L, Turbo",fetched,,1
37048,2016,Ford,F150 Pickup 4WD,"Auto (S6), 6 cyl, 3.5 L, Turbo",fetched,,1
37059,2016,Jeep,Renegade 4WD,"Man 6-spd, 4 cyl, 1.4 L, Turbo",fetched,,1
37060,2016,Jeep,Renegade 4WD,"Auto 9-spd, 4 cyl, 2.4 L",fetched,,1
37061,2016,Lexus,NX 300h AWD,"Auto (AV-S6), 4 cyl, 2.5 L",fetched,,1
37069,2016,Ferrari,488 GTB,"Auto (AM7), 8 cyl, 3.9 L, Turbo, SIDI",fetched,,1
37070,2016,Ferrari,488 GTB,"Auto (AM7), 8 cyl, 3.9 L, Turbo, SIDI; with Stop-Start option",fetched,,1
37071,2016,McLaren Automotive,570S Coupe,"Auto 7-spd, 8 cyl, 3.8 L, Turbo",fetched,,1
37074,2016,Volkswagen,Jetta,"Man 5-spd, 4 cyl, 1.4 L, Turbo",fetched,,1
37078,2016,Lexus,LS 460,"Auto (S8), 8 cyl, 4.6 L",fetched,,1
37079,2016,Lexus,LS 460 AWD,"Auto (S8), 8 cyl, 4.6 L",fetched,,1
37082,2016,Lexus,LS 600h L,"Auto (AV-S8), 8 cyl, 5.0 L",fetched,,1
37084,2016,Hyundai,Genesis RWD,"Auto (S8), 8 cyl, 5.0 L",fetched,,1
37092,2016,Toyota,Prius c,"Auto (variable gear ratios), 4 cyl, 1.5 L",fetched,,1
37099,2016,Mitsubishi,Lancer,"Man 5-spd, 4 cyl, 2.0 L",fetched,,1
37100,2016,Mitsubishi,Lancer,"Auto (AV-S6), 4 cyl, 2.0 L",fetched,,1
37101,2016,Mitsubishi,Lancer,"Man 5-spd, 4 cyl, 2.4 L",fetched,,1
37102,2016,Mitsubishi,Lancer,"Auto (AV-S6), 4 cyl, 2.4 L",fetched,,1
37113,2016,Infiniti,Q70,"Auto (S7), 8 cyl, 5.6 L",fetched,,1
37114,2016,Infiniti,Q70 AWD,"Auto (S7), 8 cyl, 5.6 L",fetched,,1
37116,2016,Infiniti,Q70,"Auto (S7), 6 cyl, 3.7 L",fetched,,1
37117,2016,Infiniti,Q70 AWD,"Auto (S7), 6 cyl, 3.7 L",fetched,,1
37122,2016,Cadillac,XTS Limo,"Auto (S6), 6 cyl, 3.6 L",fetched,,1
37123,2016,Toyota,Highlander 2WD,"Auto (S6), 4 cyl, 2.7 L",fetched,,1
37124,2016,Toyota,Highlander 2WD,"Auto (S6), 6 cyl, 3.5 L",fetched,,1
37125,2016,GMC,Canyon 4WD,"Auto 6-spd, 4 cyl, 2.8 L, Diesel, Turbo",fetched,,1
37130,2016,Audi,A3 e-tron ultra,"Auto (AM-S6), 4 cyl, 1.4 L, Turbo",fetched,,1
37133,2016,Lexus,RC 300 AWD,"Auto (S6), 6 cyl, 3.5 L",fetched,,1
37136,2016,Lexus,RC F,"Auto (S8), 8 cyl, 5.0 L",fetched,,1
37141,2016,Nissan,Altima SR,"Auto (AV-S7), 4 cyl, 2.5 L",fetched,,1
37144,2016,Lexus,GS F,"Auto (S8), 8 cyl, 5.0 L",fetched,,1
37145,2016,Mitsubishi,Lancer 4WD,"Auto (AV-S6), 4 cyl, 2.4 L",fetched,,1
37150,2016,Lexus,GS 350 AWD,"Auto (S6), 6 cyl, 3.5 L",fetched,,1
37152,2016,Lexus,GS 350 F Sport,"Auto (S8), 6 cyl, 3.5 L",fetched,,1
37154,2016,Nissan,Pathfinder 4WD,"Auto (variable gear ratios), 6 cyl, 3.5 L",fetched,,1
37156,2016,Fiat,500e,Auto (A1),fetched,,1
37158,2016,Toyota,Sienna AWD,"Auto (S6), 6 cyl, 3.5 L",fetched,,1
37160,2016,Mercedes-Benz,GLC300 4matic,"Auto 9-spd, 4 cyl, 2.0 L, Turbo",fetched,,1
37175,2016,Lincoln,MKS AWD,"Auto (S6), 6 cyl, 3.7 L",fetched,,1
37176,2016,Lincoln,MKS AWD,"Auto (S6), 6 cyl, 3.5 L, Turbo",fetched,,1
37178,2016,Lincoln,MKT Livery FWD,"Auto (S6), 4 cyl, 2.0 L, Turbo",fetched,,1
37183,2016,Buick,Encore AWD,"Auto (S6), 4 cyl, 1.4 L, Turbo, SIDI",fetched,,1
37187,2016,Ford,Flex FWD,"Auto (S6), 6 cyl, 3.5 L",fetched,,1
37192,2016,Buick,Cascada,"Auto (S6), 4 cyl, 1.6 L, Turbo",fetched,,1
37197,2016,Volvo,V60 AWD,"Auto (S8), 4 cyl, 2.0 L, Turbo, Sup Charg",fetched,,1
37205,2016,Volvo,XC60 AWD,"Auto (S8), 4 cyl, 2.0 L, Turbo, Sup Charg",fetched,,1
37208,2016,Jeep,Grand Cherokee 2WD,"Auto 8-spd, 6 cyl, 3.0 L, Diesel, Turbo",fetched,,1
37209,2016,Jeep,Grand Cherokee 2WD,"Auto 8-spd, 6 cyl, 3.6 L",fetched,,1
37212,2016,Jeep,Grand Cherokee SRT8 4WD,"Auto 8-spd, 8 cyl, 6.4 L",fetched,,1
37217,2017,Hyundai,Santa Fe Sport FWD,"Auto (S6), 4 cyl, 2.0 L, Turbo",fetched,,1
37218,2017,Hyundai,Santa Fe Sport Ultimate FWD,"Auto (S6), 4 cyl, 2.0 L, Turbo",fetched,,1
37229,2017,Hyundai,Santa Fe Ultimate FWD,"Auto (S6), 6 cyl, 3.3 L",fetched,,1
37230,2017,Hyundai,Santa Fe AWD,"Auto (S6), 6 cyl, 3.3 L",fetched,,1
37234,2016,Tesla,Model S (85 kW-hr battery pack),Auto (A1),fetched,,1
37235,2016,Tesla,Model S (90 kW-hr battery pack),Auto (A1),fetched,,1
37236,2015,Tesla,Model S (90 kW-hr battery pack),Auto (A1),fetched,,1
37237,2016,Nissan,NV200 NYC Taxi,"Auto (variable gear ratios), 4 cyl, 2.0 L",fetched,,1
37238,2016,Tesla,Model S AWD - 70D,Auto (A1),fetched,,1
37239,2016,Tesla,Model S AWD - 85D,Auto (A1),fetched,,1
37241,2016,Tesla,Model S AWD - P85D,Auto (A1),fetched,,1
37242,2016,Tesla,Model S AWD - P90D,Auto (A1),fetched,,1
37243,2017,Hyundai,Santa Fe Sport FWD,"Auto (S6), 4 cyl, 2.4 L",fetched,,1
37245,2016,MINI,Cooper Convertible,"Auto (S6), 3 cyl, 1.5 L, Turbo",fetched,,1
37246,2016,MINI,Cooper Convertible,"Man 6-spd, 3 cyl, 1.5 L, Turbo",fetched,,1
37247,2016,MINI,Cooper S Convertible,"Auto (S6), 4 cyl, 2.0 L, Turbo",fetched,,1
37251,2016,Infiniti,Q50 Hybrid AWD,"Auto (S7), 6 cyl, 3.5 L",fetched,,1
37256,2016,Mitsubishi,Outlander Sport 2WD,"Man 5-spd, 4 cyl, 2.0 L",fetched,,1
37257,2016,Mitsubishi,Outlander Sport 2WD,"Auto (AV-S6), 4 cyl, 2.0 L",fetched,,1
37258,2016,Mitsubishi,Outlander Sport 2WD,"Auto (AV-S6), 4 cyl, 2.4 L",fetched,,1
37265,2017,Kia,Sportage AWD,"Auto (S6), 4 cyl, 2.4 L",fetched,,1
37267,2017,Kia,Sportage AWD,"Auto (S6), 4 cyl, 2.0 L, Turbo",discovered,,1
37270,2017,Cadillac,XT5,"Auto (S8), 6 cyl, 3.6 L",fetched,,1
37273,2016,MINI,Cooper S Convertible,"Man 6-spd, 4 cyl, 2.0 L, Turbo",fetched,,1
37287,2016,Rolls-Royce,Dawn,"Auto (S8), 12 cyl, 6.6 L, Turbo",fetched,,1
37290,2017,Mitsubishi,Mirage,"Man 5-spd, 3 cyl, 1.2 L",fetched,,1
37291,2017,Mitsubishi,Mirage,"Auto (variable gear ratios), 3 cyl, 1.2 L",fetched,,1
37293,2017,Mitsubishi,i-MiEV,Auto (A1),fetched,,1
37294,2016,Ferrari,F60 America,"Auto (AM7), 12 cyl, 6.3 L, SIDI",fetched,,1
37295,2016,Ferrari,F60 America,"Auto (AM7), 12 cyl, 6.3 L, SIDI; with Stop-Start option",fetched,,1
37299,2017,Audi,R8,"Auto (AM-S7), 10 cyl, 5.2 L",fetched,,1
37301,2017,Audi,A4 quattro,"Auto (AM-S7), 4 cyl, 2.0 L, Turbo",fetched,,1
37303,2017,Subaru,WRX,"Man 6-spd, 4 cyl, 2.0 L, Turbo",discovered,,1
37304,2017,Subaru,WRX,"Auto (AV-S8), 4 cyl, 2.0 L, Turbo",fetched,,1
37305,2017,Subaru,WRX,"Man 6-spd, 4 cyl, 2.5 L, Turbo",fetched,,1
37307,2017,Acura,RDX FWD,"Auto (S6), 6 cyl, 3.5 L",fetched,,1
37308,2017,Acura,RDX AWD,"Auto (S6), 6 cyl, 3.5 L",fetched,,1
37310,2016,Lamborghini,Huracan Spyder,"Auto (AM-S7), 10 cyl, 5.2 L",fetched,,1
37316,2017,Jaguar,F-Type S Convertible,"Auto (S8), 6 cyl, 3.0 L, Sup Charg",fetched,,1
37318,2017,Jaguar,F-Type S AWD Convertible,"Auto (S8), 6 cyl, 3.0 L, Sup Charg",fetched,,1
37322,2017,Jaguar,F-Type S Convertible,"Man 6-spd, 6 cyl, 3.0 L, Sup Charg",fetched,,1
37325,2017,MINI,John Cooper Works Convertible,"Man 6-spd, 4 cyl, 2.0 L, Turbo",fetched,,1
37327,2017,BMW,640i Convertible,"Auto (S8), 6 cyl, 3.0 L, Turbo",fetched,,1
37328,2017,BMW,640i xDrive Coupe,"Auto (S8), 6 cyl, 3.0 L, Turbo",fetched,,1
37346,2017,BMW,X4 M40i,"Auto (S8), 6 cyl, 3.0 L, Turbo",fetched,,1
37349,2016,Infiniti,Q50S Red Sport  AWD,"Auto (S7), 6 cyl, 3.0 L, Turbo",fetched,,1
37352,2017,MINI,John Cooper Works Convertible,"Auto (S6), 4 cyl, 2.0 L, Turbo",fetched,,1
37360,2017,Ford,Escape FWD FFV,"Auto (S6), 4 cyl, 2.5 L",fetched,,1
37376,2017,Maserati,GranTurismo,"Auto 6-spd, 8 cyl, 4.7 L",fetched,,1
37377,2017,Maserati,GranTurismo Convertible,"Auto 6-spd, 8 cyl, 4.7 L",fetched,,1
37378,2017,Acura,ILX,"Auto (AM-S8), 4 cyl, 2.4 L",fetched,,1
37383,2017,Ford,Fusion Hybrid FWD,"Auto (variable gear ratios), 4 cyl, 2.0 L",fetched,,1
37385,2017,Lincoln,MKZ Hybrid FWD,"Auto (variable gear ratios), 4 cyl, 2.0 L",fetched,,1
37386,2017,Lincoln,MKZ AWD,"Auto (S6), 4 cyl, 2.0 L, Turbo",fetched,,1
37388,2017,BMW,550i xDrive Gran Turismo,"Auto (S8), 8 cyl, 4.4 L, Turbo",fetched,,1
37389,2017,Genesis,G80 RWD,"Auto (S8), 6 cyl, 3.8 L",fetched,,1
37390,2017,Genesis,G80 AWD,"Auto (S8), 6 cyl, 3.8 L",fetched,,1
37394,2017,Jaguar,F-Pace,"Auto (S8), 6 cyl, 3.0 L, Sup Charg",fetched,,1
37403,2017,Honda,Ridgeline FWD,"Auto 6-spd, 6 cyl, 3.5 L",fetched,,1
37405,2017,GMC,Acadia FWD,"Auto 6-spd, 4 cyl, 2.5 L",fetched,,1
37406,2017,GMC,Acadia FWD,"Auto 6-spd, 6 cyl, 3.6 L",fetched,,1
37410,2016,Roush Performance,F150 Pickup 2WD,"Auto (S6), 8 cyl, 5.0 L, Sup Charg",fetched,,1
37411,2016,Roush Performance,F150 Pickup 4WD,"Auto (S6), 8 cyl, 5.0 L, Sup Charg",fetched,,1
37417,2017,Porsche,Cayenne S,"Auto (S8), 6 cyl, 3.6 L, Turbo",fetched,,1
37422,2016,Tesla,Model S AWD - 75D,Auto (A1),fetched,,1
37423,2016,Tesla,Model X AWD - 75D,Auto (A1),fetched,,1
37426,2017,Porsche,911 Turbo S,"Auto (AM-S7), 6 cyl, 3.8 L, Turbo",fetched,,1
37430,2017,Subaru,Legacy AWD,"Auto (AV-S6), 6 cyl, 3.6 L",fetched,,1
37435,2017,Subaru,Outback AWD,"Auto (AV-S6), 6 cyl, 3.6 L",fetched,,1
37436,2017,Acura,NSX Hybrid,"Auto (AM-S9), 6 cyl, 3.5 L, Turbo",fetched,,1
37439,2017,Porsche,911 Carrera Cabriolet,"Man 7-spd, 6 cyl, 3.0 L, Turbo",fetched,,1
37445,2017,Porsche,911 Carrera 4S,"Man 7-spd, 6 cyl, 3.0 L, Turbo",fetched,,1
37446,2017,Porsche,911 Carrera 4S,"Auto (AM-S7), 6 cyl, 3.0 L, Turbo",fetched,,1
37451,2017,Subaru,Legacy AWD,"Auto (AV-S6), 4 cyl, 2.5 L",fetched,,1
37456,2017,Nissan,370Z Roadster,"Auto (S7), 6 cyl, 3.7 L",fetched,,1
37457,2017,Nissan,370Z Roadster,"Man 6-spd, 6 cyl, 3.7 L",fetched,,1
37458,2017,Porsche,911 Carrera Cabriolet,"Auto (AM-S7), 6 cyl, 3.0 L, Turbo",fetched,,1
37466,2017,Subaru,Outback AWD,"Auto (AV-S6), 4 cyl, 2.5 L",fetched,,1
37467,2016,Volkswagen,Beetle Dune,"Auto (S6), 4 cyl, 1.8 L, Turbo",fetched,,1
37469,2016,Infiniti,Q50S AWD,"Auto (S7), 6 cyl, 3.0 L, Turbo",fetched,,1
37470,2017,Ford,Fusion Energi Plug-in Hybrid,"Auto (variable gear ratios), 4 cyl, 2.0 L",fetched,,1
37471,2017,Lamborghini,Huracan,"Auto (AM-S7), 10 cyl, 5.2 L",fetched,,1
37472,2017,Lamborghini,Huracan 2WD,"Auto (AM-S7), 10 cyl, 5.2 L",fetched,,1
37473,2017,Lamborghini,Huracan Spyder,"Auto (AM-S7), 10 cyl, 5.2 L",fetched,,1
37474,2017,Lamborghini,Huracan Spyder 2WD,"Auto (AM-S7), 10 cyl, 5.2 L",fetched,,1
37482,2017,Jaguar,XE AWD,"Auto (S8), 6 cyl, 3.0 L, Sup Charg",fetched,,1
37485,2017,Rolls-Royce,Phantom Drophead Coupe,"Auto (S8), 12 cyl, 6.7 L",fetched,,1
37486,2017,Rolls-Royce,Phantom Coupe,"Auto (S8), 12 cyl, 6.7 L",fetched,,1
37487,2017,Buick,Regal,"Auto (S6), 4 cyl, 2.0 L, Turbo",fetched,,1
37488,2017,Buick,Regal,"Auto (S6), 4 cyl, 2.4 L",fetched,,1
37490,2017,Jaguar,XF,"Auto (S8), 6 cyl, 3.0 L, Sup Charg",fetched,,1
37493,2017,Cadillac,XTS,"Auto (S6), 6 cyl, 3.6 L",fetched,,1
37496,2017,Genesis,G80 RWD,"Auto (S8), 8 cyl, 5.0 L",fetched,,1
37497,2017,Rolls-Royce,Phantom,"Auto (S8), 12 cyl, 6.7 L",fetched,,1
37498,2017,Rolls-Royce,Phantom EWB,"Auto (S8), 12 cyl, 6.7 L",fetched,,1
37502,2017,GMC,Terrain FWD,"Auto 6-spd, 4 cyl, 2.4 L, SIDI",fetched,,1
37503,2017,GMC,Terrain FWD,"Auto 6-spd, 6 cyl, 3.6 L, SIDI",fetched,,1
37504,2017,GMC,Terrain FWD,"Auto 6-spd, 4 cyl, 2.4 L, SIDI; FFV",fetched,,1
37520,2017,Lincoln,Navigator 4WD,"Auto (S6), 6 cyl, 3.5 L, Turbo",fetched,,1
37521,2017,Lincoln,Navigator L 4WD,"Auto (S6), 6 cyl, 3.5 L, Turbo",fetched,,1
37523,2016,Mazda,CX-9 2WD,"Auto (S6), 4 cyl, 2.5 L, Turbo",fetched,,1
37524,2016,Land Rover,Range Rover Evoque Convertible,"Auto (S9), 4 cyl, 2.0 L, Turbo",fetched,,1
37525,2016,Mazda,CX-9 4WD,"Auto (S6), 4 cyl, 2.5 L, Turbo",fetched,,1
37527,2017,Fiat,124 Spider,"Auto 6-spd, 4 cyl, 1.4 L, Turbo",fetched,,1
37528,2017,Fiat,124 Spider,"Man 6-spd, 4 cyl, 1.4 L, Turbo",fetched,,1
37533,2017,Nissan,Maxima,"Auto (AV-S7), 6 cyl, 3.5 L",fetched,,1
37535,2017,Genesis,G90 AWD,"Auto (S8), 6 cyl, 3.3 L, Turbo",fetched,,1
37536,2017,Genesis,G90 RWD,"Auto (S8), 6 cyl, 3.3 L, Turbo",fetched,,1
37537,2017,Genesis,G90 AWD,"Auto (S8), 8 cyl, 5.0 L",fetched,,1
37538,2017,Genesis,G90 RWD,"Auto (S8), 8 cyl, 5.0 L",fetched,,1
37539,2017,Kia,K900,"Auto (S8), 6 cyl, 3.8 L",fetched,,1
37540,2017,Ram,Promaster City,"Auto 9-spd, 4 cyl, 2.4 L",fetched,,1
37541,2017,Hyundai,Tucson FWD,"Auto (S6), 4 cyl, 2.0 L",fetched,,1
37542,2017,Hyundai,Tucson FWD,"Auto (AM7), 4 cyl, 1.6 L, Turbo",fetched,,1
37547,2017,Volvo,XC90 AWD,"Auto (S8), 4 cyl, 2.0 L, Turbo, Sup Charg",discovered,,1
37548,2017,Volvo,XC90 AWD,"Auto (S8), 4 cyl, 2.0 L, Turbo",discovered,,1
37550,2017,Volvo,S60 Inscription FWD,"Auto (S8), 4 cyl, 2.0 L, Turbo",fetched,,1
37551,2017,Volvo,S60 FWD,"Auto (S8), 4 cyl, 2.0 L, Turbo",fetched,,1
37552,2017,Volvo,S60 Inscription AWD,"Auto (S8), 4 cyl, 2.0 L, Turbo",fetched,,1
37553,2017,Volvo,S60 AWD,"Auto (S8), 4 cyl, 2.0 L, Turbo",fetched,,1
37554,2017,Volvo,S60 CC AWD,"Auto (S8), 4 cyl, 2.0 L, Turbo",fetched,,1
37558,2017,Volvo,S90 AWD,"Auto (S8), 4 cyl, 2.0 L, Turbo, Sup Charg",fetched,,1
37559,2017,Kia,K900,"Auto (S8), 8 cyl, 5.0 L",fetched,,1
37560,2017,Volvo,V60 FWD,"Auto (S8), 4 cyl, 2.0 L, Turbo",fetched,,1
37565,2017,Volvo,XC60 AWD,"Auto (S8), 4 cyl, 2.0 L, Turbo, Sup Charg",fetched,,1
37566,2017,Volvo,XC60 AWD,"Auto (S8), 4 cyl, 2.0 L, Turbo",fetched,,1
37567,2017,Lamborghini,Aventador Coupe,"Auto (AM-S7), 12 cyl, 6.5 L",fetched,,1
37568,2017,Lamborghini,Aventador Roadster,"Auto (AM-S7), 12 cyl, 6.5 L",fetched,,1
37569,2017,Porsche,Boxster,"Man 6-spd, 4 cyl, 2.0 L, Turbo",fetched,,1
37570,2017,Porsche,Boxster,"Auto (AM-S7), 4 cyl, 2.0 L, Turbo",fetched,,1
37586,2017,Volvo,S60 AWD,"Auto (S8), 4 cyl, 2.0 L, Turbo, Sup Charg",fetched,,1
37591,2017,Acura,MDX FWD,"Auto (S9), 6 cyl, 3.5 L, SIDI; Stop-Start",fetched,,1
37592,2017,Acura,MDX FWD,"Auto (S9), 6 cyl, 3.5 L, SIDI",discovered,,1
37593,2017,Acura,MDX AWD,"Auto (S9), 6 cyl, 3.5 L, SIDI; Stop-Start",fetched,,1
37594,2017,Acura,MDX AWD,"Auto (S9), 6 cyl, 3.5 L, SIDI",fetched,,1
37598,2017,Ford,Explorer AWD,"Auto (S6), 4 cyl, 2.3 L, Turbo",discovered,,1
37599,2017,Ford,Explorer AWD,"Auto (S6), 6 cyl, 3.5 L",fetched,,1
37600,2017,Ford,Explorer AWD FFV,"Auto (S6), 6 cyl, 3.5 L",fetched,,1
37601,2017,Ford,Explorer AWD,"Auto (S6), 6 cyl, 3.5 L, Turbo",discovered,,1
37604,2017,Ferrari,488 GTB,"Auto (AM7), 8 cyl, 3.9 L, Turbo, SIDI",fetched,,1
37605,2017,Ferrari,F12 tdf,"Auto (AM7), 12 cyl, 6.3 L, SIDI",fetched,,1
37607,2017,Mercedes-Benz,SL450,"Auto 9-spd, 6 cyl, 3.0 L, Turbo",fetched,,1
37618,2017,Cadillac,ATS,"Man 6-spd, 4 cyl, 2.0 L, Turbo",fetched,,1
37619,2017,Lexus,CT 200h,"Auto (variable gear ratios), 4 cyl, 1.8 L",fetched,,1
37627,2017,Lincoln,MKZ AWD,"Auto (S6), 6 cyl, 3.0 L, Turbo",fetched,,1
37629,2017,Maserati,Ghibli V6 SQ4 AWD,"Auto 8-spd, 6 cyl, 3.0 L, Turbo",fetched,,1
37630,2017,Maserati,Ghibli V6,"Auto 8-spd, 6 cyl, 3.0 L, Turbo",fetched,,1
37631,2017,Maserati,Ghibli S RWD,"Auto 8-spd, 6 cyl, 3.0 L, Turbo",fetched,,1
37634,2017,Maserati,Quattroporte GTS,"Auto 8-spd, 8 cyl, 3.8 L, Turbo",fetched,,1
37635,2017,Maserati,Quattroporte SQ4 V6,"Auto 8-spd, 6 cyl, 3.0 L, Turbo",fetched,,1
37636,2017,Maserati,Quattroporte S,"Auto 8-spd, 6 cyl, 3.0 L, Turbo",fetched,,1
37637,2017,Honda,Fit,"Auto (variable gear ratios), 4 cyl, 1.5 L",fetched,,1
37638,2017,Honda,Fit,"Auto (AV-S7), 4 cyl, 1.5 L",fetched,,1
37639,2017,Honda,Fit,"Man 6-spd, 4 cyl, 1.5 L",fetched,,1
37640,2017,Chevrolet,Silverado 15 Hybrid 2WD,"Auto 8-spd, 8 cyl, 5.3 L",fetched,,1
37663,2017,GMC,Savana 2500 2WD (Passenger),"Auto 6-spd, 8 cyl, 6.0 L",fetched,,1
37664,2017,GMC,Savana 3500 2WD (Passenger),"Auto 6-spd, 8 cyl, 6.0 L",fetched,,1
37667,2017,Chevrolet,Silverado C15 Cab Chassis 2WD,"Auto 6-spd, 8 cyl, 5.3 L",fetched,,1
37668,2017,GMC,Sierra K15 Cab Chassis 4WD,"Auto 6-spd, 8 cyl, 5.3 L",fetched,,1
37669,2017,GMC,Sierra C15 Cab Chassis 2WD,"Auto 6-spd, 8 cyl, 5.3 L",fetched,,1
37673,2017,Land Rover,Discovery Sport,"Auto (S9), 4 cyl, 2.0 L, Turbo",fetched,,1
37674,2017,Land Rover,Range Rover Evoque,"Auto (S9), 4 cyl, 2.0 L, Turbo",fetched,,1
37675,2017,Land Rover,Range Rover Evoque Convertible,"Auto (S9), 4 cyl, 2.0 L, Turbo",fetched,,1
37688,2017,Cadillac,Escalade 4WD,"Auto 8-spd, 8 cyl, 6.2 L",fetched,,1
37694,2017,GMC,Yukon K1500 4WD,"Auto 8-spd, 8 cyl, 6.2 L, SIDI",fetched,,1
37696,2017,GMC,Yukon K1500 4WD,"Auto 6-spd, 8 cyl, 5.3 L, SIDI",fetched,,1
37698,2017,GMC,Yukon K1500 4WD,"Auto 6-spd, 8 cyl, 5.3 L, SIDI; FFV",fetched,,1
37699,2017,Maserati,Levante S,"Auto 8-spd, 6 cyl, 3.0 L, Turbo",fetched,,1
37700,2017,Maserati,Levante,"Auto 8-spd, 6 cyl, 3.0 L, Turbo",fetched,,1
37701,2017,Porsche,Cayenne,"Auto (S8), 6 cyl, 3.6 L",fetched,,1
37704,2017,Ferrari,488 GTB,"Auto (AM7), 8 cyl, 3.9 L, Turbo, SIDI; with Stop-Start option",fetched,,1
37705,2017,Ferrari,F12 Berlinetta,"Auto (AM7), 12 cyl, 6.3 L, SIDI",fetched,,1
37706,2017,Ferrari,F12 tdf,"Auto (AM7), 12 cyl, 6.3 L, SIDI; with Stop-Start option",fetched,,1
37709,2017,Bentley,Continental GT Convertible,"Auto (S8), 8 cyl, 4.0 L, Turbo",fetched,,1
37710,2017,Mercedes-Benz,E400 Coupe,"Auto 7-spd, 6 cyl, 3.0 L, Turbo",fetched,,1
37713,2017,Mercedes-Benz,E400 Convertible,"Auto 7-spd, 6 cyl, 3.0 L, Turbo",fetched,,1
37715,2017,Bentley,Continental GT,"Auto (S8), 8 cyl, 4.0 L, Turbo",fetched,,1
37720,2017,Audi,RS 7,"Auto (S8), 8 cyl, 4.0 L, Turbo",fetched,,1
37721,2017,Bentley,Flying Spur,"Auto (S8), 8 cyl, 4.0 L, Turbo",fetched,,1
37723,2017,Ferrari,GTC4Lusso,"Auto (AM7), 12 cyl, 6.3 L",fetched,,1
37729,2017,Hyundai,Azera Limited,"Auto (S6), 6 cyl, 3.3 L",fetched,,1
37730,2017,Hyundai,Azera,"Auto (S6), 6 cyl, 3.3 L",fetched,,1
37731,2017,Jeep,Patriot FWD,"Auto 6-spd, 4 cyl, 2.4 L",fetched,,1
37733,2017,Audi,Q5,"Auto (S8), 4 cyl, 2.0 L, Turbo",fetched,,1
37756,2017,Acura,TLX FWD,"Auto (AM-S8), 4 cyl, 2.4 L",fetched,,1
37757,2017,Acura,TLX FWD,"Auto (S9), 6 cyl, 3.5 L",fetched,,1
37758,2017,Acura,TLX AWD,"Auto (S9), 6 cyl, 3.5 L",fetched,,1
37765,2017,Cadillac,ATS,"Auto (S8), 6 cyl, 3.6 L",fetched,,1
37775,2017,Cadillac,CT6 AWD,"Auto (S8), 6 cyl, 3.6 L",discovered,,1
37776,2017,Cadillac,CT6 AWD,"Auto (S8), 6 cyl, 3.0 L, Turbo",fetched,,1
37778,2017,Fiat,500 L,"Auto 6-spd, 4 cyl, 1.4 L, Turbo",fetched,,1
37785,2017,Dodge,Journey,"Auto 4-spd, 4 cyl, 2.4 L",fetched,,1
37786,2017,Dodge,Journey,"Auto 6-spd, 6 cyl, 3.6 L",fetched,,1
37787,2017,Jeep,Patriot FWD,"Auto (variable gear ratios), 4 cyl, 2.0 L",fetched,,1
37789,2017,Audi,Q5,"Auto (S8), 6 cyl, 3.0 L, Sup Charg",fetched,,1
37798,2017,Fiat,500e,Auto (A1),discovered,,1
37800,2016,BYD,e6,Auto (A1),fetched,,1
37802,2017,Ferrari,F12 Berlinetta,"Auto (AM7), 12 cyl, 6.3 L, SIDI; with Stop-Start option",fetched,,1
37804,2017,Mercedes-Benz,AMG SLC43,"Auto 9-spd, 6 cyl, 3.0 L, Turbo",fetched,,1
37805,2017,Ferrari,California T,"Auto (AM7), 8 cyl, 3.9 L, Turbo, SIDI",fetched,,1
37806,2017,Ferrari,California T,"Auto (AM7), 8 cyl, 3.9 L, Turbo, SIDI; with Stop-Start option",fetched,,1
37807,2017,Fiat,500,"Auto 6-spd, 4 cyl, 1.4 L",fetched,,1
37808,2017,Fiat,500,"Man 5-spd, 4 cyl, 1.4 L",fetched,,1
37809,2017,Fiat,500,"Auto 6-spd, 4 cyl, 1.4 L, Turbo",fetched,,1
37810,2017,Fiat,500,"Man 5-spd, 4 cyl, 1.4 L, Turbo",fetched,,1
37811,2017,Fiat,500 Abarth,"Auto 6-spd, 4 cyl, 1.4 L, Turbo",fetched,,1
37812,2017,Fiat,500 Abarth,"Man 5-spd, 4 cyl, 1.4 L, Turbo",fetched,,1
37819,2017,MINI,Cooper S Hardtop 4 door,"Auto (S6), 4 cyl, 2.0 L, Turbo",fetched,,1
37820,2017,MINI,Cooper S Hardtop 4 door,"Man 6-spd, 4 cyl, 2.0 L, Turbo",fetched,,1
37823,2017,Audi,Q3,"Auto (S6), 4 cyl, 2.0 L, Turbo",fetched,,1
37838,2017,Jeep,Cherokee FWD,"Auto 9-spd, 4 cyl, 2.4 L",fetched,,1
37839,2017,Jeep,Cherokee FWD,"Auto 9-spd, 4 cyl, 2.4 L, FFV",discovered,,1
37841,2017,Jeep,Patriot FWD,"Man 5-spd, 4 cyl, 2.4 L",fetched,,1
37843,2017,Jeep,Patriot FWD,"Man 5-spd, 4 cyl, 2.0 L",fetched,,1
37844,2017,Jeep,Cherokee FWD,"Auto 9-spd, 6 cyl, 3.2 L",fetched,,1
37846,2017,Infiniti,QX70 AWD,"Auto (S7), 6 cyl, 3.7 L",fetched,,1
37851,2017,Jeep,Cherokee 4WD Active Drive II,"Auto 9-spd, 6 cyl, 3.2 L",fetched,,1
37854,2017,Porsche,Macan,"Auto (AM-S7), 4 cyl, 2.0 L, Turbo",fetched,,1
37873,2017,smart,fortwo cabriolet,"Auto (AM6), 3 cyl, 0.9 L, Turbo",fetched,,1
37874,2017,smart,fortwo cabriolet,"Man 5-spd, 3 cyl, 0.9 L, Turbo",fetched,,1
37881,2017,BMW,430i xDrive Convertible,"Auto (S8), 4 cyl, 2.0 L, Turbo",fetched,,1
37886,2017,Audi,Q3 quattro,"Auto (S6), 4 cyl, 2.0 L, Turbo",fetched,,1
37892,2017,BMW,340i,"Auto (S8), 6 cyl, 3.0 L, Turbo",fetched,,1
37898,2017,Cadillac,ATS,"Auto (S8), 4 cyl, 2.0 L, Turbo",fetched,,1
37899,2017,Cadillac,ATS,"Auto (S8), 4 cyl, 2.5 L",fetched,,1
37908,2017,Chevrolet,Cruze Premier,"Auto (S6), 4 cyl, 1.4 L, Turbo",fetched,,1
37914,2017,Rolls-Royce,Dawn,"Auto (S8), 12 cyl, 6.6 L, Turbo",fetched,,1
37917,2017,Volkswagen,Jetta,"Auto (S6), 4 cyl, 1.4 L, Turbo",fetched,,1
37918,2017,Volkswagen,Jetta,"Man 5-spd, 4 cyl, 1.4 L, Turbo",fetched,,1
37921,2017,Buick,LaCrosse,"Auto (S8), 6 cyl, 3.6 L",fetched,,1
37922,2017,Buick,LaCrosse AWD,"Auto (S8), 6 cyl, 3.6 L",fetched,,1
37923,2017,Buick,Regal AWD,"Auto (S6), 4 cyl, 2.0 L, Turbo",fetched,,1
37927,2017,Cadillac,CTS-V,"Auto (S8), 8 cyl, 6.2 L, Sup Charg",fetched,,1
37929,2017,Rolls-Royce,Wraith,"Auto (S8), 12 cyl, 6.6 L, Turbo",fetched,,1
37933,2017,BMW,750i,"Auto (S8), 8 cyl, 4.4 L, Turbo",fetched,,1
37937,2017,Rolls-Royce,Ghost,"Auto (S8), 12 cyl, 6.6 L, Turbo",fetched,,1
37938,2017,Rolls-Royce,Ghost EWB,"Auto (S8), 12 cyl, 6.6 L, Turbo",fetched,,1
37940,2017,Chevrolet,Sonic 5,"Auto (S6), 4 cyl, 1.8 L",fetched,,1
37941,2017,Chevrolet,Sonic 5,"Man 5-spd, 4 cyl, 1.8 L",fetched,,1
37942,2017,Chevrolet,Sonic 5,"Auto (S6), 4 cyl, 1.4 L, Turbo",fetched,,1
37943,2017,Chevrolet,Sonic 5,"Man 6-spd, 4 cyl, 1.4 L, Turbo",fetched,,1
37945,2017,Buick,Encore,"Auto (S6), 4 cyl, 1.4 L, Turbo",fetched,,1
37947,2017,Buick,Encore AWD,"Auto (S6), 4 cyl, 1.4 L, Turbo",fetched,,1
37948,2017,Chevrolet,Trax AWD,"Auto (S6), 4 cyl, 1.4 L, Turbo",fetched,,1
37950,2017,Bentley,Bentayga,"Auto (S8), 12 cyl, 6.0 L, Turbo",fetched,,1
37955,2017,Ferrari,488 Spider,"Auto (AM7), 8 cyl, 3.9 L, Turbo, SIDI",fetched,,1
37956,2017,Ferrari,488 Spider,"Auto (AM7), 8 cyl, 3.9 L, Turbo, SIDI; with Stop-Start option",fetched,,1
37957,2017,Mercedes-Benz,AMG GT S,"Auto (AM7), 8 cyl, 4.0 L, Turbo",fetched,,1
37962,2017,Infiniti,Q60,"Auto (S7), 6 cyl, 3.0 L, Turbo",fetched,,1
37963,2017,Infiniti,Q60S Red Sport,"Auto (S7), 6 cyl, 3.0 L, Turbo",fetched,,1
37964,2017,Infiniti,Q60,"Auto (S7), 4 cyl, 2.0 L, Turbo",fetched,,1
37974,2017,Volkswagen,Jetta,"Auto (AM-S6), 4 cyl, 2.0 L, Turbo",fetched,,1
37975,2017,Volkswagen,Jetta,"Man 6-spd, 4 cyl, 2.0 L, Turbo",fetched,,1
37976,2017,Volkswagen,Jetta,"Auto (S6), 4 cyl, 1.8 L, Turbo",fetched,,1
37977,2017,Volkswagen,Golf,"Auto (S6), 4 cyl, 1.8 L, Turbo",discovered,,1
37978,2017,Volkswagen,Golf,"Man 5-spd, 4 cyl, 1.8 L, Turbo",fetched,,1
37991,2017,Ram,1500 2WD,"Auto 8-spd, 8 cyl, 5.7 L",fetched,,1
37992,2017,Ram,1500 2WD,"Auto 8-spd, 6 cyl, 3.6 L",fetched,,1
37993,2017,Ram,1500 4WD,"Auto 6-spd, 8 cyl, 5.7 L",fetched,,1
37994,2017,Ram,1500 4WD,"Auto 8-spd, 8 cyl, 5.7 L",fetched,,1
37995,2017,Ram,1500 4WD,"Auto 8-spd, 6 cyl, 3.6 L",fetched,,1
37996,2017,Toyota,Sienna 2WD,"Auto (S8), 6 cyl, 3.5 L",fetched,,1
37997,2017,Toyota,Sienna AWD,"Auto (S8), 6 cyl, 3.5 L",fetched,,1
38002,2017,Mercedes-Benz,B250e,Auto (A1),fetched,,1
38003,2016,Ferrari,488 Spider,"Auto (AM7), 8 cyl, 3.9 L, Turbo, SIDI",fetched,,1
38004,2016,Ferrari,488 Spider,"Auto (AM7), 8 cyl, 3.9 L, Turbo, SIDI; with Stop-Start option",fetched,,1
38014,2017,BMW,340i,"Man 6-spd, 6 cyl, 3.0 L, Turbo",fetched,,1
38020,2017,BMW,440i xDrive Gran Coupe,"Auto (S8), 6 cyl, 3.0 L, Turbo",fetched,,1
38023,2017,Mazda,2,"Man 6-spd, 4 cyl, 1.5 L",fetched,,1
38024,2017,Mazda,2,"Auto (S6), 4 cyl, 1.5 L",fetched,,1
38027,2017,Mercedes-Benz,CLS550 4matic,"Auto 9-spd, 8 cyl, 4.7 L, Turbo",fetched,,1
38030,2017,Bentley,Mulsanne,"Auto (S8), 8 cyl, 6.8 L, Turbo",fetched,,1
38037,2017,Lincoln,Continental  AWD,"Auto (S6), 6 cyl, 3.0 L, Turbo",discovered,,1
38038,2017,Lincoln,Continental  AWD,"Auto (S6), 6 cyl, 2.7 L, Turbo",discovered,,1
38039,2017,Lincoln,Continental  FWD,"Auto (S6), 6 cyl, 2.7 L, Turbo",fetched,,1
38040,2017,Lincoln,Continental  FWD,"Auto (S6), 6 cyl, 3.7 L",fetched,,1
38041,2017,Lincoln,Continental  AWD,"Auto (S6), 6 cyl, 3.7 L",fetched,,1
38047,2017,Ferrari,LaFerrari Aperta,"Auto (AM7), 12 cyl, 6.3 L",fetched,,1
38048,2017,Mercedes-Benz,AMG SL65,"Auto 7-spd, 12 cyl, 6.0 L, Turbo",fetched,,1
38050,2017,Bentley,Continental GT Convertible,"Auto (S8), 12 cyl, 6.0 L, Turbo",fetched,,1
38052,2017,Bentley,Continental GT,"Auto (S8), 12 cyl, 6.0 L, Turbo",fetched,,1
38054,2017,Infiniti,QX30 AWD,"Auto (AM7), 4 cyl, 2.0 L, Turbo",fetched,,1
38060,2017,Bentley,Flying Spur,"Auto (S8), 12 cyl, 6.0 L, Turbo",fetched,,1
38061,2017,Toyota,Prius,"Auto (variable gear ratios), 4 cyl, 1.8 L",fetched,,1
38069,2017,Volvo,V60 Polestar AWD,"Auto (S8), 4 cyl, 2.0 L, Turbo, Sup Charg",fetched,,1
38079,2017,Nissan,Armada 4WD,"Auto (S7), 8 cyl, 5.6 L",fetched,,1
38082,2017,Lotus,Evora,"Man 6-spd, 6 cyl, 3.5 L, Sup Charg",fetched,,1
38083,2017,Lotus,Evora,"Auto (S6), 6 cyl, 3.5 L, Sup Charg",fetched,,1
38084,2017,Buick,Cascada,"Auto (S6), 4 cyl, 1.6 L, Turbo",fetched,,1
38090,2017,Jaguar,XE AWD,"Auto (S8), 4 cyl, 2.0 L, Diesel, Turbo",fetched,,1
38098,2017,Chrysler,200,"Auto 9-spd, 4 cyl, 2.4 L",fetched,,1
38099,2017,Chrysler,200,"Auto 9-spd, 4 cyl, 2.4 L, FFV",fetched,,1
38100,2017,Chrysler,200,"Auto 9-spd, 6 cyl, 3.6 L, FFV",fetched,,1
38101,2017,Chrysler,200 AWD,"Auto 9-spd, 6 cyl, 3.6 L",fetched,,1
38103,2017,Infiniti,Q50S Red Sport,"Auto (S7), 6 cyl, 3.0 L, Turbo",fetched,,1
38105,2017,Infiniti,Q50S Red Sport  AWD,"Auto (S7), 6 cyl, 3.0 L, Turbo",fetched,,1
38108,2017,Jaguar,XF,"Auto (S8), 4 cyl, 2.0 L, Diesel, Turbo",fetched,,1
38111,2017,Lexus,ES 300h,"Auto (AV-S6), 4 cyl, 2.5 L",fetched,,1
38114,2017,Kia,Forte 5,"Auto (S6), 4 cyl, 2.0 L",fetched,,1
38115,2017,Kia,Forte 5,"Auto (AM7), 4 cyl, 1.6 L, Turbo",fetched,,1
38116,2017,Kia,Forte 5,"Man 6-spd, 4 cyl, 1.6 L, Turbo",fetched,,1
38122,2017,Toyota,Tundra 2WD FFV,"Auto (S6), 8 cyl, 5.7 L",fetched,,1
38124,2017,Nissan,Titan 4WD,"Auto (S7), 8 cyl, 5.6 L",fetched,,1
38129,2017,Buick,Encore,"Auto (S6), 4 cyl, 1.4 L, Turbo, SIDI; Stop-Start",fetched,,1
38130,2017,Lexus,RX 350,"Auto (S8), 6 cyl, 3.5 L",fetched,,1
38131,2017,Buick,Encore AWD,"Auto (S6), 4 cyl, 1.4 L, Turbo, SIDI",fetched,,1
38134,2017,Aston Martin,V12 Vantage S,"Auto (AM7), 12 cyl, 6.0 L",fetched,,1
38135,2017,Aston Martin,V12 Vantage S,"Man 7-spd, 12 cyl, 6.0 L",fetched,,1
38136,2017,McLaren Automotive,570S Coupe,"Auto 7-spd, 8 cyl, 3.8 L, Turbo",fetched,,1
38137,2017,McLaren Automotive,570GT,"Auto 7-spd, 8 cyl, 3.8 L, Turbo",fetched,,1
38138,2017,Aston Martin,Vanquish S Zagato,"Auto (S8), 12 cyl, 6.0 L",fetched,,1
38139,2017,Aston Martin,Rapide S,"Auto (S8), 12 cyl, 6.0 L",fetched,,1
38147,2017,Mitsubishi,Lancer 4WD,"Auto (AV-S6), 4 cyl, 2.4 L",fetched,,1
38148,2017,Volkswagen,CC 4motion,"Auto (S6), 6 cyl, 3.6 L",fetched,,1
38152,2017,Toyota,Corolla,"Man 6-spd, 4 cyl, 1.8 L",fetched,,1
38153,2017,Toyota,Corolla,"Auto (variable gear ratios), 4 cyl, 1.8 L",fetched,,1
38154,2017,Toyota,Corolla,"Auto (AV-S7), 4 cyl, 1.8 L",fetched,,1
38158,2017,Honda,HR-V FWD,"Man 6-spd, 4 cyl, 1.8 L",fetched,,1
38159,2017,Honda,HR-V FWD,"Auto (variable gear ratios), 4 cyl, 1.8 L",fetched,,1
38160,2017,Honda,HR-V FWD,"Auto (AV-S7), 4 cyl, 1.8 L",fetched,,1
38163,2017,Nissan,Pathfinder 2WD,"Auto (variable gear ratios), 6 cyl, 3.5 L",fetched,,1
38164,2017,Jaguar,F-Pace,"Auto (S8), 4 cyl, 2.0 L, Diesel, Turbo",fetched,,1
38169,2017,BMW,X5 xDrive40e,"Auto (S8), 4 cyl, 2.0 L, Turbo",fetched,,1
38170,2016,Tesla,Model S (60 kW-hr battery pack),Auto (A1),fetched,,1
38172,2016,Tesla,Model S AWD - P100D,Auto (A1),fetched,,1
38174,2017,Mazda,MX-5,"Man 6-spd, 4 cyl, 2.0 L",discovered,,1
38175,2017,Mazda,MX-5,"Auto (S6), 4 cyl, 2.0 L",fetched,,1
38183,2017,Fiat,500 X AWD,"Auto 9-spd, 4 cyl, 2.4 L",fetched,,1
38188,2017,Lexus,RC 300 AWD,"Auto (S6), 6 cyl, 3.5 L",fetched,,1
38189,2017,Lexus,RC 350,"Auto (S8), 6 cyl, 3.5 L",fetched,,1
38193,2017,Roush Performance,Stage 3 Mustang,"Man 6-spd, 8 cyl, 5.0 L, Sup Charg",fetched,,1
38194,2017,Roush Performance,Stage 3 Mustang,"Auto (S6), 8 cyl, 5.0 L, Sup Charg",fetched,,1
38203,2017,Lexus,GS 350 F Sport,"Auto (S8), 6 cyl, 3.5 L",fetched,,1
38205,2017,Lexus,GS 200t F Sport,"Auto (S8), 4 cyl, 2.0 L, Turbo",fetched,,1
38210,2017,Kia,Optima FE,"Auto (S6), 4 cyl, 2.4 L",fetched,,1
38219,2017,Infiniti,QX60 AWD,"Auto (AV-S7), 6 cyl, 3.5 L",fetched,,1
38220,2017,Jeep,Wrangler 4WD,"Auto 5-spd, 6 cyl, 3.6 L",fetched,,1
38221,2017,Jeep,Wrangler 4WD,"Man 6-spd, 6 cyl, 3.6 L",fetched,,1
38224,2017,Infiniti,QX80 2WD,"Auto (S7), 8 cyl, 5.6 L",fetched,,1
38227,2017,Infiniti,QX60 Hybrid AWD,"Auto (AV-S7), 4 cyl, 2.5 L, Sup Charg",fetched,,1
38231,2017,Audi,A3,"Auto (AM-S7), 4 cyl, 2.0 L, Turbo",fetched,,1
38234,2017,Volkswagen,Beetle Convertible,"Auto (S6), 4 cyl, 1.8 L, Turbo",fetched,,1
38244,2017,Bentley,Mulsanne EWB,"Auto (S8), 8 cyl, 6.8 L, Turbo",fetched,,1
38259,2017,Volkswagen,Golf Alltrack,"Auto (AM-S6), 4 cyl, 1.8 L, Turbo",fetched,,1
38262,2017,Ford,F150 5.0L 2WD FFV GVWR>7599 LBS,"Auto (S6), 8 cyl, 5.0 L",fetched,,1
38268,2017,Ford,F150 2WD BASE PAYLOAD LT TIRE,"Auto (S6), 6 cyl, 2.7 L, Turbo",fetched,,1
38269,2017,Ford,F150 2WD BASE PAYLOAD LT TIRE,"Auto (S10), 6 cyl, 3.5 L, Turbo",fetched,,1
38275,2017,Ford,F150 RAPTOR 4WD,"Auto (S10), 6 cyl, 3.5 L, Turbo",fetched,,1
38282,2017,Mitsubishi,Outlander Sport 2WD,"Man 5-spd, 4 cyl, 2.0 L",discovered,,1
38283,2017,Mitsubishi,Outlander Sport 2WD,"Auto (AV-S6), 4 cyl, 2.0 L",fetched,,1
38284,2017,Jeep,Cherokee 4WD Active Drive II,"Auto 9-spd, 4 cyl, 2.4 L",fetched,,1
38286,2017,Lexus,NX 200t AWD F Sport,"Auto (S6), 4 cyl, 2.0 L, Turbo",fetched,,1
38287,2017,Lexus,NX 300h AWD,"Auto (AV-S6), 4 cyl, 2.5 L",fetched,,1
38288,2017,Mitsubishi,Outlander 4WD,"Auto (AV-S6), 4 cyl, 2.4 L",fetched,,1
38289,2017,Mitsubishi,Outlander 4WD,"Auto (S6), 6 cyl, 3.0 L",fetched,,1
38290,2017,Mitsubishi,Outlander Sport 4WD,"Auto (AV-S6), 4 cyl, 2.0 L",fetched,,1
38291,2017,Toyota,Sequoia 4WD FFV,"Auto (S6), 8 cyl, 5.7 L",fetched,,1
38292,2017,Infiniti,Q50 Hybrid,"Auto (S7), 6 cyl, 3.5 L",fetched,,1
38310,2017,Mazda,3 4-Door,"Man 6-spd, 4 cyl, 2.0 L, SIDI",fetched,,1
38311,2017,Mazda,3 4-Door,"Auto (S6), 4 cyl, 2.0 L, SIDI",fetched,,1
38312,2017,Mazda,3 4-Door,"Man 6-spd, 4 cyl, 2.5 L, SIDI",fetched,,1
38313,2017,Mazda,3 4-Door,"Auto (S6), 4 cyl, 2.5 L, SIDI",fetched,,1
38314,2017,Mazda,3 4-Door,"Auto (S6), 4 cyl, 2.5 L, SIDI; with i-ELOOP Technology Package",fetched,,1
38316,2017,Dodge,Challenger,"Auto 8-spd, 6 cyl, 3.6 L",fetched,,1
38318,2017,Dodge,Challenger,"Auto 8-spd, 8 cyl, 5.7 L",fetched,,1
38319,2017,Dodge,Challenger,"Auto 8-spd, 8 cyl, 6.4 L",fetched,,1
38320,2017,Dodge,Challenger,"Man 6-spd, 8 cyl, 5.7 L",fetched,,1
38321,2017,Dodge,Challenger SRT,"Auto 8-spd, 8 cyl, 6.2 L, Sup Charg",fetched,,1
38322,2017,Dodge,Challenger SRT,"Auto 8-spd, 8 cyl, 6.4 L",fetched,,1
38323,2017,Dodge,Challenger SRT,"Man 6-spd, 8 cyl, 6.2 L, Sup Charg",fetched,,1
38329,2017,Subaru,Impreza 4-Door,"Auto (AV-S7), 4 cyl, 2.0 L",fetched,,1
38331,2017,Chrysler,300,"Auto 8-spd, 6 cyl, 3.6 L",fetched,,1
38332,2017,Chrysler,300 AWD,"Auto 8-spd, 6 cyl, 3.6 L",fetched,,1
38333,2017,Chrysler,300,"Auto 8-spd, 8 cyl, 5.7 L",fetched,,1
38334,2017,Dodge,Charger,"Auto 8-spd, 6 cyl, 3.6 L",fetched,,1
38336,2017,Dodge,Charger,"Auto 8-spd, 8 cyl, 5.7 L",discovered,,1
38337,2017,Dodge,Charger,"Auto 8-spd, 8 cyl, 6.4 L",discovered,,1
38340,2017,Nissan,Juke,"Auto (AV-S7), 4 cyl, 1.6 L, Turbo",fetched,,1
38341,2017,Nissan,Juke,"Man 6-spd, 4 cyl, 1.6 L, Turbo",fetched,,1
38343,2017,Nissan,Juke Nismo RS,"Man 6-spd, 4 cyl, 1.6 L, Turbo",fetched,,1
38345,2017,Subaru,Impreza 5-Door,"Auto (AV-S7), 4 cyl, 2.0 L",fetched,,1
38346,2017,Subaru,Impreza Sport 5-Door,"Auto (AV-S7), 4 cyl, 2.0 L",fetched,,1
38347,2017,Mercedes-Benz,Metris (Passenger Van),"Auto 7-spd, 4 cyl, 2.0 L, Turbo",fetched,,1
38353,2017,Jaguar,XJ,"Auto (S8), 8 cyl, 5.0 L, Sup Charg",fetched,,1
38354,2017,Jaguar,XJL,"Auto (S8), 8 cyl, 5.0 L, Sup Charg",fetched,,1
38355,2017,Jaguar,XJ,"Auto (S8), 6 cyl, 3.0 L, Sup Charg",fetched,,1
38358,2017,Jaguar,XJL,"Auto (S8), 6 cyl, 3.0 L, Sup Charg",fetched,,1
38370,2017,Alfa Romeo,Giulia,"Auto 8-spd, 6 cyl, 2.9 L, Turbo",fetched,,1
38372,2017,Infiniti,Q70 AWD,"Auto (S7), 8 cyl, 5.6 L",fetched,,1
38375,2017,Infiniti,Q70 AWD,"Auto (S7), 6 cyl, 3.7 L",fetched,,1
38378,2017,BMW,328d xDrive Sports Wagon,"Auto (S8), 4 cyl, 2.0 L, Diesel, Turbo",fetched,,1
38380,2017,Chevrolet,Colorado 2WD,"Man 6-spd, 4 cyl, 2.5 L",fetched,,1
38381,2017,Chevrolet,Colorado 2WD,"Auto 6-spd, 4 cyl, 2.5 L",fetched,,1
38382,2017,Chevrolet,Colorado 2WD,"Auto 6-spd, 4 cyl, 2.8 L, Diesel, Turbo",fetched,,1
38383,2017,Chevrolet,Colorado 2WD,"Auto 8-spd, 6 cyl, 3.6 L",fetched,,1
38396,2017,Lincoln,MKX FWD,"Auto (S6), 6 cyl, 3.7 L",fetched,,1
38397,2017,Lincoln,MKX FWD,"Auto (S6), 6 cyl, 2.7 L, Turbo",fetched,,1
38407,2017,Alfa Romeo,4C,"Auto (AM6), 4 cyl, 1.8 L, Turbo",fetched,,1
38408,2017,Lamborghini,Aventador Roadster LP740-4,"Auto (AM-S7), 12 cyl, 6.5 L",fetched,,1
38409,2017,Lamborghini,Aventador Coupe LP740-4,"Auto (AM-S7), 12 cyl, 6.5 L",fetched,,1
38410,2017,Dodge,Challenger,"Man 6-spd, 8 cyl, 6.4 L",fetched,,1
38411,2017,Dodge,Challenger SRT,"Man 6-spd, 8 cyl, 6.4 L",fetched,,1
38422,2017,Lincoln,MKT AWD,"Auto (S6), 6 cyl, 3.5 L, Turbo",fetched,,1
38440,2017,Porsche,911 Targa 4 GTS,"Man 7-spd, 6 cyl, 3.0 L, Turbo",fetched,,1
38441,2017,Porsche,911 Targa 4 GTS,"Auto (AM-S7), 6 cyl, 3.0 L, Turbo",fetched,,1
38444,2017,Chrysler,300 AWD,"Auto 8-spd, 6 cyl, 3.6 L, FFV",fetched,,1
38450,2017,Honda,Pilot AWD,"Auto (S9), 6 cyl, 3.5 L",fetched,,1
38451,2017,Honda,Pilot AWD,"Auto 6-spd, 6 cyl, 3.5 L",fetched,,1
38455,2017,Land Rover,Range Rover,"Auto (S8), 8 cyl, 5.0 L, Sup Charg",fetched,,1
38456,2017,Land Rover,Range Rover LWB,"Auto (S8), 8 cyl, 5.0 L, Sup Charg",fetched,,1
38457,2017,Land Rover,Range Rover Sport,"Auto (S8), 8 cyl, 5.0 L, Sup Charg",fetched,,1
38458,2017,Mercedes-Benz,G550,"Auto 7-spd, 8 cyl, 4.0 L, Turbo",fetched,,1
38461,2017,smart,fortwo coupe,"Auto (AM6), 3 cyl, 0.9 L, Turbo",fetched,,1
38462,2017,smart,fortwo coupe,"Man 5-spd, 3 cyl, 0.9 L, Turbo",fetched,,1
38467,2017,Audi,A4 quattro,"Man 6-spd, 4 cyl, 2.0 L, Turbo",fetched,,1
38484,2017,Hyundai,Ioniq,"Auto (AM6), 4 cyl, 1.6 L",fetched,,1
38486,2017,Kia,Niro,"Auto (AM6), 4 cyl, 1.6 L",fetched,,1
38489,2017,Mazda,CX-9 4WD,"Auto (S6), 4 cyl, 2.5 L, Turbo",fetched,,1
38490,2017,BMW,X5 xDrive 35d,"Auto (S8), 6 cyl, 3.0 L, Diesel, Turbo",fetched,,1
38491,2017,Chrysler,Pacifica Hybrid,"Auto (variable gear ratios), 6 cyl, 3.6 L",fetched,,1
38493,2017,Chrysler,300,"Auto 8-spd, 6 cyl, 3.6 L, FFV",fetched,,1
38494,2017,Dodge,Charger,"Auto 8-spd, 6 cyl, 3.6 L, FFV",discovered,,1
38495,2017,Ford,C-MAX Hybrid FWD,"Auto (variable gear ratios), 4 cyl, 2.0 L",fetched,,1
38496,2017,Kia,Niro Touring,"Auto (AM6), 4 cyl, 1.6 L",fetched,,1
38497,2017,Kia,Niro FE,"Auto (AM6), 4 cyl, 1.6 L",fetched,,1
38500,2016,Tesla,Model X AWD - P100D,Auto (A1),fetched,,1
38501,2017,MINI,Cooper Countryman All4,"Man 6-spd, 3 cyl, 1.5 L, Turbo",fetched,,1
38503,2017,Land Rover,Range Rover,"Auto (S8), 6 cyl, 3.0 L, Sup Charg",fetched,,1
38504,2017,Land Rover,Range Rover Sport,"Auto (S8), 6 cyl, 3.0 L, Sup Charg",fetched,,1
38511,2017,Nissan,Rogue Hybrid  AWD,"Auto (AV-S7), 4 cyl, 2.0 L",fetched,,1
38515,2017,Alfa Romeo,Giulia,"Auto 8-spd, 4 cyl, 2.0 L, Turbo",fetched,,1
38516,2017,Alfa Romeo,Giulia AWD,"Auto 8-spd, 4 cyl, 2.0 L, Turbo",fetched,,1
38519,2017,Land Rover,Range Rover,"Auto (S8), 6 cyl, 3.0 L, Diesel, Turbo",fetched,,1
38520,2017,Land Rover,Range Rover Sport,"Auto (S8), 6 cyl, 3.0 L, Diesel, Turbo",fetched,,1
38521,2017,Volkswagen,Golf Alltrack,"Man 6-spd, 4 cyl, 1.8 L, Turbo",fetched,,1
38523,2017,Tesla,Model S AWD - 60D,Auto (A1),fetched,,1
38525,2017,Tesla,Model S AWD - P100D,Auto (A1),fetched,,1
38527,2017,Tesla,Model X AWD - 75D,Auto (A1),fetched,,1
38529,2017,Tesla,Model X AWD - P90D,Auto (A1),fetched,,1
38530,2017,Tesla,Model X AWD - P100D,Auto (A1),fetched,,1
38537,2017,Tesla,Model S AWD - P90D,Auto (A1),fetched,,1
38538,2017,Subaru,Impreza 4-Door,"Man 5-spd, 4 cyl, 2.0 L",fetched,,1
38540,2017,Subaru,Impreza 5-Door,"Man 5-spd, 4 cyl, 2.0 L",fetched,,1
38541,2017,Subaru,Impreza Sport 5-Door,"Man 5-spd, 4 cyl, 2.0 L",fetched,,1
38547,2017,Mitsubishi,Outlander Sport 2WD,"Auto (AV-S6), 4 cyl, 2.4 L",fetched,,1
38548,2017,Mitsubishi,Outlander Sport 4WD,"Auto (AV-S6), 4 cyl, 2.4 L",fetched,,1
38555,2017,MINI,Cooper S Countryman,"Auto (S8), 4 cyl, 2.0 L, Turbo",fetched,,1
38558,2017,Tesla,Model S (75 kW-hr battery pack),Auto (A1),fetched,,1
38559,2017,MINI,Cooper Countryman,"Auto (S6), 3 cyl, 1.5 L, Turbo",fetched,,1
38560,2017,MINI,Cooper Countryman,"Man 6-spd, 3 cyl, 1.5 L, Turbo",fetched,,1
38561,2017,MINI,Cooper Countryman All4,"Auto (S8), 3 cyl, 1.5 L, Turbo",fetched,,1
38564,2017,Roush Performance,F150 Pickup 2WD,"Auto (S6), 8 cyl, 5.0 L, Sup Charg",fetched,,1
38565,2017,Roush Performance,F150 Pickup 4WD,"Auto (S6), 8 cyl, 5.0 L, Sup Charg",fetched,,1
38571,2018,Audi,A5 quattro,"Man 6-spd, 4 cyl, 2.0 L, Turbo",fetched,,1
38574,2018,Subaru,WRX,"Man 6-spd, 4 cyl, 2.0 L, Turbo",fetched,,1
38575,2018,Subaru,WRX,"Auto (AV-S8), 4 cyl, 2.0 L, Turbo",fetched,,1
38577,2018,Genesis,G80 AWD,"Auto (S8), 6 cyl, 3.8 L",fetched,,1
38578,2018,Genesis,G80 RWD,"Auto (S8), 6 cyl, 3.8 L",fetched,,1
38580,2018,Audi,A5 quattro,"Auto (AM-S7), 4 cyl, 2.0 L, Turbo",fetched,,1
38585,2018,Genesis,G80 AWD,"Auto (S8), 6 cyl, 3.3 L, Turbo",fetched,,1
38586,2018,Genesis,G80 RWD,"Auto (S8), 6 cyl, 3.3 L, Turbo",fetched,,1
38591,2017,BYD,e6,Auto (A1),fetched,,1
38592,2018,Bentley,Bentayga,"Auto (S8), 12 cyl, 6.0 L, Turbo",fetched,,1
38615,2018,BMW,430i Gran Coupe,"Auto (S8), 4 cyl, 2.0 L, Turbo",fetched,,1
38629,2018,BMW,M6 Gran Coupe,"Man 6-spd, 8 cyl, 4.4 L, Turbo",fetched,,1
38630,2018,BMW,M6 Gran Coupe,"Auto (AM-S7), 8 cyl, 4.4 L, Turbo",fetched,,1
38641,2018,Subaru,WRX,"Man 6-spd, 4 cyl, 2.5 L, Turbo",fetched,,1
38645,2018,Subaru,Forester AWD,"Man 6-spd, 4 cyl, 2.5 L",discovered,,1
38646,2018,Subaru,Forester AWD,"Auto (AV-S6), 4 cyl, 2.5 L",fetched,,1
38647,2018,Subaru,Forester AWD,"Auto (AV-S8), 4 cyl, 2.0 L, Turbo",discovered,,1
38649,2017,Nissan,Rogue Sport AWD,"Auto (AV-S7), 4 cyl, 2.0 L",fetched,,1
38650,2017,Cadillac,CT6 Plug-In,"Auto (variable gear ratios), 4 cyl, 2.0 L, Turbo",fetched,,1
38653,2018,Jaguar,F-Type S AWD Coupe,"Auto (S8), 6 cyl, 3.0 L, Sup Charg",fetched,,1
38666,2018,Hyundai,Santa Fe Sport AWD,"Auto (S6), 4 cyl, 2.0 L, Turbo",fetched,,1
38668,2018,Ferrari,488 GTB,"Auto (AM7), 8 cyl, 3.9 L, Turbo, SIDI",fetched,,1
38669,2018,Ferrari,488 GTB,"Auto (AM7), 8 cyl, 3.9 L, Turbo, SIDI; Stop-Start",fetched,,1
38670,2018,Ferrari,488 Spider,"Auto (AM7), 8 cyl, 3.9 L, Turbo, SIDI",fetched,,1
38671,2018,Ferrari,488 Spider,"Auto (AM7), 8 cyl, 3.9 L, Turbo, SIDI; Stop-Start",fetched,,1
38674,2018,Ferrari,GTC4Lusso,"Auto (AM7), 12 cyl, 6.3 L",fetched,,1
38675,2018,Ferrari,California T,"Auto (AM7), 8 cyl, 3.9 L, Turbo, SIDI",fetched,,1
38676,2018,Ferrari,California T,"Auto (AM7), 8 cyl, 3.9 L, Turbo, SIDI; Stop-Start",fetched,,1
38682,2018,Hyundai,Elantra SE,"Auto (S6), 4 cyl, 2.0 L",fetched,,1
38683,2018,Genesis,G80 AWD,"Auto (S8), 8 cyl, 5.0 L",fetched,,1
38684,2018,Genesis,G80 RWD,"Auto (S8), 8 cyl, 5.0 L",fetched,,1
38691,2018,GMC,Terrain AWD,"Auto 9-spd, 4 cyl, 2.0 L, Turbo",fetched,,1
38692,2018,Hyundai,Santa Fe Sport AWD,"Auto (S6), 4 cyl, 2.4 L",fetched,,1
38693,2018,Kia,Sorento AWD,"Auto (S6), 4 cyl, 2.4 L",fetched,,1
38694,2018,Subaru,Crosstrek AWD,"Man 6-spd, 4 cyl, 2.0 L",fetched,,1
38695,2018,Subaru,Crosstrek AWD,"Auto (AV-S7), 4 cyl, 2.0 L",fetched,,1
38698,2015,Mobility Ventures LLC,MV-1,"Auto 6-spd, 6 cyl, 3.7 L",fetched,,1
38699,2016,Mobility Ventures LLC,MV-1,"Auto 6-spd, 6 cyl, 3.7 L",fetched,,1
38700,2018,Ferrari,812 Superfast,"Auto (AM7), 12 cyl, 6.5 L",fetched,,1
38701,2018,Ferrari,GTC4Lusso T,"Auto (AM7), 8 cyl, 3.9 L, Turbo",fetched,,1
38702,2018,Infiniti,QX30,"Auto (AM7), 4 cyl, 2.0 L, Turbo",fetched,,1
38703,2018,Infiniti,QX30 AWD,"Auto (AM7), 4 cyl, 2.0 L, Turbo",fetched,,1
38704,2018,Cadillac,CTS,"Auto (S8), 4 cyl, 2.0 L, Turbo",fetched,,1
38705,2018,Kia,Optima,"Auto (S6), 4 cyl, 2.0 L, Turbo",discovered,,1
38706,2018,Kia,Optima,"Auto (S6), 4 cyl, 2.4 L",fetched,,1
38714,2017,Land Rover,Discovery,"Auto (S8), 6 cyl, 3.0 L, Sup Charg",fetched,,1
38715,2017,Land Rover,Discovery,"Auto (S8), 6 cyl, 3.0 L, Diesel, Turbo",fetched,,1
38722,2018,Kia,Sportage FWD,"Auto (S6), 4 cyl, 2.0 L, Turbo",fetched,,1
38723,2018,Volkswagen,Atlas,"Auto (S8), 6 cyl, 3.6 L",fetched,,1
38724,2018,Alfa Romeo,Stelvio AWD,"Auto 8-spd, 4 cyl, 2.0 L, Turbo",fetched,,1
38726,2018,Kia,Sorento AWD,"Auto (S6), 4 cyl, 2.0 L, Turbo",fetched,,1
38732,2018,Maserati,GranTurismo,"Auto 6-spd, 8 cyl, 4.7 L",fetched,,1
38733,2018,Maserati,GranTurismo Convertible,"Auto 6-spd, 8 cyl, 4.7 L",fetched,,1
38737,2018,Maserati,Ghibli V6 SQ4 AWD,"Auto 8-spd, 6 cyl, 3.0 L, Turbo",fetched,,1
38738,2018,Maserati,Ghibli  V6 RWD,"Auto 8-spd, 6 cyl, 3.0 L, Turbo",fetched,,1
38739,2018,Maserati,Ghibli  S RWD,"Auto 8-spd, 6 cyl, 3.0 L, Turbo",fetched,,1
38741,2018,Maserati,Quattroporte SQ4 V6,"Auto 8-spd, 6 cyl, 3.0 L, Turbo",fetched,,1
38742,2018,Maserati,Quattroporte S,"Auto 8-spd, 6 cyl, 3.0 L, Turbo",fetched,,1
38744,2018,Hyundai,Santa Fe FWD,"Auto (S6), 6 cyl, 3.3 L",fetched,,1
38747,2018,Kia,Sportage FWD,"Auto (S6), 4 cyl, 2.4 L",fetched,,1
38751,2018,Kia,Sorento AWD,"Auto (S6), 6 cyl, 3.3 L",fetched,,1
38752,2018,Maserati,Levante S,"Auto 8-spd, 6 cyl, 3.0 L, Turbo",fetched,,1
38753,2018,Maserati,Levante,"Auto 8-spd, 6 cyl, 3.0 L, Turbo",fetched,,1
38758,2018,Acura,TLX FWD A-SPEC,"Auto (S9), 6 cyl, 3.5 L",fetched,,1
38761,2018,Volvo,S60 Polestar AWD,"Auto (S8), 4 cyl, 2.0 L, Turbo, Sup Charg",fetched,,1
38763,2018,Volvo,V60 Polestar AWD,"Auto (S8), 4 cyl, 2.0 L, Turbo, Sup Charg",fetched,,1
38766,2018,Acura,RDX FWD,"Auto (S6), 6 cyl, 3.5 L",fetched,,1
38768,2018,Mercedes-Benz,GLA250 4matic,"Auto (AM7), 4 cyl, 2.0 L, Turbo, SIDI; FFV",fetched,,1
38769,2018,Mercedes-Benz,GLA250 4matic,"Auto (AM7), 4 cyl, 2.0 L, Turbo, SIDI",fetched,,1
38783,2018,Volvo,S60 Inscription AWD,"Auto (S8), 4 cyl, 2.0 L, Turbo",fetched,,1
38788,2018,Volvo,S90 FWD,"Auto (S8), 4 cyl, 2.0 L, Turbo",fetched,,1
38794,2018,Volvo,V60 AWD,"Auto (S8), 4 cyl, 2.0 L, Turbo, Sup Charg",fetched,,1
38796,2018,Volvo,V60 AWD,"Auto (S8), 4 cyl, 2.0 L, Turbo",fetched,,1
38806,2018,Volvo,XC60 AWD,"Auto (S8), 4 cyl, 2.0 L, Turbo",fetched,,1
38807,2018,Volvo,XC60 AWD,"Auto (S8), 4 cyl, 2.0 L, Turbo, Sup Charg",discovered,,1
38808,2018,Volvo,XC90 FWD,"Auto (S8), 4 cyl, 2.0 L, Turbo",fetched,,1
38809,2018,Audi,Q7,"Auto (S8), 4 cyl, 2.0 L, Turbo",fetched,,1
38826,2018,Genesis,G90 AWD,"Auto (S8), 6 cyl, 3.3 L, Turbo",fetched,,1
38827,2018,Genesis,G90 RWD,"Auto (S8), 6 cyl, 3.3 L, Turbo",fetched,,1
38828,2018,Genesis,G90 AWD,"Auto (S8), 8 cyl, 5.0 L",fetched,,1
38829,2018,Genesis,G90 RWD,"Auto (S8), 8 cyl, 5.0 L",fetched,,1
38841,2018,Lamborghini,Aventador S Coupe,"Auto (AM-S7), 12 cyl, 6.5 L",fetched,,1
38842,2018,Lamborghini,Aventador Coupe,"Auto (AM-S7), 12 cyl, 6.5 L",fetched,,1
38843,2018,Lamborghini,Aventador S Roadster,"Auto (AM-S7), 12 cyl, 6.5 L",fetched,,1
38844,2018,Lamborghini,Aventador Roadster,"Auto (AM-S7), 12 cyl, 6.5 L",fetched,,1
38856,2018,Subaru,Outback AWD,"Auto (AV-S7), 4 cyl, 2.5 L",fetched,,1
38857,2018,Subaru,Outback AWD,"Auto (AV-S6), 6 cyl, 3.6 L",fetched,,1
38866,2018,Mazda,3 4-Door,"Man 6-spd, 4 cyl, 2.0 L",fetched,,1
38867,2018,Mazda,3 4-Door,"Auto (S6), 4 cyl, 2.0 L",fetched,,1
38868,2018,Mazda,3 4-Door,"Auto (S6), 4 cyl, 2.5 L",fetched,,1
38873,2018,Mazda,3 5-Door,"Man 6-spd, 4 cyl, 2.0 L",fetched,,1
38874,2018,Mazda,3 5-Door,"Auto (S6), 4 cyl, 2.0 L",fetched,,1
38875,2018,Mazda,3 5-Door,"Auto (S6), 4 cyl, 2.5 L",fetched,,1
38876,2018,Subaru,Impreza 4-Door,"Man 5-spd, 4 cyl, 2.0 L",fetched,,1
38877,2018,Subaru,Impreza 4-Door,"Auto (AV-S7), 4 cyl, 2.0 L",fetched,,1
38880,2018,Toyota,Camry,"Auto (S8), 4 cyl, 2.5 L",fetched,,1
38881,2018,Toyota,Camry,"Auto (S8), 6 cyl, 3.5 L",fetched,,1
38890,2018,Subaru,Impreza 5-Door,"Man 5-spd, 4 cyl, 2.0 L",fetched,,1
38891,2018,Subaru,Impreza 5-Door,"Auto (AV-S7), 4 cyl, 2.0 L",fetched,,1
38894,2018,Jeep,Compass FWD,"Auto 6-spd, 4 cyl, 2.4 L",fetched,,1
38895,2018,Jeep,Compass FWD,"Man 6-spd, 4 cyl, 2.4 L",fetched,,1
38899,2018,Bugatti,Chiron,"Auto (AM-S7), 16 cyl, 8.0 L, Turbo",fetched,,1
38907,2018,Cadillac,ATS-V,"Auto (S8), 6 cyl, 3.6 L, Turbo",fetched,,1
38912,2018,Volkswagen,Golf R,"Man 6-spd, 4 cyl, 2.0 L, Turbo",fetched,,1
38913,2018,Volkswagen,Golf R,"Auto (AM-S7), 4 cyl, 2.0 L, Turbo",discovered,,1
38915,2018,Audi,A7 quattro,"Auto (S8), 6 cyl, 3.0 L, Sup Charg",fetched,,1
38917,2018,Cadillac,ATS,"Auto (S8), 4 cyl, 2.0 L, Turbo",discovered,,1
38919,2018,Cadillac,CTS,"Auto (S8), 6 cyl, 3.6 L, Turbo",fetched,,1
38920,2018,Cadillac,ATS,"Auto (S8), 6 cyl, 3.6 L",fetched,,1
38921,2018,Cadillac,CTS,"Auto (S8), 6 cyl, 3.6 L",fetched,,1
38923,2018,Cadillac,ATS,"Man 6-spd, 4 cyl, 2.0 L, Turbo",fetched,,1
38928,2018,Infiniti,Q50 AWD,"Auto (S7), 6 cyl, 3.0 L, Turbo",fetched,,1
38929,2018,Infiniti,Q50 Red Sport,"Auto (S7), 6 cyl, 3.0 L, Turbo",fetched,,1
38932,2018,Infiniti,Q50 AWD,"Auto (S7), 4 cyl, 2.0 L, Turbo",fetched,,1
38937,2018,Toyota,Camry Hybrid XLE/SE,"Auto (AV-S6), 4 cyl, 2.5 L",discovered,,1
38959,2018,Audi,Q7,"Auto (S8), 6 cyl, 3.0 L, Sup Charg",fetched,,1
38960,2018,Chevrolet,Traverse AWD,"Auto 9-spd, 6 cyl, 3.6 L",fetched,,1
38966,2017,Audi,RS 3,"Auto (AM-S7), 5 cyl, 2.5 L, Turbo",fetched,,1
38967,2017,Bentley,Continental Supersports Convertible,"Auto (S8), 12 cyl, 6.0 L, Turbo",fetched,,1
38968,2017,Bentley,Continental Supersports,"Auto (S8), 12 cyl, 6.0 L, Turbo",fetched,,1
38977,2018,Kia,Optima,"Auto (AM7), 4 cyl, 1.6 L, Turbo",discovered,,1
38978,2018,Honda,Fit,"Auto (variable gear ratios), 4 cyl, 1.5 L",fetched,,1
38979,2018,Honda,Fit,"Auto (AM-S7), 4 cyl, 1.5 L",fetched,,1
38980,2018,Honda,Fit,"Man 6-spd, 4 cyl, 1.5 L",fetched,,1
38993,2018,Ram,Promaster City,"Auto 9-spd, 4 cyl, 2.4 L",fetched,,1
38996,2018,GMC,Sierra C15 Cab Chassis 2WD,"Auto 6-spd, 8 cyl, 5.3 L",fetched,,1
38998,2018,Buick,Encore AWD,"Auto (S6), 4 cyl, 1.4 L, Turbo, SIDI",discovered,,1
38999,2018,Buick,Encore AWD,"Auto (S6), 4 cyl, 1.4 L, Turbo",fetched,,1
39003,2018,Cadillac,Escalade 2WD,"Auto 10-spd, 8 cyl, 6.2 L",fetched,,1
39008,2018,GMC,Yukon C1500 2WD,"Auto 10-spd, 8 cyl, 6.2 L, SIDI",fetched,,1
39009,2018,GMC,Yukon C1500 XL 2WD,"Auto 10-spd, 8 cyl, 6.2 L, SIDI",fetched,,1
39010,2018,GMC,Yukon C1500 2WD,"Auto 6-spd, 8 cyl, 5.3 L, SIDI",discovered,,1
39011,2018,GMC,Yukon C1500 XL 2WD,"Auto 6-spd, 8 cyl, 5.3 L, SIDI",fetched,,1
39012,2018,GMC,Yukon C1500 2WD,"Auto 6-spd, 8 cyl, 5.3 L, SIDI; FFV",discovered,,1
39013,2018,GMC,Yukon C1500 XL 2WD,"Auto 6-spd, 8 cyl, 5.3 L, SIDI; FFV",fetched,,1
39015,2018,Cadillac,Escalade 4WD,"Auto 10-spd, 8 cyl, 6.2 L",fetched,,1
39016,2018,Chevrolet,Tahoe K1500 4WD,"Auto 10-spd, 8 cyl, 6.2 L, SIDI",fetched,,1
39017,2018,Chevrolet,Tahoe K1500 4WD,"Auto 6-spd, 8 cyl, 5.3 L, SIDI",fetched,,1
39019,2018,Chevrolet,Tahoe K1500 4WD,"Auto 6-spd, 8 cyl, 5.3 L, SIDI; FFV",fetched,,1
39028,2018,Mercedes-Benz,AMG GLE63 S Coupe,"Auto 7-spd, 8 cyl, 5.5 L, Turbo",fetched,,1
39029,2018,Mercedes-Benz,GLE350 4matic,"Auto 7-spd, 6 cyl, 3.5 L, SIDI",fetched,,1
39030,2018,Mercedes-Benz,GLE350 4matic,"Auto 7-spd, 6 cyl, 3.5 L, SIDI; FFV",fetched,,1
39031,2018,Audi,TT Roadster quattro,"Auto (AM-S6), 4 cyl, 2.0 L, Turbo",fetched,,1
39034,2018,Audi,A3 quattro,"Auto (AM-S6), 4 cyl, 2.0 L, Turbo",fetched,,1
39035,2018,MINI,Cooper Hardtop 2 door,"Auto (S6), 3 cyl, 1.5 L, Turbo",fetched,,1
39038,2018,Volkswagen,Jetta,"Auto (S6), 4 cyl, 1.4 L, Turbo",fetched,,1
39039,2018,Volkswagen,Jetta,"Man 5-spd, 4 cyl, 1.4 L, Turbo",fetched,,1
39050,2018,Chrysler,300,"Auto 8-spd, 6 cyl, 3.6 L",fetched,,1
39051,2018,Chrysler,300,"Auto 8-spd, 6 cyl, 3.6 L, FFV",fetched,,1
39052,2018,Chrysler,300,"Auto 8-spd, 8 cyl, 5.7 L",fetched,,1
39053,2018,Chrysler,300 AWD,"Auto 8-spd, 6 cyl, 3.6 L",fetched,,1
39054,2018,Chrysler,300 AWD,"Auto 8-spd, 6 cyl, 3.6 L, FFV",fetched,,1
39055,2018,Dodge,Charger,"Auto 8-spd, 6 cyl, 3.6 L",fetched,,1
39056,2018,Dodge,Charger,"Auto 8-spd, 6 cyl, 3.6 L, FFV",fetched,,1
39057,2018,Dodge,Charger,"Auto 8-spd, 8 cyl, 5.7 L",fetched,,1
39058,2018,Dodge,Charger,"Auto 8-spd, 8 cyl, 6.4 L",fetched,,1
39059,2018,Dodge,Charger SRT,"Auto 8-spd, 8 cyl, 6.2 L, Sup Charg",fetched,,1
39060,2018,Dodge,Charger SRT,"Auto 8-spd, 8 cyl, 6.4 L",fetched,,1
39061,2018,Dodge,Charger AWD,"Auto 8-spd, 6 cyl, 3.6 L",fetched,,1
39062,2018,Dodge,Charger AWD,"Auto 8-spd, 6 cyl, 3.6 L, FFV",fetched,,1
39066,2018,Fiat,500 L,"Auto 6-spd, 4 cyl, 1.4 L, Turbo",fetched,,1
39067,2018,Chevrolet,Colorado 2WD,"Auto 6-spd, 4 cyl, 2.5 L",fetched,,1
39068,2018,Chevrolet,Colorado 2WD,"Man 6-spd, 4 cyl, 2.5 L",fetched,,1
39069,2018,Chevrolet,Colorado 2WD,"Auto 6-spd, 4 cyl, 2.8 L, Diesel, Turbo",discovered,,1
39070,2018,Chevrolet,Colorado 2WD,"Auto 8-spd, 6 cyl, 3.6 L",discovered,,1
39085,2018,Chevrolet,Colorado Cab Chassis 2WD,"Auto 8-spd, 6 cyl, 3.6 L",fetched,,1
39086,2018,GMC,Canyon Cab Chassis 2WD,"Auto 8-spd, 6 cyl, 3.6 L",fetched,,1
39087,2018,Chrysler,Pacifica,"Auto 9-spd, 6 cyl, 3.6 L, Stop-Start",fetched,,1
39091,2018,GMC,Terrain AWD,"Auto 9-spd, 4 cyl, 1.5 L, Turbo",fetched,,1
39092,2018,Jeep,Cherokee 4WD,"Auto 9-spd, 4 cyl, 2.4 L",fetched,,1
39093,2018,Jeep,Cherokee 4WD,"Auto 9-spd, 4 cyl, 2.4 L, FFV",fetched,,1
39094,2018,Jeep,Cherokee 4WD,"Auto 9-spd, 6 cyl, 3.2 L",fetched,,1
39109,2018,MINI,Cooper S Convertible,"Auto (S6), 4 cyl, 2.0 L, Turbo",fetched,,1
39110,2018,MINI,Cooper S Convertible,"Man 6-spd, 4 cyl, 2.0 L, Turbo",fetched,,1
39114,2018,BMW,230i Convertible,"Auto (S8), 4 cyl, 2.0 L, Turbo",fetched,,1
39122,2018,BMW,M2,"Man 6-spd, 6 cyl, 3.0 L, Turbo",fetched,,1
39123,2018,BMW,M2,"Auto (AM-S7), 6 cyl, 3.0 L, Turbo",fetched,,1
39124,2018,MINI,Cooper Hardtop 2 door,"Man 6-spd, 3 cyl, 1.5 L, Turbo",fetched,,1
39126,2018,MINI,Cooper S Hardtop 2 door,"Auto (S6), 4 cyl, 2.0 L, Turbo",fetched,,1
39127,2018,MINI,Cooper S Hardtop 2 door,"Man 6-spd, 4 cyl, 2.0 L, Turbo",fetched,,1
39133,2018,BMW,330i xDrive,"Auto (S8), 4 cyl, 2.0 L, Turbo",fetched,,1
39149,2018,Mitsubishi,Mirage,"Man 5-spd, 3 cyl, 1.2 L",fetched,,1
39150,2018,Mitsubishi,Mirage,"Auto (variable gear ratios), 3 cyl, 1.2 L",fetched,,1
39151,2018,Mitsubishi,Mirage G4,"Man 5-spd, 3 cyl, 1.2 L",fetched,,1
39152,2018,Mitsubishi,Mirage G4,"Auto (variable gear ratios), 3 cyl, 1.2 L",fetched,,1
39159,2018,Infiniti,Q70 Hybrid,"Auto (S7), 6 cyl, 3.5 L",fetched,,1
39167,2018,MINI,Cooper Countryman All4,"Auto (S8), 3 cyl, 1.5 L, Turbo",fetched,,1
39168,2018,MINI,Cooper Countryman All4,"Man 6-spd, 3 cyl, 1.5 L, Turbo",fetched,,1
39169,2018,MINI,Cooper S Clubman,"Auto (S8), 4 cyl, 2.0 L, Turbo",fetched,,1
39170,2018,MINI,Cooper S Clubman,"Man 6-spd, 4 cyl, 2.0 L, Turbo",fetched,,1
39171,2018,MINI,Cooper S Countryman,"Auto (S8), 4 cyl, 2.0 L, Turbo",fetched,,1
39174,2018,MINI,Cooper S Clubman All4,"Auto (S8), 4 cyl, 2.0 L, Turbo",fetched,,1
39175,2018,MINI,Cooper S Clubman All4,"Man 6-spd, 4 cyl, 2.0 L, Turbo",fetched,,1
39179,2018,BMW,340i xDrive Gran Turismo,"Auto (S8), 6 cyl, 3.0 L, Turbo",fetched,,1
39183,2018,Mazda,CX-9 2WD,"Auto (S6), 4 cyl, 2.5 L, Turbo",fetched,,1
39186,2018,Nissan,Armada 2WD,"Auto (S7), 8 cyl, 5.6 L",fetched,,1
39187,2018,Dodge,Durango SRT AWD,"Auto 8-spd, 8 cyl, 6.4 L",fetched,,1
39192,2017,smart,fortwo electric drive coupe,Auto (A1),fetched,,1
39207,2018,Porsche,911 Targa 4,"Auto (AM-S7), 6 cyl, 3.0 L, Turbo",fetched,,1
39228,2018,Volkswagen,Jetta,"Auto (S6), 4 cyl, 1.8 L, Turbo",fetched,,1
39229,2018,Volkswagen,Jetta,"Auto (AM-S6), 4 cyl, 2.0 L, Turbo",fetched,,1
39264,2018,Toyota,Tundra 4WD FFV,"Auto (S6), 8 cyl, 5.7 L",fetched,,1
39266,2018,Chrysler,Pacifica,"Auto 9-spd, 6 cyl, 3.6 L",fetched,,1
39271,2018,Alfa Romeo,4C,"Auto (AM6), 4 cyl, 1.8 L, Turbo",fetched,,1
39278,2018,Porsche,911 Targa 4,"Man 7-spd, 6 cyl, 3.0 L, Turbo",fetched,,1
39287,2018,Alfa Romeo,Giulia,"Auto 8-spd, 4 cyl, 2.0 L, Turbo",fetched,,1
39288,2018,Alfa Romeo,Giulia,"Auto 8-spd, 6 cyl, 2.9 L, Turbo",fetched,,1
39289,2018,Alfa Romeo,Giulia AWD,"Auto 8-spd, 4 cyl, 2.0 L, Turbo",fetched,,1
39291,2018,Buick,LaCrosse AWD,"Auto (S9), 6 cyl, 3.6 L",fetched,,1
39292,2018,Buick,LaCrosse eAssist,"Auto 6-spd, 4 cyl, 2.5 L",fetched,,1
39293,2018,Buick,LaCrosse,"Auto (S9), 6 cyl, 3.6 L",fetched,,1
39302,2018,Mercedes-Benz,S560 4matic,"Auto 9-spd, 8 cyl, 4.0 L, Turbo",fetched,,1
39305,2018,Porsche,Panamera Turbo Executive,"Auto (AM-S8), 8 cyl, 4.0 L, Turbo",fetched,,1
39315,2018,GMC,Terrain AWD,"Auto 6-spd, 4 cyl, 1.6 L, Diesel, Turbo",fetched,,1
39320,2018,Toyota,Sequoia 4WD FFV,"Auto (S6), 8 cyl, 5.7 L",fetched,,1
39330,2018,Kia,Rio,"Auto (S6), 4 cyl, 1.6 L",fetched,,1
39331,2018,Kia,Rio,"Man 6-spd, 4 cyl, 1.6 L",fetched,,1
39352,2018,Porsche,Panamera,"Auto (AM-S8), 6 cyl, 3.0 L, Turbo",fetched,,1
39358,2018,Ram,1500 2WD,"Auto 8-spd, 8 cyl, 5.7 L",fetched,,1
39361,2018,Ram,1500 4WD,"Auto 6-spd, 8 cyl, 5.7 L",fetched,,1
39362,2018,Ram,1500 4WD,"Auto 8-spd, 8 cyl, 5.7 L",fetched,,1
39370,2018,Porsche,Macan GTS,"Auto (AM-S7), 6 cyl, 3.0 L, Turbo",fetched,,1
39371,2018,Toyota,RAV4 AWD,"Auto (S6), 4 cyl, 2.5 L",fetched,,1
39376,2018,Porsche,Cayenne S,"Auto (S8), 6 cyl, 3.6 L, Turbo",fetched,,1
39382,2018,Volvo,XC60 AWD PHEV,"Auto (S8), 4 cyl, 2.0 L, Turbo, Sup Charg",fetched,,1
39383,2018,Volvo,XC90 AWD PHEV,"Auto (S8), 4 cyl, 2.0 L, Turbo, Sup Charg",fetched,,1
39384,2017,Ram,1500 2WD,"Auto 8-spd, 6 cyl, 3.0 L, Diesel, Turbo",fetched,,1
39385,2017,Ram,1500 4WD,"Auto 8-spd, 6 cyl, 3.0 L, Diesel, Turbo",fetched,,1
39389,2018,Cadillac,ATS-V,"Man 6-spd, 6 cyl, 3.6 L, Turbo",fetched,,1
39394,2018,Audi,S7,"Auto (AM-S7), 8 cyl, 4.0 L, Turbo",fetched,,1
39396,2018,Bentley,Flying Spur,"Auto (S8), 8 cyl, 4.0 L, Turbo",fetched,,1
39400,2018,Lincoln,Continental  FWD,"Auto (S6), 6 cyl, 2.7 L, Turbo",fetched,,1
39401,2018,Lincoln,Continental  FWD,"Auto (S6), 6 cyl, 3.7 L",fetched,,1
39409,2018,Karma,Revero,"Auto (A1), 4 cyl, 2.0 L, Turbo",fetched,,1
39414,2018,Chevrolet,Spark,"Auto (variable gear ratios), 4 cyl, 1.4 L",fetched,,1
39416,2018,Chevrolet,Spark,"Man 5-spd, 4 cyl, 1.4 L",fetched,,1
39420,2018,Toyota,Yaris iA,"Man 6-spd, 4 cyl, 1.5 L",fetched,,1
39421,2018,Toyota,Yaris iA,"Auto (S6), 4 cyl, 1.5 L",fetched,,1
39426,2018,Rolls-Royce,Dawn,"Auto (S8), 12 cyl, 6.6 L, Turbo",fetched,,1
39428,2018,Bentley,Mulsanne,"Auto (S8), 8 cyl, 6.8 L, Turbo",fetched,,1
39430,2018,Lincoln,MKZ AWD,"Auto (S6), 4 cyl, 2.0 L, Turbo",fetched,,1
39431,2018,Lincoln,MKZ Hybrid FWD,"Auto (variable gear ratios), 4 cyl, 2.0 L",fetched,,1
39432,2018,Lincoln,MKZ AWD,"Auto (S6), 6 cyl, 3.0 L, Turbo",fetched,,1
39434,2018,Rolls-Royce,Wraith,"Auto (S8), 12 cyl, 6.6 L, Turbo",fetched,,1
39440,2018,Mercedes-Benz,S450 4matic,"Auto 9-spd, 6 cyl, 3.0 L, Turbo",fetched,,1
39441,2018,Rolls-Royce,Phantom,"Auto (S8), 12 cyl, 6.7 L, Turbo",fetched,,1
39442,2018,Rolls-Royce,Phantom EWB,"Auto (S8), 12 cyl, 6.7 L, Turbo",fetched,,1
39443,2018,Rolls-Royce,Ghost,"Auto (S8), 12 cyl, 6.6 L, Turbo",fetched,,1
39444,2018,Rolls-Royce,Ghost EWB,"Auto (S8), 12 cyl, 6.6 L, Turbo",fetched,,1
39453,2018,Ford,Transit T150 Wagon FFV,"Auto (S6), 6 cyl, 3.7 L",fetched,,1
39460,2018,Buick,Envision FWD,"Auto 6-spd, 4 cyl, 2.5 L",fetched,,1
39462,2018,Chevrolet,Trax,"Auto (S6), 4 cyl, 1.4 L, Turbo",fetched,,1
39468,2018,Volkswagen,Atlas,"Auto (S8), 4 cyl, 2.0 L, Turbo",fetched,,1
39476,2018,Buick,Enclave FWD,"Auto 9-spd, 6 cyl, 3.6 L",fetched,,1
39479,2018,BMW,X5 M,"Auto (S8), 8 cyl, 4.4 L, Turbo",fetched,,1
39482,2018,Buick,Enclave AWD,"Auto 9-spd, 6 cyl, 3.6 L",fetched,,1
39483,2018,Chrysler,Pacifica Hybrid,"Auto (variable gear ratios), 6 cyl, 3.6 L",fetched,,1
39484,2018,Fiat,124 Spider,"Auto 6-spd, 4 cyl, 1.4 L, Turbo",fetched,,1
39485,2018,Fiat,124 Spider,"Man 6-spd, 4 cyl, 1.4 L, Turbo",fetched,,1
39487,2018,Porsche,911 GT3,"Auto (AM-S7), 6 cyl, 4.0 L",fetched,,1
39493,2018,Aston Martin,Rapide S,"Auto (S8), 12 cyl, 6.0 L",fetched,,1
39497,2018,Infiniti,Q60 AWD,"Auto (S7), 4 cyl, 2.0 L, Turbo",fetched,,1
39499,2018,Infiniti,Q60 AWD,"Auto (S7), 6 cyl, 3.0 L, Turbo",fetched,,1
39500,2018,Hyundai,Accent,"Auto (S6), 4 cyl, 1.6 L",fetched,,1
39501,2018,Hyundai,Accent,"Man 6-spd, 4 cyl, 1.6 L",fetched,,1
39503,2018,Nissan,Altima,"Auto (variable gear ratios), 4 cyl, 2.5 L",fetched,,1
39504,2018,Nissan,Altima,"Auto (AV-S7), 6 cyl, 3.5 L",fetched,,1
39508,2018,Buick,Regal TourX AWD,"Auto (S8), 4 cyl, 2.0 L, Turbo",fetched,,1
39513,2018,Nissan,Frontier 2WD FFV,"Auto 5-spd, 6 cyl, 4.0 L",fetched,,1
39516,2018,Nissan,Frontier 4WD FFV,"Auto 5-spd, 6 cyl, 4.0 L",fetched,,1
39518,2018,Buick,Envision AWD,"Auto 6-spd, 4 cyl, 2.5 L",fetched,,1
39519,2018,Nissan,Pathfinder 4WD,"Auto (variable gear ratios), 6 cyl, 3.5 L",fetched,,1
39521,2018,BMW,X5 xDrive50i,"Auto (S8), 8 cyl, 4.4 L, Turbo",fetched,,1
39523,2018,Jeep,Grand Cherokee TrackHawk 4WD,"Auto 8-spd, 8 cyl, 6.2 L, Sup Charg",fetched,,1
39527,2017,Aston Martin,DB11 V12,"Auto (S8), 12 cyl, 5.2 L, Turbo",fetched,,1
39528,2018,Audi,R8 AWD,"Auto (AM-S7), 10 cyl, 5.2 L",fetched,,1
39532,2018,Lamborghini,Huracan,"Auto (AM-S7), 10 cyl, 5.2 L",fetched,,1
39533,2018,Lamborghini,Huracan Spyder,"Auto (AM-S7), 10 cyl, 5.2 L",fetched,,1
39534,2018,Lamborghini,Huracan 2WD,"Auto (AM-S7), 10 cyl, 5.2 L",fetched,,1
39535,2018,Lamborghini,Huracan Spyder 2WD,"Auto (AM-S7), 10 cyl, 5.2 L",fetched,,1
39536,2018,Porsche,911 GT3,"Man 6-spd, 6 cyl, 4.0 L",fetched,,1
39537,2018,Aston Martin,Vanquish S Zagato,"Auto (S8), 12 cyl, 6.0 L",fetched,,1
39538,2018,Audi,RS 5,"Auto (AM-S8), 6 cyl, 2.9 L, Turbo",fetched,,1
39541,2018,Acura,MDX FWD,"Auto (S9), 6 cyl, 3.5 L, SIDI; Stop-Start",fetched,,1
39542,2018,Acura,MDX FWD,"Auto (S9), 6 cyl, 3.5 L, SIDI",fetched,,1
39546,2018,Lincoln,MKX FWD,"Auto (S6), 6 cyl, 2.7 L, Turbo",fetched,,1
39547,2018,Lincoln,MKX FWD,"Auto (S6), 6 cyl, 3.7 L",fetched,,1
39548,2018,Acura,MDX AWD,"Auto (S9), 6 cyl, 3.5 L, SIDI; Stop-Start",fetched,,1
39549,2018,Acura,MDX AWD,"Auto (S9), 6 cyl, 3.5 L, SIDI",fetched,,1
39550,2018,Ford,Edge AWD,"Auto (S6), 4 cyl, 2.0 L, Turbo",fetched,,1
39551,2018,Ford,Edge AWD,"Auto (S6), 6 cyl, 3.5 L",fetched,,1
39552,2018,Ford,Edge AWD,"Auto (S6), 6 cyl, 2.7 L, Turbo",fetched,,1
39553,2018,Lincoln,MKX AWD,"Auto (S6), 6 cyl, 2.7 L, Turbo",fetched,,1
39554,2018,Lincoln,MKX AWD,"Auto (S6), 6 cyl, 3.7 L",fetched,,1
39557,2018,Acura,ILX,"Auto (AM-S8), 4 cyl, 2.4 L",fetched,,1
39563,2018,Mazda,2,"Man 6-spd, 4 cyl, 1.5 L",fetched,,1
39564,2018,Mazda,2,"Auto (S6), 4 cyl, 1.5 L",discovered,,1
39569,2018,Honda,Civic Si 4Dr,"Man 6-spd, 4 cyl, 1.5 L, Turbo",fetched,,1
39572,2018,Lexus,GS 300,"Auto (S8), 4 cyl, 2.0 L, Turbo",fetched,,1
39573,2018,Lexus,GS 300 F Sport,"Auto (S8), 4 cyl, 2.0 L, Turbo",fetched,,1
39576,2018,Honda,Civic 5Dr - Type R,"Man 6-spd, 4 cyl, 2.0 L, Turbo",fetched,,1
39577,2018,Volkswagen,Golf Alltrack,"Auto (AM-S6), 4 cyl, 1.8 L, Turbo",fetched,,1
39580,2018,Buick,Envision AWD,"Auto 6-spd, 4 cyl, 2.0 L, Turbo",fetched,,1
39581,2018,Infiniti,QX60 AWD,"Auto (AV-S7), 6 cyl, 3.5 L",fetched,,1
39588,2018,Lexus,NX 300 AWD F Sport,"Auto (S6), 4 cyl, 2.0 L, Turbo",fetched,,1
39590,2018,Bentley,Continental GT Convertible,"Auto (S8), 12 cyl, 6.0 L, Turbo",fetched,,1
39591,2018,Bentley,Continental Supersports Convertible,"Auto (S8), 12 cyl, 6.0 L, Turbo",fetched,,1
39592,2018,Bentley,Flying Spur,"Auto (S8), 12 cyl, 6.0 L, Turbo",fetched,,1
39594,2018,Honda,Accord,"Man 6-spd, 4 cyl, 1.5 L, Turbo",discovered,,1
39595,2018,Honda,Accord,"Auto (variable gear ratios), 4 cyl, 1.5 L, Turbo",discovered,,1
39596,2018,Honda,Accord,"Auto (AV-S7), 4 cyl, 1.5 L, Turbo",discovered,,1
39601,2018,Ford,F150 5.0L 4WD FFV GVWR>7599 LBS,"Auto (S10), 8 cyl, 5.0 L",fetched,,1
39603,2017,smart,fortwo electric drive convertible,Auto (A1),fetched,,1
39612,2018,Nissan,Maxima,"Auto (AV-S7), 6 cyl, 3.5 L",fetched,,1
39617,2018,Kia,Niro FE,"Auto (AM6), 4 cyl, 1.6 L",fetched,,1
39618,2018,Kia,Niro Touring,"Auto (AM6), 4 cyl, 1.6 L",fetched,,1
39619,2018,Ram,1500 2WD,"Auto 8-spd, 6 cyl, 3.6 L",fetched,,1
39620,2018,Ram,1500 4WD,"Auto 8-spd, 6 cyl, 3.6 L",fetched,,1
39624,2018,Honda,CR-V FWD,"Auto (variable gear ratios), 4 cyl, 2.4 L",fetched,,1
39625,2018,Honda,CR-V FWD,"Auto (variable gear ratios), 4 cyl, 1.5 L, Turbo",fetched,,1
39626,2018,Toyota,Highlander,"Auto (S6), 4 cyl, 2.7 L",fetched,,1
39628,2018,Honda,CR-V AWD,"Auto (variable gear ratios), 4 cyl, 2.4 L",fetched,,1
39629,2018,Honda,CR-V AWD,"Auto (variable gear ratios), 4 cyl, 1.5 L, Turbo",fetched,,1
39630,2018,Hyundai,Tucson AWD,"Auto (AM7), 4 cyl, 1.6 L, Turbo",fetched,,1
39631,2018,Hyundai,Tucson AWD,"Auto (S6), 4 cyl, 2.0 L",fetched,,1
39632,2018,Land Rover,Range Rover Evoque Convertible,"Auto (S9), 4 cyl, 2.0 L, Turbo",fetched,,1
39633,2018,Land Rover,Range Rover Evoque (286 Hp),"Auto (S9), 4 cyl, 2.0 L, Turbo",fetched,,1
39636,2018,Lincoln,Navigator 2WD,"Auto (S10), 6 cyl, 3.5 L, Turbo",fetched,,1
39639,2018,Lincoln,Navigator 4WD,"Auto (S10), 6 cyl, 3.5 L, Turbo",fetched,,1
39653,2018,Lexus,IS 300,"Auto (S8), 4 cyl, 2.0 L, Turbo",fetched,,1
39656,2018,Nissan,Sentra,"Man 6-spd, 4 cyl, 1.8 L",fetched,,1
39657,2018,Nissan,Sentra,"Auto (variable gear ratios), 4 cyl, 1.8 L",fetched,,1
39658,2018,Nissan,Sentra,"Man 6-spd, 4 cyl, 1.6 L, Turbo",fetched,,1
39660,2018,Nissan,Sentra,"Auto (AV-S7), 4 cyl, 1.6 L, Turbo",fetched,,1
39666,2018,Ford,Taurus FWD FFV,"Auto (S6), 6 cyl, 3.5 L",fetched,,1
39671,2018,Nissan,NV200 Cargo Van,"Auto (variable gear ratios), 4 cyl, 2.0 L",fetched,,1
39672,2018,Fiat,500 X,"Auto 9-spd, 4 cyl, 2.4 L",fetched,,1
39673,2018,Fiat,500 X,"Man 6-spd, 4 cyl, 1.4 L, Turbo",discovered,,1
39677,2018,Mitsubishi,Outlander Sport 2WD,"Man 5-spd, 4 cyl, 2.0 L",fetched,,1
39678,2018,Mitsubishi,Outlander Sport 2WD,"Auto (AV-S6), 4 cyl, 2.0 L",fetched,,1
39679,2018,Mitsubishi,Outlander Sport 2WD,"Auto (AV-S6), 4 cyl, 2.4 L",fetched,,1
39684,2018,Fiat,500 X AWD,"Auto 9-spd, 4 cyl, 2.4 L",fetched,,1
39685,2018,Jeep,New Wrangler Unlimited 4WD,"Auto 8-spd, 6 cyl, 3.6 L",fetched,,1
39686,2018,Jeep,New Wrangler Unlimited 4WD,"Man 6-spd, 6 cyl, 3.6 L",discovered,,1
39697,2018,Ford,Explorer AWD,"Auto (S6), 4 cyl, 2.3 L, Turbo",fetched,,1
39698,2018,Ford,Explorer AWD,"Auto (S6), 6 cyl, 3.5 L",fetched,,1
39699,2018,Ford,Explorer AWD,"Auto (S6), 6 cyl, 3.5 L, Turbo",fetched,,1
39708,2018,Jaguar,XE AWD (296 Hp),"Auto (S8), 4 cyl, 2.0 L, Turbo",fetched,,1
39709,2018,Lexus,GS F,"Auto (S8), 8 cyl, 5.0 L",fetched,,1
39710,2018,Lexus,IS 300 AWD,"Auto (S6), 6 cyl, 3.5 L",fetched,,1
39714,2018,Acura,RLX Hybrid,"Auto (AM-S7), 6 cyl, 3.5 L",fetched,,1
39720,2018,Jaguar,XJ,"Auto (S8), 8 cyl, 5.0 L, Sup Charg",fetched,,1
39722,2018,Jaguar,XJ,"Auto (S8), 6 cyl, 3.0 L, Sup Charg",fetched,,1
39726,2018,Toyota,Sienna 2WD,"Auto (S8), 6 cyl, 3.5 L",fetched,,1
39730,2018,Toyota,Highlander,"Auto (S8), 6 cyl, 3.5 L",fetched,,1
39732,2018,Hyundai,Tucson AWD,"Auto (S6), 4 cyl, 2.4 L",fetched,,1
39736,2018,Lincoln,Navigator L 2WD,"Auto (S10), 6 cyl, 3.5 L, Turbo",fetched,,1
39737,2018,Porsche,Cayenne Turbo,"Auto (S8), 8 cyl, 4.8 L, Turbo",fetched,,1
39743,2017,Lincoln,MKT Hearse AWD,"Auto 6-spd, 6 cyl, 3.5 L, Turbo",fetched,,1
39745,2018,Jaguar,XE (296 Hp),"Auto (S8), 4 cyl, 2.0 L, Turbo",fetched,,1
39748,2018,Jaguar,E-Pace (296 Hp),"Auto (S9), 4 cyl, 2.0 L, Turbo",fetched,,1
39752,2018,Toyota,Prius,"Auto (variable gear ratios), 4 cyl, 1.8 L",fetched,,1
39754,2018,Honda,Accord,"Man 6-spd, 4 cyl, 2.0 L, Turbo",fetched,,1
39755,2018,Honda,Accord,"Auto 10-spd, 4 cyl, 2.0 L, Turbo",discovered,,1
39767,2018,Cadillac,CT6 Plug-In,"Auto (variable gear ratios), 4 cyl, 2.0 L, Turbo",fetched,,1
39768,2018,Hyundai,Ioniq Plug-in Hybrid,"Auto (AM6), 4 cyl, 1.6 L",fetched,,1
39769,2017,Tesla,Model 3 Long Range,Auto (A1),fetched,,1
39772,2018,Jaguar,XF Sportbrake AWD,"Auto (S8), 6 cyl, 3.0 L, Sup Charg",fetched,,1
39774,2018,Nissan,Murano AWD,"Auto (AV-S7), 6 cyl, 3.5 L",fetched,,1
39775,2018,Jeep,Renegade 2WD,"Auto 9-spd, 4 cyl, 2.4 L, FFV",fetched,,1
39776,2018,Jeep,Renegade 2WD,"Man 6-spd, 4 cyl, 1.4 L, Turbo",fetched,,1
39777,2018,Mazda,CX-5 2WD,"Auto (S6), 4 cyl, 2.5 L",fetched,,1
39778,2018,Jaguar,E-Pace,"Auto (S9), 4 cyl, 2.0 L, Turbo",fetched,,1
39779,2018,Jeep,Renegade 4WD,"Auto 9-spd, 4 cyl, 2.4 L",fetched,,1
39780,2018,Jeep,Renegade 4WD,"Man 6-spd, 4 cyl, 1.4 L, Turbo",fetched,,1
39783,2018,Kia,Optima Plug-in Hybrid,"Auto (AM6), 4 cyl, 2.0 L",fetched,,1
39784,2018,smart,fortwo electric drive coupe,Auto (A1),fetched,,1
39785,2018,smart,fortwo electric drive convertible,Auto (A1),fetched,,1
39787,2018,Acura,NSX Hybrid,"Auto (AM-S9), 6 cyl, 3.5 L, Turbo",fetched,,1
39797,2018,Infiniti,QX80 2WD,"Auto (S7), 8 cyl, 5.6 L",fetched,,1
39798,2018,Infiniti,QX80 4WD,"Auto (S7), 8 cyl, 5.6 L",fetched,,1
39804,2018,Jeep,Renegade 2WD,"Auto 9-spd, 4 cyl, 2.4 L",fetched,,1
39807,2018,Land Rover,Range Rover,"Auto (S8), 6 cyl, 3.0 L, Sup Charg",fetched,,1
39809,2018,Land Rover,Discovery,"Auto (S8), 6 cyl, 3.0 L, Sup Charg",fetched,,1
39811,2018,Koenigsegg,Agera RS,"Auto 7-spd, 8 cyl, 5.0 L, Turbo",fetched,,1
39812,2018,Pagani,Huayra,"Auto (AM7), 12 cyl, 6.0 L, Turbo",fetched,,1
39815,2018,Lexus,RC F,"Auto (S8), 8 cyl, 5.0 L",fetched,,1
39822,2018,Kia,Optima S,"Auto (S6), 4 cyl, 2.4 L",fetched,,1
39825,2018,Lexus,RX 350,"Auto (S8), 6 cyl, 3.5 L",fetched,,1
39828,2018,Lexus,RX 350 AWD,"Auto (S8), 6 cyl, 3.5 L",fetched,,1
39830,2018,Mitsubishi,Outlander PHEV,"Auto (A1), 4 cyl, 2.0 L",fetched,,1
39831,2017,Tesla,Model X AWD - 100D,Auto (A1),fetched,,1
39836,2018,Tesla,Model 3 Long Range,Auto (A1),fetched,,1
39837,2018,Tesla,Model S 75kWh,Auto (A1),fetched,,1
39838,2018,Tesla,Model S 75D,Auto (A1),fetched,,1
39839,2018,Tesla,Model S 100D,Auto (A1),fetched,,1
39840,2018,Tesla,Model S P100D,Auto (A1),fetched,,1
39842,2018,Tesla,Model X 100D,Auto (A1),fetched,,1
39843,2018,Tesla,Model X P100D,Auto (A1),fetched,,1
39844,2018,Jaguar,XF (296 Hp),"Auto (S8), 4 cyl, 2.0 L, Turbo",fetched,,1
39848,2018,Lexus,RX 350 L,"Auto (S8), 6 cyl, 3.5 L",fetched,,1
39849,2018,Land Rover,Range Rover Evoque,"Auto (S9), 4 cyl, 2.0 L, Turbo",fetched,,1
39851,2018,Land Rover,Discovery Sport (286 Hp),"Auto (S9), 4 cyl, 2.0 L, Turbo",fetched,,1
39853,2018,Mercedes-Benz,C350e,"Auto 7-spd, 4 cyl, 2.0 L, Turbo",fetched,,1
39859,2018,Mercedes-Benz,"Metris (Cargo Van, LWB)","Auto 7-spd, 4 cyl, 2.0 L, Turbo",fetched,,1
39862,2019,Jeep,Cherokee 4WD,"Auto 9-spd, 6 cyl, 3.2 L",fetched,,1
39868,2018,Ram,1500 2WD,"Auto 8-spd, 6 cyl, 3.0 L, Diesel, Turbo",fetched,,1
39869,2018,Ram,1500 4WD,"Auto 8-spd, 6 cyl, 3.0 L, Diesel, Turbo",fetched,,1
39870,2018,Acura,MDX Hybrid AWD,"Auto (AM-S7), 6 cyl, 3.0 L",fetched,,1
39871,2018,Volkswagen,e-Golf,Auto (A1),fetched,,1
39880,2018,BYD,e6,Auto (A1),fetched,,1
39883,2019,Infiniti,QX50,"Auto (AV-S8), 4 cyl, 2.0 L, Turbo",fetched,,1
39894,2019,Jeep,Cherokee 4WD,"Auto 9-spd, 4 cyl, 2.0 L, Turbo",discovered,,1
39895,2019,Jeep,Cherokee 4WD,"Auto 9-spd, 4 cyl, 2.4 L",discovered,,1
39901,2018,Lexus,LS 500 AWD,"Auto (S10), 6 cyl, 3.4 L, Turbo",discovered,,1
39902,2018,Land Rover,Discovery,"Auto (S8), 6 cyl, 3.0 L, Diesel, Turbo",fetched,,1
39903,2018,Land Rover,Range Rover,"Auto (S8), 8 cyl, 5.0 L, Sup Charg",fetched,,1
39904,2018,Land Rover,Range Rover LWB,"Auto (S8), 8 cyl, 5.0 L, Sup Charg",fetched,,1
39905,2018,Land Rover,Range Rover SVA,"Auto (S8), 8 cyl, 5.0 L, Sup Charg",fetched,,1
39906,2018,Land Rover,Range Rover LWB SVA,"Auto (S8), 8 cyl, 5.0 L, Sup Charg",fetched,,1
39908,2018,Land Rover,Range Rover Sport SVR,"Auto (S8), 8 cyl, 5.0 L, Sup Charg",fetched,,1
39909,2019,Genesis,G70 AWD,"Auto (S8), 6 cyl, 3.3 L, Turbo",fetched,,1
39911,2019,Genesis,G70 AWD,"Auto (S8), 4 cyl, 2.0 L, Turbo",fetched,,1
39914,2019,Buick,Envision AWD,"Auto 9-spd, 4 cyl, 2.0 L, Turbo",fetched,,1
39922,2018,Mitsubishi,Eclipse Cross ES 2WD,"Auto (AV-S8), 4 cyl, 1.5 L, Turbo",fetched,,1
39925,2018,Land Rover,Range Rover,"Auto (S8), 6 cyl, 3.0 L, Diesel, Turbo",fetched,,1
39928,2018,Porsche,Cayenne S e-Hybrid,"Auto (AM8), 6 cyl, 3.0 L, Sup Charg",fetched,,1
39931,2019,Volvo,XC40 AWD,"Auto (S8), 4 cyl, 2.0 L, Turbo",fetched,,1
39933,2018,Volkswagen,Golf Alltrack,"Man 6-spd, 4 cyl, 1.8 L, Turbo",fetched,,1
39935,2018,Alfa Romeo,Stelvio AWD,"Auto 8-spd, 6 cyl, 2.9 L, Turbo",fetched,,1
39936,2019,Hyundai,Veloster,"Auto (S6), 4 cyl, 2.0 L",fetched,,1
39937,2019,Hyundai,Veloster,"Man 6-spd, 4 cyl, 2.0 L",discovered,,1
39938,2019,Hyundai,Veloster,"Auto (AM7), 4 cyl, 1.6 L, Turbo",discovered,,1
39939,2019,Hyundai,Veloster,"Man 6-spd, 4 cyl, 1.6 L, Turbo",discovered,,1
39940,2019,Ram,1500 2WD,"Auto 8-spd, 8 cyl, 5.7 L",fetched,,1
39941,2019,Ram,1500 4WD,"Auto 8-spd, 8 cyl, 5.7 L",fetched,,1
39942,2019,Buick,Envision FWD,"Auto 6-spd, 4 cyl, 2.5 L",fetched,,1
39943,2019,Buick,Envision AWD,"Auto 6-spd, 4 cyl, 2.5 L",fetched,,1
39950,2019,Acura,TLX FWD A-SPEC,"Auto (AM-S8), 4 cyl, 2.4 L",fetched,,1
39951,2019,Acura,TLX FWD A-SPEC,"Auto (S9), 6 cyl, 3.5 L",fetched,,1
39954,2018,Fiat,500,"Auto 6-spd, 4 cyl, 1.4 L, Turbo",fetched,,1
39955,2018,Fiat,500,"Man 5-spd, 4 cyl, 1.4 L, Turbo",fetched,,1
39956,2018,Fiat,500 Abarth,"Auto 6-spd, 4 cyl, 1.4 L, Turbo",fetched,,1
39957,2018,Fiat,500 Abarth,"Man 5-spd, 4 cyl, 1.4 L, Turbo",fetched,,1
39959,2018,Fiat,500e,Auto (A1),fetched,,1
39963,2019,MINI,Cooper Convertible,"Auto (S6), 3 cyl, 1.5 L, Turbo",fetched,,1
39964,2019,MINI,Cooper Convertible,"Man 6-spd, 3 cyl, 1.5 L, Turbo",fetched,,1
39969,2019,BMW,430i Convertible,"Auto (S8), 4 cyl, 2.0 L, Turbo",fetched,,1
39979,2019,MINI,Cooper S Hardtop 4 door,"Auto (S6), 4 cyl, 2.0 L, Turbo",fetched,,1
39980,2019,MINI,Cooper S Hardtop 4 door,"Man 6-spd, 4 cyl, 2.0 L, Turbo",fetched,,1
39983,2019,Acura,TLX FWD,"Auto (AM-S8), 4 cyl, 2.4 L",fetched,,1
39984,2019,Acura,TLX FWD,"Auto (S9), 6 cyl, 3.5 L",fetched,,1
40005,2019,Infiniti,Q70 AWD,"Auto (S7), 8 cyl, 5.6 L",fetched,,1
40007,2019,Infiniti,Q70 AWD,"Auto (S7), 6 cyl, 3.7 L",fetched,,1
40008,2019,MINI,Cooper Clubman,"Auto (S6), 3 cyl, 1.5 L, Turbo",fetched,,1
40009,2019,MINI,Cooper Clubman,"Man 6-spd, 3 cyl, 1.5 L, Turbo",fetched,,1
40010,2019,MINI,Cooper Countryman,"Auto (S6), 3 cyl, 1.5 L, Turbo",fetched,,1
40011,2019,MINI,Cooper Countryman,"Man 6-spd, 3 cyl, 1.5 L, Turbo",fetched,,1
40012,2019,MINI,Cooper Clubman All4,"Auto (S8), 3 cyl, 1.5 L, Turbo",fetched,,1
40013,2019,MINI,Cooper Clubman All4,"Man 6-spd, 3 cyl, 1.5 L, Turbo",fetched,,1
40025,2019,MINI,JCW Countryman All4,"Man 6-spd, 4 cyl, 2.0 L, Turbo",fetched,,1
40032,2019,Genesis,G90 AWD,"Auto (S8), 6 cyl, 3.3 L, Turbo",fetched,,1
40034,2019,Genesis,G90 AWD,"Auto (S8), 8 cyl, 5.0 L",fetched,,1
40040,2018,Mercedes-Benz,AMG GLC63 4matic Coupe,"Auto 9-spd, 8 cyl, 4.0 L, Turbo",fetched,,1
40045,2019,Jaguar,F-Type Coupe,"Auto (S8), 4 cyl, 2.0 L, Turbo",discovered,,1
40048,2019,Jaguar,XE AWD,"Auto (S8), 4 cyl, 2.0 L, Turbo",fetched,,1
40051,2019,Jaguar,F-Pace,"Auto (S8), 4 cyl, 2.0 L, Turbo",fetched,,1
40058,2019,MINI,JCW Countryman All4,"Auto (S8), 4 cyl, 2.0 L, Turbo",fetched,,1
40059,2019,Genesis,G80 AWD,"Auto (S8), 6 cyl, 3.3 L, Turbo",fetched,,1
40060,2019,Genesis,G80 RWD,"Auto (S8), 6 cyl, 3.3 L, Turbo",fetched,,1
40061,2019,Genesis,G80 AWD,"Auto (S8), 6 cyl, 3.8 L",fetched,,1
40062,2019,Genesis,G80 AWD,"Auto (S8), 8 cyl, 5.0 L",fetched,,1
40063,2019,Genesis,G80 RWD,"Auto (S8), 8 cyl, 5.0 L",fetched,,1
40067,2019,Ferrari,488 GTB,"Auto (AM7), 8 cyl, 3.9 L, Turbo, SIDI",fetched,,1
40068,2019,Ferrari,488 Spider,"Auto (AM7), 8 cyl, 3.9 L, Turbo, SIDI",fetched,,1
40069,2019,Ferrari,812 Superfast,"Auto (AM7), 12 cyl, 6.5 L",fetched,,1
40070,2019,Ferrari,GTC4Lusso,"Auto (AM7), 12 cyl, 6.3 L",fetched,,1
40071,2019,Ferrari,GTC4Lusso T,"Auto (AM7), 8 cyl, 3.9 L, Turbo",fetched,,1
40072,2019,Ferrari,Portofino,"Auto (AM7), 8 cyl, 3.9 L, Turbo",fetched,,1
40073,2019,Mazda,CX-3 2WD,"Auto (S6), 4 cyl, 2.0 L",fetched,,1
40074,2019,Mazda,CX-3 4WD,"Auto (S6), 4 cyl, 2.0 L",fetched,,1
40075,2019,Honda,Fit,"Auto (variable gear ratios), 4 cyl, 1.5 L",discovered,,1
40076,2019,Honda,Fit,"Auto (AV-S7), 4 cyl, 1.5 L",fetched,,1
40077,2019,Honda,Fit,"Man 6-spd, 4 cyl, 1.5 L",fetched,,1
40081,2019,Ferrari,488 GTB,"Auto (AM7), 8 cyl, 3.9 L, Turbo, SIDI; Stop-Start",fetched,,1
40082,2019,Ferrari,488 Spider,"Auto (AM7), 8 cyl, 3.9 L, Turbo, SIDI; Stop-Start",fetched,,1
40083,2019,Ferrari,488 Pista Spider,"Auto (AM7), 8 cyl, 3.9 L, Turbo",fetched,,1
40084,2019,Jaguar,F-Type Coupe,"Auto (S8), 6 cyl, 3.0 L, Sup Charg",discovered,,1
40088,2019,Toyota,Avalon XLE,"Auto (S8), 6 cyl, 3.5 L",fetched,,1
40089,2019,Toyota,Avalon Hybrid,"Auto (AV-S6), 4 cyl, 2.5 L",fetched,,1
40093,2018,Jeep,New Wrangler Unlimited 4WD,"Auto 8-spd, 4 cyl, 2.0 L, Turbo",discovered,,1
40099,2019,Jaguar,F-Type Coupe,"Man 6-spd, 6 cyl, 3.0 L, Sup Charg",discovered,,1
40106,2019,Genesis,G80 RWD,"Auto (S8), 6 cyl, 3.8 L",fetched,,1
40110,2019,Lincoln,MKC FWD,"Auto (S6), 4 cyl, 2.0 L, Turbo",fetched,,1
40117,2019,Ferrari,488 Pista,"Auto (AM7), 8 cyl, 3.9 L, Turbo",fetched,,1
40118,2019,Porsche,Boxster,"Man 6-spd, 4 cyl, 2.0 L, Turbo",fetched,,1
40119,2019,Porsche,Boxster,"Auto (AM-S7), 4 cyl, 2.0 L, Turbo",fetched,,1
40120,2019,Porsche,Boxster S,"Man 6-spd, 4 cyl, 2.5 L, Turbo",fetched,,1
40127,2019,Porsche,911 Carrera 4,"Man 7-spd, 6 cyl, 3.0 L, Turbo",fetched,,1
40132,2019,Porsche,911 Targa 4,"Man 7-spd, 6 cyl, 3.0 L, Turbo",fetched,,1
40133,2019,Porsche,911 Targa 4,"Auto (AM-S7), 6 cyl, 3.0 L, Turbo",fetched,,1
40151,2019,Subaru,Crosstrek AWD,"Man 6-spd, 4 cyl, 2.0 L",fetched,,1
40153,2019,Lincoln,MKT FWD,"Auto (S6), 6 cyl, 3.7 L",fetched,,1
40156,2019,Lincoln,MKT AWD,"Auto (S6), 6 cyl, 3.5 L, Turbo",fetched,,1
40158,2019,Aston Martin,Vantage V8,"Auto (S8), 8 cyl, 4.0 L, Turbo",fetched,,1
40161,2019,Nissan,370Z Roadster,"Auto (S7), 6 cyl, 3.7 L",fetched,,1
40164,2019,Porsche,Boxster S,"Auto (AM-S7), 4 cyl, 2.5 L, Turbo",fetched,,1
40171,2019,Aston Martin,DB11 V12,"Auto (S8), 12 cyl, 5.2 L, Turbo",fetched,,1
40172,2019,Aston Martin,DB11 V8,"Auto (S8), 8 cyl, 4.0 L, Turbo",fetched,,1
40175,2019,Porsche,911 Carrera 4,"Auto (AM-S7), 6 cyl, 3.0 L, Turbo",fetched,,1
40184,2019,Lexus,RC F,"Auto (S8), 8 cyl, 5.0 L",fetched,,1
40186,2019,Jaguar,XE AWD,"Auto (S8), 6 cyl, 3.0 L, Sup Charg",fetched,,1
40191,2019,Subaru,Impreza Sport 4-Door,"Man 5-spd, 4 cyl, 2.0 L",fetched,,1
40192,2019,Subaru,Impreza Sport 4-Door,"Auto (AV-S7), 4 cyl, 2.0 L",fetched,,1
40195,2019,Cadillac,XTS AWD,"Auto (S6), 6 cyl, 3.6 L, Turbo",fetched,,1
40196,2019,Cadillac,XTS AWD,"Auto (S6), 6 cyl, 3.6 L",fetched,,1
40207,2019,Subaru,Impreza Sport 5-Door,"Man 5-spd, 4 cyl, 2.0 L",fetched,,1
40208,2019,Subaru,Impreza Sport 5-Door,"Auto (AV-S7), 4 cyl, 2.0 L",fetched,,1
40209,2019,Jaguar,XF Sportbrake AWD,"Auto (S8), 6 cyl, 3.0 L, Sup Charg",fetched,,1
40210,2019,Cadillac,XTS Hearse,"Auto (S6), 6 cyl, 3.6 L",fetched,,1
40211,2019,Cadillac,XTS Limo,"Auto (S6), 6 cyl, 3.6 L",fetched,,1
40214,2019,Jaguar,F-Pace,"Auto (S8), 6 cyl, 3.0 L, Sup Charg",fetched,,1
40216,2019,Subaru,Crosstrek AWD,"Auto (AV-S7), 4 cyl, 2.0 L",fetched,,1
40217,2018,Aston Martin,DB11 V12,"Auto (S8), 12 cyl, 5.2 L, Turbo",fetched,,1
40218,2018,Aston Martin,DB11 V8,"Auto (S8), 8 cyl, 4.0 L, Turbo",fetched,,1
40227,2019,Fiat,124 Spider,"Auto 6-spd, 4 cyl, 1.4 L, Turbo",fetched,,1
40228,2019,Fiat,124 Spider,"Man 6-spd, 4 cyl, 1.4 L, Turbo",fetched,,1
40229,2019,Buick,Cascada,"Auto (S6), 4 cyl, 1.6 L, Turbo",fetched,,1
40230,2019,Chevrolet,Spark,"Auto (variable gear ratios), 4 cyl, 1.4 L",fetched,,1
40231,2019,Chevrolet,Spark,"Man 5-spd, 4 cyl, 1.4 L",fetched,,1
40235,2019,Volvo,S60 FWD,"Auto (S8), 4 cyl, 2.0 L, Turbo",fetched,,1
40237,2019,Buick,LaCrosse eAssist,"Auto (S6), 4 cyl, 2.5 L",fetched,,1
40240,2019,Chevrolet,Cruze Hatchback,"Auto 9-spd, 4 cyl, 1.6 L, Diesel, Turbo",fetched,,1
40253,2019,Volvo,V60 FWD,"Auto (S8), 4 cyl, 2.0 L, Turbo",fetched,,1
40254,2019,Volvo,V60 AWD,"Auto (S8), 4 cyl, 2.0 L, Turbo, Sup Charg",fetched,,1
40255,2019,Volvo,V90 FWD,"Auto (S8), 4 cyl, 2.0 L, Turbo",fetched,,1
40261,2019,GMC,Sierra LTD K15 4WD,"Auto 6-spd, 8 cyl, 5.3 L",fetched,,1
40262,2019,Acura,RDX FWD,"Auto (S10), 4 cyl, 2.0 L, Turbo",fetched,,1
40272,2019,Lexus,NX 300,"Auto (S6), 4 cyl, 2.0 L, Turbo",fetched,,1
40273,2019,Volvo,XC60 FWD,"Auto (S8), 4 cyl, 2.0 L, Turbo",fetched,,1
40274,2019,Volvo,XC40 FWD,"Auto (S8), 4 cyl, 2.0 L, Turbo",fetched,,1
40275,2019,Acura,RDX AWD,"Auto (S10), 4 cyl, 2.0 L, Turbo",fetched,,1
40277,2019,Buick,Encore AWD,"Auto (S6), 4 cyl, 1.4 L, Turbo, SIDI",fetched,,1
40290,2019,Volvo,XC60 AWD,"Auto (S8), 4 cyl, 2.0 L, Turbo",fetched,,1
40303,2019,Buick,Enclave AWD,"Auto 9-spd, 6 cyl, 3.6 L",fetched,,1
40313,2019,GMC,Yukon K1500 4WD,"Auto 6-spd, 8 cyl, 5.3 L, SIDI; FFV",fetched,,1
40315,2019,GMC,Yukon K1500 4WD,"Auto 6-spd, 8 cyl, 5.3 L, SIDI",discovered,,1
40317,2019,GMC,Yukon K1500 4WD,"Auto 10-spd, 8 cyl, 6.2 L, SIDI",discovered,,1
40318,2019,GMC,Acadia AWD,"Auto 6-spd, 4 cyl, 2.5 L",fetched,,1
40333,2019,Toyota,Corolla Hatchback,"Man 6-spd, 4 cyl, 2.0 L",fetched,,1
40334,2019,Toyota,Corolla Hatchback,"Auto (AV-S10), 4 cyl, 2.0 L",fetched,,1
40336,2019,Kia,Optima,"Auto (AM7), 4 cyl, 1.6 L, Turbo",fetched,,1
40337,2019,Kia,Optima,"Auto (S6), 4 cyl, 2.0 L, Turbo",fetched,,1
40338,2019,Kia,Optima,"Auto (S6), 4 cyl, 2.4 L",fetched,,1
40341,2019,Volvo,XC60 AWD,"Auto (S8), 4 cyl, 2.0 L, Turbo, Sup Charg",fetched,,1
40343,2019,GMC,Acadia AWD,"Auto 6-spd, 6 cyl, 3.6 L",fetched,,1
40349,2019,Acura,RLX,"Auto (S10), 6 cyl, 3.5 L",fetched,,1
40358,2019,BMW,X4 xDrive30i,"Auto (S8), 4 cyl, 2.0 L, Turbo",fetched,,1
40359,2019,Mitsubishi,Eclipse Cross 4WD,"Auto (AV-S8), 4 cyl, 1.5 L, Turbo",fetched,,1
40360,2019,Mitsubishi,Eclipse Cross ES 4WD,"Auto (AV-S8), 4 cyl, 1.5 L, Turbo",fetched,,1
40370,2019,Hyundai,Elantra SE,"Auto (S6), 4 cyl, 2.0 L",fetched,,1
40371,2019,Hyundai,Elantra,"Auto (S6), 4 cyl, 2.0 L",fetched,,1
40372,2019,Hyundai,Elantra,"Man 6-spd, 4 cyl, 2.0 L",fetched,,1
40373,2019,Subaru,Legacy AWD,"Auto (AV-S7), 4 cyl, 2.5 L",fetched,,1
40374,2019,Subaru,Legacy AWD,"Auto (AV-S6), 6 cyl, 3.6 L",fetched,,1
40382,2019,Subaru,Outback AWD,"Auto (AV-S7), 4 cyl, 2.5 L",fetched,,1
40383,2019,Subaru,Outback AWD,"Auto (AV-S6), 6 cyl, 3.6 L",fetched,,1
40384,2019,Hyundai,Ioniq Electric,Auto (A1),fetched,,1
40385,2018,Tesla,Model 3 Long Range  AWD,Auto (A1),fetched,,1
40386,2018,Tesla,Model 3 Long Range  AWD Performance,Auto (A1),fetched,,1
40387,2019,Chevrolet,Colorado 2WD,"Auto 6-spd, 4 cyl, 2.5 L",discovered,,1
40388,2019,Chevrolet,Colorado 2WD,"Man 6-spd, 4 cyl, 2.5 L",fetched,,1
40392,2019,GMC,Canyon 4WD,"Auto 6-spd, 4 cyl, 2.5 L",fetched,,1
40394,2019,Ram,1500 2WD,"Auto 8-spd, 8 cyl, 5.7 L, Mild Hybrid; eTorque",fetched,,1
40396,2019,Ram,1500 Classic 4WD,"Auto 8-spd, 8 cyl, 5.7 L",fetched,,1
40397,2019,Ram,1500 4WD,"Auto 8-spd, 8 cyl, 5.7 L, Mild Hybrid; eTorque",discovered,,1
40398,2019,Ram,1500 Classic 4WD,"Auto 8-spd, 6 cyl, 3.6 L",fetched,,1
40405,2019,Volvo,S90 AWD PHEV,"Auto (S8), 4 cyl, 2.0 L, Turbo, Sup Charg",fetched,,1
40409,2019,Cadillac,ATS AWD,"Auto (S8), 4 cyl, 2.0 L, Turbo",fetched,,1
40411,2019,Cadillac,ATS AWD,"Auto (S8), 6 cyl, 3.6 L",fetched,,1
40412,2019,Buick,LaCrosse AWD,"Auto (S9), 6 cyl, 3.6 L",fetched,,1
40416,2019,Cadillac,CTS AWD,"Auto (S8), 4 cyl, 2.0 L, Turbo",fetched,,1
40418,2019,Cadillac,CTS AWD,"Auto (S8), 6 cyl, 3.6 L",fetched,,1
40419,2019,Fiat,500 L,"Auto 6-spd, 4 cyl, 1.4 L, Turbo",fetched,,1
40422,2019,Honda,HR-V AWD,"Auto (variable gear ratios), 4 cyl, 1.8 L",fetched,,1
40423,2019,Honda,HR-V AWD,"Auto (AV-S7), 4 cyl, 1.8 L",fetched,,1
40433,2019,Infiniti,QX80 2WD,"Auto (S7), 8 cyl, 5.6 L",fetched,,1
40435,2019,Bugatti,Chiron,"Auto (AM-S7), 16 cyl, 8.0 L, Turbo",fetched,,1
40438,2019,BMW,230i xDrive Coupe,"Auto (S8), 4 cyl, 2.0 L, Turbo",fetched,,1
40450,2019,BMW,M2 Competition,"Man 6-spd, 6 cyl, 3.0 L, Turbo",fetched,,1
40451,2019,BMW,M2 Competition,"Auto (AM-S7), 6 cyl, 3.0 L, Turbo",fetched,,1
40454,2019,BMW,M4 Convertible Competition,"Man 6-spd, 6 cyl, 3.0 L, Turbo",fetched,,1
40455,2019,BMW,M4 Convertible Competition,"Auto (AM-S7), 6 cyl, 3.0 L, Turbo",fetched,,1
40465,2019,BMW,M4 Coupe,"Man 6-spd, 6 cyl, 3.0 L, Turbo",fetched,,1
40466,2019,BMW,M4 Coupe,"Auto (AM-S7), 6 cyl, 3.0 L, Turbo",fetched,,1
40473,2019,Jaguar,XE AWD,"Auto (S8), 4 cyl, 2.0 L, Diesel, Turbo",fetched,,1
40474,2019,Rolls-Royce,Dawn,"Auto (S8), 12 cyl, 6.6 L, Turbo",fetched,,1
40482,2019,Chevrolet,Cruze Hatchback,"Auto (S6), 4 cyl, 1.4 L, Turbo",fetched,,1
40490,2019,Kia,Forte,"Auto (variable gear ratios), 4 cyl, 2.0 L",fetched,,1
40491,2019,Kia,Forte,"Man 6-spd, 4 cyl, 2.0 L",fetched,,1
40493,2019,Rolls-Royce,Wraith,"Auto (S8), 12 cyl, 6.6 L, Turbo",fetched,,1
40498,2019,Maserati,Quattroporte SQ4 V6,"Auto 8-spd, 6 cyl, 3.0 L, Turbo",fetched,,1
40499,2019,Rolls-Royce,Ghost,"Auto (S8), 12 cyl, 6.6 L, Turbo",fetched,,1
40500,2019,Rolls-Royce,Ghost EWB,"Auto (S8), 12 cyl, 6.6 L, Turbo",fetched,,1
40502,2019,Chevrolet,Colorado 2WD,"Auto 6-spd, 4 cyl, 2.8 L, Diesel, Turbo",fetched,,1
40508,2019,Dodge,Grand Caravan,"Auto 6-spd, 6 cyl, 3.6 L, FFV",fetched,,1
40511,2019,Acura,MDX AWD,"Auto (S9), 6 cyl, 3.5 L",fetched,,1
40512,2019,Acura,MDX AWD A-SPEC,"Auto (S9), 6 cyl, 3.5 L",fetched,,1
40514,2019,Jaguar,F-Pace,"Auto (S8), 4 cyl, 2.0 L, Diesel, Turbo",fetched,,1
40516,2019,Mitsubishi,Outlander 4WD,"Auto (AV-S6), 4 cyl, 2.4 L",fetched,,1
40517,2019,Mitsubishi,Outlander 4WD,"Auto (S6), 6 cyl, 3.0 L",fetched,,1
40521,2018,Mazda,CX-5 2WD,"Auto (S6), 4 cyl, 2.2 L, Diesel, Turbo",fetched,,1
40523,2019,Lamborghini,Aventador Coupe,"Auto (AM-S7), 12 cyl, 6.5 L",fetched,,1
40524,2019,Lamborghini,Aventador Roadster,"Auto (AM-S7), 12 cyl, 6.5 L",fetched,,1
40529,2019,Maserati,Ghibli V6 SQ4 AWD,"Auto 8-spd, 6 cyl, 3.0 L, Turbo",fetched,,1
40530,2019,Maserati,Ghibli  S RWD,"Auto 8-spd, 6 cyl, 3.0 L, Turbo",fetched,,1
40537,2019,Maserati,Quattroporte V8,"Auto 8-spd, 8 cyl, 3.8 L, Turbo",fetched,,1
40538,2019,Maserati,Quattroporte S,"Auto 8-spd, 6 cyl, 3.0 L, Turbo",fetched,,1
40544,2019,Chrysler,Pacifica,"Auto 9-spd, 6 cyl, 3.6 L",fetched,,1
40545,2019,Chrysler,Pacifica,"Auto 9-spd, 6 cyl, 3.6 L, Stop-Start",fetched,,1
40549,2019,Jeep,Compass FWD,"Man 6-spd, 4 cyl, 2.4 L",fetched,,1
40550,2019,Jeep,Compass FWD,"Auto 6-spd, 4 cyl, 2.4 L",fetched,,1
40554,2019,Mercedes-Benz,GLA250 4matic,"Auto (AM7), 4 cyl, 2.0 L, Turbo, SIDI; FFV",fetched,,1
40559,2019,Subaru,BRZ,"Man 6-spd, 4 cyl, 2.0 L",fetched,,1
40560,2019,Subaru,BRZ,"Auto (S6), 4 cyl, 2.0 L",fetched,,1
40563,2019,Chevrolet,Malibu,"Auto 9-spd, 4 cyl, 2.0 L, Turbo",fetched,,1
40569,2019,Buick,Regal TourX AWD,"Auto (S8), 4 cyl, 2.0 L, Turbo",fetched,,1
40570,2019,Mercedes-Benz,GLC300,"Auto 9-spd, 4 cyl, 2.0 L, Turbo",fetched,,1
40572,2019,Land Rover,Range Rover Evoque Cabriolet,"Auto (S9), 4 cyl, 2.0 L, Turbo",fetched,,1
40575,2019,Mercedes-Benz,GLA250 4matic,"Auto (AM7), 4 cyl, 2.0 L, Turbo, SIDI",fetched,,1
40581,2019,Land Rover,Discovery,"Auto (S8), 6 cyl, 3.0 L, Sup Charg",fetched,,1
40582,2019,Land Rover,Discovery,"Auto (S8), 6 cyl, 3.0 L, Diesel, Turbo",fetched,,1
40583,2019,Maserati,Levante S,"Auto 8-spd, 6 cyl, 3.0 L, Turbo",fetched,,1
40584,2019,Maserati,Levante,"Auto 8-spd, 6 cyl, 3.0 L, Turbo",fetched,,1
40587,2019,Cadillac,Escalade 2WD,"Auto 10-spd, 8 cyl, 6.2 L",fetched,,1
40595,2019,Jaguar,XE AWD,"Auto (S8), 8 cyl, 5.0 L, Sup Charg",fetched,,1
40610,2019,Chrysler,300,"Auto 8-spd, 6 cyl, 3.6 L",fetched,,1
40611,2019,Chrysler,300,"Auto 8-spd, 6 cyl, 3.6 L, FFV",fetched,,1
40612,2019,Chrysler,300,"Auto 8-spd, 8 cyl, 5.7 L",fetched,,1
40613,2019,Chrysler,300 AWD,"Auto 8-spd, 6 cyl, 3.6 L",fetched,,1
40614,2019,Chrysler,300 AWD,"Auto 8-spd, 6 cyl, 3.6 L, FFV",fetched,,1
40615,2019,Dodge,Charger,"Auto 8-spd, 6 cyl, 3.6 L",fetched,,1
40616,2019,Dodge,Charger,"Auto 8-spd, 6 cyl, 3.6 L, FFV",fetched,,1
40617,2019,Dodge,Charger,"Auto 8-spd, 8 cyl, 5.7 L",fetched,,1
40618,2019,Dodge,Charger,"Auto 8-spd, 8 cyl, 6.4 L",fetched,,1
40625,2019,Toyota,4Runner 2WD,"Auto (S5), 6 cyl, 4.0 L",fetched,,1
40636,2019,Alfa Romeo,Giulia,"Auto 8-spd, 4 cyl, 2.0 L, Turbo",fetched,,1
40637,2019,Alfa Romeo,Giulia,"Auto 8-spd, 6 cyl, 2.9 L, Turbo",fetched,,1
40638,2019,Alfa Romeo,Giulia AWD,"Auto 8-spd, 4 cyl, 2.0 L, Turbo",fetched,,1
40642,2019,Chevrolet,Colorado 2WD,"Auto 8-spd, 6 cyl, 3.6 L",discovered,,1
40653,2019,GMC,Canyon 4WD,"Auto 6-spd, 4 cyl, 2.8 L, Diesel, Turbo",fetched,,1
40654,2019,GMC,Canyon 4WD,"Auto 8-spd, 6 cyl, 3.6 L",fetched,,1
40655,2019,Nissan,Frontier 4WD,"Auto 5-spd, 6 cyl, 4.0 L",fetched,,1
40656,2019,Nissan,Frontier 4WD,"Man 6-spd, 6 cyl, 4.0 L",discovered,,1
40660,2019,Alfa Romeo,Stelvio,"Auto 8-spd, 4 cyl, 2.0 L, Turbo",fetched,,1
40661,2019,Alfa Romeo,Stelvio AWD,"Auto 8-spd, 4 cyl, 2.0 L, Turbo",fetched,,1
40662,2019,Alfa Romeo,Stelvio AWD,"Auto 8-spd, 6 cyl, 2.9 L, Turbo",fetched,,1
40664,2019,Jaguar,E-Pace P300,"Auto (S9), 4 cyl, 2.0 L, Turbo",fetched,,1
40665,2019,Land Rover,Range Rover Evoque 237HP,"Auto (S9), 4 cyl, 2.0 L, Turbo",fetched,,1
40667,2019,Land Rover,Discovery Sport Si4,"Auto (S9), 4 cyl, 2.0 L, Turbo",fetched,,1
40668,2019,Dodge,Durango RWD,"Auto 8-spd, 6 cyl, 3.6 L",fetched,,1
40669,2019,Dodge,Durango RWD,"Auto 8-spd, 8 cyl, 5.7 L",fetched,,1
40671,2019,Dodge,Durango AWD,"Auto 8-spd, 6 cyl, 3.6 L",fetched,,1
40672,2019,Dodge,Durango AWD,"Auto 8-spd, 8 cyl, 5.7 L",fetched,,1
40673,2019,Jeep,Grand Cherokee 4WD,"Auto 8-spd, 6 cyl, 3.6 L",fetched,,1
40674,2019,Jeep,Grand Cherokee 4WD,"Auto 8-spd, 8 cyl, 5.7 L",fetched,,1
40676,2019,Land Rover,Range Rover LWB,"Auto (S8), 8 cyl, 5.0 L, Sup Charg",fetched,,1
40680,2019,Lexus,GX 460,"Auto (S6), 8 cyl, 4.6 L",fetched,,1
40683,2019,Alfa Romeo,4C,"Auto (AM6), 4 cyl, 1.8 L, Turbo",fetched,,1
40684,2019,Mercedes-Benz,SL450,"Auto 9-spd, 6 cyl, 3.0 L, Turbo",fetched,,1
40691,2019,Chevrolet,Sonic,"Auto (S6), 4 cyl, 1.4 L, Turbo",fetched,,1
40692,2019,Chevrolet,Sonic,"Man 6-spd, 4 cyl, 1.4 L, Turbo",fetched,,1
40694,2019,Kia,Rio,"Auto (S6), 4 cyl, 1.6 L",fetched,,1
40695,2019,Kia,Rio,"Man 6-spd, 4 cyl, 1.6 L",fetched,,1
40699,2019,Ford,Fusion FWD,"Auto 6-spd, 4 cyl, 2.5 L",fetched,,1
40700,2019,Ford,Fusion FWD,"Auto (S6), 4 cyl, 1.5 L, Turbo",fetched,,1
40705,2019,Ford,Fusion FWD,"Auto (S6), 4 cyl, 2.0 L, Turbo",fetched,,1
40706,2019,Hyundai,Elantra,"Auto (AM7), 4 cyl, 1.4 L, Turbo",fetched,,1
40709,2019,Infiniti,Q50 Red Sport,"Auto (S7), 6 cyl, 3.0 L, Turbo",fetched,,1
40713,2019,Lexus,ES 300h,"Auto (AV-S6), 4 cyl, 2.5 L",fetched,,1
40714,2019,Lincoln,MKZ AWD,"Auto (S6), 4 cyl, 2.0 L, Turbo",fetched,,1
40717,2019,Lincoln,MKZ AWD,"Auto (S6), 6 cyl, 3.0 L, Turbo",discovered,,1
40718,2019,Lincoln,MKZ Hybrid FWD,"Auto (variable gear ratios), 4 cyl, 2.0 L",fetched,,1
40719,2019,Mercedes-Benz,E450 4matic,"Auto 9-spd, 6 cyl, 3.0 L, Turbo",fetched,,1
40724,2019,Rolls-Royce,Phantom,"Auto (S8), 12 cyl, 6.7 L, Turbo",fetched,,1
40725,2019,Rolls-Royce,Phantom EWB,"Auto (S8), 12 cyl, 6.7 L, Turbo",fetched,,1
40728,2019,Mercedes-Benz,E450 4matic (station wagon),"Auto 9-spd, 6 cyl, 3.0 L, Turbo",fetched,,1
40729,2019,Rolls-Royce,Cullinan,"Auto (S8), 12 cyl, 6.7 L, Turbo",fetched,,1
40730,2019,Toyota,Tacoma 2WD,"Auto (S6), 6 cyl, 3.5 L",fetched,,1
40731,2019,Toyota,Tacoma 2WD,"Auto (S6), 4 cyl, 2.7 L",fetched,,1
40736,2019,Ram,1500 2WD,"Auto 8-spd, 6 cyl, 3.6 L, Mild Hybrid; eTorque",fetched,,1
40737,2019,Ram,1500 4WD,"Auto 8-spd, 6 cyl, 3.6 L, Mild Hybrid; eTorque",fetched,,1
40742,2019,Mitsubishi,Outlander Sport 2WD,"Man 5-spd, 4 cyl, 2.0 L",fetched,,1
40743,2019,Mitsubishi,Outlander Sport 2WD,"Auto (AV-S6), 4 cyl, 2.0 L",fetched,,1
40744,2019,Mitsubishi,Outlander Sport 2WD,"Auto (AV-S6), 4 cyl, 2.4 L",fetched,,1
40748,2019,Buick,Encore AWD,"Auto (S6), 4 cyl, 1.4 L, Turbo",fetched,,1
40749,2019,Chevrolet,Trax AWD,"Auto (S6), 4 cyl, 1.4 L, Turbo",fetched,,1
40750,2019,Land Rover,Discovery Sport,"Auto (S9), 4 cyl, 2.0 L, Turbo",fetched,,1
40753,2019,Mitsubishi,Outlander Sport 4WD,"Auto (AV-S6), 4 cyl, 2.0 L",fetched,,1
40754,2019,Mitsubishi,Outlander Sport 4WD,"Auto (AV-S6), 4 cyl, 2.4 L",fetched,,1
40755,2019,Nissan,Armada 2WD,"Auto (S7), 8 cyl, 5.6 L",fetched,,1
40757,2019,Bentley,Bentayga,"Auto (S8), 8 cyl, 4.0 L, Turbo",fetched,,1
40758,2019,Lamborghini,Urus,"Auto (S8), 8 cyl, 4.0 L, Turbo",fetched,,1
40759,2019,Land Rover,Range Rover Sport SVR,"Auto (S8), 8 cyl, 5.0 L, Sup Charg",fetched,,1
40776,2019,Chevrolet,Malibu,"Auto (variable gear ratios), 4 cyl, 1.5 L, Turbo",fetched,,1
40778,2019,Cadillac,CT6 AWD,"Auto (S10), 6 cyl, 3.6 L",fetched,,1
40779,2019,Cadillac,CT6 AWD,"Auto (S10), 6 cyl, 3.0 L, Turbo",fetched,,1
40780,2019,Cadillac,CT6,"Auto (S10), 4 cyl, 2.0 L, Turbo",fetched,,1
40799,2019,Jaguar,F-Pace,"Auto (S8), 8 cyl, 5.0 L, Sup Charg",fetched,,1
40812,2019,Nissan,Leaf (40 kW-hr battery pack),Auto (A1),fetched,,1
40813,2019,Ford,Fiesta FWD,"Auto (AM-S6), 4 cyl, 1.6 L",fetched,,1
40814,2019,Ford,Fiesta FWD,"Man 5-spd, 4 cyl, 1.6 L",fetched,,1
40815,2019,Mercedes-Benz,S560 Convertible,"Auto 9-spd, 8 cyl, 4.0 L, Turbo",fetched,,1
40816,2019,Mercedes-Benz,AMG S63 4matic Convertible,"Auto 9-spd, 8 cyl, 4.0 L, Turbo",fetched,,1
40830,2019,Chrysler,Pacifica Hybrid,"Auto (variable gear ratios), 6 cyl, 3.6 L",fetched,,1
40833,2019,Lexus,LC 500,"Auto (S10), 8 cyl, 5.0 L",fetched,,1
40835,2019,Acura,ILX,"Auto (AM-S8), 4 cyl, 2.4 L",fetched,,1
40849,2019,Kia,K900,"Auto (S8), 6 cyl, 3.3 L, Turbo",fetched,,1
40851,2019,Nissan,NV200 NYC Taxi,"Auto (variable gear ratios), 4 cyl, 2.0 L",fetched,,1
40856,2019,Volkswagen,Atlas,"Auto (S8), 6 cyl, 3.6 L",fetched,,1
40857,2019,Honda,CR-V AWD,"Auto (variable gear ratios), 4 cyl, 2.4 L",fetched,,1
40858,2019,Honda,CR-V AWD,"Auto (variable gear ratios), 4 cyl, 1.5 L, Turbo",fetched,,1
40865,2019,Aston Martin,DBS,"Auto (S8), 12 cyl, 5.2 L, Turbo",fetched,,1
40866,2019,Audi,A5 quattro,"Auto (AM-S7), 4 cyl, 2.0 L, Turbo",fetched,,1
40869,2019,Lexus,IS 300 AWD,"Auto (S6), 6 cyl, 3.5 L",fetched,,1
40882,2019,Lexus,LS 500 AWD,"Auto (S10), 6 cyl, 3.4 L, Turbo",fetched,,1
40883,2019,Lexus,GS 300,"Auto (S8), 4 cyl, 2.0 L, Turbo",fetched,,1
40897,2019,Lincoln,Continental  AWD,"Auto (S6), 6 cyl, 2.7 L, Turbo",fetched,,1
40898,2019,Lincoln,Continental  FWD,"Auto (S6), 6 cyl, 2.7 L, Turbo",fetched,,1
40899,2019,Lincoln,Continental  AWD,"Auto (S6), 6 cyl, 3.0 L, Turbo",fetched,,1
40900,2019,Lincoln,Continental  FWD,"Auto (S6), 6 cyl, 3.7 L",fetched,,1
40901,2019,Lincoln,Continental  AWD,"Auto (S6), 6 cyl, 3.7 L",fetched,,1
40906,2019,Dodge,Grand Caravan,"Auto 6-spd, 6 cyl, 3.6 L",fetched,,1
40914,2019,Volkswagen,Atlas,"Auto (S8), 4 cyl, 2.0 L, Turbo",fetched,,1
40921,2019,Jeep,Grand Cherokee Trackhawk 4WD,"Auto 8-spd, 8 cyl, 6.2 L, Sup Charg",fetched,,1
40922,2019,Maserati,Levante GTS,"Auto 8-spd, 8 cyl, 3.8 L, Turbo",fetched,,1
40923,2019,Maserati,Levante Trofeo,"Auto 8-spd, 8 cyl, 3.8 L, Turbo",fetched,,1
40930,2019,Maserati,GranTurismo Convertible,"Auto 6-spd, 8 cyl, 4.7 L",fetched,,1
40934,2019,Mercedes-Benz,CLS450,"Auto 9-spd, 6 cyl, 3.0 L, Turbo",fetched,,1
40938,2019,Mitsubishi,Mirage G4,"Man 5-spd, 3 cyl, 1.2 L",fetched,,1
40939,2019,Mitsubishi,Mirage G4,"Auto (variable gear ratios), 3 cyl, 1.2 L",fetched,,1
40940,2019,Bentley,Mulsanne,"Auto (S8), 8 cyl, 6.8 L, Turbo",fetched,,1
40960,2019,Ram,Promaster City,"Auto 9-spd, 4 cyl, 2.4 L",fetched,,1
40964,2019,GMC,Sierra C10 Cab Chassis 2WD,"Auto 6-spd, 8 cyl, 5.3 L",fetched,,1
40974,2019,Lincoln,Navigator L 2WD,"Auto (S10), 6 cyl, 3.5 L, Turbo",fetched,,1
40987,2019,Lamborghini,Huracan Spyder,"Auto (AM-S7), 10 cyl, 5.2 L",fetched,,1
40988,2019,Lamborghini,Huracan,"Auto (AM-S7), 10 cyl, 5.2 L",fetched,,1
40989,2019,Lamborghini,Huracan Spyder 2WD,"Auto (AM-S7), 10 cyl, 5.2 L",fetched,,1
40990,2019,Lamborghini,Huracan 2WD,"Auto (AM-S7), 10 cyl, 5.2 L",fetched,,1
40994,2019,Audi,S3,"Auto (AM-S7), 4 cyl, 2.0 L, Turbo",fetched,,1
40998,2019,Infiniti,Q60 AWD,"Auto (S7), 4 cyl, 2.0 L, Turbo",fetched,,1
40999,2019,Infiniti,Q60 Red Sport AWD,"Auto (S7), 6 cyl, 3.0 L, Turbo",fetched,,1
41000,2019,Infiniti,Q60 AWD,"Auto (S7), 6 cyl, 3.0 L, Turbo",fetched,,1
41002,2019,Roush Performance,Stage 3 Mustang,"Man 6-spd, 8 cyl, 5.0 L, Sup Charg",fetched,,1
41007,2019,Audi,S5 Sportback,"Auto (S8), 6 cyl, 3.0 L, Turbo",fetched,,1
41008,2019,Audi,A7 quattro,"Auto (AM-S7), 6 cyl, 3.0 L, Turbo",fetched,,1
41026,2019,Ford,F150 Pickup 2WD Limited,"Auto (S10), 6 cyl, 3.5 L, Turbo",fetched,,1
41030,2019,Ford,F150 Pickup 4WD FFV,"Auto (S6), 6 cyl, 3.3 L",discovered,,1
41032,2019,Ford,F150 2.7L 4WD GVWR>6799 LBS,"Auto (S10), 6 cyl, 2.7 L, Turbo",fetched,,1
41033,2019,Ford,F150 3.5L 4WD GVWR>7599 LBS,"Auto (S10), 6 cyl, 3.5 L, Turbo",fetched,,1
41036,2019,Ford,F150 Pickup 4WD FFV,"Auto (S10), 8 cyl, 5.0 L",fetched,,1
41041,2019,Mazda,CX-5 2WD,"Auto (S6), 4 cyl, 2.5 L",fetched,,1
41042,2019,Mazda,CX-5 2WD,"Auto (S6), 4 cyl, 2.5 L, Turbo",fetched,,1
41047,2019,Hyundai,Elantra,"Auto (AM7), 4 cyl, 1.6 L, Turbo",fetched,,1
41048,2019,Hyundai,Elantra,"Man 6-spd, 4 cyl, 1.6 L, Turbo",fetched,,1
41049,2019,Hyundai,Sonata Hybrid,"Auto (AM6), 4 cyl, 2.0 L",fetched,,1
41057,2018,McLaren Automotive,570S Coupe,"Auto 7-spd, 8 cyl, 3.8 L, Turbo",fetched,,1
41060,2019,Kia,Niro Electric,Auto (A1),fetched,,1
41075,2019,Roush Performance,Stage 3 Mustang,"Auto (S10), 8 cyl, 5.0 L, Sup Charg",fetched,,1
41076,2019,Infiniti,QX30,"Auto (AM7), 4 cyl, 2.0 L, Turbo",fetched,,1
41077,2019,Infiniti,QX30 AWD,"Auto (AM7), 4 cyl, 2.0 L, Turbo",fetched,,1
41080,2019,Mercedes-Benz,AMG S65 Coupe,"Auto 7-spd, 12 cyl, 6.0 L, Turbo",fetched,,1
41084,2019,Volkswagen,Golf R,"Man 6-spd, 4 cyl, 2.0 L, Turbo",discovered,,1
41085,2019,Volkswagen,Golf R,"Auto (AM-S7), 4 cyl, 2.0 L, Turbo",fetched,,1
41089,2019,Lexus,UX 200,"Auto (AV-S10), 4 cyl, 2.0 L",fetched,,1
41092,2019,BMW,X1 xDrive28i,"Auto (S8), 4 cyl, 2.0 L, Turbo",fetched,,1
41094,2019,Honda,Civic 5Dr,"Man 6-spd, 4 cyl, 1.5 L, Turbo",fetched,,1
41095,2019,Honda,Civic 5Dr,"Auto (variable gear ratios), 4 cyl, 1.5 L, Turbo",fetched,,1
41096,2019,Honda,Civic 5Dr,"Auto (AV-S7), 4 cyl, 1.5 L, Turbo",fetched,,1
41097,2019,Honda,Civic 5Dr,"Man 6-spd, 4 cyl, 2.0 L, Turbo",fetched,,1
41109,2019,Roush Performance,F150 Pickup 2WD,"Auto (S10), 8 cyl, 5.0 L, Sup Charg",fetched,,1
41116,2019,Roush Performance,F150 Pickup 4WD,"Auto (S10), 8 cyl, 5.0 L, Sup Charg",fetched,,1
41120,2019,GMC,Sierra C10 Cab Chassis 2WD,"Auto 6-spd, 6 cyl, 4.3 L",fetched,,1
41126,2019,Toyota,RAV4 AWD,"Auto (S8), 4 cyl, 2.5 L, SIDI & PFI",fetched,,1
41127,2019,Toyota,RAV4 AWD,"Auto (S8), 4 cyl, 2.5 L, SIDI & PFI; Stop-Start",fetched,,1
41133,2019,Mitsubishi,Outlander PHEV,"Auto (A1), 4 cyl, 2.0 L",fetched,,1
41135,2019,Nissan,GT-R,"Auto (AM6), 6 cyl, 3.8 L, Turbo",fetched,,1
41136,2019,Audi,A4,"Auto (AM-S7), 4 cyl, 2.0 L, Turbo",fetched,,1
41142,2019,Lincoln,Navigator 4WD,"Auto (S10), 6 cyl, 3.5 L, Turbo",fetched,,1
41143,2019,Fiat,500e,Auto (A1),fetched,,1
41146,2019,BMW,Z4 sDrive30i,"Auto (S8), 4 cyl, 2.0 L, Turbo",fetched,,1
41147,2019,Aston Martin,Vanquish S,"Auto (S8), 12 cyl, 6.0 L",fetched,,1
41148,2019,Fiat,500,"Auto 6-spd, 4 cyl, 1.4 L, Turbo",fetched,,1
41149,2019,Fiat,500,"Man 5-spd, 4 cyl, 1.4 L, Turbo",fetched,,1
41150,2019,Fiat,500 Abarth,"Auto 6-spd, 4 cyl, 1.4 L, Turbo",fetched,,1
41151,2019,Fiat,500 Abarth,"Man 5-spd, 4 cyl, 1.4 L, Turbo",fetched,,1
41152,2019,Aston Martin,Rapide S,"Auto (S8), 12 cyl, 6.0 L",fetched,,1
41154,2019,Audi,A3,"Auto (AM-S7), 4 cyl, 2.0 L, Turbo",fetched,,1
41156,2019,Mercedes-Benz,A220,"Auto 7-spd, 4 cyl, 2.0 L, Turbo",fetched,,1
41158,2019,BMW,330i xDrive,"Auto (S8), 4 cyl, 2.0 L, Turbo",fetched,,1
41163,2019,Toyota,Prius Eco,"Auto (variable gear ratios), 4 cyl, 1.8 L",fetched,,1
41164,2019,Nissan,Murano FWD,"Auto (AV-S7), 6 cyl, 3.5 L",fetched,,1
41165,2019,Nissan,Murano AWD,"Auto (AV-S7), 6 cyl, 3.5 L",fetched,,1
41168,2019,Ford,Ranger 2WD,"Auto (S10), 4 cyl, 2.3 L, Turbo",fetched,,1
41176,2019,Jeep,Renegade 2WD,"Auto 9-spd, 4 cyl, 2.4 L",fetched,,1
41181,2019,Jeep,Renegade 4WD,"Auto 9-spd, 4 cyl, 2.4 L",fetched,,1
41182,2019,Land Rover,Range Rover SV Coupe,"Auto (S8), 8 cyl, 5.0 L, Sup Charg",fetched,,1
41183,2019,Honda,Clarity Plug-in Hybrid,"Auto (variable gear ratios), 4 cyl, 1.5 L",fetched,,1
41184,2019,Toyota,Prius Prime,"Auto (variable gear ratios), 4 cyl, 1.8 L",fetched,,1
41186,2019,smart,EQ fortwo (coupe),Auto (A1),fetched,,1
41187,2019,smart,EQ fortwo (convertible),Auto (A1),fetched,,1
41189,2019,Tesla,Model 3 Long Range,Auto (A1),fetched,,1
41190,2019,Tesla,Model 3 Long Range AWD,Auto (A1),fetched,,1
41191,2019,Tesla,Model 3 Long Range AWD Performance,Auto (A1),fetched,,1
41193,2019,Tesla,Model S 100D,Auto (A1),fetched,,1
41194,2019,Tesla,Model S P100D,Auto (A1),fetched,,1
41195,2019,Tesla,Model X 75D,Auto (A1),fetched,,1
41201,2019,Audi,TTS Coupe,"Auto (AM-S7), 4 cyl, 2.0 L, Turbo",fetched,,1
41204,2019,Volkswagen,Golf SportWagen 4motion,"Auto (AM-S6), 4 cyl, 1.8 L, Turbo",fetched,,1
41205,2019,Volkswagen,Golf Alltrack,"Auto (AM-S6), 4 cyl, 1.8 L, Turbo",fetched,,1
41206,2019,Volkswagen,Golf SportWagen 4motion,"Man 6-spd, 4 cyl, 1.8 L, Turbo",fetched,,1
41207,2019,Volkswagen,Golf Alltrack,"Man 6-spd, 4 cyl, 1.8 L, Turbo",fetched,,1
41211,2019,BMW,i3 with Range Extender,"Auto (A1), 2 cyl, 0.6 L",fetched,,1
41221,2020,Kia,Soul Eco dynamics,"Auto (variable gear ratios), 4 cyl, 2.0 L",fetched,,1
41229,2020,Kia,Telluride FWD,"Auto (S8), 6 cyl, 3.8 L",fetched,,1
41232,2020,Kia,Telluride AWD,"Auto (S8), 6 cyl, 3.8 L",fetched,,1
41237,2020,Jaguar,F-Type Convertible,"Auto (S8), 4 cyl, 2.0 L, Turbo",fetched,,1
41239,2020,Jaguar,XE 30t,"Auto (S8), 4 cyl, 2.0 L, Turbo",fetched,,1
41241,2020,Jaguar,XE AWD 30t,"Auto (S8), 4 cyl, 2.0 L, Turbo",fetched,,1
41242,2020,Jaguar,XF,"Auto (S8), 4 cyl, 2.0 L, Turbo",fetched,,1
41245,2020,Jaguar,XF AWD 30t,"Auto (S8), 4 cyl, 2.0 L, Turbo",fetched,,1
41247,2020,Jaguar,E-Pace,"Auto (S9), 4 cyl, 2.0 L, Turbo",fetched,,1
41250,2020,Jaguar,F-Pace 30t,"Auto (S8), 4 cyl, 2.0 L, Turbo",fetched,,1
41251,2020,Land Rover,Range Rover Velar,"Auto (S8), 4 cyl, 2.0 L, Turbo",fetched,,1
41256,2018,RUF Automobile,RUF TURBO 12/CTR3,"Man 7-spd, 6 cyl, 3.8 L, Turbo",fetched,,1
41257,2018,Lotus,Evora,"Man 6-spd, 6 cyl, 3.5 L, Sup Charg",fetched,,1
41258,2018,Lotus,Evora,"Auto (S6), 6 cyl, 3.5 L, Sup Charg",fetched,,1
41259,2018,Mazda,3 4-Door,"Man 6-spd, 4 cyl, 2.5 L",fetched,,1
41260,2018,Mazda,3 5-Door,"Man 6-spd, 4 cyl, 2.5 L",fetched,,1
41261,2018,Roush Performance,F150 Pickup 2WD,"Auto (S10), 8 cyl, 5.0 L, Sup Charg",fetched,,1
41262,2018,Roush Performance,F150 Pickup 4WD,"Auto (S10), 8 cyl, 5.0 L, Sup Charg",fetched,,1
41263,2019,Mazda,6,"Man 6-spd, 4 cyl, 2.5 L",fetched,,1
41264,2019,Mazda,6,"Auto (S6), 4 cyl, 2.5 L",fetched,,1
41265,2019,Mazda,6,"Auto (S6), 4 cyl, 2.5 L, Turbo",fetched,,1
41269,2019,Porsche,Panamera Turbo Executive,"Auto (AM-S8), 8 cyl, 4.0 L, Turbo",fetched,,1
41271,2019,Volkswagen,Arteon,"Auto (S8), 4 cyl, 2.0 L, Turbo",fetched,,1
41272,2019,Volkswagen,Arteon 4motion,"Auto (S8), 4 cyl, 2.0 L, Turbo",fetched,,1
41273,2019,Ram,1500 HFE 2WD,"Auto 8-spd, 6 cyl, 3.6 L",fetched,,1
41277,2019,Nissan,Leaf SV/SL (62 kW-hr battery pack),Auto (A1),fetched,,1
41279,2020,Jaguar,F-Type Convertible,"Auto (S8), 6 cyl, 3.0 L, Sup Charg",fetched,,1
41280,2020,Jaguar,F-Type S Coupe,"Auto (S8), 6 cyl, 3.0 L, Sup Charg",fetched,,1
41303,2019,Jeep,Renegade 2WD,"Auto 9-spd, 4 cyl, 1.3 L, Turbo",fetched,,1
41304,2019,Fiat,500X AWD,"Auto 9-spd, 4 cyl, 1.3 L, Turbo",fetched,,1
41305,2019,Jeep,Renegade 4WD,"Auto 9-spd, 4 cyl, 1.3 L, Turbo",fetched,,1
41320,2020,BMW,M240i Convertible,"Auto (S8), 6 cyl, 3.0 L, Turbo",fetched,,1
41321,2020,BMW,M240i Convertible,"Man 6-spd, 6 cyl, 3.0 L, Turbo",fetched,,1
41322,2020,BMW,M240i xDrive Convertible,"Auto (S8), 6 cyl, 3.0 L, Turbo",fetched,,1
41334,2020,Acura,TLX FWD A-SPEC,"Auto (AM-S8), 4 cyl, 2.4 L",fetched,,1
41336,2020,Acura,TLX FWD A-SPEC,"Auto (S9), 6 cyl, 3.5 L",fetched,,1
41338,2020,Acura,TLX AWD A-SPEC,"Auto (S9), 6 cyl, 3.5 L",fetched,,1
41342,2020,BMW,430i Coupe,"Auto (S8), 4 cyl, 2.0 L, Turbo",fetched,,1
41343,2020,BMW,430i Coupe,"Man 6-spd, 4 cyl, 2.0 L, Turbo",fetched,,1
41355,2020,BMW,M4 CS,"Auto (AM-S7), 6 cyl, 3.0 L, Turbo",fetched,,1
41364,2020,Land Rover,Range Rover Velar,"Auto (S8), 8 cyl, 5.0 L, Sup Charg",discovered,,1
41366,2019,Mazda,3 5-Door 2WD,"Man 6-spd, 4 cyl, 2.5 L",fetched,,1
41367,2019,Mazda,3 5-Door 2WD,"Auto (S6), 4 cyl, 2.5 L",discovered,,1
41375,2020,Nissan,370Z,"Auto (S7), 6 cyl, 3.7 L",fetched,,1
41376,2020,Nissan,370Z,"Man 6-spd, 6 cyl, 3.7 L",fetched,,1
41379,2020,Genesis,G70 RWD,"Auto (S8), 4 cyl, 2.0 L, Turbo",fetched,,1
41380,2020,Genesis,G70 RWD,"Man 6-spd, 4 cyl, 2.0 L, Turbo",fetched,,1
41381,2020,Hyundai,Veloster,"Auto (S6), 4 cyl, 2.0 L",fetched,,1
41382,2020,Hyundai,Veloster,"Man 6-spd, 4 cyl, 2.0 L",fetched,,1
41383,2020,Hyundai,Veloster,"Auto (AM7), 4 cyl, 1.6 L, Turbo",fetched,,1
41384,2020,Hyundai,Veloster,"Man 6-spd, 4 cyl, 1.6 L, Turbo",fetched,,1
41393,2019,Audi,e-tron,Auto (A1),fetched,,1
41394,2020,Aston Martin,Vantage V8,"Auto (S8), 8 cyl, 4.0 L, Turbo",fetched,,1
41396,2020,Lamborghini,Huracan,"Auto (AM-S7), 10 cyl, 5.2 L",fetched,,1
41397,2020,Lamborghini,Huracan Spyder,"Auto (AM-S7), 10 cyl, 5.2 L",fetched,,1
41400,2020,Aston Martin,DB11 V12,"Auto (S8), 12 cyl, 5.2 L, Turbo",fetched,,1
41401,2020,Aston Martin,DB11 V8,"Auto (S8), 8 cyl, 4.0 L, Turbo",fetched,,1
41403,2020,Genesis,G70 RWD,"Auto (S8), 6 cyl, 3.3 L, Turbo",fetched,,1
41407,2020,Kia,Sedona,"Auto (S8), 6 cyl, 3.3 L",fetched,,1
41409,2020,Acura,RDX FWD A-SPEC,"Auto (S10), 4 cyl, 2.0 L, Turbo",fetched,,1
41410,2020,Acura,RDX AWD,"Auto (S10), 4 cyl, 2.0 L, Turbo",fetched,,1
41413,2020,Jaguar,I-Pace,Auto (A1),fetched,,1
41415,2019,Tesla,Model 3 Standard Range,Auto (A1),fetched,,1
41416,2019,Tesla,Model 3 Standard Range Plus,Auto (A1),fetched,,1
41418,2019,Tesla,Model S Performance (19in Wheels),Auto (A1),fetched,,1
41419,2019,Tesla,Model S Performance (21in Wheels),Auto (A1),fetched,,1
41420,2020,Hyundai,Kona FWD,"Auto (AM7), 4 cyl, 1.6 L, Turbo",fetched,,1
41421,2020,Hyundai,Kona FWD,"Auto (S6), 4 cyl, 2.0 L",fetched,,1
41423,2019,Audi,RS 3,"Auto (AM-S7), 5 cyl, 2.5 L, Turbo",fetched,,1
41424,2019,Audi,TT RS,"Auto (AM-S7), 5 cyl, 2.5 L, Turbo",fetched,,1
41426,2020,Genesis,G80 AWD,"Auto (S8), 6 cyl, 3.8 L",discovered,,1
41427,2020,Genesis,G80 RWD,"Auto (S8), 6 cyl, 3.8 L",fetched,,1
41429,2020,Cadillac,XT6 AWD,"Auto (S9), 6 cyl, 3.6 L",fetched,,1
41431,2020,Subaru,Ascent Limited/Touring,"Auto (AV-S8), 4 cyl, 2.4 L, Turbo",fetched,,1
41434,2019,Ram,1500 Classic 4WD,"Auto 8-spd, 6 cyl, 3.0 L, Diesel, Turbo",fetched,,1
41435,2019,Jeep,Grand Cherokee 4WD,"Auto 8-spd, 6 cyl, 3.0 L, Diesel, Turbo",fetched,,1
41438,2020,Buick,Envision FWD,"Auto 6-spd, 4 cyl, 2.5 L",fetched,,1
41439,2020,Hyundai,Tucson FWD,"Auto (S6), 4 cyl, 2.0 L",fetched,,1
41440,2020,Hyundai,Tucson FWD,"Auto (S6), 4 cyl, 2.4 L",fetched,,1
41441,2020,Buick,Envision AWD,"Auto 6-spd, 4 cyl, 2.5 L",fetched,,1
41442,2020,Buick,Envision AWD,"Auto 9-spd, 4 cyl, 2.0 L, Turbo",fetched,,1
41446,2020,Land Rover,Range Rover Velar,"Auto (S8), 6 cyl, 3.0 L, Sup Charg",discovered,,1
41453,2020,Lexus,RC F,"Auto (S8), 8 cyl, 5.0 L",fetched,,1
41457,2020,Kia,Forte FE,"Auto (variable gear ratios), 4 cyl, 2.0 L",fetched,,1
41460,2020,Genesis,G80 AWD,"Auto (S8), 6 cyl, 3.3 L, Turbo",discovered,,1
41461,2020,Genesis,G80 RWD,"Auto (S8), 6 cyl, 3.3 L, Turbo",fetched,,1
41462,2020,Genesis,G80 AWD,"Auto (S8), 8 cyl, 5.0 L",fetched,,1
41463,2020,Genesis,G80 RWD,"Auto (S8), 8 cyl, 5.0 L",fetched,,1
41468,2020,Ford,Transit Connect Van 2WD,"Auto (S8), 4 cyl, 2.0 L",fetched,,1
41471,2020,Ford,Transit Connect Wagon LWB FFV,"Auto (S8), 4 cyl, 2.0 L",fetched,,1
41472,2020,Ford,Transit Connect Van 2WD,"Auto (S6), 4 cyl, 2.5 L",fetched,,1
41474,2020,Ford,Transit Connect USPS,"Auto (S6), 4 cyl, 2.5 L",fetched,,1
41478,2020,Mitsubishi,Outlander 2WD,"Auto (AV-S6), 4 cyl, 2.4 L",fetched,,1
41479,2020,Hyundai,Santa Fe AWD,"Auto (S8), 4 cyl, 2.0 L, Turbo",fetched,,1
41480,2020,Hyundai,Santa Fe AWD,"Auto (S8), 4 cyl, 2.4 L",fetched,,1
41481,2020,Lexus,NX 300h AWD,"Auto (AV-S6), 4 cyl, 2.5 L",fetched,,1
41483,2020,Lexus,NX 300 AWD F Sport,"Auto (S6), 4 cyl, 2.0 L, Turbo",fetched,,1
41486,2020,Lincoln,Aviator RWD,"Auto (S10), 6 cyl, 3.0 L, Turbo",fetched,,1
41488,2020,Lincoln,Aviator AWD,"Auto (S10), 6 cyl, 3.0 L, Turbo",fetched,,1
41493,2020,Volvo,S90 AWD,"Auto (S8), 4 cyl, 2.0 L, Turbo, Sup Charg",fetched,,1
41494,2020,Volvo,V60 FWD,"Auto (S8), 4 cyl, 2.0 L, Turbo",fetched,,1
41496,2020,Volvo,V90 FWD,"Auto (S8), 4 cyl, 2.0 L, Turbo",fetched,,1
41498,2020,Volvo,V90 CC AWD,"Auto (S8), 4 cyl, 2.0 L, Turbo, Sup Charg",fetched,,1
41502,2020,Volvo,XC60 FWD,"Auto (S8), 4 cyl, 2.0 L, Turbo",fetched,,1
41503,2020,Volvo,XC40 FWD,"Auto (S8), 4 cyl, 2.0 L, Turbo",fetched,,1
41508,2020,Volvo,XC60 AWD,"Auto (S8), 4 cyl, 2.0 L, Turbo, Sup Charg",fetched,,1
41518,2020,Buick,Encore FWD,"Auto (S6), 4 cyl, 1.4 L, Turbo",fetched,,1
41520,2020,Buick,Encore AWD,"Auto (S6), 4 cyl, 1.4 L, Turbo",fetched,,1
41522,2020,Volvo,XC60 AWD,"Auto (S8), 4 cyl, 2.0 L, Turbo",discovered,,1
41523,2020,Buick,Enclave FWD,"Auto 9-spd, 6 cyl, 3.6 L",discovered,,1
41528,2020,Volvo,XC90 AWD,"Auto (S8), 4 cyl, 2.0 L, Turbo",fetched,,1
41530,2020,Alfa Romeo,4C,"Auto (AM6), 4 cyl, 1.8 L, Turbo",fetched,,1
41534,2020,Nissan,Altima AWD,"Auto (variable gear ratios), 4 cyl, 2.5 L",fetched,,1
41542,2020,Infiniti,QX60 AWD,"Auto (AV-S7), 6 cyl, 3.5 L",fetched,,1
41543,2020,Subaru,BRZ,"Man 6-spd, 4 cyl, 2.0 L",fetched,,1
41544,2020,Subaru,BRZ,"Auto (S6), 4 cyl, 2.0 L",fetched,,1
41546,2020,Chevrolet,Camaro,"Auto (S10), 8 cyl, 6.2 L, Sup Charg",fetched,,1
41547,2020,Chevrolet,Camaro,"Man 6-spd, 8 cyl, 6.2 L, Sup Charg",fetched,,1
41548,2020,Chevrolet,Camaro,"Man 6-spd, 4 cyl, 2.0 L, Turbo",fetched,,1
41549,2020,Chevrolet,Camaro,"Auto (S8), 4 cyl, 2.0 L, Turbo",fetched,,1
41550,2020,Chevrolet,Camaro,"Man 6-spd, 6 cyl, 3.6 L",fetched,,1
41553,2020,Kia,Rio,"Auto (variable gear ratios), 4 cyl, 1.6 L",fetched,,1
41554,2020,Subaru,WRX,"Man 6-spd, 4 cyl, 2.0 L, Turbo",discovered,,1
41555,2020,Subaru,WRX,"Auto (AV-S8), 4 cyl, 2.0 L, Turbo",discovered,,1
41556,2020,Subaru,WRX,"Man 6-spd, 4 cyl, 2.5 L, Turbo",fetched,,1
41558,2020,Buick,Regal AWD,"Auto (S8), 4 cyl, 2.0 L, Turbo",fetched,,1
41564,2020,Buick,Regal TourX AWD,"Auto (S8), 4 cyl, 2.0 L, Turbo",fetched,,1
41565,2020,Mitsubishi,Eclipse Cross 2WD,"Auto (AV-S8), 4 cyl, 1.5 L, Turbo",fetched,,1
41566,2020,Mitsubishi,Eclipse Cross ES 2WD,"Auto (AV-S8), 4 cyl, 1.5 L, Turbo",fetched,,1
41571,2020,Cadillac,Escalade 2WD,"Auto 10-spd, 8 cyl, 6.2 L",fetched,,1
41572,2020,Chevrolet,Tahoe C1500 2WD,"Auto 6-spd, 8 cyl, 5.3 L, SIDI; FFV",fetched,,1
41574,2020,Chevrolet,Tahoe C1500 2WD,"Auto 6-spd, 8 cyl, 5.3 L, SIDI",fetched,,1
41576,2020,Chevrolet,Tahoe C1500 2WD,"Auto 10-spd, 8 cyl, 6.2 L, SIDI",fetched,,1
41578,2020,GMC,Yukon C1500 XL 2WD,"Auto 6-spd, 8 cyl, 5.3 L, SIDI; FFV",discovered,,1
41580,2020,GMC,Yukon C1500 XL 2WD,"Auto 6-spd, 8 cyl, 5.3 L, SIDI",fetched,,1
41582,2020,GMC,Yukon C1500 XL 2WD,"Auto 10-spd, 8 cyl, 6.2 L, SIDI",discovered,,1
41583,2020,Cadillac,Escalade 4WD,"Auto 10-spd, 8 cyl, 6.2 L",fetched,,1
41593,2019,Mazda,CX-5 2WD,"Auto (S6), 4 cyl, 2.2 L, Diesel, Turbo",fetched,,1
41595,2020,Audi,R8 Spyder AWD,"Auto (AM-S7), 10 cyl, 5.2 L",fetched,,1
41596,2020,Mercedes-Benz,AMG GT C Coupe,"Auto (AM7), 8 cyl, 4.0 L, Turbo",fetched,,1
41598,2020,Kia,Stinger RWD,"Auto (S8), 4 cyl, 2.0 L, Turbo",fetched,,1
41600,2020,Kia,Stinger RWD,"Auto (S8), 6 cyl, 3.3 L, Turbo",fetched,,1
41608,2020,Fiat,124 Spider,"Auto 6-spd, 4 cyl, 1.4 L, Turbo",fetched,,1
41609,2020,Fiat,124 Spider,"Man 6-spd, 4 cyl, 1.4 L, Turbo",fetched,,1
41611,2020,Genesis,G90 AWD,"Auto (S8), 6 cyl, 3.3 L, Turbo",fetched,,1
41613,2020,Genesis,G90 AWD,"Auto (S8), 8 cyl, 5.0 L",fetched,,1
41634,2020,Land Rover,Range Rover,"Auto (S8), 6 cyl, 3.0 L, Diesel, Turbo",fetched,,1
41636,2020,Land Rover,Range Rover,"Auto (S8), 8 cyl, 5.0 L, Sup Charg",fetched,,1
41639,2020,Land Rover,Range Rover LWB SVA,"Auto (S8), 8 cyl, 5.0 L, Sup Charg",fetched,,1
41641,2020,Land Rover,Range Rover Sport SVR,"Auto (S8), 8 cyl, 5.0 L, Sup Charg",fetched,,1
41645,2020,Chevrolet,Camaro,"Auto (S10), 6 cyl, 3.6 L",fetched,,1
41646,2020,Chevrolet,Camaro,"Auto (S10), 8 cyl, 6.2 L",discovered,,1
41647,2020,Buick,Regal AWD,"Auto (S9), 6 cyl, 3.6 L",fetched,,1
41650,2020,Fiat,500 L,"Auto 6-spd, 4 cyl, 1.4 L, Turbo",fetched,,1
41651,2020,Ram,1500 2WD,"Auto 8-spd, 6 cyl, 3.6 L, Mild Hybrid; eTorque",discovered,,1
41652,2020,Ram,1500 2WD,"Auto 8-spd, 8 cyl, 5.7 L, Mild Hybrid; eTorque",fetched,,1
41653,2020,Ram,1500 2WD,"Auto 8-spd, 8 cyl, 5.7 L",discovered,,1
41654,2020,Ram,1500 HFE 2WD,"Auto 8-spd, 6 cyl, 3.6 L",fetched,,1
41655,2020,Ram,1500 4WD,"Auto 8-spd, 6 cyl, 3.6 L, Mild Hybrid; eTorque",fetched,,1
41656,2020,Ram,1500 4WD,"Auto 8-spd, 8 cyl, 5.7 L, Mild Hybrid; eTorque",fetched,,1
41657,2020,Ram,1500 4WD,"Auto 8-spd, 8 cyl, 5.7 L",fetched,,1
41662,2020,Nissan,Rogue FWD,"Auto (variable gear ratios), 4 cyl, 2.5 L",fetched,,1
41663,2020,Acura,MDX AWD,"Auto (S9), 6 cyl, 3.5 L",fetched,,1
41665,2020,Acura,MDX Hybrid AWD,"Auto (AM-S7), 6 cyl, 3.0 L",fetched,,1
41667,2020,BMW,X3 M Competition,"Auto (S8), 6 cyl, 3.0 L, Turbo",fetched,,1
41670,2020,Jeep,Cherokee 4WD,"Auto 9-spd, 4 cyl, 2.0 L, Turbo",fetched,,1
41671,2020,Jeep,Cherokee 4WD,"Auto 9-spd, 4 cyl, 2.4 L",fetched,,1
41672,2020,Jeep,Cherokee 4WD,"Auto 9-spd, 6 cyl, 3.2 L",fetched,,1
41677,2020,Jeep,Wrangler 4WD,"Auto 8-spd, 6 cyl, 3.6 L",discovered,,1
41678,2020,Jeep,Wrangler Unlimited 4WD,"Auto 8-spd, 6 cyl, 3.6 L, Mild Hybrid",fetched,,1
41679,2020,Jeep,Wrangler Unlimited 4WD,"Auto 8-spd, 6 cyl, 3.6 L",fetched,,1
41683,2020,Porsche,Macan S,"Auto (AM-S7), 6 cyl, 3.0 L, Turbo",fetched,,1
41685,2020,Porsche,Cayenne S,"Auto (S8), 6 cyl, 2.9 L, Turbo",fetched,,1
41686,2019,Porsche,911 Speedster,"Man 6-spd, 6 cyl, 4.0 L",fetched,,1
41688,2020,Ferrari,488 Pista,"Auto (AM7), 8 cyl, 3.9 L, Turbo",fetched,,1
41689,2020,Ferrari,488 Pista Spider,"Auto (AM7), 8 cyl, 3.9 L, Turbo",fetched,,1
41690,2020,Ferrari,812 Superfast,"Auto (AM7), 12 cyl, 6.5 L",fetched,,1
41691,2020,Ferrari,GTC4Lusso,"Auto (AM7), 12 cyl, 6.3 L",fetched,,1
41692,2020,Ferrari,GTC4Lusso T,"Auto (AM7), 8 cyl, 3.9 L, Turbo",fetched,,1
41693,2020,Ferrari,Portofino,"Auto (AM7), 8 cyl, 3.9 L, Turbo",fetched,,1
41694,2020,MINI,Cooper Convertible,"Auto (AM-S7), 3 cyl, 1.5 L, Turbo",fetched,,1
41695,2020,MINI,Cooper S Convertible,"Auto (AM-S7), 4 cyl, 2.0 L, Turbo",fetched,,1
41696,2020,MINI,John Cooper Works Convertible,"Auto (S8), 4 cyl, 2.0 L, Turbo",fetched,,1
41704,2020,Mercedes-Benz,AMG E53 4matic Plus Convertible,"Auto 9-spd, 6 cyl, 3.0 L",fetched,,1
41706,2020,MINI,Cooper Hardtop 4 door,"Auto (AM-S7), 3 cyl, 1.5 L, Turbo",fetched,,1
41709,2020,MINI,John Cooper Works Hardtop,"Auto (S8), 4 cyl, 2.0 L, Turbo",fetched,,1
41714,2020,Mercedes-Benz,CLS450 4matic,"Auto 9-spd, 6 cyl, 3.0 L, Turbo",fetched,,1
41729,2020,Maserati,Ghibli SQ4,"Auto 8-spd, 6 cyl, 3.0 L, Turbo",fetched,,1
41730,2020,Maserati,Ghibli,"Auto 8-spd, 6 cyl, 3.0 L, Turbo",fetched,,1
41731,2020,Maserati,Ghibli S,"Auto 8-spd, 6 cyl, 3.0 L, Turbo",fetched,,1
41732,2020,Mazda,3 5-Door 2WD,"Man 6-spd, 4 cyl, 2.5 L",fetched,,1
41733,2020,Mazda,3 5-Door 2WD,"Auto (S6), 4 cyl, 2.5 L",fetched,,1
41737,2020,MINI,Cooper Countryman All4,"Auto (S8), 3 cyl, 1.5 L, Turbo",fetched,,1
41738,2020,MINI,Cooper S Clubman,"Auto (AM-S7), 4 cyl, 2.0 L, Turbo",fetched,,1
41747,2020,Honda,Civic 5Dr,"Man 6-spd, 4 cyl, 1.5 L, Turbo",fetched,,1
41748,2020,Honda,Civic 5Dr,"Auto (variable gear ratios), 4 cyl, 1.5 L, Turbo",fetched,,1
41749,2020,Honda,Civic 5Dr,"Auto (AV-S7), 4 cyl, 1.5 L, Turbo",discovered,,1
41750,2020,Maserati,Quattroporte GTS,"Auto 8-spd, 8 cyl, 3.8 L, Turbo",fetched,,1
41751,2020,Maserati,Quattroporte SQ4,"Auto 8-spd, 6 cyl, 3.0 L, Turbo",fetched,,1
41752,2020,Maserati,Quattroporte S,"Auto 8-spd, 6 cyl, 3.0 L, Turbo",fetched,,1
41754,2020,Honda,Pilot FWD,"Auto (S9), 6 cyl, 3.5 L",fetched,,1
41755,2020,Honda,Pilot FWD,"Auto 6-spd, 6 cyl, 3.5 L",fetched,,1
41756,2020,Mitsubishi,Outlander Sport 2WD,"Auto (AV-S6), 4 cyl, 2.0 L",fetched,,1
41763,2020,Jeep,Wrangler 4WD,"Auto 8-spd, 4 cyl, 2.0 L, Turbo, SIDI",fetched,,1
41764,2020,Jeep,Wrangler 4WD,"Man 6-spd, 6 cyl, 3.6 L",fetched,,1
41765,2020,Jeep,Wrangler Unlimited 4WD,"Auto 8-spd, 4 cyl, 2.0 L, Turbo, SIDI; Mild Hybrid",fetched,,1
41766,2020,Jeep,Wrangler Unlimited 4WD,"Auto 8-spd, 4 cyl, 2.0 L, Turbo, SIDI",fetched,,1
41767,2020,Jeep,Wrangler Unlimited 4WD,"Man 6-spd, 6 cyl, 3.6 L",fetched,,1
41768,2020,Mitsubishi,Outlander Sport 4WD,"Auto (AV-S6), 4 cyl, 2.0 L",fetched,,1
41769,2020,Mitsubishi,Eclipse Cross 4WD,"Auto (AV-S8), 4 cyl, 1.5 L, Turbo",fetched,,1
41770,2020,Dodge,Durango RWD,"Auto 8-spd, 6 cyl, 3.6 L",fetched,,1
41771,2020,Dodge,Durango RWD,"Auto 8-spd, 8 cyl, 5.7 L",discovered,,1
41778,2020,Dodge,Durango AWD,"Auto 8-spd, 6 cyl, 3.6 L",fetched,,1
41779,2020,Dodge,Durango AWD,"Auto 8-spd, 8 cyl, 5.7 L",fetched,,1
41784,2020,Maserati,Levante S,"Auto 8-spd, 6 cyl, 3.0 L, Turbo",fetched,,1
41785,2020,Maserati,Levante,"Auto 8-spd, 6 cyl, 3.0 L, Turbo",fetched,,1
41786,2020,Maserati,Levante GTS,"Auto 8-spd, 8 cyl, 3.8 L, Turbo",fetched,,1
41787,2020,Maserati,Levante Trofeo,"Auto 8-spd, 8 cyl, 3.8 L, Turbo",fetched,,1
41791,2020,Chevrolet,Camaro,"Man 6-spd, 8 cyl, 6.2 L",discovered,,1
41804,2020,Lincoln,MKZ AWD,"Auto (S6), 4 cyl, 2.0 L, Turbo",fetched,,1
41805,2020,Lincoln,MKZ FWD,"Auto (S6), 4 cyl, 2.0 L, Turbo",fetched,,1
41806,2020,Lincoln,MKZ AWD,"Auto (S6), 6 cyl, 3.0 L, Turbo",fetched,,1
41807,2020,Lincoln,MKZ FWD,"Auto (S6), 6 cyl, 3.0 L, Turbo",fetched,,1
41815,2020,Mercedes-Benz,S450,"Auto 9-spd, 6 cyl, 3.0 L, Turbo",fetched,,1
41846,2020,GMC,Sierra 4WD,"Auto 8-spd, 8 cyl, 5.3 L, SIDI",fetched,,1
41848,2020,GMC,Sierra 4WD,"Auto 10-spd, 8 cyl, 5.3 L, SIDI",fetched,,1
41850,2020,GMC,Sierra 4WD,"Auto 8-spd, 4 cyl, 2.7 L, Turbo, SIDI; 4-mode/Sport transmission",fetched,,1
41851,2020,GMC,Sierra 4WD,"Auto 10-spd, 8 cyl, 6.2 L, SIDI",fetched,,1
41853,2020,GMC,Sierra 4WD,"Auto 6-spd, 8 cyl, 5.3 L, SIDI",fetched,,1
41855,2020,GMC,Sierra 4WD,"Auto 10-spd, 6 cyl, 3.0 L, Diesel, Turbo",fetched,,1
41857,2020,GMC,Sierra 4WD,"Auto 8-spd, 4 cyl, 2.7 L, Turbo, SIDI; 3-mode transmission (work truck)",fetched,,1
41858,2020,GMC,Sierra 4WD,"Auto 6-spd, 6 cyl, 4.3 L, SIDI",fetched,,1
41868,2020,Cadillac,XT5 FWD,"Auto (S9), 6 cyl, 3.6 L",fetched,,1
41874,2020,Cadillac,XT5 AWD,"Auto (S9), 6 cyl, 3.6 L",fetched,,1
41880,2020,Toyota,Sequoia 2WD,"Auto (S6), 8 cyl, 5.7 L",fetched,,1
41883,2020,Ferrari,F8 Tributo,"Auto (AM7), 8 cyl, 3.9 L, Turbo",fetched,,1
41890,2020,MINI,Cooper S Clubman All4,"Auto (S8), 4 cyl, 2.0 L, Turbo",fetched,,1
41893,2020,Chrysler,Pacifica,"Auto 9-spd, 6 cyl, 3.6 L",fetched,,1
41894,2020,Chrysler,Voyager,"Auto 9-spd, 6 cyl, 3.6 L",fetched,,1
41897,2020,Volvo,XC90 AWD,"Auto (S8), 4 cyl, 2.0 L, Turbo, Sup Charg",fetched,,1
41902,2020,Aston Martin,DBS,"Auto (S8), 12 cyl, 5.2 L, Turbo",fetched,,1
41903,2020,Lotus,Evora,"Man 6-spd, 6 cyl, 3.5 L, Sup Charg",fetched,,1
41904,2020,Lotus,Evora,"Auto (S6), 6 cyl, 3.5 L, Sup Charg",fetched,,1
41905,2020,Lotus,Evora GT,"Man 6-spd, 6 cyl, 3.5 L, Sup Charg",fetched,,1
41906,2020,Lotus,Evora GT,"Auto (S6), 6 cyl, 3.5 L, Sup Charg",fetched,,1
41909,2020,Mercedes-Benz,C300 4matic Convertible,"Auto 9-spd, 4 cyl, 2.0 L, Turbo",fetched,,1
41911,2020,Lexus,ES 350,"Auto (S8), 6 cyl, 3.5 L",fetched,,1
41914,2020,Nissan,Maxima,"Auto (AV-S7), 6 cyl, 3.5 L",fetched,,1
41923,2020,Porsche,Panamera 4S Executive,"Auto (AM-S8), 6 cyl, 2.9 L, Turbo",fetched,,1
41925,2020,Porsche,Panamera GTS,"Auto (AM-S8), 8 cyl, 4.0 L, Turbo",fetched,,1
41940,2020,Toyota,4Runner 4WD,"Auto (S5), 6 cyl, 4.0 L, Part-time 4WD",fetched,,1
41942,2020,Toyota,4Runner 4WD,"Auto (S5), 6 cyl, 4.0 L, AWD",discovered,,1
41943,2020,Chrysler,Pacifica Hybrid,"Auto (variable gear ratios), 6 cyl, 3.6 L",fetched,,1
41945,2020,Volvo,S90 AWD PHEV,"Auto (S8), 4 cyl, 2.0 L, Turbo, Sup Charg",fetched,,1
41946,2020,Volvo,V60 AWD PHEV,"Auto (S8), 4 cyl, 2.0 L, Turbo, Sup Charg",fetched,,1
41947,2020,Volvo,XC60 AWD PHEV,"Auto (S8), 4 cyl, 2.0 L, Turbo, Sup Charg",fetched,,1
41949,2020,Toyota,86,"Auto (S6), 4 cyl, 2.0 L",fetched,,1
41950,2020,Toyota,86,"Man 6-spd, 4 cyl, 2.0 L",fetched,,1
41963,2020,GMC,Sierra 4WD,"Auto 6-spd, 8 cyl, 5.3 L, SIDI; FFV",fetched,,1
41966,2020,Lexus,RX 350,"Auto (S8), 6 cyl, 3.5 L",fetched,,1
41967,2020,Chevrolet,Blazer AWD,"Auto 9-spd, 6 cyl, 3.6 L",fetched,,1
41968,2020,Land Rover,Discovery Sport,"Auto (S9), 4 cyl, 2.0 L, Turbo",fetched,,1
41971,2020,Dodge,Durango SRT AWD,"Auto 8-spd, 8 cyl, 6.4 L",fetched,,1
41976,2020,Lexus,LX 570,"Auto (S8), 8 cyl, 5.7 L",fetched,,1
41978,2019,Karma,Revero,"Auto (A1), 4 cyl, 2.0 L, Turbo",fetched,,1
41980,2020,Bentley,Continental GT Convertible,"Auto (AM-S8), 8 cyl, 4.0 L, Turbo",fetched,,1
41982,2020,Porsche,911 Carrera S Cabriolet,"Auto (AM-S8), 6 cyl, 3.0 L, Turbo",fetched,,1
41988,2020,Audi,TTS Coupe,"Auto (AM-S7), 4 cyl, 2.0 L, Turbo",fetched,,1
41989,2020,Bentley,Continental GT,"Auto (AM-S8), 8 cyl, 4.0 L, Turbo",fetched,,1
41998,2020,Rolls-Royce,Dawn,"Auto (S8), 12 cyl, 6.6 L, Turbo",fetched,,1
42001,2020,Audi,A6 quattro,"Auto (AM-S7), 4 cyl, 2.0 L, Turbo",fetched,,1
42003,2020,BMW,M5 Competition,"Auto (S8), 8 cyl, 4.4 L, Turbo",fetched,,1
42006,2020,Rolls-Royce,Wraith,"Auto (S8), 12 cyl, 6.6 L, Turbo",fetched,,1
42007,2020,Subaru,Impreza 4-Door,"Man 5-spd, 4 cyl, 2.0 L",fetched,,1
42008,2020,Subaru,Impreza 4-Door,"Auto (AV-S7), 4 cyl, 2.0 L",fetched,,1
42012,2020,Toyota,Camry XSE,"Auto (S8), 6 cyl, 3.5 L",fetched,,1
42019,2020,BMW,X1 sDrive28i,"Auto (S8), 4 cyl, 2.0 L, Turbo",fetched,,1
42020,2020,Rolls-Royce,Phantom,"Auto (S8), 12 cyl, 6.7 L, Turbo",fetched,,1
42021,2020,Rolls-Royce,Phantom EWB,"Auto (S8), 12 cyl, 6.7 L, Turbo",fetched,,1
42022,2020,Rolls-Royce,Ghost,"Auto (S8), 12 cyl, 6.6 L, Turbo",fetched,,1
42023,2020,Rolls-Royce,Ghost EWB,"Auto (S8), 12 cyl, 6.6 L, Turbo",fetched,,1
42024,2020,Subaru,Impreza 5-Door,"Man 5-spd, 4 cyl, 2.0 L",fetched,,1
42025,2020,Subaru,Impreza 5-Door,"Auto (AV-S7), 4 cyl, 2.0 L",fetched,,1
42028,2020,Rolls-Royce,Cullinan,"Auto (S8), 12 cyl, 6.7 L, Turbo",fetched,,1
42032,2020,Toyota,Tacoma 4WD,"Auto (S6), 6 cyl, 3.5 L",fetched,,1
42033,2020,Toyota,Tacoma 4WD,"Man 6-spd, 6 cyl, 3.5 L",fetched,,1
42034,2020,Toyota,Tacoma 4WD,"Auto (S6), 4 cyl, 2.7 L",fetched,,1
42040,2020,Mitsubishi,Outlander Sport 2WD,"Auto (AV-S6), 4 cyl, 2.4 L",fetched,,1
42048,2020,Mitsubishi,Outlander Sport 4WD,"Auto (AV-S6), 4 cyl, 2.4 L",fetched,,1
42052,2020,Bentley,Bentayga,"Auto (S8), 8 cyl, 4.0 L, Turbo",fetched,,1
42058,2020,Lamborghini,Urus,"Auto (S8), 8 cyl, 4.0 L, Turbo",fetched,,1
42064,2020,Honda,Accord 2.0T Sport/Touring,"Auto (S10), 4 cyl, 2.0 L, Turbo",fetched,,1
42066,2020,Infiniti,Q50 AWD,"Auto (S7), 6 cyl, 3.0 L, Turbo",fetched,,1
42067,2020,Infiniti,Q50 Red Sport,"Auto (S7), 6 cyl, 3.0 L, Turbo",fetched,,1
42068,2020,Infiniti,Q50 Red Sport  AWD,"Auto (S7), 6 cyl, 3.0 L, Turbo",fetched,,1
42076,2020,Lincoln,Corsair FWD,"Auto (S8), 4 cyl, 2.0 L, Turbo",fetched,,1
42081,2020,Lincoln,Nautilus AWD,"Auto (S8), 4 cyl, 2.0 L, Turbo",fetched,,1
42082,2020,Lincoln,Nautilus AWD,"Auto (S8), 6 cyl, 2.7 L, Turbo",fetched,,1
42083,2020,Lincoln,Corsair AWD,"Auto (S8), 4 cyl, 2.3 L, Turbo",discovered,,1
42088,2020,BYD,e6,Auto (A1),fetched,,1
42097,2020,Nissan,Murano FWD,"Auto (AV-S7), 6 cyl, 3.5 L",fetched,,1
42099,2020,Infiniti,QX50,"Auto (AV-S8), 4 cyl, 2.0 L, Turbo",fetched,,1
42101,2020,Volkswagen,Tiguan,"Auto (S8), 4 cyl, 2.0 L, Turbo",fetched,,1
42104,2020,Volkswagen,Tiguan 4motion,"Auto (S8), 4 cyl, 2.0 L, Turbo",fetched,,1
42107,2019,Cadillac,CT6 AWD,"Auto (S10), 8 cyl, 4.2 L, Turbo",fetched,,1
42111,2020,Porsche,Panamera Turbo S e-Hybrid,"Auto (AM-S8), 8 cyl, 4.0 L, Turbo",fetched,,1
42113,2020,Porsche,Panamera Turbo S e-Hybrid ST,"Auto (AM-S8), 8 cyl, 4.0 L, Turbo",fetched,,1
42117,2020,Lexus,IS 300 AWD,"Auto (S6), 6 cyl, 3.5 L",fetched,,1
42121,2020,Lexus,IS 300,"Auto (S8), 4 cyl, 2.0 L, Turbo",fetched,,1
42124,2020,Volkswagen,GTI,"Man 6-spd, 4 cyl, 2.0 L, Turbo",fetched,,1
42127,2020,BMW,540i,"Auto (S8), 6 cyl, 3.0 L, Turbo",fetched,,1
42132,2020,Lexus,LS 500h AWD,"Auto (AV-S10), 6 cyl, 3.5 L",fetched,,1
42136,2020,Alfa Romeo,Stelvio AWD,"Auto 8-spd, 6 cyl, 2.9 L, Turbo",fetched,,1
42138,2019,STI,S209,"Man 6-spd, 4 cyl, 2.5 L, Turbo",fetched,,1
42146,2020,Alfa Romeo,Giulia,"Auto 8-spd, 4 cyl, 2.0 L, Turbo",fetched,,1
42147,2020,Alfa Romeo,Giulia AWD,"Auto 8-spd, 4 cyl, 2.0 L, Turbo",fetched,,1
42148,2020,Alfa Romeo,Giulia,"Auto 8-spd, 6 cyl, 2.9 L, Turbo",fetched,,1
42154,2020,Ram,1500 2WD,"Auto 8-spd, 6 cyl, 3.0 L, Diesel, Turbo",discovered,,1
42155,2020,Ram,1500 4WD,"Auto 8-spd, 6 cyl, 3.0 L, Diesel, Turbo",fetched,,1
42157,2020,Alfa Romeo,Stelvio,"Auto 8-spd, 4 cyl, 2.0 L, Turbo",fetched,,1
42158,2020,Alfa Romeo,Stelvio AWD,"Auto 8-spd, 4 cyl, 2.0 L, Turbo",fetched,,1
42159,2020,Volkswagen,Atlas Cross Sport 4motion,"Auto (S8), 4 cyl, 2.0 L, Turbo",fetched,,1
42160,2020,Lamborghini,Aventador Coupe,"Auto (AM-S7), 12 cyl, 6.5 L",fetched,,1
42161,2020,Lamborghini,Aventador Roadster,"Auto (AM-S7), 12 cyl, 6.5 L",fetched,,1
42163,2020,Infiniti,Q60 Red Sport,"Auto (S7), 6 cyl, 3.0 L, Turbo",fetched,,1
42165,2020,Infiniti,Q60 AWD,"Auto (S7), 6 cyl, 3.0 L, Turbo",fetched,,1
42166,2020,Acura,ILX,"Auto (AM-S8), 4 cyl, 2.4 L",fetched,,1
42181,2020,Toyota,RAV4,"Auto (S8), 4 cyl, 2.5 L, SIDI & PFI",fetched,,1
42182,2020,Toyota,RAV4,"Auto (S8), 4 cyl, 2.5 L, SIDI & PFI; Stop-Start",fetched,,1
42183,2020,Volkswagen,Atlas,"Auto (S8), 4 cyl, 2.0 L, Turbo",fetched,,1
42190,2020,Mercedes-Benz,AMG G63,"Auto 9-spd, 8 cyl, 4.0 L, Turbo",fetched,,1
42192,2020,Acura,NSX Hybrid,"Auto (AM-S9), 6 cyl, 3.5 L, Turbo",fetched,,1
42194,2020,Mercedes-Benz,AMG S63 4matic Plus Convertible,"Auto 9-spd, 8 cyl, 4.0 L, Turbo",fetched,,1
42200,2020,Mercedes-Benz,S560 4matic Maybach,"Auto 9-spd, 8 cyl, 4.0 L, Turbo",fetched,,1
42205,2020,Fiat,500X AWD,"Auto 9-spd, 4 cyl, 1.3 L, Turbo",fetched,,1
42209,2019,Mercedes-Benz,S560e,"Auto 9-spd, 4 cyl, 3.0 L, Turbo",fetched,,1
42210,2020,Bugatti,Chiron,"Auto (AM-S7), 16 cyl, 8.0 L, Turbo",fetched,,1
42212,2020,Audi,S5,"Auto (S8), 6 cyl, 3.0 L, Turbo",fetched,,1
42216,2020,Mercedes-Benz,AMG C63 S Coupe,"Auto 9-spd, 8 cyl, 4.0 L, Turbo",fetched,,1
42219,2020,Mercedes-Benz,AMG C43 4matic Convertible,"Auto 9-spd, 6 cyl, 3.0 L, Turbo",fetched,,1
42222,2020,Lexus,UX 250h,"Auto (AV-S6), 4 cyl, 2.0 L",fetched,,1
42227,2020,Mitsubishi,Mirage,"Man 5-spd, 3 cyl, 1.2 L",fetched,,1
42228,2020,Mitsubishi,Mirage,"Auto (variable gear ratios), 3 cyl, 1.2 L",fetched,,1
42229,2020,Mitsubishi,Mirage G4,"Man 5-spd, 3 cyl, 1.2 L",fetched,,1
42230,2020,Mitsubishi,Mirage G4,"Auto (variable gear ratios), 3 cyl, 1.2 L",fetched,,1
42231,2020,Volkswagen,GTI,"Auto (AM-S7), 4 cyl, 2.0 L, Turbo",fetched,,1
42234,2020,Audi,S7,"Auto (S8), 6 cyl, 2.9 L, Turbo",fetched,,1
42235,2020,Audi,S8,"Auto (S8), 8 cyl, 4.0 L, Turbo",fetched,,1
42248,2020,Lincoln,Continental  FWD,"Auto (S6), 6 cyl, 2.7 L, Turbo",fetched,,1
42251,2020,Lincoln,Continental  FWD,"Auto (S6), 6 cyl, 3.7 L",fetched,,1
42256,2020,Ford,Escape AWD,"Auto (S8), 4 cyl, 2.0 L, Turbo",fetched,,1
42257,2020,Ford,Escape AWD,"Auto 8-spd, 3 cyl, 1.5 L, Turbo",fetched,,1
42262,2020,Lincoln,Corsair AWD,"Auto (S8), 4 cyl, 2.0 L, Turbo",fetched,,1
42263,2020,Mercedes-Benz,AMG GLC43 4matic,"Auto 9-spd, 6 cyl, 3.0 L, Turbo",fetched,,1
42265,2020,Ford,Expedition 2WD,"Auto (S10), 6 cyl, 3.5 L, Turbo",fetched,,1
42270,2020,Ford,Expedition MAX 4WD,"Auto (S10), 6 cyl, 3.5 L, Turbo",fetched,,1
42276,2020,Tesla,Model 3 Mid Range,Auto (A1),fetched,,1
42277,2020,Tesla,Model 3 Standard Range,Auto (A1),fetched,,1
42278,2020,Tesla,Model 3 Standard Range Plus,Auto (A1),fetched,,1
42279,2020,Tesla,Model 3 Long Range Performance AWD (18in),Auto (A1),fetched,,1
42288,2020,Tesla,Model X Performance (22in Wheels),Auto (A1),fetched,,1
42291,2020,Karma,Revero GT (21-inch wheels),"Auto (A1), 3 cyl, 1.5 L, Turbo",fetched,,1
42292,2020,Subaru,Crosstrek Hybrid AWD,"Auto (variable gear ratios), 4 cyl, 2.0 L",fetched,,1
42293,2019,RUF Automobile,RUFTURBO12/CTR3/CTR2017,"Man 7-spd, 6 cyl, 3.8 L, Turbo",fetched,,1
42294,2020,Audi,A6 quattro,"Auto (AM-S7), 6 cyl, 3.0 L, Turbo",fetched,,1
42300,2020,Infiniti,QX80 2WD,"Auto (S7), 8 cyl, 5.6 L",fetched,,1
42301,2020,Infiniti,QX80 4WD,"Auto (S7), 8 cyl, 5.6 L",fetched,,1
42307,2020,Kia,Niro,"Auto (AM6), 4 cyl, 1.6 L",fetched,,1
42308,2020,Kia,Niro FE,"Auto (AM6), 4 cyl, 1.6 L",fetched,,1
42311,2020,Audi,Q8,"Auto (S8), 6 cyl, 3.0 L, Turbo",fetched,,1
42312,2020,Lamborghini,Huracan 2WD,"Auto (AM-S7), 10 cyl, 5.2 L",fetched,,1
42313,2020,Lamborghini,Huracan Spyder 2WD,"Auto (AM-S7), 10 cyl, 5.2 L",fetched,,1
42318,2020,Roush Performance,Stage 3 Mustang,"Man 6-spd, 8 cyl, 5.0 L, Sup Charg",fetched,,1
42319,2020,Dodge,Challenger SRT,"Auto 8-spd, 8 cyl, 6.2 L, Sup Charg",fetched,,1
42320,2020,Dodge,Challenger SRT,"Man 6-spd, 8 cyl, 6.2 L, Sup Charg",fetched,,1
42326,2020,Dodge,Challenger Widebody,"Auto 8-spd, 8 cyl, 6.4 L",fetched,,1
42327,2020,Dodge,Challenger Widebody,"Man 6-spd, 8 cyl, 6.4 L",fetched,,1
42328,2020,Dodge,Challenger AWD,"Auto 8-spd, 6 cyl, 3.6 L",fetched,,1
42329,2020,Chrysler,300,"Auto 8-spd, 6 cyl, 3.6 L",fetched,,1
42330,2020,Chrysler,300 AWD,"Auto 8-spd, 6 cyl, 3.6 L",fetched,,1
42336,2020,Nissan,Rogue Sport,"Auto (AV-S8), 4 cyl, 2.0 L",fetched,,1
42337,2020,Nissan,Rogue Sport AWD,"Auto (AV-S8), 4 cyl, 2.0 L",fetched,,1
42346,2020,Chevrolet,Blazer AWD,"Auto 9-spd, 4 cyl, 2.0 L, Turbo",fetched,,1
42354,2020,Kia,Niro Plug-in Hybrid,"Auto (AM6), 4 cyl, 1.6 L",fetched,,1
42357,2020,Porsche,Panamera 4 e-Hybrid ST,"Auto (AM-S8), 6 cyl, 2.9 L, Turbo",fetched,,1
42359,2020,Audi,A5 Cabriolet quattro,"Auto (AM-S7), 4 cyl, 2.0 L, Turbo",fetched,,1
42362,2020,Mazda,CX-3 4WD,"Auto (S6), 4 cyl, 2.0 L",fetched,,1
42364,2020,Audi,A4 allroad quattro,"Auto (AM-S7), 4 cyl, 2.0 L, Turbo",fetched,,1
42365,2020,Cadillac,XT5 FWD,"Auto (S9), 4 cyl, 2.0 L, Turbo",fetched,,1
42366,2020,Mazda,CX-30 2WD,"Auto (S6), 4 cyl, 2.5 L, SIDI",fetched,,1
42367,2020,Mazda,CX-30 2WD,"Auto (S6), 4 cyl, 2.5 L, SIDI; With Cylinder Deactivation",fetched,,1
42368,2020,Cadillac,XT5 AWD,"Auto (S9), 4 cyl, 2.0 L, Turbo",fetched,,1
42371,2020,MINI,Cooper SE Countryman All4,"Auto (S6), 3 cyl, 1.5 L, Turbo",fetched,,1
42374,2019,Land Rover,Range Rover Sport PHEV,"Auto (S8), 4 cyl, 2.0 L, Turbo",fetched,,1
42376,2020,Land Rover,Range Rover Sport PHEV,"Auto (S8), 4 cyl, 2.0 L, Turbo",fetched,,1
42377,2020,Lincoln,Aviator PHEV AWD,"Auto (S10), 6 cyl, 3.0 L, Turbo",fetched,,1
42382,2020,Bentley,Bentayga,"Auto (S8), 12 cyl, 6.0 L, Turbo",fetched,,1
42386,2020,Roush Performance,Stage 3 Mustang,"Auto (S10), 8 cyl, 5.0 L, Sup Charg",fetched,,1
42390,2020,Chrysler,300,"Auto 8-spd, 8 cyl, 5.7 L",fetched,,1
42392,2020,Mercedes-Benz,Maybach S650,"Auto 7-spd, 12 cyl, 6.0 L, Turbo",fetched,,1
42397,2020,Honda,Ridgeline FWD,"Auto (S9), 6 cyl, 3.5 L",fetched,,1
42398,2020,Ram,1500 Classic 2WD,"Auto 8-spd, 6 cyl, 3.6 L",fetched,,1
42399,2020,Ram,1500 Classic 2WD,"Auto 8-spd, 8 cyl, 5.7 L",fetched,,1
42400,2020,Honda,Ridgeline AWD,"Auto (S9), 6 cyl, 3.5 L",fetched,,1
42401,2020,Ram,1500 Classic 4WD,"Auto 8-spd, 6 cyl, 3.6 L",fetched,,1
42402,2020,Ram,1500 Classic 4WD,"Auto 8-spd, 8 cyl, 5.7 L",fetched,,1
42403,2020,Buick,Encore GX FWD,"Auto (variable gear ratios), 3 cyl, 1.3 L, Turbo",fetched,,1
42404,2020,Buick,Encore GX AWD,"Auto 9-spd, 3 cyl, 1.3 L, Turbo",fetched,,1
42405,2020,Jeep,Wrangler Unlimited 4WD,"Auto 8-spd, 6 cyl, 3.0 L, Diesel, Turbo",fetched,,1
42407,2020,Bentley,Continental GT Convertible,"Auto (AM-S8), 12 cyl, 6.0 L, Turbo",fetched,,1
42409,2020,Porsche,911 Carrera Cabriolet,"Auto (AM-S8), 6 cyl, 3.0 L, Turbo",fetched,,1
42411,2020,Porsche,911 Carrera S Cabriolet,"Man 7-spd, 6 cyl, 3.0 L, Turbo",discovered,,1
42416,2020,Bentley,Continental GT,"Auto (AM-S8), 12 cyl, 6.0 L, Turbo",fetched,,1
42418,2020,Bentley,Flying Spur,"Auto (AM-S8), 12 cyl, 6.0 L, Turbo",fetched,,1
42421,2020,Roush Performance,F150 Pickup 2WD,"Auto (S10), 8 cyl, 5.0 L, Sup Charg",fetched,,1
42423,2020,Dodge,Grand Caravan,"Auto 6-spd, 6 cyl, 3.6 L",fetched,,1
42424,2020,Mazda,CX-30 4WD,"Auto (S6), 4 cyl, 2.5 L, SIDI",discovered,,1
42425,2020,Mazda,CX-30 4WD,"Auto (S6), 4 cyl, 2.5 L, SIDI; With Cylinder Deactivation",fetched,,1
42433,2020,Volkswagen,Golf,"Auto (S8), 4 cyl, 1.4 L, Turbo",fetched,,1
42434,2020,Volkswagen,Golf,"Man 6-spd, 4 cyl, 1.4 L, Turbo",fetched,,1
42438,2020,Mazda,MX-5,"Man 6-spd, 4 cyl, 2.0 L",fetched,,1
42439,2020,Mazda,MX-5,"Auto (S6), 4 cyl, 2.0 L",fetched,,1
42441,2020,Buick,Encore GX FWD,"Auto (variable gear ratios), 3 cyl, 1.2 L, Turbo",fetched,,1
42449,2020,Mazda,2,"Man 6-spd, 4 cyl, 1.5 L",fetched,,1
42450,2020,Mazda,2,"Auto (S6), 4 cyl, 1.5 L",fetched,,1
42452,2020,Nissan,Titan 4WD,"Auto (S9), 8 cyl, 5.6 L",fetched,,1
42454,2020,Volkswagen,Atlas,"Auto (S8), 6 cyl, 3.6 L",fetched,,1
42456,2020,Jeep,Wrangler 4WD,"Auto 8-spd, 4 cyl, 2.0 L, Turbo, SIDI; Mild Hybrid",fetched,,1
42457,2020,Volkswagen,Atlas Cross Sport 4motion,"Auto (S8), 6 cyl, 3.6 L",fetched,,1
42464,2020,Cadillac,CT4 AWD,"Auto (S10), 4 cyl, 2.7 L, Turbo",fetched,,1
42465,2020,Cadillac,CT4 V AWD,"Auto (S10), 4 cyl, 2.7 L, Turbo",fetched,,1
42466,2020,Cadillac,CT4 AWD,"Auto (S8), 4 cyl, 2.0 L, Turbo",fetched,,1
42469,2020,Cadillac,CT5 V AWD,"Auto (S10), 6 cyl, 3.0 L, Turbo",fetched,,1
42471,2020,Cadillac,CT5 V,"Auto (S10), 6 cyl, 3.0 L, Turbo",fetched,,1
42473,2020,Nissan,Sentra SR,"Auto (variable gear ratios), 4 cyl, 2.0 L",fetched,,1
42474,2020,Tesla,Model Y Performance AWD,Auto (A1),fetched,,1
42481,2020,Cadillac,CT4 V,"Auto (S10), 4 cyl, 2.7 L, Turbo",fetched,,1
42482,2021,Jaguar,F-Type S Coupe,"Auto (S8), 6 cyl, 3.0 L, Sup Charg",fetched,,1
42485,2021,Jaguar,F-Type S AWD Convertible,"Auto (S8), 6 cyl, 3.0 L, Sup Charg",fetched,,1
42487,2021,Jaguar,F-Type R AWD Convertible,"Auto (S8), 8 cyl, 5.0 L, Sup Charg",fetched,,1
42493,2021,Genesis,G70 AWD,"Auto (S8), 4 cyl, 2.0 L, Turbo",fetched,,1
42494,2021,Genesis,G70 RWD,"Auto (S8), 4 cyl, 2.0 L, Turbo",fetched,,1
42495,2021,Genesis,G70 RWD,"Man 6-spd, 4 cyl, 2.0 L, Turbo",fetched,,1
42501,2020,Honda,Civic 5Dr,"Man 6-spd, 4 cyl, 2.0 L, Turbo",fetched,,1
42502,2020,Honda,CR-V Hybrid AWD,"Auto (variable gear ratios), 4 cyl, 2.0 L",fetched,,1
42508,2020,MINI,Cooper SE Hardtop 2 door,Auto (A1),fetched,,1
42514,2020,Kia,Niro Electric,Auto (A1),fetched,,1
42515,2021,Genesis,G70 AWD,"Auto (S8), 6 cyl, 3.3 L, Turbo",fetched,,1
42516,2021,Genesis,G70 RWD,"Auto (S8), 6 cyl, 3.3 L, Turbo",fetched,,1
42519,2020,Ford,F150 Pickup 4WD XL/XLT,"Auto (S10), 6 cyl, 3.0 L, Diesel, Turbo",fetched,,1
42521,2021,Buick,Encore GX FWD,"Auto (variable gear ratios), 3 cyl, 1.2 L, Turbo",fetched,,1
42530,2021,MINI,Cooper Hardtop 2 door,"Auto (AM-S7), 3 cyl, 1.5 L, Turbo",fetched,,1
42533,2021,MINI,Cooper S Hardtop 4 door,"Man 6-spd, 4 cyl, 2.0 L, Turbo",fetched,,1
42534,2021,MINI,John Cooper Works Hardtop,"Auto (S8), 4 cyl, 2.0 L, Turbo",fetched,,1
42535,2021,MINI,John Cooper Works Hardtop,"Man 6-spd, 4 cyl, 2.0 L, Turbo",fetched,,1
42537,2021,Honda,Insight Touring,"Auto (variable gear ratios), 4 cyl, 1.5 L",fetched,,1
42554,2021,Kia,Sedona,"Auto (S8), 6 cyl, 3.3 L",fetched,,1
42560,2020,Bentley,Bentayga,"Auto (S8), 6 cyl, 3.0 L, Turbo",fetched,,1
42561,2020,Nissan,Leaf (40 kW-hr battery pack),Auto (A1),fetched,,1
42562,2020,Nissan,Leaf (62 kW-hr battery pack),Auto (A1),fetched,,1
42566,2021,MINI,Cooper S Hardtop 4 door,"Auto (AM-S7), 4 cyl, 2.0 L, Turbo",fetched,,1
42570,2021,BMW,330e xDrive,"Auto (S8), 4 cyl, 2.0 L, Turbo",fetched,,1
42575,2021,Honda,Pilot FWD,"Auto (S9), 6 cyl, 3.5 L",fetched,,1
42579,2020,Bentley,Mulsanne,"Auto (S8), 8 cyl, 6.8 L, Turbo",fetched,,1
42591,2021,Lexus,LC 500h,"Auto (AV-S10), 6 cyl, 3.5 L",fetched,,1
42603,2021,Kia,Sportage AWD,"Auto (S6), 4 cyl, 2.0 L, Turbo",fetched,,1
42604,2021,Kia,Sportage AWD,"Auto (S6), 4 cyl, 2.4 L",fetched,,1
42605,2021,Subaru,Crosstrek AWD,"Man 6-spd, 4 cyl, 2.0 L",fetched,,1
42606,2021,Subaru,Crosstrek AWD,"Auto (AV-S8), 4 cyl, 2.0 L",fetched,,1
42607,2021,Subaru,Crosstrek AWD,"Auto (AV-S8), 4 cyl, 2.5 L",fetched,,1
42608,2021,Volkswagen,Atlas Cross Sport 4motion,"Auto (S8), 4 cyl, 2.0 L, Turbo",fetched,,1
42610,2021,Hyundai,Palisade AWD,"Auto (S8), 6 cyl, 3.8 L",fetched,,1
42611,2020,Bugatti,Divo,"Auto (AM-S7), 16 cyl, 8.0 L, Turbo",fetched,,1
42615,2021,Audi,S6,"Auto (S8), 6 cyl, 2.9 L, Turbo",fetched,,1
42616,2021,Cadillac,Escalade 2WD,"Auto 10-spd, 8 cyl, 6.2 L, SIDI; Stop-Start",fetched,,1
42617,2021,Chevrolet,Tahoe 2WD,"Auto 10-spd, 8 cyl, 6.2 L, SIDI; Stop-Start",discovered,,1
42619,2021,Chevrolet,Tahoe 2WD,"Auto 10-spd, 8 cyl, 5.3 L, SIDI; Stop-Start",fetched,,1
42621,2021,GMC,Yukon 2WD,"Auto 10-spd, 8 cyl, 6.2 L, SIDI; Stop-Start",fetched,,1
42622,2021,GMC,Yukon XL 2WD,"Auto 10-spd, 8 cyl, 6.2 L, SIDI; Stop-Start",fetched,,1
42623,2021,GMC,Yukon 2WD,"Auto 10-spd, 8 cyl, 5.3 L, SIDI; Stop-Start",fetched,,1
42624,2021,GMC,Yukon XL 2WD,"Auto 10-spd, 8 cyl, 5.3 L, SIDI; Stop-Start",fetched,,1
42625,2021,Cadillac,Escalade 4WD,"Auto 10-spd, 8 cyl, 6.2 L, SIDI; Stop-Start",fetched,,1
42626,2021,Chevrolet,Tahoe 4WD,"Auto 10-spd, 8 cyl, 6.2 L, SIDI; Stop-Start",fetched,,1
42628,2021,Chevrolet,Tahoe 4WD,"Auto 10-spd, 8 cyl, 5.3 L, SIDI",fetched,,1
42634,2021,MINI,Cooper SE Hardtop 2 door,Auto (A1),fetched,,1
42635,2021,Kia,K5,"Auto (S8), 4 cyl, 1.6 L, Turbo, SIDI; Stop-Start",fetched,,1
42636,2021,Kia,K5,"Auto (S8), 4 cyl, 1.6 L, Turbo, SIDI",fetched,,1
42637,2021,Buick,Encore FWD,"Auto (S6), 4 cyl, 1.4 L, Turbo",fetched,,1
42639,2021,Buick,Encore AWD,"Auto (S6), 4 cyl, 1.4 L, Turbo",fetched,,1
42643,2021,Land Rover,Range Rover SVA,"Auto (S8), 8 cyl, 5.0 L, Sup Charg",fetched,,1
42646,2021,Land Rover,Range Rover Sport SVR,"Auto (S8), 8 cyl, 5.0 L, Sup Charg",fetched,,1
42648,2020,McLaren Automotive,720S Coupe,"Auto (AM-S7), 8 cyl, 4.0 L, Turbo",fetched,,1
42649,2020,McLaren Automotive,720S Spider,"Auto (AM-S7), 8 cyl, 4.0 L, Turbo",fetched,,1
42650,2020,McLaren Automotive,GT,"Auto (AM-S7), 8 cyl, 4.0 L, Turbo",fetched,,1
42652,2020,Land Rover,Defender 110,"Auto (S8), 4 cyl, 2.0 L, Turbo",fetched,,1
42669,2020,McLaren Automotive,570S Coupe,"Auto (AM-S7), 8 cyl, 3.8 L, Turbo",fetched,,1
42670,2020,McLaren Automotive,570S Spider,"Auto (AM-S7), 8 cyl, 3.8 L, Turbo",fetched,,1
42671,2020,McLaren Automotive,600LT Spider,"Auto (AM-S7), 8 cyl, 3.8 L, Turbo",fetched,,1
42672,2020,McLaren Automotive,620R Coupe,"Auto (AM-S7), 8 cyl, 3.8 L, Turbo",fetched,,1
42673,2020,McLaren Automotive,Speedtail,"Auto (AM-S7), 8 cyl, 4.0 L, Turbo",fetched,,1
42678,2021,Volvo,V60 FWD,"Auto (S8), 4 cyl, 2.0 L, Turbo",fetched,,1
42680,2021,Volvo,V90 FWD,"Auto (S8), 4 cyl, 2.0 L, Turbo",fetched,,1
42682,2021,Volvo,V90 CC AWD,"Auto (S8), 4 cyl, 2.0 L, Turbo, Sup Charg",fetched,,1
42683,2021,Buick,Encore GX FWD,"Auto (variable gear ratios), 3 cyl, 1.3 L, Turbo",discovered,,1
42686,2021,Buick,Encore GX AWD,"Auto 9-spd, 3 cyl, 1.3 L, Turbo",fetched,,1
42687,2021,Volvo,XC60 AWD,"Auto (S8), 4 cyl, 2.0 L, Turbo",fetched,,1
42688,2021,Volvo,XC60 AWD,"Auto (S8), 4 cyl, 2.0 L, Turbo, Sup Charg",fetched,,1
42690,2021,Volvo,XC90 FWD,"Auto (S8), 4 cyl, 2.0 L, Turbo",fetched,,1
42695,2021,Volvo,XC90 AWD,"Auto (S8), 4 cyl, 2.0 L, Turbo, Sup Charg",fetched,,1
42696,2021,Volvo,XC90 AWD,"Auto (S8), 4 cyl, 2.0 L, Turbo",fetched,,1
42698,2016,McLaren Automotive,650S Can-Am,"Auto 7-spd, 8 cyl, 3.8 L, Turbo",fetched,,1
42702,2016,McLaren Automotive,675LT Spider,"Auto 7-spd, 8 cyl, 3.8 L, Turbo",fetched,,1
42703,2016,McLaren Automotive,MSO HS,"Auto 7-spd, 8 cyl, 3.8 L, Turbo",fetched,,1
42706,2018,McLaren Automotive,540C Coupe,"Auto 7-spd, 8 cyl, 3.8 L, Turbo",fetched,,1
42707,2018,McLaren Automotive,570GT,"Auto 7-spd, 8 cyl, 3.8 L, Turbo",fetched,,1
42709,2018,McLaren Automotive,570S Spider,"Auto 7-spd, 8 cyl, 3.8 L, Turbo",fetched,,1
42710,2018,McLaren Automotive,720S Coupe,"Auto 7-spd, 8 cyl, 4.0 L, Turbo",fetched,,1
42711,2019,McLaren Automotive,570GT,"Auto 7-spd, 8 cyl, 3.8 L, Turbo",fetched,,1
42712,2019,McLaren Automotive,570S Coupe,"Auto 7-spd, 8 cyl, 3.8 L, Turbo",fetched,,1
42713,2019,McLaren Automotive,570S Spider,"Auto 7-spd, 8 cyl, 3.8 L, Turbo",fetched,,1
42714,2019,McLaren Automotive,600LT Coupe,"Auto 7-spd, 8 cyl, 3.8 L, Turbo",fetched,,1
42715,2019,McLaren Automotive,720S Coupe,"Auto 7-spd, 8 cyl, 4.0 L, Turbo",fetched,,1
42716,2019,McLaren Automotive,720S Spider,"Auto 7-spd, 8 cyl, 4.0 L, Turbo",fetched,,1
42717,2019,McLaren Automotive,Senna,"Auto 7-spd, 8 cyl, 4.0 L, Turbo",fetched,,1
42719,2021,MINI,Cooper Hardtop 2 door,"Man 6-spd, 3 cyl, 1.5 L, Turbo",fetched,,1
42737,2020,Porsche,Cayman S,"Man 6-spd, 4 cyl, 2.5 L, Turbo",fetched,,1
42738,2020,Porsche,Cayman S,"Auto (AM-S7), 4 cyl, 2.5 L, Turbo",fetched,,1
42744,2020,Polestar,1,"Auto (S8), 4 cyl, 2.0 L, Turbo, Sup Charg",fetched,,1
42753,2021,Infiniti,QX80 4WD,"Auto (S7), 8 cyl, 5.6 L, SIDI",fetched,,1
42754,2021,Infiniti,QX80 4WD,"Auto (S7), 8 cyl, 5.6 L, SIDI; MDPV (Curb Weight >6000 lbs)",fetched,,1
42755,2020,Tesla,Model S Long Range Plus,Auto (A1),fetched,,1
42761,2021,Ferrari,812 Superfast,"Auto (AM7), 12 cyl, 6.5 L",fetched,,1
42762,2021,Ferrari,F8 Tributo,"Auto (AM7), 8 cyl, 3.9 L, Turbo",fetched,,1
42763,2021,Ferrari,F8 Spider,"Auto (AM7), 8 cyl, 3.9 L, Turbo",fetched,,1
42764,2021,Ferrari,812 GTS,"Auto (AM7), 12 cyl, 6.5 L",fetched,,1
42765,2021,Lamborghini,Huracan,"Auto (AM-S7), 10 cyl, 5.2 L",fetched,,1
42766,2021,Lamborghini,Huracan Spyder,"Auto (AM-S7), 10 cyl, 5.2 L",fetched,,1
42767,2021,Lamborghini,Huracan 2WD,"Auto (AM-S7), 10 cyl, 5.2 L",fetched,,1
42768,2021,Lamborghini,Huracan Spyder 2WD,"Auto (AM-S7), 10 cyl, 5.2 L",fetched,,1
42769,2021,Bentley,Continental GT Convertible,"Auto (AM-S8), 8 cyl, 4.0 L, Turbo",fetched,,1
42770,2021,Ferrari,Portofino,"Auto (AM7), 8 cyl, 3.9 L, Turbo",fetched,,1
42771,2021,Ferrari,Portofino M,"Auto (AM8), 8 cyl, 3.9 L, Turbo",fetched,,1
42772,2021,Audi,RS 5,"Auto (S8), 6 cyl, 2.9 L, Turbo",fetched,,1
42773,2021,Ferrari,Roma,"Auto (AM8), 8 cyl, 3.9 L, Turbo",fetched,,1
42776,2021,Audi,RS 5 Sportback,"Auto (S8), 6 cyl, 2.9 L, Turbo",fetched,,1
42783,2021,Kia,Forte FE,"Auto (variable gear ratios), 4 cyl, 2.0 L",fetched,,1
42789,2021,Hyundai,Sonata Hybrid Blue,"Auto (AM-S6), 4 cyl, 2.0 L",fetched,,1
42792,2021,Subaru,Forester AWD,"Auto (AV-S7), 4 cyl, 2.5 L",fetched,,1
42798,2021,Acura,RDX FWD,"Auto (S10), 4 cyl, 2.0 L, Turbo",fetched,,1
42799,2021,Acura,RDX FWD A-SPEC,"Auto (S10), 4 cyl, 2.0 L, Turbo",fetched,,1
42800,2021,Infiniti,QX50,"Auto (AV-S8), 4 cyl, 2.0 L, Turbo",fetched,,1
42801,2021,Acura,RDX AWD,"Auto (S10), 4 cyl, 2.0 L, Turbo",fetched,,1
42802,2021,Acura,RDX AWD A-SPEC,"Auto (S10), 4 cyl, 2.0 L, Turbo",fetched,,1
42803,2021,Infiniti,QX50 AWD,"Auto (AV-S8), 4 cyl, 2.0 L, Turbo",fetched,,1
42805,2020,Porsche,Cayenne Turbo S e-Hybrid,"Auto (S8), 8 cyl, 4.0 L, Turbo",fetched,,1
42813,2021,Volkswagen,Atlas Cross Sport,"Auto (S8), 6 cyl, 3.6 L",fetched,,1
42815,2020,Aston Martin,Vantage Manual,"Man 7-spd, 8 cyl, 4.0 L, Turbo",fetched,,1
42816,2020,Tesla,Model Y Performance AWD (21in Wheels),Auto (A1),fetched,,1
42820,2021,Rolls-Royce,Dawn,"Auto (S8), 12 cyl, 6.6 L, Turbo",fetched,,1
42821,2021,Rolls-Royce,Dawn Black Badge,"Auto (S8), 12 cyl, 6.6 L, Turbo",fetched,,1
42822,2021,Chevrolet,Malibu,"Auto (variable gear ratios), 4 cyl, 1.5 L, Turbo",fetched,,1
42825,2021,MINI,Cooper S Clubman,"Man 6-spd, 4 cyl, 2.0 L, Turbo",fetched,,1
42827,2021,MINI,Cooper S Countryman All4,"Auto (S8), 4 cyl, 2.0 L, Turbo",fetched,,1
42828,2021,MINI,Cooper S Clubman All4,"Auto (S8), 4 cyl, 2.0 L, Turbo",fetched,,1
42831,2021,Rolls-Royce,Wraith,"Auto (S8), 12 cyl, 6.6 L, Turbo",fetched,,1
42832,2021,Rolls-Royce,Wraith Black Badge,"Auto (S8), 12 cyl, 6.6 L, Turbo",fetched,,1
42834,2021,Genesis,G90 AWD,"Auto (S8), 6 cyl, 3.3 L, Turbo",fetched,,1
42836,2021,Genesis,G90 AWD,"Auto (S8), 8 cyl, 5.0 L",discovered,,1
42839,2021,Genesis,G80 RWD,"Auto (S8), 4 cyl, 2.5 L, Turbo",fetched,,1
42841,2021,Genesis,G80 RWD,"Auto (S8), 6 cyl, 3.5 L, Turbo",fetched,,1
42842,2021,Rolls-Royce,Phantom,"Auto (S8), 12 cyl, 6.7 L, Turbo",fetched,,1
42843,2021,Rolls-Royce,Phantom EWB,"Auto (S8), 12 cyl, 6.7 L, Turbo",fetched,,1
42846,2021,Rolls-Royce,Cullinan,"Auto (S8), 12 cyl, 6.7 L, Turbo",fetched,,1
42847,2021,Rolls-Royce,Cullinan Black Badge,"Auto (S8), 12 cyl, 6.7 L, Turbo",fetched,,1
42857,2021,Mazda,CX-30 4WD,"Auto (S6), 4 cyl, 2.5 L, SIDI",fetched,,1
42858,2021,Subaru,Outback AWD,"Auto (AV-S8), 4 cyl, 2.5 L",fetched,,1
42859,2021,Subaru,Outback AWD,"Auto (AV-S8), 4 cyl, 2.4 L, Turbo",fetched,,1
42866,2021,BMW,X6 xDrive40i,"Auto (S8), 6 cyl, 3.0 L, Turbo",fetched,,1
42874,2021,BMW,230i Coupe,"Man 6-spd, 4 cyl, 2.0 L, Turbo",fetched,,1
42892,2021,MINI,Cooper S Clubman,"Auto (AM-S7), 4 cyl, 2.0 L, Turbo",fetched,,1
42906,2021,Jeep,Wrangler 2dr 4WD,"Auto 8-spd, 6 cyl, 3.6 L, Mild Hybrid",fetched,,1
42907,2021,Jeep,Wrangler 2dr 4WD,"Auto 8-spd, 4 cyl, 2.0 L, Turbo, SIDI",discovered,,1
42908,2021,Jeep,Wrangler 4dr 4WD,"Auto 8-spd, 6 cyl, 3.6 L, Mild Hybrid",fetched,,1
42909,2021,Jeep,Wrangler 4dr 4WD,"Auto 8-spd, 4 cyl, 2.0 L, Turbo, SIDI",fetched,,1
42910,2021,Jeep,Wrangler 2dr 4WD,"Man 6-spd, 6 cyl, 3.6 L",discovered,,1
42911,2021,Jeep,Wrangler 4dr 4WD,"Man 6-spd, 6 cyl, 3.6 L",fetched,,1
42916,2020,Tesla,Model Y Long Range AWD,Auto (A1),fetched,,1
42917,2021,BMW,Z4 M40i,"Auto (S8), 6 cyl, 3.0 L, Turbo",fetched,,1
42924,2021,Nissan,GT-R,"Auto (AM-S6), 6 cyl, 3.8 L, Turbo",fetched,,1
42926,2021,BMW,M340i xDrive,"Auto (S8), 6 cyl, 3.0 L, Turbo",fetched,,1
42927,2021,Hyundai,Veloster N,"Auto (AM-S8), 4 cyl, 2.0 L, Turbo",fetched,,1
42928,2021,Hyundai,Veloster N,"Man 6-spd, 4 cyl, 2.0 L, Turbo",fetched,,1
42929,2021,Mercedes-Benz,AMG CLA35 4matic,"Auto (AM7), 4 cyl, 2.0 L, Turbo",fetched,,1
42938,2021,BMW,840i xDrive Gran Coupe,"Auto (S8), 6 cyl, 3.0 L, Turbo",fetched,,1
42941,2021,Chevrolet,Malibu,"Auto 9-spd, 4 cyl, 2.0 L, Turbo",fetched,,1
42948,2021,Rolls-Royce,Ghost,"Auto (S8), 12 cyl, 6.7 L, Turbo",fetched,,1
42949,2021,Rolls-Royce,Ghost EWB,"Auto (S8), 12 cyl, 6.7 L, Turbo",fetched,,1
42953,2021,Nissan,Titan 4WD PRO-4X,"Auto (S9), 8 cyl, 5.6 L",fetched,,1
42958,2021,Lexus,RX 350 L,"Auto (S8), 6 cyl, 3.5 L",fetched,,1
42968,2021,Toyota,RAV4 AWD,"Auto (S8), 4 cyl, 2.5 L, SIDI & PFI; Stop-Start",fetched,,1
42969,2021,Toyota,RAV4 AWD,"Auto (S8), 4 cyl, 2.5 L, SIDI & PFI",fetched,,1
42975,2021,Bentley,Bentayga,"Auto (S8), 8 cyl, 4.0 L, Turbo",fetched,,1
42977,2021,Land Rover,Range Rover Sport MHEV,"Auto (S8), 6 cyl, 3.0 L, Turbo",fetched,,1
42986,2020,Chrysler,Pacifica AWD,"Auto 9-spd, 6 cyl, 3.6 L",fetched,,1
42987,2021,Aston Martin,Vantage V8,"Auto (S8), 8 cyl, 4.0 L, Turbo",fetched,,1
42990,2021,Aston Martin,DBS,"Auto (S8), 12 cyl, 5.2 L, Turbo",fetched,,1
42991,2021,Aston Martin,DB11 V12,"Auto (S8), 12 cyl, 5.2 L, Turbo",fetched,,1
42992,2021,Aston Martin,DB11 V8,"Auto (S8), 8 cyl, 4.0 L, Turbo",fetched,,1
42993,2021,Audi,S5,"Auto (S8), 6 cyl, 3.0 L, Turbo",fetched,,1
42995,2021,BMW,230i Coupe,"Auto (S8), 4 cyl, 2.0 L, Turbo",fetched,,1
42997,2021,Audi,S4,"Auto (S8), 6 cyl, 3.0 L, Turbo",fetched,,1
43006,2021,Ram,1500 2WD,"Auto 8-spd, 6 cyl, 3.6 L, Mild Hybrid; eTorque",fetched,,1
43007,2021,Ram,1500 2WD,"Auto 8-spd, 6 cyl, 3.0 L, Diesel, Turbo",fetched,,1
43008,2021,Ram,1500 2WD,"Auto 8-spd, 8 cyl, 5.7 L, Mild Hybrid; eTorque",fetched,,1
43009,2021,Ram,1500 2WD,"Auto 8-spd, 8 cyl, 5.7 L",fetched,,1
43012,2021,Jeep,Gladiator EcoDiesel 4WD,"Auto 8-spd, 6 cyl, 3.0 L, Diesel, Turbo",fetched,,1
43013,2021,Jeep,Gladiator Rubicon EcoDiesel 4WD,"Auto 8-spd, 6 cyl, 3.0 L, Diesel, Turbo",fetched,,1
43014,2021,Ram,1500 4WD,"Auto 8-spd, 6 cyl, 3.6 L, Mild Hybrid; eTorque",fetched,,1
43015,2021,Ram,1500 4WD,"Auto 8-spd, 6 cyl, 3.0 L, Diesel, Turbo",fetched,,1
43016,2021,Ram,1500 4WD,"Auto 8-spd, 8 cyl, 5.7 L, Mild Hybrid; eTorque",fetched,,1
43017,2021,Ram,1500 4WD,"Auto 8-spd, 8 cyl, 5.7 L",fetched,,1
43020,2021,Audi,Q3 S-line quattro,"Auto (S8), 4 cyl, 2.0 L, Turbo",fetched,,1
43023,2021,Volkswagen,Tiguan 4motion,"Auto (S8), 4 cyl, 2.0 L, Turbo",fetched,,1
43027,2021,Audi,Q8,"Auto (S8), 6 cyl, 3.0 L, Turbo",fetched,,1
43029,2021,Audi,SQ8,"Auto (S8), 8 cyl, 4.0 L, Turbo",fetched,,1
43030,2021,Lamborghini,Urus,"Auto (S8), 8 cyl, 4.0 L, Turbo",fetched,,1
43041,2021,Mazda,CX-3 4WD,"Auto (S6), 4 cyl, 2.0 L",fetched,,1
43042,2021,Mazda,3 4-Door 2WD,"Auto (S6), 4 cyl, 2.0 L, SIDI",fetched,,1
43043,2021,Mazda,3 4-Door 2WD,"Auto (S6), 4 cyl, 2.5 L, SIDI",fetched,,1
43046,2021,Hyundai,Elantra,"Auto (AV-S1), 4 cyl, 2.0 L",fetched,,1
43047,2021,Hyundai,Elantra,"Auto (AV-S1), 4 cyl, 2.0 L, Stop-Start",fetched,,1
43048,2021,Infiniti,Q50,"Auto (S7), 6 cyl, 3.0 L, Turbo",fetched,,1
43049,2021,Infiniti,Q50 AWD,"Auto (S7), 6 cyl, 3.0 L, Turbo",fetched,,1
43050,2021,Infiniti,Q50 Red Sport,"Auto (S7), 6 cyl, 3.0 L, Turbo",fetched,,1
43051,2021,Infiniti,Q50 Red Sport  AWD,"Auto (S7), 6 cyl, 3.0 L, Turbo",fetched,,1
43052,2021,Mazda,3 5-Door 2WD,"Man 6-spd, 4 cyl, 2.5 L",fetched,,1
43053,2021,Mazda,3 5-Door 2WD,"Auto (S6), 4 cyl, 2.5 L",fetched,,1
43055,2021,Honda,Civic 5Dr,"Man 6-spd, 4 cyl, 1.5 L, Turbo",fetched,,1
43056,2021,Honda,Civic 5Dr,"Auto (variable gear ratios), 4 cyl, 1.5 L, Turbo",fetched,,1
43057,2021,Honda,Civic 5Dr,"Auto (AV-S7), 4 cyl, 1.5 L, Turbo",fetched,,1
43061,2021,Genesis,GV80 RWD,"Auto (S8), 4 cyl, 2.5 L, Turbo",fetched,,1
43071,2021,Land Rover,Range Rover Velar,"Auto (S8), 8 cyl, 5.0 L, Sup Charg",fetched,,1
43077,2021,Lexus,ES 350 F Sport,"Auto (S8), 6 cyl, 3.5 L",fetched,,1
43127,2021,Mazda,CX-9 2WD,"Auto (S6), 4 cyl, 2.5 L, Turbo",fetched,,1
43132,2021,Lexus,RX 350 AWD,"Auto (S8), 6 cyl, 3.5 L",fetched,,1
43133,2021,Mazda,CX-5 4WD,"Auto (S6), 4 cyl, 2.5 L",fetched,,1
43134,2021,Mazda,CX-5 4WD,"Auto (S6), 4 cyl, 2.5 L, Turbo",fetched,,1
43137,2021,Toyota,Highlander AWD,"Auto (S8), 6 cyl, 3.5 L",fetched,,1
43143,2021,MINI,Cooper SE Countryman All4,"Auto (S6), 3 cyl, 1.5 L, Turbo",fetched,,1
43144,2021,Polestar,1,"Auto (S8), 4 cyl, 2.0 L, Turbo, Sup Charg",fetched,,1
43145,2021,Volvo,XC60 AWD PHEV,"Auto (S8), 4 cyl, 2.0 L, Turbo, Sup Charg",fetched,,1
43147,2021,BMW,M850i xDrive Convertible,"Auto (S8), 8 cyl, 4.4 L, Turbo",fetched,,1
43149,2021,Cadillac,CT4,"Auto (S10), 4 cyl, 2.7 L, Turbo",fetched,,1
43151,2021,Cadillac,CT4 AWD,"Auto (S10), 4 cyl, 2.7 L, Turbo",fetched,,1
43153,2021,Mazda,3 4-Door 2WD,"Auto (S6), 4 cyl, 2.5 L, SIDI; With Cylinder Deactivation",fetched,,1
43158,2021,Honda,Passport FWD,"Auto (S9), 6 cyl, 3.5 L",fetched,,1
43162,2021,Jeep,Renegade Trailhawk 4WD,"Auto 9-spd, 4 cyl, 1.3 L, Turbo",fetched,,1
43163,2021,Mazda,CX-30 4WD,"Auto (S6), 4 cyl, 2.5 L, SIDI; With Cylinder Deactivation",fetched,,1
43164,2021,Dodge,Durango RWD,"Auto 8-spd, 6 cyl, 3.6 L",fetched,,1
43166,2021,Dodge,Durango AWD,"Auto 8-spd, 6 cyl, 3.6 L",fetched,,1
43167,2021,Jeep,Grand Cherokee 4WD,"Auto 8-spd, 6 cyl, 3.6 L",fetched,,1
43168,2021,Jeep,Grand Cherokee 4WD,"Auto 8-spd, 8 cyl, 5.7 L",fetched,,1
43171,2020,Pagani,Huayra Roadster BC,"Auto (AM7), 12 cyl, 6.0 L, Turbo",fetched,,1
43172,2021,Bentley,Continental GT Convertible,"Auto (AM-S8), 12 cyl, 6.0 L, Turbo",fetched,,1
43173,2021,Bentley,Continental GT,"Auto (AM-S8), 12 cyl, 6.0 L, Turbo",fetched,,1
43176,2021,Bentley,Flying Spur,"Auto (AM-S8), 12 cyl, 6.0 L, Turbo",fetched,,1
43177,2021,Maserati,Ghibli Trofeo,"Auto 8-spd, 8 cyl, 3.8 L, Turbo",fetched,,1
43178,2021,Maserati,Ghibli SQ4,"Auto 8-spd, 6 cyl, 3.0 L, Turbo",fetched,,1
43179,2021,Maserati,Ghibli,"Auto 8-spd, 6 cyl, 3.0 L, Turbo",fetched,,1
43180,2021,Maserati,Ghibli S,"Auto 8-spd, 6 cyl, 3.0 L, Turbo",fetched,,1
43182,2021,Maserati,Quattroporte Trofeo,"Auto 8-spd, 8 cyl, 3.8 L, Turbo",fetched,,1
43183,2021,Maserati,Quattroporte SQ4,"Auto 8-spd, 6 cyl, 3.0 L, Turbo",fetched,,1
43184,2021,Maserati,Quattroporte S,"Auto 8-spd, 6 cyl, 3.0 L, Turbo",fetched,,1
43200,2021,Chevrolet,Equinox FWD,"Auto 6-spd, 4 cyl, 1.5 L, Turbo",fetched,,1
43201,2021,Buick,Envision AWD,"Auto (S9), 4 cyl, 2.0 L, Turbo",fetched,,1
43202,2021,Buick,Enclave FWD,"Auto 9-spd, 6 cyl, 3.6 L",fetched,,1
43203,2021,Chevrolet,Traverse FWD,"Auto 9-spd, 6 cyl, 3.6 L",fetched,,1
43205,2021,Buick,Enclave AWD,"Auto 9-spd, 6 cyl, 3.6 L",fetched,,1
43207,2021,Land Rover,Range Rover MHEV,"Auto (S8), 6 cyl, 3.0 L, Turbo",fetched,,1
43208,2021,Maserati,Levante S,"Auto 8-spd, 6 cyl, 3.0 L, Turbo",fetched,,1
43209,2021,Maserati,Levante,"Auto 8-spd, 6 cyl, 3.0 L, Turbo",fetched,,1
43210,2021,Maserati,Levante GTS,"Auto 8-spd, 8 cyl, 3.8 L, Turbo",fetched,,1
43212,2021,Toyota,Sequoia 4WD,"Auto (S6), 8 cyl, 5.7 L",fetched,,1
43214,2021,Lincoln,Aviator PHEV AWD,"Auto (S10), 6 cyl, 3.0 L, Turbo",fetched,,1
43215,2021,Aston Martin,Vantage Manual,"Man 7-spd, 8 cyl, 4.0 L, Turbo",fetched,,1
43224,2021,Porsche,718 Boxster T,"Man 6-spd, 4 cyl, 2.0 L, Turbo",fetched,,1
43225,2021,Porsche,718 Boxster T,"Auto (AM-S7), 4 cyl, 2.0 L, Turbo",fetched,,1
43229,2021,Audi,A5 Cabriolet quattro,"Auto (AM-S7), 4 cyl, 2.0 L, Turbo",fetched,,1
43231,2021,Lexus,RC 350,"Auto (S8), 6 cyl, 3.5 L",fetched,,1
43233,2021,Lexus,RC 300,"Auto (S8), 4 cyl, 2.0 L, Turbo",fetched,,1
43235,2021,Acura,TLX AWD A-SPEC,"Auto (S10), 4 cyl, 2.0 L, Turbo",fetched,,1
43237,2021,Acura,TLX FWD A-SPEC,"Auto (S10), 4 cyl, 2.0 L, Turbo",fetched,,1
43240,2021,Cadillac,CT4,"Auto (S8), 4 cyl, 2.0 L, Turbo",fetched,,1
43241,2021,Cadillac,CT4 AWD,"Auto (S8), 4 cyl, 2.0 L, Turbo",fetched,,1
43248,2021,Volkswagen,Jetta,"Auto (S8), 4 cyl, 1.4 L, Turbo",fetched,,1
43249,2021,Volkswagen,Jetta,"Man 6-spd, 4 cyl, 1.4 L, Turbo",discovered,,1
43250,2021,Volkswagen,Golf,"Auto (S8), 4 cyl, 1.4 L, Turbo",fetched,,1
43251,2021,Volkswagen,Golf,"Man 6-spd, 4 cyl, 1.4 L, Turbo",fetched,,1
43253,2021,Cadillac,CT5,"Auto (S10), 6 cyl, 3.0 L, Turbo",fetched,,1
43257,2021,Cadillac,CT5,"Auto (S10), 4 cyl, 2.0 L, Turbo",fetched,,1
43260,2021,Volkswagen,Arteon,"Auto (S8), 4 cyl, 2.0 L, Turbo",fetched,,1
43264,2021,Ford,Transit Connect Van FWD,"Auto (S6), 4 cyl, 2.5 L",fetched,,1
43265,2021,Ford,Transit Connect Wagon LWB FWD,"Auto (S6), 4 cyl, 2.5 L",fetched,,1
43267,2021,Ford,Transit Connect Van FWD,"Auto (S8), 4 cyl, 2.0 L",discovered,,1
43269,2021,Ford,Transit Connect Wagon LWB FWD,"Auto (S8), 4 cyl, 2.0 L",fetched,,1
43272,2021,Kia,Sorento FWD,"Auto (S8), 4 cyl, 2.5 L",fetched,,1
43273,2021,Kia,Sorento FWD,"Auto (AM-S8), 4 cyl, 2.5 L, Turbo",fetched,,1
43275,2021,Volkswagen,Atlas Cross Sport,"Auto (S8), 4 cyl, 2.0 L, Turbo",fetched,,1
43281,2021,Mercedes-Benz,GLC300 4matic Coupe,"Auto 9-spd, 4 cyl, 2.0 L, Turbo",fetched,,1
43282,2021,Volkswagen,Atlas Cross Sport 4motion,"Auto (S8), 6 cyl, 3.6 L",fetched,,1
43286,2021,Lincoln,Aviator RWD,"Auto (S10), 6 cyl, 3.0 L, Turbo",fetched,,1
43287,2021,Aston Martin,DBX V8,"Auto 9-spd, 8 cyl, 4.0 L, Turbo",fetched,,1
43293,2021,Lincoln,Aviator AWD,"Auto (S10), 6 cyl, 3.0 L, Turbo",fetched,,1
43294,2021,Polestar,2,Auto (A1),fetched,,1
43295,2021,Volvo,XC40 AWD BEV,Auto (A1),fetched,,1
43296,2021,Ferrari,SF90 Stradale Coupe,"Auto (AM8), 8 cyl, 3.9 L, Turbo",fetched,,1
43297,2021,Acura,ILX,"Auto (AM-S8), 4 cyl, 2.4 L",fetched,,1
43298,2021,Toyota,Corolla APEX,"Auto (AV-S10), 4 cyl, 2.0 L",fetched,,1
43299,2021,Toyota,Corolla APEX,"Man 6-spd, 4 cyl, 2.0 L",fetched,,1
43304,2021,Toyota,Camry XSE,"Auto (S8), 6 cyl, 3.5 L",fetched,,1
43306,2021,Toyota,Camry XLE/XSE,"Auto (S8), 4 cyl, 2.5 L",fetched,,1
43308,2021,Toyota,Camry Hybrid SE/XLE/XSE,"Auto (AV-S6), 4 cyl, 2.5 L",fetched,,1
43316,2021,Lincoln,Corsair FWD,"Auto (S8), 4 cyl, 2.0 L, Turbo",fetched,,1
43317,2021,Lincoln,Corsair AWD,"Auto (S8), 4 cyl, 2.0 L, Turbo",fetched,,1
43318,2021,Lincoln,Corsair AWD,"Auto (S8), 4 cyl, 2.3 L, Turbo",fetched,,1
43319,2021,Dodge,Durango RWD,"Auto 8-spd, 8 cyl, 5.7 L",fetched,,1
43320,2021,Dodge,Durango AWD,"Auto 8-spd, 8 cyl, 5.7 L",discovered,,1
43322,2021,Land Rover,Range Rover Sport PHEV,"Auto (S8), 4 cyl, 2.0 L, Turbo",fetched,,1
43326,2021,Audi,TT Coupe quattro,"Auto (AM-S7), 4 cyl, 2.0 L, Turbo",fetched,,1
43328,2021,Infiniti,Q60,"Auto (S7), 6 cyl, 3.0 L, Turbo",fetched,,1
43330,2021,Infiniti,Q60 Red Sport AWD,"Auto (S7), 6 cyl, 3.0 L, Turbo",fetched,,1
43351,2021,Mercedes-Benz,AMG GT 53 4matic Plus,"Auto 9-spd, 6 cyl, 3.0 L",fetched,,1
43352,2021,Alfa Romeo,Giulia,"Auto 8-spd, 4 cyl, 2.0 L, Turbo",fetched,,1
43353,2021,Alfa Romeo,Giulia AWD,"Auto 8-spd, 4 cyl, 2.0 L, Turbo",fetched,,1
43364,2021,Honda,Accord Hybrid,"Auto (variable gear ratios), 4 cyl, 2.0 L",fetched,,1
43367,2021,Alfa Romeo,Stelvio,"Auto 8-spd, 4 cyl, 2.0 L, Turbo",fetched,,1
43368,2021,Buick,Envision FWD,"Auto (S9), 4 cyl, 2.0 L, Turbo",fetched,,1
43372,2021,Alfa Romeo,Stelvio AWD,"Auto 8-spd, 4 cyl, 2.0 L, Turbo",fetched,,1
43373,2021,Fiat,500X AWD,"Auto 9-spd, 4 cyl, 1.3 L, Turbo",fetched,,1
43375,2021,Nissan,Rogue AWD,"Auto (AV-S8), 4 cyl, 2.5 L",fetched,,1
43379,2021,Porsche,Cayenne,"Auto (S8), 6 cyl, 3.0 L, Turbo",fetched,,1
43386,2021,Porsche,Cayenne Turbo Coupe,"Auto (S8), 8 cyl, 4.0 L, Turbo",fetched,,1
43387,2021,Lexus,UX 250h,"Auto (AV-S6), 4 cyl, 2.0 L",fetched,,1
43388,2021,Lexus,UX 250h AWD,"Auto (AV-S6), 4 cyl, 2.0 L",fetched,,1
43389,2021,Lexus,UX 200,"Auto (AV-S10), 4 cyl, 2.0 L",fetched,,1
43390,2021,Nissan,Altima,"Auto (variable gear ratios), 4 cyl, 2.5 L",fetched,,1
43394,2021,Nissan,Altima SV/SL,"Auto (variable gear ratios), 4 cyl, 2.5 L",fetched,,1
43399,2021,Dodge,Durango SRT AWD,"Auto 8-spd, 8 cyl, 6.4 L",fetched,,1
43401,2021,Tesla,Model 3 Long Range AWD,Auto (A1),fetched,,1
43402,2021,Tesla,Model 3 Performance AWD,Auto (A1),fetched,,1
43404,2021,Tesla,Model X Performance (20in Wheels),Auto (A1),fetched,,1
43405,2021,Tesla,Model X Performance (22in Wheels),Auto (A1),fetched,,1
43406,2021,Tesla,Model Y Long Range AWD,Auto (A1),fetched,,1
43409,2020,Lamborghini,Aventador Sian Roadster,"Auto (AM-S7), 12 cyl, 6.5 L",fetched,,1
43410,2020,Lamborghini,Aventador Sian Coupe,"Auto (AM-S7), 12 cyl, 6.5 L",fetched,,1
43411,2020,RUF Automobile,TURBO12/CTR3/CTR ANNIVERSARY,"Man 7-spd, 6 cyl, 3.8 L, Turbo",fetched,,1
43412,2020,Kia,Soul Electric,Auto (A1),fetched,,1
43414,2021,Bentley,Continental GT,"Auto (AM-S8), 8 cyl, 4.0 L, Turbo",fetched,,1
43415,2021,Ram,1500 HFE 2WD,"Auto 8-spd, 6 cyl, 3.6 L",fetched,,1
43417,2021,Chrysler,Pacifica,"Auto 9-spd, 6 cyl, 3.6 L",fetched,,1
43418,2021,Chrysler,Voyager,"Auto 9-spd, 6 cyl, 3.6 L",fetched,,1
43419,2021,Chrysler,Pacifica AWD,"Auto 9-spd, 6 cyl, 3.6 L",fetched,,1
43426,2021,Lotus,Evora GT,"Man 6-spd, 6 cyl, 3.5 L, Sup Charg",fetched,,1
43427,2021,Lotus,Evora GT,"Auto (S6), 6 cyl, 3.5 L, Sup Charg",fetched,,1
43431,2021,Porsche,911 Turbo S Cabriolet,"Auto (AM-S8), 6 cyl, 3.7 L, Turbo",fetched,,1
43441,2021,Dodge,Challenger Widebody,"Auto 8-spd, 8 cyl, 6.4 L",fetched,,1
43442,2021,Dodge,Challenger Widebody,"Man 6-spd, 8 cyl, 6.4 L",fetched,,1
43443,2021,Dodge,Challenger AWD,"Auto 8-spd, 6 cyl, 3.6 L",fetched,,1
43446,2021,Hyundai,Elantra,"Auto (AM-S7), 4 cyl, 1.6 L, Turbo, SIDI",fetched,,1
43447,2021,Hyundai,Elantra,"Man 6-spd, 4 cyl, 1.6 L, Turbo, SIDI",fetched,,1
43448,2021,Chrysler,300,"Auto 8-spd, 6 cyl, 3.6 L",fetched,,1
43449,2021,Chrysler,300,"Auto 8-spd, 8 cyl, 5.7 L",fetched,,1
43450,2021,Chrysler,300 AWD,"Auto 8-spd, 6 cyl, 3.6 L",fetched,,1
43453,2021,Dodge,Charger AWD,"Auto 8-spd, 6 cyl, 3.6 L",fetched,,1
43454,2021,Dodge,Charger SRT Widebody,"Auto 8-spd, 8 cyl, 6.2 L, Sup Charg",fetched,,1
43468,2021,Ram,1500 Classic 4WD,"Auto 8-spd, 6 cyl, 3.6 L",fetched,,1
43469,2021,Ram,1500 Classic 4WD,"Auto 8-spd, 8 cyl, 5.7 L",fetched,,1
43473,2021,Mitsubishi,Outlander Sport 2WD,"Auto (AV-S6), 4 cyl, 2.0 L",fetched,,1
43474,2021,Mitsubishi,Outlander Sport 2WD,"Auto (AV-S6), 4 cyl, 2.4 L",fetched,,1
43476,2021,Honda,CR-V Hybrid AWD,"Auto (variable gear ratios), 4 cyl, 2.0 L",fetched,,1
43477,2021,Mitsubishi,Outlander Sport 4WD,"Auto (AV-S6), 4 cyl, 2.0 L",fetched,,1
43478,2021,Mitsubishi,Outlander Sport 4WD,"Auto (AV-S6), 4 cyl, 2.4 L",fetched,,1
43479,2021,Porsche,Macan S,"Auto (AM-S7), 6 cyl, 3.0 L, Turbo",fetched,,1
43483,2021,Bugatti,Chiron,"Auto (AM-S7), 16 cyl, 8.0 L, Turbo",fetched,,1
43484,2021,Bugatti,Chiron Pur Sport,"Auto (AM-S7), 16 cyl, 8.0 L, Turbo",fetched,,1
43485,2021,Lamborghini,Aventador Coupe,"Auto (AM-S7), 12 cyl, 6.5 L",fetched,,1
43486,2021,Lamborghini,Aventador Roadster,"Auto (AM-S7), 12 cyl, 6.5 L",fetched,,1
43487,2021,Audi,TTS Coupe,"Auto (AM-S7), 4 cyl, 2.0 L, Turbo",fetched,,1
43491,2021,Kia,K5,"Auto (AM-S8), 4 cyl, 2.5 L, Turbo, SIDI & PFI",fetched,,1
43492,2021,Cadillac,Escalade 2WD,"Auto 10-spd, 6 cyl, 3.0 L, Diesel, Turbo",fetched,,1
43493,2021,Chevrolet,Tahoe 2WD,"Auto 10-spd, 6 cyl, 3.0 L, Diesel, Turbo",fetched,,1
43495,2021,GMC,Yukon 2WD,"Auto 10-spd, 6 cyl, 3.0 L, Diesel, Turbo",fetched,,1
43496,2021,GMC,Yukon XL 2WD,"Auto 10-spd, 6 cyl, 3.0 L, Diesel, Turbo",fetched,,1
43497,2021,Chrysler,Pacifica Hybrid,"Auto (variable gear ratios), 6 cyl, 3.6 L",fetched,,1
43501,2021,Porsche,911 Carrera Cabriolet,"Auto (AM-S8), 6 cyl, 3.0 L, Turbo",fetched,,1
43517,2021,Tesla,Model S Performance (21in Wheels),Auto (A1),fetched,,1
43530,2021,Mercedes-Benz,AMG S63 4matic Plus Convertible,"Auto 9-spd, 8 cyl, 4.0 L, Turbo",fetched,,1
43541,2021,Mercedes-Benz,AMG E63 S 4matic Plus (SW),"Auto 9-spd, 8 cyl, 4.0 L, Turbo",fetched,,1
43545,2021,Land Rover,Evoque,"Auto (S9), 4 cyl, 2.0 L, Turbo",fetched,,1
43547,2021,Mercedes-Benz,AMG GLC43 4matic,"Auto 9-spd, 6 cyl, 3.0 L, Turbo",fetched,,1
43566,2021,Mitsubishi,Mirage,"Man 5-spd, 3 cyl, 1.2 L",fetched,,1
43567,2021,Mitsubishi,Mirage,"Auto (variable gear ratios), 3 cyl, 1.2 L",fetched,,1
43568,2021,Mitsubishi,Mirage G4,"Man 5-spd, 3 cyl, 1.2 L",fetched,,1
43569,2021,Mitsubishi,Mirage G4,"Auto (variable gear ratios), 3 cyl, 1.2 L",fetched,,1
43570,2021,Hyundai,Ioniq,"Auto (AM-S6), 4 cyl, 1.6 L",discovered,,1
43571,2021,Hyundai,Ioniq Blue,"Auto (AM-S6), 4 cyl, 1.6 L",fetched,,1
43572,2021,Mercedes-Benz,AMG GLA45 4matic,"Auto (AM8), 4 cyl, 2.0 L, Turbo",fetched,,1
43573,2021,Mercedes-Benz,AMG GLB35 4matic,"Auto (AM8), 4 cyl, 2.0 L, Turbo",fetched,,1
43574,2021,Buick,Encore FWD,"Auto (S6), 4 cyl, 1.4 L, Turbo, SIDI",fetched,,1
43576,2021,Buick,Encore AWD,"Auto (S6), 4 cyl, 1.4 L, Turbo, SIDI",fetched,,1
43578,2021,Mazda,CX-30 4WD,"Auto (S6), 4 cyl, 2.5 L, Turbo, SIDI",fetched,,1
43590,2021,Ford,Expedition MAX 2WD,"Auto (S10), 6 cyl, 3.5 L, Turbo",fetched,,1
43591,2021,Lincoln,Navigator 2WD,"Auto (S10), 6 cyl, 3.5 L, Turbo",fetched,,1
43592,2021,Lincoln,Navigator L 2WD,"Auto (S10), 6 cyl, 3.5 L, Turbo",fetched,,1
43593,2021,Cadillac,Escalade 4WD,"Auto 10-spd, 6 cyl, 3.0 L, Diesel, Turbo",fetched,,1
43595,2021,Chevrolet,Tahoe 4WD,"Auto 10-spd, 6 cyl, 3.0 L, Diesel, Turbo",fetched,,1
43597,2021,Ford,Expedition 4WD,"Auto (S10), 6 cyl, 3.5 L, Turbo",fetched,,1
43601,2021,Lincoln,Navigator 4WD,"Auto (S10), 6 cyl, 3.5 L, Turbo",fetched,,1
43606,2021,Karma,GS-6 (21-inch wheels),"Auto (A1), 3 cyl, 1.5 L, Turbo",fetched,,1
43607,2021,Karma,GS-6 (22-inch wheels),"Auto (A1), 3 cyl, 1.5 L, Turbo",fetched,,1
43611,2021,Alfa Romeo,Giulia,"Auto 8-spd, 6 cyl, 2.9 L, Turbo",fetched,,1
43622,2021,Alfa Romeo,Stelvio AWD,"Auto 8-spd, 6 cyl, 2.9 L, Turbo",fetched,,1
43624,2020,Land Rover,Range Rover Sport MHEV,"Auto (S8), 6 cyl, 3.0 L, Turbo",fetched,,1
43628,2021,Subaru,WRX,"Man 6-spd, 4 cyl, 2.0 L, Turbo",fetched,,1
43629,2021,Subaru,WRX,"Auto (AV-S8), 4 cyl, 2.0 L, Turbo",fetched,,1
43630,2021,Subaru,WRX,"Man 6-spd, 4 cyl, 2.5 L, Turbo",fetched,,1
43631,2021,Kia,Niro Touring,"Auto (AM-S6), 4 cyl, 1.6 L",fetched,,1
43639,2021,Land Rover,Defender 90,"Auto (S8), 4 cyl, 2.0 L, Turbo",fetched,,1
43640,2021,Kandi,K27,Auto (A1),fetched,,1
43642,2021,Bentley,Flying Spur,"Auto (AM-S8), 8 cyl, 4.0 L, Turbo",fetched,,1
43643,2021,Honda,Civic 5Dr,"Man 6-spd, 4 cyl, 2.0 L, Turbo",fetched,,1
43644,2021,Ford,Escape FWD HEV,"Auto (variable gear ratios), 4 cyl, 2.5 L",fetched,,1
43649,2021,Ford,Escape AWD HEV,"Auto (variable gear ratios), 4 cyl, 2.5 L",fetched,,1
43654,2021,Jaguar,F-Pace SVR,"Auto (S8), 8 cyl, 5.0 L, Sup Charg",fetched,,1
43658,2021,Land Rover,Range Rover Velar P400 MHEV,"Auto (S8), 6 cyl, 3.0 L, Turbo",fetched,,1
43659,2021,Bentley,Bentayga,"Auto (S8), 12 cyl, 6.0 L, Turbo",fetched,,1
43660,2021,Dodge,Durango SRT AWD,"Auto 8-spd, 8 cyl, 6.2 L, Sup Charg",fetched,,1
43661,2021,Jeep,Grand Cherokee Trackhawk 4WD,"Auto 8-spd, 8 cyl, 6.2 L, Sup Charg",fetched,,1
43664,2021,Nissan,Leaf (40 kW-hr battery pack),Auto (A1),fetched,,1
43666,2021,Nissan,Leaf SV/SL (62 kW-hr battery pack),Auto (A1),fetched,,1
43668,2021,Ford,Mustang HO Coupe,"Man 6-spd, 4 cyl, 2.3 L, Turbo",fetched,,1
43670,2021,Ford,Mustang HO Coupe,"Auto (S10), 4 cyl, 2.3 L, Turbo",fetched,,1
43682,2021,Jeep,Wrangler 4dr 4WD,"Auto 8-spd, 8 cyl, 6.4 L",fetched,,1
43687,2021,Subaru,Crosstrek Hybrid AWD,"Auto (variable gear ratios), 4 cyl, 2.0 L",fetched,,1
43688,2021,Nissan,Frontier 2WD,"Auto (S9), 6 cyl, 3.8 L",fetched,,1
43695,2021,Nissan,Armada 4WD,"Auto (S7), 8 cyl, 5.6 L, SIDI",fetched,,1
43696,2021,Nissan,Armada 4WD,"Auto (S7), 8 cyl, 5.6 L, SIDI; MDPV (Curb Weight >6000 lbs)",fetched,,1
43703,2022,Acura,MDX FWD,"Auto (S10), 6 cyl, 3.5 L",fetched,,1
43706,2022,Mitsubishi,Eclipse Cross ES 2WD,"Auto (AV-S8), 4 cyl, 1.5 L, Turbo",fetched,,1
43707,2022,Acura,MDX AWD,"Auto (S10), 6 cyl, 3.5 L",fetched,,1
43709,2022,Mitsubishi,Eclipse Cross ES 4WD,"Auto (AV-S8), 4 cyl, 1.5 L, Turbo",fetched,,1
43710,2021,Acura,NSX Hybrid,"Auto (AM-S9), 6 cyl, 3.5 L, Turbo",fetched,,1
43717,2021,Lincoln,Nautilus AWD,"Auto (S8), 4 cyl, 2.0 L, Turbo",fetched,,1
43718,2021,Lincoln,Nautilus AWD,"Auto (S8), 6 cyl, 2.7 L, Turbo",fetched,,1
43719,2021,Lincoln,Nautilus AWD,"Auto 8-spd, 4 cyl, 2.0 L, Turbo",fetched,,1
43722,2021,Ram,1500 HFE 2WD,"Auto 8-spd, 6 cyl, 3.0 L, Diesel, Turbo",fetched,,1
43724,2021,Bentley,Bentayga,"Auto (S8), 6 cyl, 3.0 L, Turbo",fetched,,1
43726,2021,Mitsubishi,Outlander PHEV,"Auto (A1), 4 cyl, 2.4 L",fetched,,1
43735,2021,Porsche,Panamera Turbo S ST,"Auto (AM-S8), 8 cyl, 4.0 L, Turbo",fetched,,1
43737,2021,Nissan,Rogue Sport,"Auto (AV-S8), 4 cyl, 2.0 L",fetched,,1
43748,2022,Genesis,G70 RWD,"Auto (S8), 6 cyl, 3.3 L, Turbo",fetched,,1
43749,2022,Kia,Sportage FWD,"Auto (S6), 4 cyl, 2.0 L, Turbo",fetched,,1
43750,2022,Kia,Sportage FWD,"Auto (S6), 4 cyl, 2.4 L",fetched,,1
43751,2022,Mitsubishi,Outlander 2WD,"Auto (AV-S8), 4 cyl, 2.5 L",fetched,,1
43757,2021,Lamborghini,Aventador Sian Coupe,"Auto (AM-S7), 12 cyl, 6.5 L",fetched,,1
43758,2021,Lamborghini,Aventador Sian Roadster,"Auto (AM-S7), 12 cyl, 6.5 L",fetched,,1
43759,2021,BMW,M8 Convertible,"Auto (S8), 8 cyl, 4.4 L, Turbo",fetched,,1
43760,2021,Jaguar,E-Pace,"Auto (S9), 4 cyl, 2.0 L, Turbo",fetched,,1
43763,2022,Hyundai,Kona FWD,"Auto (AM-S7), 4 cyl, 1.6 L, Turbo",fetched,,1
43764,2022,Hyundai,Kona FWD,"Auto (AV-S1), 4 cyl, 2.0 L",fetched,,1
43767,2021,Porsche,Panamera 4S Executive,"Auto (AM-S8), 6 cyl, 2.9 L, Turbo",fetched,,1
43772,2021,Nissan,Rogue AWD,"Auto (AV-S8), 3 cyl, 1.5 L, Turbo",fetched,,1
43773,2021,Nissan,Rogue AWD SL/Platinum,"Auto (AV-S8), 3 cyl, 1.5 L, Turbo",fetched,,1
43774,2021,Lincoln,Corsair AWD PHEV,"Auto (variable gear ratios), 4 cyl, 2.5 L",fetched,,1
43781,2022,MINI,Cooper S Convertible,"Man 6-spd, 4 cyl, 2.0 L, Turbo",fetched,,1
43784,2022,MINI,Cooper Hardtop 2 door,"Auto (AM-S7), 3 cyl, 1.5 L, Turbo",fetched,,1
43785,2022,MINI,Cooper Hardtop 2 door,"Man 6-spd, 3 cyl, 1.5 L, Turbo",fetched,,1
43790,2022,MINI,John Cooper Works Hardtop 2 door,"Man 6-spd, 4 cyl, 2.0 L, Turbo",fetched,,1
43791,2022,Genesis,G70 AWD,"Auto (S8), 6 cyl, 3.3 L, Turbo",fetched,,1
43798,2022,MINI,Cooper S Clubman,"Man 6-spd, 4 cyl, 2.0 L, Turbo",fetched,,1
43805,2022,BMW,M850i xDrive Convertible,"Auto (S8), 8 cyl, 4.4 L, Turbo",fetched,,1
43810,2022,Buick,Encore FWD,"Auto (S6), 4 cyl, 1.4 L, Turbo",fetched,,1
43812,2022,Buick,Encore AWD,"Auto (S6), 4 cyl, 1.4 L, Turbo",fetched,,1
43821,2021,Tesla,Model 3 Standard Range Plus RWD,Auto (A1),fetched,,1
43822,2022,MINI,Cooper S Convertible,"Auto (AM-S7), 4 cyl, 2.0 L, Turbo",fetched,,1
43830,2022,MINI,John Cooper Works Hardtop 2 door,"Auto (S8), 4 cyl, 2.0 L, Turbo",fetched,,1
43833,2022,BMW,X2 sDrive28i,"Auto (S8), 4 cyl, 2.0 L, Turbo",fetched,,1
43836,2022,MINI,Cooper S Clubman,"Auto (AM-S7), 4 cyl, 2.0 L, Turbo",discovered,,1
43837,2022,MINI,Cooper S Countryman,"Auto (AM-S7), 4 cyl, 2.0 L, Turbo",fetched,,1
43838,2022,MINI,Cooper S Countryman All4,"Auto (S8), 4 cyl, 2.0 L, Turbo",fetched,,1
43839,2022,MINI,Cooper S Clubman All4,"Auto (S8), 4 cyl, 2.0 L, Turbo",fetched,,1
43844,2022,Genesis,G90 AWD,"Auto (S8), 6 cyl, 3.3 L, Turbo",fetched,,1
43845,2022,Genesis,G90 RWD,"Auto (S8), 6 cyl, 3.3 L, Turbo",fetched,,1
43846,2022,Genesis,G90 AWD,"Auto (S8), 8 cyl, 5.0 L",fetched,,1
43847,2022,Genesis,G90 RWD,"Auto (S8), 8 cyl, 5.0 L",fetched,,1
43854,2022,Buick,Encore GX FWD,"Auto (variable gear ratios), 3 cyl, 1.2 L, Turbo",fetched,,1
43855,2022,Buick,Encore GX FWD,"Auto (variable gear ratios), 3 cyl, 1.3 L, Turbo",fetched,,1
43859,2022,Buick,Encore GX AWD,"Auto 9-spd, 3 cyl, 1.3 L, Turbo",fetched,,1
43863,2022,Kia,Seltos AWD,"Auto (AM-S7), 4 cyl, 1.6 L, Turbo",fetched,,1
43864,2022,Kia,Seltos AWD,"Auto (AV-S8), 4 cyl, 2.0 L",fetched,,1
43879,2021,Hyundai,Ioniq Electric,Auto (A1),fetched,,1
43880,2021,Tesla,Model Y Standard Range RWD,Auto (A1),fetched,,1
43889,2021,Jaguar,I-Pace EV400,Auto (A1),fetched,,1
43890,2020,McLaren Automotive,Sabre,"Auto (AM-S7), 8 cyl, 4.0 L, Turbo",fetched,,1
43891,2020,Rolls-Royce,Dawn Black Badge,"Auto (S8), 12 cyl, 6.6 L, Turbo",fetched,,1
43892,2020,Rolls-Royce,Wraith Black Badge,"Auto (S8), 12 cyl, 6.6 L, Turbo",fetched,,1
43893,2020,Rolls-Royce,Ghost Black Badge,"Auto (S8), 12 cyl, 6.6 L, Turbo",fetched,,1
43894,2020,Roush Performance,F150 Pickup 4WD,"Auto (S10), 8 cyl, 5.0 L, Sup Charg",fetched,,1
43897,2022,Kia,K5,"Auto (S8), 4 cyl, 1.6 L, Turbo, SIDI; Stop-Start",fetched,,1
43898,2022,Kia,K5,"Auto (S8), 4 cyl, 1.6 L, Turbo, SIDI",fetched,,1
43900,2022,Kia,K5,"Auto (AM-S8), 4 cyl, 2.5 L, Turbo, SIDI & PFI",fetched,,1
43901,2022,Volkswagen,Taos,"Auto 8-spd, 4 cyl, 1.5 L, Turbo",fetched,,1
43902,2022,Volkswagen,Taos 4motion,"Auto 7-spd, 4 cyl, 1.5 L, Turbo",fetched,,1
43903,2022,Land Rover,Range Rover Sport,"Auto (S8), 8 cyl, 5.0 L, Sup Charg",fetched,,1
43904,2022,Land Rover,Range Rover Sport SVR,"Auto (S8), 8 cyl, 5.0 L, Sup Charg",fetched,,1
43905,2022,Land Rover,Range Rover Sport P360 MHEV,"Auto (S8), 6 cyl, 3.0 L, Turbo, Sup Charg",fetched,,1
43906,2022,Land Rover,Range Rover Sport P400 MHEV,"Auto (S8), 6 cyl, 3.0 L, Turbo, Sup Charg",fetched,,1
43912,2021,Ford,Escape FWD PHEV,"Auto (variable gear ratios), 4 cyl, 2.5 L",fetched,,1
43926,2022,Genesis,G70 AWD,"Auto (S8), 4 cyl, 2.0 L, Turbo",fetched,,1
43927,2022,Genesis,G70 RWD,"Auto (S8), 4 cyl, 2.0 L, Turbo",fetched,,1
43948,2022,Honda,Insight,"Auto (variable gear ratios), 4 cyl, 1.5 L",fetched,,1
43950,2022,Nissan,Pathfinder 4WD,"Auto (S9), 6 cyl, 3.5 L",fetched,,1
43957,2022,Hyundai,Sonata Hybrid Blue,"Auto (AM-S6), 4 cyl, 2.0 L",fetched,,1
43958,2022,Buick,Envision FWD,"Auto (S9), 4 cyl, 2.0 L, Turbo",fetched,,1
43961,2022,Buick,Envision AWD,"Auto (S9), 4 cyl, 2.0 L, Turbo",fetched,,1
43962,2022,Cadillac,XT4 AWD,"Auto (S9), 4 cyl, 2.0 L, Turbo",fetched,,1
43963,2022,Hyundai,Palisade FWD,"Auto (S8), 6 cyl, 3.8 L",fetched,,1
43966,2021,Acura,TLX Type-S,"Auto (S10), 6 cyl, 3.0 L, Turbo",fetched,,1
43967,2021,Acura,TLX Type-S Perf Tire,"Auto (S10), 6 cyl, 3.0 L, Turbo",fetched,,1
43973,2022,Genesis,G80 AWD,"Auto (S8), 4 cyl, 2.5 L, Turbo",fetched,,1
43975,2022,Hyundai,Sonata,"Auto (S8), 4 cyl, 1.6 L, Turbo, SIDI",fetched,,1
43976,2022,Hyundai,Sonata,"Auto (S8), 4 cyl, 2.5 L, SIDI & PFI",fetched,,1
43977,2022,Hyundai,Sonata,"Auto (S8), 4 cyl, 2.5 L, SIDI & PFI; Stop-Start",fetched,,1
43978,2022,Hyundai,Sonata,"Auto (AM-S8), 4 cyl, 2.5 L, Turbo, SIDI & PFI",fetched,,1
43980,2022,Kia,Niro FE,"Auto (AM-S6), 4 cyl, 1.6 L",fetched,,1
43983,2022,Hyundai,Santa Cruz AWD,"Auto (S8), 4 cyl, 2.5 L",fetched,,1
43984,2022,Hyundai,Santa Cruz AWD,"Auto (AM-S8), 4 cyl, 2.5 L, Turbo",fetched,,1
44006,2022,Cadillac,CT4 V,"Auto (S10), 6 cyl, 3.6 L, Turbo",fetched,,1
44007,2022,Cadillac,CT4 V,"Man 6-spd, 6 cyl, 3.6 L, Turbo",fetched,,1
44033,2021,Cadillac,Escalade 2WD,"Auto 10-spd, 8 cyl, 6.2 L, SIDI",fetched,,1
44034,2021,Chevrolet,Tahoe 2WD,"Auto 10-spd, 8 cyl, 6.2 L, SIDI",fetched,,1
44036,2021,Chevrolet,Tahoe 2WD,"Auto 10-spd, 8 cyl, 5.3 L, SIDI",discovered,,1
44038,2021,GMC,Yukon 2WD,"Auto 10-spd, 8 cyl, 6.2 L, SIDI",fetched,,1
44039,2021,GMC,Yukon XL 2WD,"Auto 10-spd, 8 cyl, 6.2 L, SIDI",fetched,,1
44040,2021,GMC,Yukon 2WD,"Auto 10-spd, 8 cyl, 5.3 L, SIDI",fetched,,1
44041,2021,GMC,Yukon XL 2WD,"Auto 10-spd, 8 cyl, 5.3 L, SIDI",fetched,,1
44042,2021,Cadillac,Escalade 4WD,"Auto 10-spd, 8 cyl, 6.2 L, SIDI",fetched,,1
44043,2021,Chevrolet,Tahoe 4WD,"Auto 10-spd, 8 cyl, 6.2 L, SIDI",fetched,,1
44045,2021,Chevrolet,Tahoe 4WD,"Auto 10-spd, 8 cyl, 5.3 L, SIDI",fetched,,1
44051,2021,Tesla,Model S Long Range,Auto (A1),fetched,,1
44053,2022,Jaguar,F-Type R AWD Coupe,"Auto (S8), 8 cyl, 5.0 L, Sup Charg",fetched,,1
44064,2022,Subaru,Impreza Sport 5-Door,"Man 5-spd, 4 cyl, 2.0 L",fetched,,1
44065,2022,Subaru,Impreza Sport 5-Door,"Auto (AV-S7), 4 cyl, 2.0 L",fetched,,1
44067,2022,Jeep,Grand Wagoneer 2WD,"Auto 8-spd, 8 cyl, 6.4 L",fetched,,1
44068,2022,Jeep,Grand Wagoneer 4WD,"Auto 8-spd, 8 cyl, 6.4 L",fetched,,1
44069,2021,Tesla,Model S Plaid (21inch wheels),Auto (A1),fetched,,1
44073,2022,Toyota,Corolla Hybrid,"Auto (variable gear ratios), 4 cyl, 1.8 L",fetched,,1
44083,2022,Cadillac,XT5 Hearse AWD,"Auto (S9), 4 cyl, 2.0 L, Turbo",fetched,,1
44084,2022,Cadillac,XT5 Limo AWD,"Auto (S9), 4 cyl, 2.0 L, Turbo",fetched,,1
44085,2022,Buick,Enclave FWD,"Auto 9-spd, 6 cyl, 3.6 L",fetched,,1
44087,2022,Buick,Enclave AWD,"Auto 9-spd, 6 cyl, 3.6 L",fetched,,1
44089,2021,Roush Performance,Mustang,"Man 6-spd, 8 cyl, 5.0 L, Sup Charg",fetched,,1
44090,2021,Mercedes-Benz,S500 4matic,"Auto 9-spd, 6 cyl, 3.0 L",fetched,,1
44091,2021,Jeep,Wrangler 2dr 4WD,"Auto 8-spd, 6 cyl, 3.6 L",discovered,,1
44092,2021,Jeep,Wrangler 4dr 4WD,"Auto 8-spd, 6 cyl, 3.6 L",fetched,,1
44097,2022,Audi,TT Roadster quattro,"Auto (AM-S7), 4 cyl, 2.0 L, Turbo",fetched,,1
44098,2022,Lamborghini,Huracan Spyder,"Auto (AM-S7), 10 cyl, 5.2 L",fetched,,1
44099,2022,Lamborghini,Huracan Coupe,"Auto (AM-S7), 10 cyl, 5.2 L",fetched,,1
44100,2022,Lamborghini,Huracan Spyder RWD,"Auto (AM-S7), 10 cyl, 5.2 L",fetched,,1
44101,2022,Lamborghini,Huracan Coupe RWD,"Auto (AM-S7), 10 cyl, 5.2 L",fetched,,1
44102,2022,Bentley,Continental GT V8 Convertible,"Auto (AM-S8), 8 cyl, 4.0 L, Turbo",fetched,,1
44109,2022,Bentley,Continental GT,"Auto (AM-S8), 8 cyl, 4.0 L, Turbo",fetched,,1
44113,2022,Audi,A4 S line quattro,"Auto (AM-S7), 4 cyl, 2.0 L, Turbo",fetched,,1
44118,2022,Audi,A5 Sportback quattro,"Auto (AM-S7), 4 cyl, 2.0 L, Turbo",fetched,,1
44126,2022,Bentley,Flying Spur,"Auto (AM-S8), 8 cyl, 4.0 L, Turbo",fetched,,1
44127,2022,Cadillac,CT5 AWD,"Auto (S10), 6 cyl, 3.0 L, Turbo",fetched,,1
44129,2022,Cadillac,CT5,"Auto (S10), 6 cyl, 3.0 L, Turbo",fetched,,1
44131,2022,Honda,Civic 4Dr,"Auto (variable gear ratios), 4 cyl, 1.5 L, Turbo",fetched,,1
44132,2022,Honda,Civic 4Dr,"Auto (AV-S7), 4 cyl, 1.5 L, Turbo",fetched,,1
44133,2022,Honda,Civic 4Dr,"Auto (variable gear ratios), 4 cyl, 2.0 L",fetched,,1
44134,2022,Honda,Civic 4Dr,"Auto (AV-S7), 4 cyl, 2.0 L",fetched,,1
44136,2022,Volkswagen,Passat,"Auto (S6), 4 cyl, 2.0 L, Turbo",fetched,,1
44138,2022,Hyundai,Ioniq Blue,"Auto (AM-S6), 4 cyl, 1.6 L",fetched,,1
44139,2022,Audi,A4 allroad quattro,"Auto (AM-S7), 4 cyl, 2.0 L, Turbo",fetched,,1
44141,2022,Kia,Sorento Hybrid FWD,"Auto (AM-S6), 4 cyl, 1.6 L, Turbo",fetched,,1
44142,2022,Volkswagen,Tiguan,"Auto (S8), 4 cyl, 2.0 L, Turbo",fetched,,1
44147,2022,Audi,Q3 S line quattro,"Auto (S8), 4 cyl, 2.0 L, Turbo",fetched,,1
44149,2022,Volkswagen,Tiguan 4motion,"Auto (S8), 4 cyl, 2.0 L, Turbo",fetched,,1
44156,2022,Bentley,Bentayga,"Auto (S8), 8 cyl, 4.0 L, Turbo",fetched,,1
44157,2022,Lamborghini,Urus,"Auto (S8), 8 cyl, 4.0 L, Turbo",fetched,,1
44161,2021,Roush Performance,Mustang,"Auto (S10), 8 cyl, 5.0 L, Sup Charg",fetched,,1
44162,2021,Mercedes-Benz,S580 4matic Maybach,"Auto 9-spd, 8 cyl, 4.0 L, Turbo",fetched,,1
44167,2022,Jaguar,F-Type P450 RWD Coupe,"Auto (S8), 8 cyl, 5.0 L, Sup Charg",fetched,,1
44168,2022,Jaguar,F-Type P450 RWD Convertible,"Auto (S8), 8 cyl, 5.0 L, Sup Charg",fetched,,1
44171,2022,BMW,430i xDrive Coupe,"Auto (S8), 4 cyl, 2.0 L, Turbo",fetched,,1
44178,2022,Acura,ILX,"Auto (AM-S8), 4 cyl, 2.4 L",fetched,,1
44184,2022,BMW,M3 Competition Sedan,"Auto (S8), 6 cyl, 3.0 L, Turbo",fetched,,1
44185,2022,BMW,M440i xDrive Gran Coupe,"Auto (S8), 6 cyl, 3.0 L, Turbo",fetched,,1
44187,2022,Volvo,S60 B5 AWD,"Auto (S8), 4 cyl, 2.0 L, Turbo",fetched,,1
44200,2022,Volkswagen,Atlas 4motion,"Auto (S8), 4 cyl, 2.0 L, Turbo",fetched,,1
44203,2022,Volkswagen,Atlas 4motion,"Auto (S8), 6 cyl, 3.6 L",fetched,,1
44204,2022,Volvo,XC40 T5 AWD,"Auto (S8), 4 cyl, 2.0 L, Turbo",fetched,,1
44205,2022,Volvo,XC60 B5 AWD,"Auto (S8), 4 cyl, 2.0 L, Turbo",fetched,,1
44209,2022,Volvo,XC90 T5 AWD,"Auto (S8), 4 cyl, 2.0 L, Turbo",fetched,,1
44212,2022,Land Rover,Range Rover Sport PHEV,"Auto (S8), 4 cyl, 2.0 L, Turbo",fetched,,1
44215,2022,Cadillac,CT5,"Auto (S10), 4 cyl, 2.0 L, Turbo",fetched,,1
44216,2022,Cadillac,CT5 AWD,"Auto (S10), 4 cyl, 2.0 L, Turbo",fetched,,1
44224,2019,Koenigsegg,Regera,"Auto (A1), 8 cyl, 5.0 L, Turbo",fetched,,1
44225,2020,Koenigsegg,Regera,"Auto (A1), 8 cyl, 5.0 L, Turbo",fetched,,1
44226,2022,Jaguar,F-Type P450 AWD R-Dynamic Coupe,"Auto (S8), 8 cyl, 5.0 L, Sup Charg",fetched,,1
44227,2022,Jaguar,F-Type P450 AWD R-Dynamic Convertible,"Auto (S8), 8 cyl, 5.0 L, Sup Charg",fetched,,1
44228,2022,Audi,A3 quattro,"Auto (AM-S7), 4 cyl, 2.0 L, Turbo",fetched,,1
44234,2022,Cadillac,CT4 V,"Auto (S10), 4 cyl, 2.7 L, Turbo",discovered,,1
44236,2022,Cadillac,CT4 V AWD,"Auto (S10), 4 cyl, 2.7 L, Turbo",fetched,,1
44237,2022,Toyota,Corolla Hatchback,"Man 6-spd, 4 cyl, 2.0 L",fetched,,1
44238,2022,Toyota,Corolla Hatchback,"Auto (AV-S10), 4 cyl, 2.0 L",fetched,,1
44243,2022,Alfa Romeo,Giulia,"Auto 8-spd, 6 cyl, 2.9 L, Turbo",fetched,,1
44247,2022,BMW,M5 Competition Sedan,"Auto (S8), 8 cyl, 4.4 L, Turbo",fetched,,1
44248,2022,Rolls-Royce,Phantom,"Auto (S8), 12 cyl, 6.7 L, Turbo",fetched,,1
44249,2022,Rolls-Royce,Phantom Extended,"Auto (S8), 12 cyl, 6.7 L, Turbo",fetched,,1
44250,2022,Honda,HR-V AWD,"Auto (variable gear ratios), 4 cyl, 1.8 L",fetched,,1
44251,2022,Honda,HR-V AWD,"Auto (AV-S7), 4 cyl, 1.8 L",fetched,,1
44254,2022,Rolls-Royce,Cullinan,"Auto (S8), 12 cyl, 6.7 L, Turbo",fetched,,1
44255,2022,Rolls-Royce,Cullinan Black Badge,"Auto (S8), 12 cyl, 6.7 L, Turbo",fetched,,1
44259,2022,Alfa Romeo,Stelvio AWD,"Auto 8-spd, 6 cyl, 2.9 L, Turbo",fetched,,1
44260,2022,Jaguar,E-Pace,"Auto (S9), 4 cyl, 2.0 L, Turbo",fetched,,1
44261,2022,Jaguar,E-Pace MHEV,"Auto (S9), 4 cyl, 2.0 L, Turbo",fetched,,1
44264,2022,Subaru,Ascent,"Auto (AV-S8), 4 cyl, 2.4 L, Turbo",fetched,,1
44265,2022,Subaru,Ascent Limited/Touring/Onyx AWD,"Auto (AV-S8), 4 cyl, 2.4 L, Turbo",fetched,,1
44268,2022,Volvo,XC60 T8 AWD Recharge,"Auto (S8), 4 cyl, 2.0 L, Turbo, Sup Charg",fetched,,1
44269,2022,Volvo,XC90 T8 AWD Recharge,"Auto (S8), 4 cyl, 2.0 L, Turbo, Sup Charg",fetched,,1
44270,2022,Maserati,MC20,"Auto (S8), 6 cyl, 3.0 L, Turbo",fetched,,1
44271,2022,Subaru,BRZ,"Man 6-spd, 4 cyl, 2.4 L",fetched,,1
44272,2022,Subaru,BRZ,"Auto (S6), 4 cyl, 2.4 L",fetched,,1
44273,2022,Audi,TTS Coupe quattro,"Auto (AM-S7), 4 cyl, 2.0 L, Turbo",fetched,,1
44275,2022,BMW,230i Coupe,"Auto (S8), 4 cyl, 2.0 L, Turbo",fetched,,1
44277,2022,BMW,430i Coupe,"Auto (S8), 4 cyl, 2.0 L, Turbo",fetched,,1
44290,2022,Mitsubishi,Mirage G4,"Man 5-spd, 3 cyl, 1.2 L",fetched,,1
44291,2022,Mitsubishi,Mirage G4,"Auto (variable gear ratios), 3 cyl, 1.2 L",fetched,,1
44293,2022,BMW,540i Sedan,"Auto (S8), 6 cyl, 3.0 L, Turbo",fetched,,1
44295,2022,Maserati,Ghibli Modena AWD,"Auto 8-spd, 6 cyl, 3.0 L, Turbo",fetched,,1
44296,2022,Maserati,Ghibli GT,"Auto 8-spd, 6 cyl, 3.0 L, Turbo",fetched,,1
44298,2022,Genesis,G80 AWD,"Auto (S8), 6 cyl, 3.5 L, Turbo",fetched,,1
44300,2022,Maserati,Quattroporte Modena AWD,"Auto 8-spd, 6 cyl, 3.0 L, Turbo",fetched,,1
44301,2022,Maserati,Quattroporte Modena RWD,"Auto 8-spd, 6 cyl, 3.0 L, Turbo",fetched,,1
44302,2022,Maserati,Quattroporte GT,"Auto 8-spd, 6 cyl, 3.0 L, Turbo",fetched,,1
44303,2022,Rolls-Royce,Ghost,"Auto (S8), 12 cyl, 6.7 L, Turbo",fetched,,1
44304,2022,Rolls-Royce,Ghost Extended,"Auto (S8), 12 cyl, 6.7 L, Turbo",fetched,,1
44305,2022,Rolls-Royce,Ghost Black Badge,"Auto (S8), 12 cyl, 6.7 L, Turbo",fetched,,1
44307,2022,Genesis,GV80 RWD,"Auto (S8), 4 cyl, 2.5 L, Turbo",fetched,,1
44309,2022,Mitsubishi,Outlander Sport 2WD,"Auto (AV-S6), 4 cyl, 2.0 L",fetched,,1
44310,2022,Mitsubishi,Outlander Sport 2WD,"Auto (AV-S6), 4 cyl, 2.4 L",fetched,,1
44317,2022,BMW,X4 M,"Auto (S8), 6 cyl, 3.0 L, Turbo",fetched,,1
44320,2022,Mitsubishi,Outlander Sport 4WD,"Auto (AV-S6), 4 cyl, 2.0 L",fetched,,1
44321,2022,Mitsubishi,Outlander Sport 4WD,"Auto (AV-S6), 4 cyl, 2.4 L",fetched,,1
44330,2022,BMW,X6 M,"Auto (S8), 8 cyl, 4.4 L, Turbo",fetched,,1
44334,2022,BMW,Alpina XB7,"Auto (S8), 8 cyl, 4.4 L, Turbo",fetched,,1
44335,2022,Genesis,GV80 AWD,"Auto (S8), 4 cyl, 2.5 L, Turbo",discovered,,1
44336,2022,Genesis,GV80 AWD,"Auto (S8), 6 cyl, 3.5 L, Turbo",fetched,,1
44338,2022,Maserati,Levante Modena,"Auto 8-spd, 6 cyl, 3.0 L, Turbo",fetched,,1
44339,2022,Maserati,Levante GT,"Auto 8-spd, 6 cyl, 3.0 L, Turbo",fetched,,1
44340,2022,Maserati,Levante Modena V8,"Auto 8-spd, 8 cyl, 3.8 L, Turbo",fetched,,1
44341,2022,Maserati,Levante Trofeo,"Auto 8-spd, 8 cyl, 3.8 L, Turbo",fetched,,1
44345,2022,Toyota,Camry XSE,"Auto (S8), 6 cyl, 3.5 L",fetched,,1
44353,2022,GMC,Canyon 2WD,"Auto 6-spd, 4 cyl, 2.5 L",fetched,,1
44354,2022,Chevrolet,Colorado 4WD,"Auto 6-spd, 4 cyl, 2.5 L",fetched,,1
44385,2022,GMC,Canyon 2WD,"Auto 6-spd, 4 cyl, 2.8 L, Diesel, Turbo",fetched,,1
44386,2022,GMC,Canyon 2WD,"Auto 8-spd, 6 cyl, 3.6 L",fetched,,1
44387,2022,Chevrolet,Colorado 4WD,"Auto 8-spd, 6 cyl, 3.6 L",fetched,,1
44390,2022,Chevrolet,Colorado 4WD,"Auto 6-spd, 4 cyl, 2.8 L, Diesel, Turbo",discovered,,1
44393,2022,Ram,1500 2WD,"Auto 8-spd, 6 cyl, 3.0 L, Diesel, Turbo",fetched,,1
44394,2022,Ram,1500 2WD,"Auto 8-spd, 6 cyl, 3.6 L, Mild Hybrid",fetched,,1
44395,2022,Ram,1500 2WD,"Auto 8-spd, 8 cyl, 5.7 L, Mild Hybrid",discovered,,1
44396,2022,Ram,1500 2WD,"Auto 8-spd, 8 cyl, 5.7 L",fetched,,1
44397,2022,Ram,1500 HFE 2WD,"Auto 8-spd, 6 cyl, 3.0 L, Diesel, Turbo",fetched,,1
44398,2022,Ram,1500 HFE 2WD,"Auto 8-spd, 6 cyl, 3.6 L",fetched,,1
44399,2022,Ram,1500 4WD,"Auto 8-spd, 6 cyl, 3.0 L, Diesel, Turbo",fetched,,1
44400,2022,Ram,1500 4WD,"Auto 8-spd, 6 cyl, 3.6 L, Mild Hybrid",fetched,,1
44401,2022,Ram,1500 4WD,"Auto 8-spd, 8 cyl, 5.7 L, Mild Hybrid",fetched,,1
44402,2022,Ram,1500 4WD,"Auto 8-spd, 8 cyl, 5.7 L",fetched,,1
44408,2022,Land Rover,Range Rover LWB SVA,"Auto (S8), 8 cyl, 5.0 L, Sup Charg",fetched,,1
44409,2022,Land Rover,Range Rover P360 MHEV,"Auto (S8), 6 cyl, 3.0 L, Turbo, Sup Charg",fetched,,1
44410,2022,Land Rover,Range Rover P400 MHEV,"Auto (S8), 6 cyl, 3.0 L, Turbo, Sup Charg",fetched,,1
44413,2022,Ferrari,F8 Spider,"Auto (AM7), 8 cyl, 3.9 L, Turbo",fetched,,1
44414,2022,Ferrari,812 GTS,"Auto (AM7), 12 cyl, 6.5 L",fetched,,1
44417,2022,Porsche,911 Carrera S,"Man 7-spd, 6 cyl, 3.0 L, Turbo",fetched,,1
44418,2022,Porsche,911 Carrera S,"Auto (AM-S8), 6 cyl, 3.0 L, Turbo",fetched,,1
44427,2022,Porsche,911 Targa 4S,"Auto (AM-S8), 6 cyl, 3.0 L, Turbo",discovered,,1
44428,2022,Porsche,911 Targa 4S,"Man 7-spd, 6 cyl, 3.0 L, Turbo",fetched,,1
44429,2022,Porsche,911 Targa 4,"Auto (AM-S8), 6 cyl, 3.0 L, Turbo",fetched,,1
44430,2022,Ferrari,Roma,"Auto (AM8), 8 cyl, 3.9 L, Turbo",fetched,,1
44431,2022,Honda,Ridgeline AWD,"Auto (S9), 6 cyl, 3.5 L",fetched,,1
44440,2022,Toyota,4Runner 4WD,"Auto (S5), 6 cyl, 4.0 L, Part-time 4WD",fetched,,1
44441,2022,Toyota,4Runner 4WD,"Auto (S5), 6 cyl, 4.0 L",fetched,,1
44444,2022,Hyundai,Kona Electric,Auto (A1),fetched,,1
44447,2022,Nissan,Leaf (62 kW-hr battery pack),Auto (A1),fetched,,1
44448,2022,Nissan,Leaf SV/SL (62 kW-hr battery pack),Auto (A1),fetched,,1
44449,2022,Polestar,2 Dual Motor,Auto (A1),fetched,,1
44450,2022,Volvo,XC40 Recharge twin,Auto (A1),fetched,,1
44452,2022,Ferrari,F8 Tributo,"Auto (AM7), 8 cyl, 3.9 L, Turbo",fetched,,1
44453,2022,Ferrari,812 Competizione,"Auto (AM7), 12 cyl, 6.5 L",fetched,,1
44454,2022,Lexus,ES 350,"Auto (S8), 6 cyl, 3.5 L",fetched,,1
44459,2022,Nissan,Frontier 4WD,"Auto (S9), 6 cyl, 3.8 L",fetched,,1
44460,2022,Mitsubishi,Outlander PHEV,"Auto (A1), 4 cyl, 2.4 L",fetched,,1
44461,2022,Rivian,R1S,Auto (A1),fetched,,1
44462,2022,Rivian,R1T,Auto (A1),fetched,,1
44463,2022,Ferrari,Portofino M,"Auto (AM8), 8 cyl, 3.9 L, Turbo",fetched,,1
44466,2022,Lexus,UX 250h,"Auto (AV-S6), 4 cyl, 2.0 L",fetched,,1
44481,2022,Volvo,XC60 B5,"Auto (S8), 4 cyl, 2.0 L, Turbo",fetched,,1
44484,2022,Subaru,Forester AWD,"Auto (AV-S7), 4 cyl, 2.5 L",fetched,,1
44485,2022,Subaru,Forester Wilderness AWD,"Auto (AV-S8), 4 cyl, 2.5 L",fetched,,1
44486,2022,Infiniti,QX80 2WD,"Auto (S7), 8 cyl, 5.6 L",fetched,,1
44487,2022,Lincoln,Aviator RWD,"Auto (S10), 6 cyl, 3.0 L, Turbo",fetched,,1
44490,2022,Lincoln,Aviator AWD,"Auto (S10), 6 cyl, 3.0 L, Turbo",fetched,,1
44491,2022,Lucid,Air Dream P AWD w/19 inch wheels,Auto (A1),fetched,,1
44492,2022,Lucid,Air Dream P AWD w/21 inch wheels,Auto (A1),fetched,,1
44493,2022,Lucid,Air Dream R AWD w/19 inch wheels,Auto (A1),fetched,,1
44494,2022,Lucid,Air Dream R AWD w/21 inch wheels,Auto (A1),fetched,,1
44495,2022,Lucid,Air G Touring AWD w/19 inch wheels,Auto (A1),fetched,,1
44496,2022,Lucid,Air G Touring AWD w/21 inch wheels,Auto (A1),fetched,,1
44498,2022,Bugatti,Chiron,"Auto (AM-S7), 16 cyl, 8.0 L, Turbo",fetched,,1
44499,2022,Bugatti,Chiron Super Sport,"Auto (AM-S7), 16 cyl, 8.0 L, Turbo",fetched,,1
44500,2022,Bugatti,Chiron Pur Sport,"Auto (AM-S7), 16 cyl, 8.0 L, Turbo",fetched,,1
44511,2022,Porsche,718 Spyder,"Man 6-spd, 6 cyl, 4.0 L",fetched,,1
44512,2022,Porsche,718 Spyder,"Auto (AM-S7), 6 cyl, 4.0 L",fetched,,1
44523,2022,Bentley,Continental GT Speed Convertible,"Auto (AM-S8), 12 cyl, 6.0 L, Turbo",fetched,,1
44524,2022,Bentley,Continental GT Speed,"Auto (AM-S8), 12 cyl, 6.0 L, Turbo",fetched,,1
44525,2022,Infiniti,Q60,"Auto (S7), 6 cyl, 3.0 L, Turbo",fetched,,1
44526,2022,Infiniti,Q60 Red Sport,"Auto (S7), 6 cyl, 3.0 L, Turbo",fetched,,1
44527,2022,Infiniti,Q60 Red Sport AWD,"Auto (S7), 6 cyl, 3.0 L, Turbo",fetched,,1
44528,2022,Infiniti,Q60 AWD,"Auto (S7), 6 cyl, 3.0 L, Turbo",fetched,,1
44533,2022,Lexus,RC 300,"Auto (S8), 4 cyl, 2.0 L, Turbo",fetched,,1
44534,2022,Lexus,IS 300 AWD,"Auto (S6), 6 cyl, 3.5 L",fetched,,1
44535,2022,Lexus,IS 350,"Auto (S8), 6 cyl, 3.5 L",fetched,,1
44540,2022,Bentley,Flying Spur,"Auto (AM-S8), 12 cyl, 6.0 L, Turbo",fetched,,1
44544,2022,Infiniti,Q50 Red Sport  AWD,"Auto (S7), 6 cyl, 3.0 L, Turbo",fetched,,1
44555,2022,Infiniti,QX60 FWD,"Auto (S9), 6 cyl, 3.5 L",fetched,,1
44556,2022,Bentley,Bentayga Speed,"Auto (S8), 12 cyl, 6.0 L, Turbo",fetched,,1
44557,2022,Infiniti,QX60 AWD,"Auto (S9), 6 cyl, 3.5 L",fetched,,1
44559,2022,Kia,Rio,"Auto (AV-S1), 4 cyl, 1.6 L",fetched,,1
44560,2022,Kia,Forte,"Man 6-spd, 4 cyl, 1.6 L, Turbo",fetched,,1
44561,2022,Kia,Forte,"Auto (AM-S7), 4 cyl, 1.6 L, Turbo",fetched,,1
44563,2022,Kia,Forte,"Auto (variable gear ratios), 4 cyl, 2.0 L",fetched,,1
44570,2022,Porsche,Panamera,"Auto (AM-S8), 6 cyl, 2.9 L, Turbo",fetched,,1
44580,2022,Chevrolet,Silverado 2WD,"Auto 10-spd, 6 cyl, 3.0 L, Diesel, Turbo",fetched,,1
44584,2022,GMC,Sierra 4WD,"Auto 10-spd, 6 cyl, 3.0 L, Diesel, Turbo",discovered,,1
44589,2022,Jeep,Compass 4WD,"Auto 9-spd, 4 cyl, 2.4 L",fetched,,1
44593,2022,Toyota,Corolla Cross 4WD,"Auto (AV-S10), 4 cyl, 2.0 L",fetched,,1
44608,2022,Porsche,Panamera 4 E-Hybrid/Exec/ST,"Auto (AM-S8), 6 cyl, 2.9 L, Turbo",fetched,,1
44610,2022,McLaren Automotive,720S Coupe,"Auto (AM-S7), 8 cyl, 4.0 L, Turbo",fetched,,1
44611,2022,McLaren Automotive,720S Spider,"Auto (AM-S7), 8 cyl, 4.0 L, Turbo",fetched,,1
44620,2022,Acura,TLX FWD A-SPEC,"Auto (S10), 4 cyl, 2.0 L, Turbo",fetched,,1
44621,2022,Acura,TLX Type-S,"Auto (S10), 6 cyl, 3.0 L, Turbo",fetched,,1
44622,2022,Acura,TLX Type-S Perf Tire,"Auto (S10), 6 cyl, 3.0 L, Turbo",fetched,,1
44628,2022,Chevrolet,Silverado 2WD,"Auto 6-spd, 8 cyl, 5.3 L, SIDI; FFV",fetched,,1
44639,2022,GMC,Sierra 4WD,"Auto 10-spd, 8 cyl, 5.3 L, SIDI",fetched,,1
44640,2022,GMC,Sierra 4WD,"Auto 6-spd, 8 cyl, 5.3 L, SIDI; FFV",discovered,,1
44645,2022,Chrysler,Pacifica,"Auto 9-spd, 6 cyl, 3.6 L",fetched,,1
44646,2022,Chrysler,Voyager,"Auto 9-spd, 6 cyl, 3.6 L",fetched,,1
44647,2022,Chrysler,Pacifica AWD,"Auto 9-spd, 6 cyl, 3.6 L",fetched,,1
44648,2022,Lexus,NX 250,"Auto (S8), 4 cyl, 2.5 L",fetched,,1
44655,2022,Mercedes-Benz,GLA250 4matic,"Auto (AM8), 4 cyl, 2.0 L, Turbo",fetched,,1
44656,2022,Toyota,Highlander AWD,"Auto (S8), 6 cyl, 3.5 L",fetched,,1
44675,2022,Mercedes-Benz,AMG GLE53 4matic Plus,"Auto 9-spd, 6 cyl, 3.0 L",fetched,,1
44677,2022,Porsche,Cayenne S,"Auto (S8), 6 cyl, 2.9 L, Turbo",fetched,,1
44686,2021,McLaren Automotive,GT,"Auto (AM-S7), 8 cyl, 4.0 L, Turbo",fetched,,1
44687,2021,McLaren Automotive,720S Coupe,"Auto (AM-S7), 8 cyl, 4.0 L, Turbo",fetched,,1
44688,2021,McLaren Automotive,720S Spider,"Auto (AM-S7), 8 cyl, 4.0 L, Turbo",fetched,,1
44689,2021,McLaren Automotive,720S Coupe LM,"Auto (AM-S7), 8 cyl, 4.0 L, Turbo",fetched,,1
44690,2021,McLaren Automotive,Elva,"Auto (AM-S7), 8 cyl, 4.0 L, Turbo",fetched,,1
44692,2022,Lexus,LC 500,"Auto (S10), 8 cyl, 5.0 L",fetched,,1
44694,2022,Mercedes-Benz,E450 Coupe,"Auto 9-spd, 6 cyl, 3.0 L, Turbo",fetched,,1
44699,2022,Jaguar,XF P250 AWD,"Auto (S8), 4 cyl, 2.0 L, Turbo",fetched,,1
44700,2022,Jaguar,XF P300 AWD,"Auto (S8), 4 cyl, 2.0 L, Turbo",fetched,,1
44701,2022,Mercedes-Benz,E350 4matic,"Auto 9-spd, 4 cyl, 2.0 L, Turbo",fetched,,1
44708,2022,Fiat,500X AWD,"Auto 9-spd, 4 cyl, 1.3 L, Turbo",fetched,,1
44714,2022,Land Rover,Range Rover Velar,"Auto (S8), 4 cyl, 2.0 L, Turbo",fetched,,1
44715,2022,Lincoln,Nautilus AWD,"Auto 8-spd, 4 cyl, 2.0 L, Turbo",fetched,,1
44716,2022,Lincoln,Nautilus AWD,"Auto (S8), 4 cyl, 2.0 L, Turbo",fetched,,1
44717,2022,Lincoln,Nautilus AWD,"Auto (S8), 6 cyl, 2.7 L, Turbo",fetched,,1
44727,2022,Chevrolet,Silverado 2WD,"Auto 8-spd, 8 cyl, 5.3 L, SIDI; Transmission with Sport Mode",fetched,,1
44728,2022,Chevrolet,Silverado 2WD,"Auto 8-spd, 4 cyl, 2.7 L, Turbo, SIDI",fetched,,1
44729,2022,Chevrolet,Silverado 2WD,"Auto 8-spd, 4 cyl, 2.7 L, Turbo, SIDI; Transmission with Sport Mode",fetched,,1
44730,2022,Chevrolet,Silverado 2WD,"Auto 8-spd, 8 cyl, 5.3 L, SIDI",fetched,,1
44744,2022,GMC,Sierra 4WD,"Auto 8-spd, 8 cyl, 5.3 L, SIDI; Transmission with Sport Mode",discovered,,1
44745,2022,GMC,Sierra 4WD,"Auto 8-spd, 8 cyl, 5.3 L, SIDI",discovered,,1
44747,2022,GMC,Sierra 4WD,"Auto 10-spd, 8 cyl, 6.2 L, SIDI",fetched,,1
44749,2022,GMC,Sierra 4WD,"Auto 10-spd, 8 cyl, 6.2 L, SIDI; Stop-Start",fetched,,1
44750,2022,GMC,Sierra 4WD,"Auto 8-spd, 4 cyl, 2.7 L, Turbo, SIDI",fetched,,1
44751,2022,GMC,Sierra 4WD,"Auto 8-spd, 4 cyl, 2.7 L, Turbo, SIDI; Transmission with Sport Mode",fetched,,1
44756,2022,Volkswagen,Jetta SE/SEL,"Auto (S8), 4 cyl, 1.5 L, Turbo",fetched,,1
44762,2022,Ram,1500 Classic 2WD,"Auto 8-spd, 6 cyl, 3.6 L",fetched,,1
44763,2022,Ram,1500 Classic 2WD,"Auto 8-spd, 8 cyl, 5.7 L",fetched,,1
44766,2022,Acura,RDX FWD,"Auto (S10), 4 cyl, 2.0 L, Turbo",fetched,,1
44768,2022,Acura,RDX AWD,"Auto (S10), 4 cyl, 2.0 L, Turbo",fetched,,1
44773,2022,Jeep,Grand Cherokee L 2WD,"Auto 8-spd, 6 cyl, 3.6 L",fetched,,1
44774,2022,Jeep,Grand Cherokee L 4WD,"Auto 8-spd, 6 cyl, 3.6 L",fetched,,1
44775,2022,Jeep,Grand Cherokee L 4WD,"Auto 8-spd, 8 cyl, 5.7 L",fetched,,1
44776,2022,Audi,e-tron GT,Auto (A2),fetched,,1
44778,2022,Audi,e-tron S (21/22 inch wheels),Auto (A1),fetched,,1
44780,2022,Audi,e-tron S Sportback (21/22 inch wheels),Auto (A1),fetched,,1
44790,2022,Porsche,Taycan Perf Battery Plus,Auto (A2),fetched,,1
44803,2022,Nissan,Altima,"Auto (variable gear ratios), 4 cyl, 2.5 L",fetched,,1
44805,2022,Nissan,Altima AWD,"Auto (variable gear ratios), 4 cyl, 2.5 L",fetched,,1
44807,2022,Nissan,Altima SV/SL,"Auto (variable gear ratios), 4 cyl, 2.5 L",fetched,,1
44810,2022,Ford,Escape FWD,"Auto 8-spd, 3 cyl, 1.5 L, Turbo",fetched,,1
44812,2022,Lincoln,Corsair FWD,"Auto (S8), 4 cyl, 2.0 L, Turbo",fetched,,1
44818,2022,Jeep,Renegade 4WD,"Auto 9-spd, 4 cyl, 1.3 L, Turbo",fetched,,1
44819,2022,Lincoln,Corsair AWD,"Auto (S8), 4 cyl, 2.0 L, Turbo",fetched,,1
44820,2022,Lincoln,Corsair AWD,"Auto (S8), 4 cyl, 2.3 L, Turbo",fetched,,1
44823,2022,Ford,Explorer AWD,"Auto (S10), 6 cyl, 3.0 L, Turbo, SIDI",fetched,,1
44826,2022,Ford,Explorer AWD,"Auto 10-spd, 6 cyl, 3.0 L, Turbo, SIDI",fetched,,1
44829,2022,GMC,Sierra 4WD,"Auto 10-spd, 8 cyl, 5.3 L, SIDI; Stop-Start; Municipal",fetched,,1
44833,2022,Ford,Explorer HEV RWD,"Auto (S10), 6 cyl, 3.3 L",fetched,,1
44835,2021,Jaguar,F-Type Coupe,"Auto (S8), 4 cyl, 2.0 L, Turbo",fetched,,1
44836,2021,Jaguar,F-Type Convertible,"Auto (S8), 4 cyl, 2.0 L, Turbo",fetched,,1
44837,2021,Jaguar,XE P250,"Auto (S8), 4 cyl, 2.0 L, Turbo",fetched,,1
44838,2021,Jaguar,XE P250 AWD,"Auto (S8), 4 cyl, 2.0 L, Turbo",fetched,,1
44839,2021,Jaguar,XE P300 AWD,"Auto (S8), 4 cyl, 2.0 L, Turbo",fetched,,1
44840,2021,Jaguar,XF P250 AWD,"Auto (S8), 4 cyl, 2.0 L, Turbo",fetched,,1
44843,2021,Land Rover,Range Rover Velar,"Auto (S8), 4 cyl, 2.0 L, Turbo",fetched,,1
44845,2022,Mercedes-Benz,C300 4matic Convertible,"Auto 9-spd, 4 cyl, 2.0 L, Turbo",fetched,,1
44846,2022,Honda,Civic 4Dr,"Man 6-spd, 4 cyl, 1.5 L, Turbo",fetched,,1
44850,2022,Nissan,Murano AWD,"Auto (AV-S7), 6 cyl, 3.5 L",fetched,,1
44853,2022,Jeep,Renegade 2WD,"Auto 9-spd, 4 cyl, 1.3 L, Turbo",fetched,,1
44854,2022,Jeep,Renegade Trailhawk 4WD,"Auto 9-spd, 4 cyl, 1.3 L, Turbo",fetched,,1
44862,2022,Lexus,LS 500h AWD,"Auto (AV-S10), 6 cyl, 3.5 L",fetched,,1
44875,2022,Ford,F150 RAPTOR 37 4WD,"Auto (S10), 6 cyl, 3.5 L, Turbo, SIDI & PFI; Stop-Start",fetched,,1
44881,2022,Ford,F150 RAPTOR 37 4WD,"Auto (S10), 6 cyl, 3.5 L, Turbo, SIDI & PFI",fetched,,1
44885,2021,McLaren Automotive,765LT Coupe,"Auto (AM-S7), 8 cyl, 4.0 L, Turbo",fetched,,1
44886,2022,Aston Martin,DB11 V8,"Auto 8-spd, 8 cyl, 4.0 L, Turbo",fetched,,1
44891,2022,Nissan,Sentra SR,"Auto (variable gear ratios), 4 cyl, 2.0 L",fetched,,1
44893,2022,Mercedes-Benz,S580 4matic,"Auto 9-spd, 8 cyl, 4.0 L, Turbo",fetched,,1
44898,2022,Jeep,Gladiator Rubic EcoDiesel 4WD,"Auto 8-spd, 6 cyl, 3.0 L, Diesel, Turbo",fetched,,1
44928,2022,Polestar,2 Single Motor,Auto (A1),fetched,,1
44930,2022,Chrysler,Pacifica Hybrid,"Auto (variable gear ratios), 6 cyl, 3.6 L",fetched,,1
44933,2022,Lexus,NX 450h Plus AWD,"Auto (AV-S6), 4 cyl, 2.5 L",fetched,,1
44934,2022,Lincoln,Corsair AWD PHEV,"Auto (variable gear ratios), 4 cyl, 2.5 L",fetched,,1
44935,2022,Aston Martin,Vantage V8,"Auto 8-spd, 8 cyl, 4.0 L, Turbo",fetched,,1
44936,2022,Aston Martin,DBS,"Auto (S8), 12 cyl, 5.2 L, Turbo",fetched,,1
44937,2022,Aston Martin,DB11 V12,"Auto (S8), 12 cyl, 5.2 L, Turbo",fetched,,1
44938,2022,Alfa Romeo,Giulia,"Auto 8-spd, 4 cyl, 2.0 L, Turbo",fetched,,1
44939,2022,Alfa Romeo,Giulia AWD,"Auto 8-spd, 4 cyl, 2.0 L, Turbo",fetched,,1
44941,2022,Infiniti,QX50,"Auto (AV-S8), 4 cyl, 2.0 L, Turbo",fetched,,1
44942,2022,Nissan,Rogue FWD,"Auto (AV-S8), 3 cyl, 1.5 L, Turbo",fetched,,1
44943,2022,Nissan,Rogue FWD SL/Platinum,"Auto (AV-S8), 3 cyl, 1.5 L, Turbo",fetched,,1
44944,2022,Alfa Romeo,Stelvio AWD,"Auto 8-spd, 4 cyl, 2.0 L, Turbo",fetched,,1
44946,2022,Infiniti,QX50 AWD,"Auto (AV-S8), 4 cyl, 2.0 L, Turbo",fetched,,1
44949,2022,Aston Martin,DBX V8,"Auto 9-spd, 8 cyl, 4.0 L, Turbo",fetched,,1
44950,2022,Lamborghini,Aventador Coupe,"Auto (AM-S7), 12 cyl, 6.5 L",fetched,,1
44974,2022,Ford,Explorer AWD,"Auto 10-spd, 4 cyl, 2.3 L, Turbo, SIDI; Stop-Start",fetched,,1
44977,2022,Ford,Explorer AWD,"Auto 10-spd, 4 cyl, 2.3 L, Turbo, SIDI",fetched,,1
44983,2022,Ferrari,SF90 Stradale,"Auto (AM8), 8 cyl, 3.9 L, Turbo",fetched,,1
44984,2022,Toyota,RAV4 Prime 4WD,"Auto (AV-S6), 4 cyl, 2.5 L",fetched,,1
45011,2022,Tesla,Model 3 Long Range AWD,Auto (A1),fetched,,1
45012,2022,Tesla,Model 3 Performance AWD,Auto (A1),fetched,,1
45013,2022,Tesla,Model 3 RWD,Auto (A1),fetched,,1
45014,2022,Tesla,Model S,Auto (A1),fetched,,1
45015,2022,Tesla,Model S Plaid (19 inch wheels),Auto (A1),fetched,,1
45016,2022,Tesla,Model S Plaid (21 inch wheels),Auto (A1),fetched,,1
45017,2022,Tesla,Model Y RWD,Auto (A1),fetched,,1
45018,2022,Tesla,Model Y Long Range AWD,Auto (A1),fetched,,1
45019,2022,Tesla,Model Y Performance AWD,Auto (A1),fetched,,1
45020,2022,Tesla,Model X,Auto (A1),fetched,,1
45021,2022,Tesla,Model X Plaid (20 inch wheels),Auto (A1),fetched,,1
45022,2022,Tesla,Model X Plaid (22 inch wheels),Auto (A1),fetched,,1
45024,2022,Lamborghini,Aventador Roadster,"Auto (AM-S7), 12 cyl, 6.5 L",fetched,,1
45025,2022,Lamborghini,Aventador Countach,"Auto (AM-S7), 12 cyl, 6.5 L",fetched,,1
45026,2022,Mazda,MX-5,"Man 6-spd, 4 cyl, 2.0 L",fetched,,1
45027,2022,Mazda,MX-5,"Auto (S6), 4 cyl, 2.0 L",fetched,,1
45028,2022,Mazda,3 4-Door 2WD,"Auto (S6), 4 cyl, 2.0 L",fetched,,1
45029,2022,Mazda,3 4-Door 2WD,"Auto (S6), 4 cyl, 2.5 L",fetched,,1
45030,2022,Mazda,3 4-Door 4WD,"Auto (S6), 4 cyl, 2.5 L",fetched,,1
45031,2022,Mazda,3 4-Door 4WD,"Auto (S6), 4 cyl, 2.5 L, Turbo",fetched,,1
45032,2022,Mazda,3 5-Door 2WD,"Man 6-spd, 4 cyl, 2.5 L",fetched,,1
45033,2022,Mazda,3 5-Door 2WD,"Auto (S6), 4 cyl, 2.5 L",fetched,,1
45034,2022,Mazda,3 5-Door 4WD,"Auto (S6), 4 cyl, 2.5 L",fetched,,1
45035,2022,Mazda,3 5-Door 4WD,"Auto (S6), 4 cyl, 2.5 L, Turbo",fetched,,1
45036,2022,Nissan,Kicks,"Auto (variable gear ratios), 4 cyl, 1.6 L",fetched,,1
45037,2022,Alfa Romeo,Stelvio,"Auto 8-spd, 4 cyl, 2.0 L, Turbo",fetched,,1
45038,2022,Dodge,Durango RWD,"Auto 8-spd, 6 cyl, 3.6 L",fetched,,1
45040,2022,Acura,MDX AWD Type-S,"Auto (S10), 6 cyl, 3.0 L, Turbo",fetched,,1
45043,2022,Acura,NSX Hybrid,"Auto (AM-S9), 6 cyl, 3.5 L, Turbo",fetched,,1
45059,2022,Subaru,WRX,"Man 6-spd, 4 cyl, 2.4 L, Turbo",fetched,,1
45060,2022,Subaru,WRX,"Auto (AV-S8), 4 cyl, 2.4 L, Turbo",fetched,,1
45065,2022,Dodge,Challenger,"Auto 8-spd, 6 cyl, 3.6 L",fetched,,1
45066,2022,Dodge,Challenger,"Auto 8-spd, 8 cyl, 5.7 L",fetched,,1
45067,2022,Dodge,Challenger,"Man 6-spd, 8 cyl, 5.7 L",fetched,,1
45068,2022,Dodge,Challenger,"Auto 8-spd, 8 cyl, 6.4 L",fetched,,1
45069,2022,Dodge,Challenger,"Man 6-spd, 8 cyl, 6.4 L",discovered,,1
45070,2022,Dodge,Challenger SRT,"Auto 8-spd, 8 cyl, 6.2 L, Sup Charg",fetched,,1
45071,2022,Dodge,Challenger SRT,"Man 6-spd, 8 cyl, 6.2 L, Sup Charg",fetched,,1
45077,2022,Chrysler,300,"Auto 8-spd, 6 cyl, 3.6 L",fetched,,1
45078,2022,Chrysler,300,"Auto 8-spd, 8 cyl, 5.7 L",fetched,,1
45079,2022,Chrysler,300 AWD,"Auto 8-spd, 6 cyl, 3.6 L",fetched,,1
45083,2022,Dodge,Charger SRT Widebody,"Auto 8-spd, 8 cyl, 6.2 L, Sup Charg",fetched,,1
45084,2022,Dodge,Charger Widebody,"Auto 8-spd, 8 cyl, 6.4 L",fetched,,1
45086,2022,Mercedes-Benz,AMG GLA45 4matic,"Auto (AM8), 4 cyl, 2.0 L, Turbo",fetched,,1
45092,2022,Jaguar,F-Pace P400 MHEV,"Auto (S8), 6 cyl, 3.0 L, Turbo, Sup Charg",fetched,,1
45096,2022,Jeep,Cherokee Trailhawk 4WD,"Auto 9-spd, 6 cyl, 3.2 L",fetched,,1
45097,2022,Dodge,Durango RWD,"Auto 8-spd, 8 cyl, 5.7 L",fetched,,1
45105,2023,Land Rover,Defender 110,"Auto (S8), 4 cyl, 2.0 L, Turbo",fetched,,1
45106,2023,Land Rover,Defender 110 MHEV,"Auto (S8), 6 cyl, 3.0 L, Turbo, Sup Charg",fetched,,1
45107,2023,Land Rover,Defender 90 MHEV,"Auto (S8), 6 cyl, 3.0 L, Turbo, Sup Charg",fetched,,1
45109,2023,Land Rover,Defender 110,"Auto (S8), 8 cyl, 5.0 L, Sup Charg",fetched,,1
45114,2022,Mazda,CX-30 4WD,"Auto (S6), 4 cyl, 2.5 L",fetched,,1
45115,2022,Mazda,CX-30 4WD,"Auto (S6), 4 cyl, 2.5 L, Turbo",fetched,,1
45123,2022,Porsche,911 Carrera 4 GTS Cabriolet,"Auto (AM-S8), 6 cyl, 3.0 L, Turbo",fetched,,1
45124,2022,Porsche,911 Carrera 4 GTS Cabriolet,"Man 7-spd, 6 cyl, 3.0 L, Turbo",fetched,,1
45127,2022,Volkswagen,Arteon,"Auto (AM7), 4 cyl, 2.0 L, Turbo",fetched,,1
45128,2022,Volkswagen,Arteon 4motion,"Auto (AM7), 4 cyl, 2.0 L, Turbo",fetched,,1
45140,2022,Ford,Mustang Mach-E CAL RT 1 ER AWD,Auto (A1),fetched,,1
45141,2022,Ford,Mustang Mach-E CAL RT 1 ER RWD,Auto (A1),fetched,,1
45158,2023,Land Rover,Discovery Sport,"Auto (S9), 4 cyl, 2.0 L, Turbo",fetched,,1
45159,2022,Chevrolet,Silverado 2WD,"Auto 10-spd, 8 cyl, 5.3 L, SIDI; Stop-Start",fetched,,1
45160,2022,Chevrolet,Silverado 2WD,"Auto 10-spd, 8 cyl, 5.3 L, with Sport Mode",fetched,,1
45169,2022,GMC,Sierra 4WD,"Auto 10-spd, 8 cyl, 5.3 L, with Sport Mode",fetched,,1
45170,2022,GMC,Sierra 4WD,"Auto 10-spd, 8 cyl, 5.3 L, SIDI; Stop-Start",fetched,,1
45171,2022,GMC,Sierra 4WD,"Auto 10-spd, 8 cyl, 5.3 L, SIDI; Stop-Start",discovered,,1
45179,2022,Ferrari,SF90 Spider,"Auto (AM8), 8 cyl, 3.9 L, Turbo",fetched,,1
45182,2023,Jaguar,F-Type P450 RWD Coupe,"Auto (S8), 8 cyl, 5.0 L, Sup Charg",fetched,,1
45183,2023,Jaguar,F-Type P450 RWD Convertible,"Auto (S8), 8 cyl, 5.0 L, Sup Charg",fetched,,1
45184,2023,Jaguar,F-Type P450 AWD R-Dynamic Coupe,"Auto (S8), 8 cyl, 5.0 L, Sup Charg",fetched,,1
45185,2023,Jaguar,F-Type P450 AWD R-Dynamic Convertible,"Auto (S8), 8 cyl, 5.0 L, Sup Charg",fetched,,1
45186,2023,Genesis,G70 AWD,"Auto (S8), 6 cyl, 3.3 L, Turbo",fetched,,1
45189,2023,Land Rover,Range Rover Evoque MHEV,"Auto (S9), 4 cyl, 2.0 L, Turbo",fetched,,1
45193,2022,McLaren Automotive,765LT Spider,"Auto (AM-S7), 8 cyl, 4.0 L, Turbo",fetched,,1
45194,2022,McLaren Automotive,GT,"Auto (AM-S7), 8 cyl, 4.0 L, Turbo",fetched,,1
45196,2022,Tesla,Model Y AWD,Auto (A1),fetched,,1
45199,2022,Volvo,V60 T8 AWD Recharge ext. Range,"Auto (S8), 4 cyl, 2.0 L, Turbo",fetched,,1
45202,2023,Genesis,G70 AWD,"Auto (S8), 4 cyl, 2.0 L, Turbo",fetched,,1
45204,2023,Genesis,GV70 AWD,"Auto (S8), 4 cyl, 2.5 L, Turbo, 5-mode Transmission",fetched,,1
45205,2023,Genesis,GV70 AWD,"Auto (S8), 4 cyl, 2.5 L, Turbo, SIDI & PFI",fetched,,1
45206,2023,Genesis,GV70 AWD,"Auto (S8), 6 cyl, 3.5 L, Turbo, SIDI & PFI",fetched,,1
45207,2023,Kia,Sportage Hybrid AWD,"Auto (AM-S6), 4 cyl, 1.6 L, Turbo",fetched,,1
45221,2023,MINI,Cooper Convertible,"Auto (AM-S7), 3 cyl, 1.5 L, Turbo",fetched,,1
45222,2023,MINI,Cooper Convertible,"Man 6-spd, 3 cyl, 1.5 L, Turbo",fetched,,1
45227,2023,MINI,Cooper Hardtop 2 door,"Auto (AM-S7), 3 cyl, 1.5 L, Turbo",fetched,,1
45228,2023,MINI,Cooper Hardtop 2 door,"Man 6-spd, 3 cyl, 1.5 L, Turbo",fetched,,1
45241,2023,MINI,John Cooper Works Clubman All4,"Auto (S8), 4 cyl, 2.0 L, Turbo",fetched,,1
45243,2023,Genesis,G90 AWD,"Auto (S8), 6 cyl, 3.5 L, Turbo",fetched,,1
45245,2023,Mitsubishi,Eclipse Cross 2WD,"Auto (AV-S8), 4 cyl, 1.5 L, Turbo",fetched,,1
45246,2023,Mitsubishi,Eclipse Cross ES 2WD,"Auto (AV-S8), 4 cyl, 1.5 L, Turbo",fetched,,1
45250,2023,Mazda,CX-50 4WD,"Auto (S6), 4 cyl, 2.5 L",fetched,,1
45251,2023,Mazda,CX-50 4WD,"Auto (S6), 4 cyl, 2.5 L, Turbo",fetched,,1
45252,2023,Mitsubishi,Eclipse Cross 4WD,"Auto (AV-S8), 4 cyl, 1.5 L, Turbo",fetched,,1
45253,2023,Mitsubishi,Eclipse Cross ES 4WD,"Auto (AV-S8), 4 cyl, 1.5 L, Turbo",fetched,,1
45255,2022,Land Rover,New Range Rover,"Auto (S8), 8 cyl, 4.4 L, Turbo",fetched,,1
45256,2022,Land Rover,New Range Rover LWB,"Auto (S8), 8 cyl, 4.4 L, Turbo",fetched,,1
45258,2022,Volkswagen,ID.4 AWD Pro S,Auto (A1),fetched,,1
45262,2023,MINI,John Cooper Works Convertible,"Auto (S8), 4 cyl, 2.0 L, Turbo",fetched,,1
45264,2023,BMW,840i xDrive Coupe,"Auto (S8), 6 cyl, 3.0 L, Turbo",fetched,,1
45271,2023,MINI,John Cooper Works Hardtop 2 door,"Auto (S8), 4 cyl, 2.0 L, Turbo",fetched,,1
45272,2023,MINI,John Cooper Works Hardtop 2 door,"Man 6-spd, 4 cyl, 2.0 L, Turbo",fetched,,1
45277,2023,BMW,840i xDrive Gran Coupe,"Auto (S8), 6 cyl, 3.0 L, Turbo",fetched,,1
45280,2023,MINI,Cooper S Countryman,"Auto (AM-S7), 4 cyl, 2.0 L, Turbo",fetched,,1
45281,2023,MINI,Cooper S Countryman All4,"Auto (S8), 4 cyl, 2.0 L, Turbo",fetched,,1
45287,2022,Bentley,Flying Spur Hybrid,"Auto (AM-S8), 6 cyl, 2.9 L, Turbo",fetched,,1
45291,2022,Jeep,Grand Wagoneer 2WD,"Auto 8-spd, 6 cyl, 3.0 L, Turbo",fetched,,1
45292,2022,Jeep,Grand Wagoneer 4WD,"Auto 8-spd, 6 cyl, 3.0 L, Turbo",fetched,,1
45294,2023,Hyundai,Elantra,"Auto (AV-S1), 4 cyl, 2.0 L",fetched,,1
45295,2023,Hyundai,Elantra,"Auto (AV-S1), 4 cyl, 2.0 L, Stop-Start",fetched,,1
45296,2023,Hyundai,Elantra,"Auto (AM-S7), 4 cyl, 1.6 L, Turbo, SIDI",fetched,,1
45299,2023,Genesis,G80 AWD,"Auto (S8), 4 cyl, 2.5 L, Turbo",fetched,,1
45301,2023,Genesis,G80 AWD,"Auto (S8), 6 cyl, 3.5 L, Turbo",fetched,,1
45305,2023,Buick,Encore GX FWD,"Auto (variable gear ratios), 3 cyl, 1.2 L, Turbo",fetched,,1
45306,2023,Buick,Encore GX FWD,"Auto (variable gear ratios), 3 cyl, 1.3 L, Turbo",fetched,,1
45310,2023,Buick,Encore GX AWD,"Auto 9-spd, 3 cyl, 1.3 L, Turbo",fetched,,1
45314,2023,Hyundai,Santa Fe Hybrid Blue,"Auto (AM-S6), 4 cyl, 1.6 L, Turbo",fetched,,1
45319,2023,Aston Martin,Vantage V8,"Auto 8-spd, 8 cyl, 4.0 L, Turbo",fetched,,1
45320,2023,Aston Martin,DB11 V8,"Auto 8-spd, 8 cyl, 4.0 L, Turbo",fetched,,1
45321,2023,Aston Martin,DBX V8,"Auto 9-spd, 8 cyl, 4.0 L, Turbo",fetched,,1
45329,2023,Genesis,GV60 PERFORMANCE,Auto (A1),fetched,,1
45333,2023,Lamborghini,Huracan Coupe,"Auto (AM-S7), 10 cyl, 5.2 L",fetched,,1
45334,2023,Lamborghini,Huracan Coupe 2WD,"Auto (AM-S7), 10 cyl, 5.2 L",fetched,,1
45335,2023,Lamborghini,Huracan Spyder,"Auto (AM-S7), 10 cyl, 5.2 L",fetched,,1
45336,2023,Lamborghini,Huracan Spyder 2WD,"Auto (AM-S7), 10 cyl, 5.2 L",fetched,,1
45337,2023,Acura,Integra,"Auto (AV-S7), 4 cyl, 1.5 L, Turbo",fetched,,1
45338,2023,Acura,Integra A-Spec,"Auto (AV-S7), 4 cyl, 1.5 L, Turbo",fetched,,1
45339,2023,Acura,Integra A-Spec,"Man 6-spd, 4 cyl, 1.5 L, Turbo",fetched,,1
45340,2023,Subaru,Crosstrek AWD,"Auto (AV-S8), 4 cyl, 2.0 L",discovered,,1
45341,2023,Subaru,Crosstrek AWD,"Man 6-spd, 4 cyl, 2.0 L",fetched,,1
45342,2023,Subaru,Crosstrek AWD,"Auto (AV-S8), 4 cyl, 2.5 L",fetched,,1
45351,2023,Kia,Forte FE,"Auto (variable gear ratios), 4 cyl, 2.0 L",fetched,,1
45354,2023,Maserati,Ghibli GT,"Auto 8-spd, 6 cyl, 3.0 L, Turbo",fetched,,1
45357,2023,Kia,K5 AWD,"Auto (S8), 4 cyl, 1.6 L, Turbo",fetched,,1
45359,2023,Maserati,Quattroporte Trofeo,"Auto 8-spd, 8 cyl, 3.8 L, Turbo",fetched,,1
45368,2023,Buick,Envision FWD,"Auto (S9), 4 cyl, 2.0 L, Turbo",fetched,,1
45376,2023,Buick,Envision AWD,"Auto (S9), 4 cyl, 2.0 L, Turbo",fetched,,1
45383,2023,Buick,Enclave FWD,"Auto 9-spd, 6 cyl, 3.6 L",fetched,,1
45386,2023,Aston Martin,DBX 707,"Auto 9-spd, 8 cyl, 4.0 L, Turbo",fetched,,1
45387,2023,Buick,Enclave AWD,"Auto 9-spd, 6 cyl, 3.6 L",fetched,,1
45392,2023,Maserati,Levante GT,"Auto 8-spd, 6 cyl, 3.0 L, Turbo",fetched,,1
45394,2023,Maserati,Levante Trofeo,"Auto 8-spd, 8 cyl, 3.8 L, Turbo",fetched,,1
45395,2023,McLaren Automotive,Artura,"Auto (AM-S8), 6 cyl, 3.0 L, Turbo",fetched,,1
45396,2022,Mercedes-Benz,AMG SL63 4matic Plus,"Auto 9-spd, 8 cyl, 4.0 L, Turbo",fetched,,1
45397,2022,Mercedes-Benz,AMG SL55 4matic Plus,"Auto 9-spd, 8 cyl, 4.0 L, Turbo",fetched,,1
45398,2022,Ferrari,296 GTB,"Auto (AM-S8), 6 cyl, 2.9 L, Turbo",fetched,,1
45399,2023,Nissan,Z,"Man 6-spd, 6 cyl, 3.0 L, Turbo",fetched,,1
45400,2023,Nissan,Z,"Auto (S9), 6 cyl, 3.0 L, Turbo",fetched,,1
45413,2022,Volkswagen,ID.4 Pro S,Auto (A1),fetched,,1
45414,2023,Volkswagen,Golf-R,"Man 6-spd, 4 cyl, 2.0 L, Turbo",fetched,,1
45421,2023,Maserati,Quattroporte Modena AWD,"Auto 8-spd, 6 cyl, 3.0 L, Turbo",fetched,,1
45423,2023,Aston Martin,Vantage V12,"Auto 8-spd, 12 cyl, 5.2 L, Turbo",fetched,,1
45424,2023,Aston Martin,DBS,"Auto 8-spd, 12 cyl, 5.2 L, Turbo",fetched,,1
45425,2023,Aston Martin,DB11 V12,"Auto 8-spd, 12 cyl, 5.2 L, Turbo",fetched,,1
45429,2023,Volkswagen,Golf-R,"Auto (AM-S7), 4 cyl, 2.0 L, Turbo",fetched,,1
45430,2023,Alfa Romeo,Giulia,"Auto 8-spd, 4 cyl, 2.0 L, Turbo",fetched,,1
45431,2023,Alfa Romeo,Giulia,"Auto 8-spd, 6 cyl, 2.9 L, Turbo",fetched,,1
45432,2023,Alfa Romeo,Giulia AWD,"Auto 8-spd, 4 cyl, 2.0 L, Turbo",fetched,,1
45433,2023,Jaguar,XF P250,"Auto (S8), 4 cyl, 2.0 L, Turbo",fetched,,1
45434,2023,Jaguar,XF P250 AWD,"Auto (S8), 4 cyl, 2.0 L, Turbo",fetched,,1
45435,2023,Jaguar,XF P300 AWD,"Auto (S8), 4 cyl, 2.0 L, Turbo",fetched,,1
45436,2023,Subaru,Impreza 4-Door,"Man 5-spd, 4 cyl, 2.0 L",fetched,,1
45437,2023,Subaru,Impreza 4-Door,"Auto (AV-S7), 4 cyl, 2.0 L",fetched,,1
45438,2023,Subaru,Impreza Sport 4-Door,"Auto (AV-S7), 4 cyl, 2.0 L",fetched,,1
45442,2023,Subaru,Impreza Sport 5-Door,"Man 5-spd, 4 cyl, 2.0 L",fetched,,1
45443,2023,Subaru,Impreza Sport 5-Door,"Auto (AV-S7), 4 cyl, 2.0 L",fetched,,1
45445,2023,Alfa Romeo,Stelvio,"Auto 8-spd, 4 cyl, 2.0 L, Turbo",fetched,,1
45446,2023,Acura,MDX AWD,"Auto (S10), 6 cyl, 3.5 L",fetched,,1
45447,2023,Alfa Romeo,Stelvio AWD,"Auto 8-spd, 4 cyl, 2.0 L, Turbo",fetched,,1
45448,2023,Alfa Romeo,Stelvio AWD,"Auto 8-spd, 6 cyl, 2.9 L, Turbo",fetched,,1
45449,2023,Infiniti,QX55 AWD,"Auto (AV-S8), 4 cyl, 2.0 L, Turbo",fetched,,1
45450,2023,Jaguar,F-Pace,"Auto (S8), 4 cyl, 2.0 L, Turbo",fetched,,1
45452,2023,Jaguar,F-Pace P400 MHEV,"Auto (S8), 6 cyl, 3.0 L, Turbo, Sup Charg",fetched,,1
45453,2023,Land Rover,Range Rover Velar,"Auto (S8), 4 cyl, 2.0 L, Turbo",fetched,,1
45459,2023,Land Rover,New Range Rover P400 LWB MHEV,"Auto (S8), 6 cyl, 3.0 L, Turbo, Sup Charg",fetched,,1
45461,2023,Land Rover,New Range Rover Sport P360 MHEV,"Auto (S8), 6 cyl, 3.0 L, Turbo, Sup Charg",fetched,,1
45465,2023,Ferrari,F8 Spider,"Auto (AM7), 8 cyl, 3.9 L, Turbo",fetched,,1
45466,2023,Ferrari,812 GTS,"Auto (AM7), 12 cyl, 6.5 L",fetched,,1
45468,2023,Ferrari,812 Competizione A,"Auto (AM7), 12 cyl, 6.5 L",fetched,,1
45469,2023,Ferrari,Portofino M,"Auto (AM8), 8 cyl, 3.9 L, Turbo",fetched,,1
45471,2023,Audi,S5 Cabriolet,"Auto (S8), 6 cyl, 3.0 L, Turbo",fetched,,1
45477,2023,BMW,M240i Coupe,"Auto (S8), 6 cyl, 3.0 L, Turbo",fetched,,1
45478,2023,BMW,M240i xDrive Coupe,"Auto (S8), 6 cyl, 3.0 L, Turbo",fetched,,1
45485,2023,BMW,M4 Coupe,"Man 6-spd, 6 cyl, 3.0 L, Turbo",fetched,,1
45499,2023,Cadillac,CT4,"Auto (S8), 4 cyl, 2.0 L, Turbo",fetched,,1
45500,2023,Cadillac,CT4 AWD,"Auto (S8), 4 cyl, 2.0 L, Turbo",fetched,,1
45501,2023,Cadillac,CT4,"Auto (S10), 4 cyl, 2.7 L, Turbo",fetched,,1
45502,2023,Cadillac,CT4 V,"Auto (S10), 4 cyl, 2.7 L, Turbo",fetched,,1
45503,2023,Cadillac,CT4 AWD,"Auto (S10), 4 cyl, 2.7 L, Turbo",fetched,,1
45505,2023,Cadillac,CT4 V,"Auto (S10), 6 cyl, 3.6 L, Turbo",fetched,,1
45506,2023,Cadillac,CT4 V,"Man 6-spd, 6 cyl, 3.6 L, Turbo",fetched,,1
45507,2023,Mitsubishi,Mirage,"Man 5-spd, 3 cyl, 1.2 L",fetched,,1
45508,2023,Mitsubishi,Mirage,"Auto (variable gear ratios), 3 cyl, 1.2 L",fetched,,1
45509,2023,Mitsubishi,Mirage G4,"Man 5-spd, 3 cyl, 1.2 L",fetched,,1
45510,2023,Mitsubishi,Mirage G4,"Auto (variable gear ratios), 3 cyl, 1.2 L",fetched,,1
45515,2023,Volvo,S60 B5 AWD,"Auto (S8), 4 cyl, 2.0 L, Turbo",fetched,,1
45517,2023,Audi,RS 5 Sportback,"Auto (S8), 6 cyl, 2.9 L, Turbo",fetched,,1
45530,2023,Volvo,S90 B6 AWD,"Auto (S8), 4 cyl, 2.0 L, Turbo, Sup Charg",fetched,,1
45532,2023,Hyundai,Sonata Hybrid Blue,"Auto (AM-S6), 4 cyl, 2.0 L",fetched,,1
45533,2023,Volvo,V60CC B5 AWD,"Auto (S8), 4 cyl, 2.0 L, Turbo",fetched,,1
45534,2023,Volvo,V90CC B6 AWD,"Auto (S8), 4 cyl, 2.0 L, Turbo, Sup Charg",fetched,,1
45536,2023,Hyundai,Kona N,"Auto (AM-S8), 4 cyl, 2.0 L, Turbo",fetched,,1
45537,2023,Hyundai,Santa Cruz FWD,"Auto (S8), 4 cyl, 2.5 L",fetched,,1
45538,2023,Kia,Sorento Hybrid FWD,"Auto (AM-S6), 4 cyl, 1.6 L, Turbo",fetched,,1
45539,2023,Volvo,XC60 B5,"Auto (S8), 4 cyl, 2.0 L, Turbo",fetched,,1
45540,2023,Volvo,XC40 B4,"Auto (S8), 4 cyl, 2.0 L, Turbo",fetched,,1
45542,2023,Audi,SQ5 Sportback,"Auto (S8), 6 cyl, 3.0 L, Turbo",fetched,,1
45544,2023,BMW,X3 xDrive30i,"Auto (S8), 4 cyl, 2.0 L, Turbo",fetched,,1
45556,2023,Maserati,Grecale Trofeo,"Auto 8-spd, 6 cyl, 3.0 L, Turbo",fetched,,1
45557,2023,Maserati,Grecale Modena,"Auto 8-spd, 4 cyl, 2.0 L, Turbo",fetched,,1
45559,2023,Volvo,XC60 B5 AWD,"Auto (S8), 4 cyl, 2.0 L, Turbo",fetched,,1
45560,2023,Volvo,XC60 B6 AWD,"Auto (S8), 4 cyl, 2.0 L, Turbo, Sup Charg",fetched,,1
45564,2023,Chevrolet,Tahoe 2WD,"Auto 10-spd, 6 cyl, 3.0 L, Diesel, Turbo",fetched,,1
45565,2023,Chevrolet,Suburban 2WD,"Auto 10-spd, 6 cyl, 3.0 L, Diesel, Turbo",fetched,,1
45566,2023,Dodge,Durango RWD,"Auto 8-spd, 6 cyl, 3.6 L",fetched,,1
45580,2023,Cadillac,Escalade 4WD,"Auto 10-spd, 6 cyl, 3.0 L, Diesel, Turbo",fetched,,1
45582,2023,Chevrolet,Tahoe 4WD,"Auto 10-spd, 6 cyl, 3.0 L, Diesel, Turbo",fetched,,1
45586,2023,Jeep,Grand Cherokee 4WD,"Auto 8-spd, 8 cyl, 5.7 L",fetched,,1
45589,2023,Volvo,XC90 B5 AWD,"Auto (S8), 4 cyl, 2.0 L, Turbo",fetched,,1
45593,2022,Mercedes-Benz,AMG GLE63 S 4matic Plus,"Auto 9-spd, 8 cyl, 4.0 L, Turbo",fetched,,1
45600,2023,Toyota,GR Supra,"Auto (S8), 6 cyl, 3.0 L, Turbo",fetched,,1
45609,2023,Infiniti,Q50,"Auto (S7), 6 cyl, 3.0 L, Turbo",fetched,,1
45610,2023,Infiniti,Q50 AWD,"Auto (S7), 6 cyl, 3.0 L, Turbo",fetched,,1
45611,2023,Infiniti,Q50 Red Sport,"Auto (S7), 6 cyl, 3.0 L, Turbo",fetched,,1
45614,2023,Audi,RS 6 Avant,"Auto (S8), 8 cyl, 4.0 L, Turbo",fetched,,1
45618,2023,Hyundai,Santa Fe AWD,"Auto (S8), 4 cyl, 2.5 L",fetched,,1
45619,2023,Hyundai,Santa Fe AWD,"Auto (AM-S8), 4 cyl, 2.5 L, Turbo",fetched,,1
45621,2023,Chevrolet,Tahoe 2WD,"Auto 10-spd, 8 cyl, 6.2 L",fetched,,1
45622,2023,Chevrolet,Suburban 2WD,"Auto 10-spd, 8 cyl, 6.2 L",fetched,,1
45623,2023,Chevrolet,Tahoe 2WD,"Auto 10-spd, 8 cyl, 5.3 L",fetched,,1
45624,2023,Chevrolet,Suburban 2WD,"Auto 10-spd, 8 cyl, 5.3 L",fetched,,1
45633,2023,Cadillac,Escalade 4WD,"Auto 10-spd, 8 cyl, 6.2 L",fetched,,1
45634,2023,Chevrolet,Tahoe 4WD,"Auto 10-spd, 8 cyl, 6.2 L, SIDI",fetched,,1
45641,2023,Land Rover,Defender 130 P300 MHEV,"Auto (S8), 6 cyl, 3.0 L, Turbo, Sup Charg",fetched,,1
45642,2023,Land Rover,Defender 130 P400 MHEV,"Auto (S8), 6 cyl, 3.0 L, Turbo, Sup Charg",fetched,,1
45645,2023,Audi,R8 Coupe RWD,"Auto (AM-S7), 10 cyl, 5.2 L",fetched,,1
45653,2023,Volkswagen,GLI,"Man 6-spd, 4 cyl, 2.0 L, Turbo",fetched,,1
45654,2023,Volkswagen,GLI,"Auto (AM-S7), 4 cyl, 2.0 L, Turbo",fetched,,1
45655,2023,Audi,A6 quattro,"Auto (AM-S7), 4 cyl, 2.0 L, Turbo",fetched,,1
45657,2023,Audi,A6 quattro,"Auto (AM-S7), 6 cyl, 3.0 L, Turbo",fetched,,1
45659,2023,Audi,A5 Sportback quattro,"Auto (AM-S7), 4 cyl, 2.0 L, Turbo",fetched,,1
45665,2023,Rolls-Royce,Phantom,"Auto (S8), 12 cyl, 6.7 L, Turbo",fetched,,1
45666,2023,Rolls-Royce,Phantom Extended,"Auto (S8), 12 cyl, 6.7 L, Turbo",fetched,,1
45667,2023,Rolls-Royce,Ghost,"Auto (S8), 12 cyl, 6.7 L, Turbo",fetched,,1
45668,2023,Rolls-Royce,Ghost Extended,"Auto (S8), 12 cyl, 6.7 L, Turbo",fetched,,1
45669,2023,Rolls-Royce,Ghost Black Badge,"Auto (S8), 12 cyl, 6.7 L, Turbo",fetched,,1
45676,2023,Rolls-Royce,Cullinan,"Auto (S8), 12 cyl, 6.7 L, Turbo",fetched,,1
45677,2023,Rolls-Royce,Cullinan Black Badge,"Auto (S8), 12 cyl, 6.7 L, Turbo",fetched,,1
45684,2023,Audi,Q5 S-Line quattro,"Auto (AM-S7), 4 cyl, 2.0 L, Turbo",fetched,,1
45685,2023,Audi,Q5 Sportback S-line quattro,"Auto (AM-S7), 4 cyl, 2.0 L, Turbo",fetched,,1
45694,2023,Jeep,Wrangler 4dr 4WD,"Auto 8-spd, 4 cyl, 2.0 L, Turbo, SIDI",fetched,,1
45695,2023,Jeep,Wrangler 4dr 4WD,"Auto 8-spd, 6 cyl, 3.6 L, Mild Hybrid",fetched,,1
45696,2023,Jeep,Wrangler 4dr 4WD,"Man 6-spd, 6 cyl, 3.6 L",fetched,,1
45697,2023,Jeep,Wrangler 4dr 4WD,"Auto 8-spd, 8 cyl, 6.4 L",fetched,,1
45703,2023,Volkswagen,Tiguan 4motion,"Auto (S8), 4 cyl, 2.0 L, Turbo",fetched,,1
45711,2023,Porsche,Cayenne Turbo GT,"Auto (S8), 8 cyl, 4.0 L, Turbo",fetched,,1
45721,2023,Toyota,Camry XSE,"Auto (S8), 6 cyl, 3.5 L",fetched,,1
45742,2023,Mercedes-Benz,GLA250,"Auto (AM8), 4 cyl, 2.0 L, Turbo",fetched,,1
45746,2023,Chevrolet,Tahoe 4WD,"Auto 10-spd, 8 cyl, 5.3 L, SIDI; Stop-Start",fetched,,1
45747,2023,Chevrolet,Tahoe 4WD,"Auto 10-spd, 8 cyl, 5.3 L, SIDI; Municipal",fetched,,1
45752,2023,Polestar,2 BST edition,Auto (A1),fetched,,1
45753,2023,Polestar,2 Dual Motor,Auto (A1),fetched,,1
45754,2023,Polestar,2 Dual Motor Perf Pack,Auto (A1),fetched,,1
45755,2023,Polestar,2 Single Motor,Auto (A1),fetched,,1
45760,2023,Volvo,C40 Recharge twin,Auto (A1),fetched,,1
45761,2023,Volvo,XC40 Recharge twin,Auto (A1),fetched,,1
45762,2023,Maserati,MC20,"Auto (S8), 6 cyl, 3.0 L, Turbo",fetched,,1
45763,2023,Maserati,MC20 Spyder,"Auto (S8), 6 cyl, 3.0 L, Turbo",fetched,,1
45764,2023,BMW,M235i xDrive Gran Coupe,"Auto (S8), 4 cyl, 2.0 L, Turbo",fetched,,1
45766,2023,Nissan,Kicks,"Auto (variable gear ratios), 4 cyl, 1.6 L",fetched,,1
45767,2023,Lamborghini,Urus Performante,"Auto (S8), 8 cyl, 4.0 L, Turbo",fetched,,1
45768,2023,Nissan,Murano FWD,"Auto (AV-S7), 6 cyl, 3.5 L",fetched,,1
45800,2023,GMC,Sierra 4WD,"Auto 10-spd, 8 cyl, 5.3 L, SIDI; FFV",discovered,,1
45802,2023,GMC,Sierra 4WD,"Auto 10-spd, 6 cyl, 3.0 L, Diesel, Turbo",fetched,,1
45804,2023,GMC,Sierra 4WD,"Auto 8-spd, 4 cyl, 2.7 L, Turbo, SIDI; with Sport Mode",fetched,,1
45805,2023,GMC,Sierra 4WD,"Auto 10-spd, 8 cyl, 5.3 L, SIDI; with Sport Mode",fetched,,1
45806,2023,GMC,Sierra 4WD,"Auto 10-spd, 8 cyl, 5.3 L, SIDI",fetched,,1
45808,2023,GMC,Sierra 4WD,"Auto 10-spd, 8 cyl, 5.3 L, SIDI; Municipal",fetched,,1
45810,2023,GMC,Sierra 4WD,"Auto 10-spd, 8 cyl, 6.2 L, SIDI",fetched,,1
45814,2023,GMC,Sierra 4WD,"Auto 8-spd, 4 cyl, 2.7 L, Turbo, SIDI",fetched,,1
45822,2023,GMC,Sierra Cab Chassis 2WD,"Auto 10-spd, 8 cyl, 5.3 L",fetched,,1
45826,2023,Nissan,Rogue FWD SL/Platinum,"Auto (AV-S8), 3 cyl, 1.5 L, Turbo, SIDI",fetched,,1
45843,2023,Infiniti,QX60 AWD,"Auto (S9), 6 cyl, 3.5 L",fetched,,1
45852,2023,Lexus,GX 460,"Auto (S6), 8 cyl, 4.6 L",fetched,,1
45855,2023,Subaru,Ascent Limited/Touring/Onyx AWD,"Auto (AV-S8), 4 cyl, 2.4 L, Turbo",fetched,,1
45856,2023,Toyota,4Runner 4WD,"Auto (S5), 6 cyl, 4.0 L, Part-time 4WD",fetched,,1
45857,2023,Toyota,4Runner 4WD,"Auto (S5), 6 cyl, 4.0 L, Full-time 4WD",fetched,,1
45859,2023,Bentley,Continental GT Convertible,"Auto (AM-S8), 8 cyl, 4.0 L, Turbo",fetched,,1
45860,2023,Bentley,Continental GT,"Auto (AM-S8), 8 cyl, 4.0 L, Turbo",fetched,,1
45870,2023,Nissan,Frontier 2WD,"Auto (S9), 6 cyl, 3.8 L, SIDI",fetched,,1
45880,2023,Infiniti,QX50,"Auto (AV-S8), 4 cyl, 2.0 L, Turbo",fetched,,1
45881,2023,Mitsubishi,Outlander 2WD,"Auto (AV-S8), 4 cyl, 2.5 L",fetched,,1
45882,2023,Nissan,Pathfinder 2WD,"Auto (S9), 6 cyl, 3.5 L",fetched,,1
45883,2023,Volkswagen,Tiguan,"Auto (S8), 4 cyl, 2.0 L, Turbo",fetched,,1
45884,2023,Volkswagen,Tiguan S,"Auto (S8), 4 cyl, 2.0 L, Turbo",fetched,,1
45885,2023,Infiniti,QX50 AWD,"Auto (AV-S8), 4 cyl, 2.0 L, Turbo",fetched,,1
45889,2023,Dodge,Durango RWD,"Auto 8-spd, 8 cyl, 5.7 L",fetched,,1
45890,2023,Dodge,Durango AWD,"Auto 8-spd, 6 cyl, 3.6 L",fetched,,1
45891,2023,Dodge,Durango AWD,"Auto 8-spd, 8 cyl, 5.7 L",fetched,,1
45895,2023,Bugatti,Chiron Pur Sport,"Auto (AM-S7), 16 cyl, 8.0 L, Turbo",fetched,,1
45896,2023,Bugatti,Chiron Super Sport,"Auto (AM-S7), 16 cyl, 8.0 L, Turbo",fetched,,1
45897,2023,Bentley,Continental GT Convertible Speed,"Auto (AM-S8), 12 cyl, 6.0 L, Turbo",fetched,,1
45898,2023,Bentley,Continental GT Speed,"Auto (AM-S8), 12 cyl, 6.0 L, Turbo",fetched,,1
45901,2023,Bentley,Flying Spur,"Auto (AM-S8), 8 cyl, 4.0 L, Turbo",fetched,,1
45902,2023,Bentley,Flying Spur,"Auto (AM-S8), 12 cyl, 6.0 L, Turbo",fetched,,1
45905,2023,Bentley,Bentayga,"Auto (S8), 8 cyl, 4.0 L, Turbo",fetched,,1
45906,2023,Bentley,Bentayga EWB,"Auto (S8), 8 cyl, 4.0 L, Turbo",fetched,,1
45907,2023,Bentley,Bentayga Speed,"Auto (S8), 12 cyl, 6.0 L, Turbo",fetched,,1
45924,2023,Lexus,IS 300 AWD,"Auto (S6), 6 cyl, 3.5 L",fetched,,1
45928,2023,Lexus,IS 300,"Auto (S8), 4 cyl, 2.0 L, Turbo",fetched,,1
45936,2023,Lexus,ES 350 F Sport,"Auto (S8), 6 cyl, 3.5 L",fetched,,1
45939,2023,Mazda,3 5-Door 4WD,"Auto (S6), 4 cyl, 2.5 L",fetched,,1
45940,2023,Mazda,3 5-Door 4WD,"Auto (S6), 4 cyl, 2.5 L, Turbo",fetched,,1
45941,2023,Mercedes-Benz,E350,"Auto 9-spd, 4 cyl, 2.0 L, Turbo",fetched,,1
45947,2023,Nissan,Altima SR,"Auto (AV-S8), 4 cyl, 2.0 L, Turbo",fetched,,1
45954,2023,Jeep,Wrangler 4dr 4WD,"Auto 8-spd, 6 cyl, 3.6 L",fetched,,1
45956,2023,Mazda,CX-9 4WD,"Auto (S6), 4 cyl, 2.5 L, Turbo",fetched,,1
45960,2023,Infiniti,QX80 4WD,"Auto (S7), 8 cyl, 5.6 L, SIDI",fetched,,1
45961,2023,Infiniti,QX80 4WD,"Auto (S7), 8 cyl, 5.6 L, SIDI; MDPV",fetched,,1
45962,2023,Bugatti,Chiron,"Auto (AM-S7), 16 cyl, 8.0 L, Turbo",fetched,,1
45963,2023,Ferrari,Monza SP1,"Auto (AM7), 12 cyl, 6.5 L",fetched,,1
45965,2023,Ferrari,Daytona SP3,"Auto (AM7), 12 cyl, 6.5 L",fetched,,1
45980,2023,Lamborghini,Urus S,"Auto (S8), 8 cyl, 4.0 L, Turbo",fetched,,1
45987,2023,Audi,e-tron Sportback quattro,Auto (A2),fetched,,1
45999,2023,Genesis,Electrified G80,Auto (A1),fetched,,1
46002,2023,Jaguar,I-Pace EV400 (22 inch tires),Auto (A1),fetched,,1
46013,2023,Nissan,ARIYA ENGAGE FWD 63kWh,Auto (A1),fetched,,1
46031,2023,Subaru,Solterra Limited/Touring AWD,Auto (A1),fetched,,1
46034,2023,Volkswagen,ID.4 AWD Pro S,Auto (A1),fetched,,1
46036,2023,Volkswagen,ID.4 Pro S,Auto (A1),fetched,,1
46037,2023,Volkswagen,ID.4 S,Auto (A1),fetched,,1
46039,2023,Lexus,LC 500 Convertible,"Auto (S10), 8 cyl, 5.0 L",fetched,,1
46046,2023,Mercedes-Benz,E450 4matic Coupe,"Auto 9-spd, 6 cyl, 3.0 L, Turbo",fetched,,1
46047,2023,Mercedes-Benz,E450 4matic Convertible,"Auto 9-spd, 6 cyl, 3.0 L, Turbo",fetched,,1
46051,2023,Honda,Civic 4Dr,"Auto (variable gear ratios), 4 cyl, 1.5 L, Turbo",discovered,,1
46052,2023,Honda,Civic 4Dr,"Auto (AV-S7), 4 cyl, 1.5 L, Turbo",discovered,,1
46053,2023,Honda,Civic 4Dr,"Man 6-spd, 4 cyl, 1.5 L, Turbo",fetched,,1
46054,2023,Honda,Civic 4Dr,"Auto (AV-S7), 4 cyl, 2.0 L",fetched,,1
46057,2023,Mercedes-Benz,S580 4matic,"Auto 9-spd, 8 cyl, 4.0 L, Turbo",fetched,,1
46062,2023,Acura,RDX FWD,"Auto (S10), 4 cyl, 2.0 L, Turbo",fetched,,1
46063,2023,Acura,RDX FWD A-SPEC,"Auto (S10), 4 cyl, 2.0 L, Turbo",fetched,,1
46065,2023,Kia,Sorento FWD,"Auto (S8), 4 cyl, 2.5 L",fetched,,1
46066,2023,Kia,Sorento FWD,"Auto (AM-S8), 4 cyl, 2.5 L, Turbo",fetched,,1
46072,2023,Kia,Sorento AWD,"Auto (S8), 4 cyl, 2.5 L",fetched,,1
46073,2023,Kia,Sorento AWD,"Auto (AM-S8), 4 cyl, 2.5 L, Turbo",discovered,,1
46081,2023,BMW,Z4 sDrive30i,"Auto (S8), 4 cyl, 2.0 L, Turbo",fetched,,1
46083,2023,Porsche,911 GT3,"Auto (AM-S7), 6 cyl, 4.0 L",fetched,,1
46084,2023,Porsche,911 GT3,"Man 6-spd, 6 cyl, 4.0 L",fetched,,1
46088,2023,Toyota,GR Supra,"Auto (S8), 4 cyl, 2.0 L, Turbo",fetched,,1
46089,2023,Toyota,GR Supra,"Man 6-spd, 6 cyl, 3.0 L, Turbo",fetched,,1
46091,2023,Porsche,911 Carrera Cabriolet,"Auto (AM-S8), 6 cyl, 3.0 L, Turbo",fetched,,1
46101,2023,Porsche,911 Carrera 4 Cabriolet,"Auto (AM-S8), 6 cyl, 3.0 L, Turbo",fetched,,1
46102,2023,Porsche,911 Targa 4S,"Auto (AM-S8), 6 cyl, 3.0 L, Turbo",fetched,,1
46103,2023,Porsche,911 Targa 4S,"Man 7-spd, 6 cyl, 3.0 L, Turbo",fetched,,1
46113,2023,Porsche,911 Targa 4 GTS,"Auto (AM-S8), 6 cyl, 3.0 L, Turbo",fetched,,1
46114,2023,Porsche,911 Targa 4 GTS,"Man 7-spd, 6 cyl, 3.0 L, Turbo",fetched,,1
46124,2023,Acura,TLX AWD,"Auto (S10), 4 cyl, 2.0 L, Turbo",fetched,,1
46125,2023,Acura,TLX FWD,"Auto (S10), 4 cyl, 2.0 L, Turbo",fetched,,1
46128,2023,Acura,TLX Type-S,"Auto (S10), 6 cyl, 3.0 L, Turbo",fetched,,1
46129,2023,Acura,TLX Type-S Perf Tire,"Auto (S10), 6 cyl, 3.0 L, Turbo",fetched,,1
46130,2023,BMW,330i xDrive Sedan,"Auto (S8), 4 cyl, 2.0 L, Turbo",fetched,,1
46136,2023,Lexus,LS 500 AWD,"Auto (S10), 6 cyl, 3.4 L, Turbo",fetched,,1
46137,2023,Honda,Civic 5Dr,"Auto (variable gear ratios), 4 cyl, 1.5 L, Turbo",fetched,,1
46138,2023,Honda,Civic 5Dr,"Auto (AV-S7), 4 cyl, 1.5 L, Turbo",fetched,,1
46139,2023,Honda,Civic 5Dr,"Man 6-spd, 4 cyl, 1.5 L, Turbo",fetched,,1
46140,2023,Honda,Civic 5Dr,"Auto (AV-S7), 4 cyl, 2.0 L",fetched,,1
46141,2023,Honda,Civic 5Dr,"Man 6-spd, 4 cyl, 2.0 L",fetched,,1
46142,2023,Honda,Civic 5Dr,"Man 6-spd, 4 cyl, 2.0 L, Turbo",fetched,,1
46144,2023,Mitsubishi,Outlander Sport 2WD,"Auto (AV-S6), 4 cyl, 2.0 L",fetched,,1
46145,2023,Toyota,Highlander Hybrid,"Auto (AV-S6), 4 cyl, 2.5 L",fetched,,1
46146,2023,Toyota,Highlander,"Auto (S8), 4 cyl, 2.4 L, Turbo, SIDI & PFI",fetched,,1
46147,2023,Toyota,Highlander,"Auto (S8), 4 cyl, 2.4 L, Turbo, SIDI & PFI; with Stop-start",fetched,,1
46153,2023,Mitsubishi,Outlander Sport 4WD,"Auto (AV-S6), 4 cyl, 2.0 L",discovered,,1
46154,2023,Mitsubishi,Outlander Sport 4WD,"Auto (AV-S6), 4 cyl, 2.4 L",fetched,,1
46155,2023,Toyota,Highlander AWD,"Auto (S8), 4 cyl, 2.4 L, Turbo",fetched,,1
46162,2023,Ford,F150 Pickup 2WD FFV,"Auto (S10), 6 cyl, 3.3 L, FFV",fetched,,1
46163,2023,Ford,F150 Pickup 2WD FFV,"Auto (S10), 6 cyl, 3.3 L, FFV; with Stop-start",fetched,,1
46164,2023,Ford,F150 Pickup 2WD FFV,"Auto (S10), 8 cyl, 5.0 L, SIDI & PFI; FFV",fetched,,1
46165,2023,Ford,F150 Pickup 2WD FFV,"Auto (S10), 8 cyl, 5.0 L, SIDI & PFI; FFV",fetched,,1
46201,2023,Lincoln,Aviator RWD,"Auto (S10), 6 cyl, 3.0 L, Turbo",fetched,,1
46204,2023,Tesla,Model 3 Long Range AWD,Auto (A1),fetched,,1
46205,2023,Tesla,Model 3 Performance AWD,Auto (A1),fetched,,1
46206,2023,Tesla,Model 3 RWD,Auto (A1),fetched,,1
46207,2023,Tesla,Model S,Auto (A1),fetched,,1
46208,2023,Tesla,Model X,Auto (A1),fetched,,1
46209,2023,Tesla,Model X Plaid (20 inch wheels),Auto (A1),fetched,,1
46210,2023,Tesla,Model X Plaid (22 inch wheels),Auto (A1),fetched,,1
46211,2023,Tesla,Model Y AWD,Auto (A1),fetched,,1
46212,2023,Tesla,Model Y Long Range AWD,Auto (A1),fetched,,1
46213,2023,Tesla,Model Y Performance AWD,Auto (A1),fetched,,1
46221,2023,Mercedes-Benz,AMG GT 53 4matic Plus,"Auto 9-spd, 6 cyl, 3.0 L",fetched,,1
46224,2023,Ram,1500 2WD,"Auto 8-spd, 6 cyl, 3.6 L, Mild Hybrid",fetched,,1
46225,2023,Ram,1500 2WD,"Auto 8-spd, 8 cyl, 5.7 L, Mild Hybrid",fetched,,1
46226,2023,Ram,1500 4WD,"Auto 8-spd, 6 cyl, 3.0 L, Diesel, Turbo",fetched,,1
46227,2023,Ram,1500 4WD,"Auto 8-spd, 6 cyl, 3.6 L, Mild Hybrid",fetched,,1
46228,2023,Ram,1500 4WD,"Auto 8-spd, 8 cyl, 5.7 L, Mild Hybrid",fetched,,1
46229,2023,Ram,1500 TRX 4WD,"Auto 8-spd, 8 cyl, 6.2 L, Sup Charg",fetched,,1
46230,2023,Lexus,RX 350,"Auto (S8), 4 cyl, 2.4 L, Turbo",fetched,,1
46234,2023,Mazda,CX-30 4WD,"Auto (S6), 4 cyl, 2.5 L",fetched,,1
46235,2023,Mazda,CX-30 4WD,"Auto (S6), 4 cyl, 2.5 L, Turbo",fetched,,1
46242,2023,Jeep,Wagoneer L 4WD,"Auto 8-spd, 6 cyl, 3.0 L, Turbo",fetched,,1
46245,2023,Bentley,Flying Spur Hybrid,"Auto (AM-S8), 6 cyl, 2.9 L, Turbo",fetched,,1
46249,2023,Chrysler,Pacifica Hybrid,"Auto (variable gear ratios), 6 cyl, 3.6 L",fetched,,1
46256,2023,Porsche,Panamera 4 e-Hybrid,"Auto (AM-S8), 6 cyl, 2.9 L, Turbo",fetched,,1
46262,2023,Volvo,V60 T8 AWD Recharge ext. Range,"Auto (S8), 4 cyl, 2.0 L, Turbo",fetched,,1
46273,2023,Dodge,Challenger SRT Widebody,"Auto 8-spd, 8 cyl, 6.2 L, Sup Charg",fetched,,1
46276,2023,Chrysler,300 AWD,"Auto 8-spd, 6 cyl, 3.6 L",fetched,,1
46277,2023,Chrysler,300,"Auto 8-spd, 6 cyl, 3.6 L",fetched,,1
46278,2023,Chrysler,300,"Auto 8-spd, 8 cyl, 5.7 L",fetched,,1
46279,2023,Chrysler,300,"Auto 8-spd, 8 cyl, 6.4 L",fetched,,1
46283,2023,Dodge,Charger SRT Widebody,"Auto 8-spd, 8 cyl, 6.2 L, Sup Charg",fetched,,1
46285,2023,Dodge,Charger Widebody,"Auto 8-spd, 8 cyl, 6.4 L",fetched,,1
46288,2023,Ram,1500 Classic 2WD,"Auto 8-spd, 6 cyl, 3.6 L",fetched,,1
46289,2023,Ram,1500 Classic 2WD,"Auto 8-spd, 8 cyl, 5.7 L",fetched,,1
46290,2023,Ram,1500 Classic 4WD,"Auto 8-spd, 6 cyl, 3.6 L",fetched,,1
46291,2023,Ram,1500 Classic 4WD,"Auto 8-spd, 8 cyl, 5.7 L",fetched,,1
46292,2023,Chrysler,Pacifica AWD,"Auto 9-spd, 6 cyl, 3.6 L",fetched,,1
46298,2023,Mercedes-Benz,AMG GLE63 S 4matic Plus,"Auto 9-spd, 8 cyl, 4.0 L, Turbo",fetched,,1
46302,2023,Mercedes-Benz,GLS580 4matic,"Auto 9-spd, 8 cyl, 4.0 L, Turbo",fetched,,1
46303,2023,Lucid,Air G Touring XR AWD with 19 inch wheels,Auto (A1),fetched,,1
46304,2023,Lucid,Air G Touring XR AWD with 20 inch wheels,Auto (A1),fetched,,1
46305,2023,Lucid,Air G Touring XR AWD with 21 inch wheels,Auto (A1),fetched,,1
46306,2023,Lucid,Air GT P AWD with 21 inch wheels,Auto (A1),fetched,,1
46307,2023,Lucid,Air Pure AWD with 19 inch wheels,Auto (A1),fetched,,1
46308,2023,Lucid,Air Pure AWD with 20 inch wheels,Auto (A1),fetched,,1
46309,2023,Lucid,Air Touring AWD with 19 inch wheels,Auto (A1),fetched,,1
46310,2023,Lucid,Air Touring AWD with 20 inch wheels,Auto (A1),fetched,,1
46311,2023,Lucid,Air Touring AWD with 21 inch wheels,Auto (A1),fetched,,1
46312,2023,Rivian,R1T (20 inch wheels),Auto (A1),fetched,,1
46313,2023,Rivian,R1T (21 inch wheels),Auto (A1),fetched,,1
46316,2023,Rivian,R1S (21 inch wheels),Auto (A1),fetched,,1
46317,2023,Rivian,R1S (22 inch wheels),Auto (A1),fetched,,1
46326,2023,Fiat,500X AWD,"Auto 9-spd, 4 cyl, 1.3 L, Turbo",fetched,,1
46335,2023,Ford,Mustang,"Man 6-spd, 4 cyl, 2.3 L, Turbo",discovered,,1
46336,2023,Ford,Mustang,"Man 6-spd, 8 cyl, 5.0 L",discovered,,1
46337,2023,Ford,Mustang,"Auto 10-spd, 4 cyl, 2.3 L, Turbo",discovered,,1
46340,2023,Ford,Mustang,"Auto (S10), 8 cyl, 5.0 L",discovered,,1
46343,2023,Ford,Mustang,"Auto (S10), 4 cyl, 2.3 L, Turbo",fetched,,1
46350,2023,Lexus,RC F,"Auto (S8), 8 cyl, 5.0 L",fetched,,1
46351,2023,Nissan,GT-R,"Auto (AM-S6), 6 cyl, 3.8 L, Turbo",fetched,,1
46352,2023,Mazda,3 4-Door 2WD,"Auto (S6), 4 cyl, 2.0 L",fetched,,1
46353,2023,Mazda,3 4-Door 2WD,"Auto (S6), 4 cyl, 2.5 L",fetched,,1
46354,2023,Mazda,3 4-Door 4WD,"Auto (S6), 4 cyl, 2.5 L",fetched,,1
46355,2023,Mazda,3 4-Door 4WD,"Auto (S6), 4 cyl, 2.5 L, Turbo",fetched,,1
46359,2023,Toyota,Prius,"Auto (variable gear ratios), 4 cyl, 2.0 L",fetched,,1
46365,2023,Ford,Maverick FWD,"Auto 8-spd, 4 cyl, 2.0 L, Turbo",fetched,,1
46368,2023,Ford,Maverick Tremor AWD,"Auto 8-spd, 4 cyl, 2.0 L, Turbo",fetched,,1
46369,2023,Ram,1500 HFE 2WD,"Auto 8-spd, 6 cyl, 3.6 L",fetched,,1
46372,2023,Chrysler,Pacifica,"Auto 9-spd, 6 cyl, 3.6 L",fetched,,1
46373,2023,Chrysler,Voyager,"Auto 9-spd, 6 cyl, 3.6 L",fetched,,1
46375,2023,Hyundai,Tucson FWD,"Auto (S8), 4 cyl, 2.5 L",fetched,,1
46376,2023,Lincoln,Nautilus FWD,"Auto 8-spd, 4 cyl, 2.0 L, Turbo",fetched,,1
46377,2023,Lincoln,Nautilus FWD,"Auto (S8), 4 cyl, 2.0 L, Turbo",fetched,,1
46378,2023,Lincoln,Corsair FWD,"Auto (S8), 4 cyl, 2.0 L, Turbo",fetched,,1
46380,2023,Nissan,Rogue FWD SL/Platinum,"Auto (AV-S8), 3 cyl, 1.5 L, Turbo, SIDI; Stop-Start",discovered,,1
46381,2023,Dodge,Hornet AWD,"Auto 9-spd, 4 cyl, 2.0 L, Turbo",fetched,,1
46382,2023,Ford,Edge AWD,"Auto 8-spd, 4 cyl, 2.0 L, Turbo",fetched,,1
46383,2023,Ford,Edge AWD,"Auto (S8), 4 cyl, 2.0 L, Turbo",fetched,,1
46384,2023,Ford,Edge AWD,"Auto (S8), 6 cyl, 2.7 L, Turbo",fetched,,1
46393,2023,Lincoln,Nautilus AWD,"Auto 8-spd, 4 cyl, 2.0 L, Turbo",fetched,,1
46394,2023,Lincoln,Nautilus AWD,"Auto (S8), 4 cyl, 2.0 L, Turbo",fetched,,1
46395,2023,Lincoln,Nautilus AWD,"Auto (S8), 6 cyl, 2.7 L, Turbo",fetched,,1
46396,2023,Lincoln,Corsair AWD,"Auto (S8), 4 cyl, 2.0 L, Turbo",fetched,,1
46407,2023,Lincoln,Navigator 2WD,"Auto (S10), 6 cyl, 3.5 L, Turbo, SIDI; Stop-Start",fetched,,1
46408,2023,Lincoln,Navigator 2WD,"Auto (S10), 6 cyl, 3.5 L, Turbo, SIDI",fetched,,1
46425,2023,Lincoln,Navigator 4WD,"Auto (S10), 6 cyl, 3.5 L, Turbo, SIDI; Stop-Start",discovered,,1
46426,2023,Lincoln,Navigator 4WD,"Auto (S10), 6 cyl, 3.5 L, Turbo, SIDI",fetched,,1
46434,2023,Nissan,Sentra SR,"Auto (variable gear ratios), 4 cyl, 2.0 L",fetched,,1
46435,2023,Nissan,Frontier 2WD,"Auto (S9), 6 cyl, 3.8 L, SIDI; ISS and AGS",fetched,,1
46444,2024,Jaguar,F-Type R AWD Coupe,"Auto (S8), 8 cyl, 5.0 L, Sup Charg",fetched,,1
46445,2024,Jaguar,F-Type R AWD Convertible,"Auto (S8), 8 cyl, 5.0 L, Sup Charg",fetched,,1
46447,2024,Jaguar,F-Type P450 RWD Convertible,"Auto (S8), 8 cyl, 5.0 L, Sup Charg",fetched,,1
46448,2024,Jaguar,F-Type P450 AWD R-Dynamic Coupe,"Auto (S8), 8 cyl, 5.0 L, Sup Charg",fetched,,1
46451,2024,Jaguar,E-Pace,"Auto (S9), 4 cyl, 2.0 L, Turbo",fetched,,1
46454,2024,Kia,Seltos FWD,"Auto (AV-S8), 4 cyl, 2.0 L",fetched,,1
46455,2024,Kia,Seltos AWD,"Auto (S8), 4 cyl, 1.6 L, Turbo",fetched,,1
46456,2024,Kia,Seltos AWD,"Auto (AV-S8), 4 cyl, 2.0 L",fetched,,1
46458,2023,Mercedes-Benz,Maybach S680 4matic,"Auto 9-spd, 12 cyl, 6.0 L, Turbo",fetched,,1
46463,2024,MINI,Cooper S Convertible,"Auto (AM-S7), 4 cyl, 2.0 L, Turbo",fetched,,1
46464,2024,MINI,Cooper S Convertible,"Man 6-spd, 4 cyl, 2.0 L, Turbo",fetched,,1
46465,2024,MINI,John Cooper Works Convertible,"Auto (S8), 4 cyl, 2.0 L, Turbo",fetched,,1
46471,2024,BMW,M4 Competition Coupe,"Auto (S8), 6 cyl, 3.0 L, Turbo",fetched,,1
46474,2024,BMW,840i Coupe,"Auto (S8), 6 cyl, 3.0 L, Turbo",fetched,,1
46482,2024,MINI,Cooper Hardtop 2 door,"Auto (AM-S7), 3 cyl, 1.5 L, Turbo",fetched,,1
46483,2024,MINI,Cooper Hardtop 2 door,"Man 6-spd, 3 cyl, 1.5 L, Turbo",fetched,,1
46486,2024,MINI,Cooper S Hardtop 2 door,"Auto (AM-S7), 4 cyl, 2.0 L, Turbo",fetched,,1
46487,2024,MINI,Cooper S Hardtop 2 door,"Man 6-spd, 4 cyl, 2.0 L, Turbo",fetched,,1
46488,2024,MINI,Cooper S Hardtop 4 door,"Auto (AM-S7), 4 cyl, 2.0 L, Turbo",fetched,,1
46489,2024,MINI,Cooper S Hardtop 4 door,"Man 6-spd, 4 cyl, 2.0 L, Turbo",fetched,,1
46493,2024,BMW,430i xDrive Gran Coupe,"Auto (S8), 4 cyl, 2.0 L, Turbo",fetched,,1
46500,2024,MINI,Cooper Countryman All4,"Auto (S8), 3 cyl, 1.5 L, Turbo",fetched,,1
46502,2024,MINI,JCW Countryman All4,"Auto (S8), 4 cyl, 2.0 L, Turbo",fetched,,1
46503,2024,Kia,Carnival,"Auto (S8), 6 cyl, 3.5 L",fetched,,1
46506,2023,Honda,Civic 4Dr,"Auto (variable gear ratios), 4 cyl, 2.0 L",fetched,,1
46507,2023,Lexus,LS 500h,"Auto (AV-S10), 6 cyl, 3.5 L",fetched,,1
46509,2023,Honda,Civic 5Dr,"Auto (variable gear ratios), 4 cyl, 2.0 L",fetched,,1
46510,2023,Jeep,Grand Cherokee 2WD,"Auto 8-spd, 6 cyl, 3.6 L",fetched,,1
46511,2023,Jeep,Grand Cherokee 4WD,"Auto 8-spd, 6 cyl, 3.6 L",fetched,,1
46519,2023,Lordstown,Endurance,Auto (A1),fetched,,1
46527,2024,BMW,M440i xDrive Gran Coupe,"Auto (S8), 6 cyl, 3.0 L, Turbo",fetched,,1
46528,2024,Subaru,Legacy AWD,"Auto (AV-S8), 4 cyl, 2.5 L",fetched,,1
46529,2024,Subaru,Legacy AWD,"Auto (AV-S8), 4 cyl, 2.4 L, Turbo",fetched,,1
46530,2024,Subaru,Impreza,"Auto (AV-S8), 4 cyl, 2.0 L",fetched,,1
46531,2024,Subaru,Impreza,"Auto (AV-S8), 4 cyl, 2.5 L",fetched,,1
46532,2024,Buick,Encore GX FWD,"Auto (variable gear ratios), 3 cyl, 1.3 L, Turbo",fetched,,1
46534,2024,Buick,Encore GX AWD,"Auto 9-spd, 3 cyl, 1.3 L, Turbo",fetched,,1
46536,2024,Lexus,NX 250 AWD,"Auto (S8), 4 cyl, 2.5 L",fetched,,1
46541,2024,Subaru,Outback AWD,"Auto (AV-S8), 4 cyl, 2.5 L",fetched,,1
46542,2024,Subaru,Outback AWD,"Auto (AV-S8), 4 cyl, 2.4 L, Turbo",fetched,,1
46558,2023,Dodge,Challenger SRT Widebody,"Man 6-spd, 8 cyl, 6.2 L, Sup Charg",fetched,,1
46563,2023,GMC,Canyon 4WD,"Auto 8-spd, 4 cyl, 2.7 L, Turbo",fetched,,1
46565,2023,Ram,1500 2WD,"Auto 8-spd, 8 cyl, 5.7 L",fetched,,1
46566,2023,Ram,1500 4WD,"Auto 8-spd, 8 cyl, 5.7 L",fetched,,1
46568,2024,Lexus,UX 250h,"Auto (AV-S6), 4 cyl, 2.0 L",fetched,,1
46574,2024,MINI,Cooper S Clubman All4,"Auto (S8), 4 cyl, 2.0 L, Turbo",fetched,,1
46576,2024,Acura,Integra A-Spec,"Auto (AV-S7), 4 cyl, 1.5 L, Turbo",discovered,,1
46577,2024,Acura,Integra A-Spec,"Man 6-spd, 4 cyl, 1.5 L, Turbo",fetched,,1
46581,2024,Buick,Encore GX FWD,"Auto (variable gear ratios), 3 cyl, 1.2 L, Turbo",fetched,,1
46585,2024,Alfa Romeo,Giulia,"Auto 8-spd, 4 cyl, 2.0 L, Turbo",fetched,,1
46586,2024,Alfa Romeo,Giulia AWD,"Auto 8-spd, 4 cyl, 2.0 L, Turbo",fetched,,1
46587,2024,Honda,HR-V AWD,"Auto (variable gear ratios), 4 cyl, 2.0 L",fetched,,1
46588,2024,Honda,HR-V FWD,"Auto (variable gear ratios), 4 cyl, 2.0 L",fetched,,1
46590,2024,Alfa Romeo,Stelvio,"Auto 8-spd, 4 cyl, 2.0 L, Turbo",fetched,,1
46592,2024,GMC,Terrain FWD,"Auto 9-spd, 4 cyl, 1.5 L, Turbo",fetched,,1
46593,2024,Volkswagen,Atlas,"Auto (S8), 4 cyl, 2.0 L, Turbo",fetched,,1
46594,2024,Volkswagen,Atlas Cross Sport,"Auto (S8), 4 cyl, 2.0 L, Turbo",fetched,,1
46595,2024,Acura,MDX AWD,"Auto (S10), 6 cyl, 3.5 L",fetched,,1
46596,2024,Alfa Romeo,Stelvio AWD,"Auto 8-spd, 4 cyl, 2.0 L, Turbo",fetched,,1
46602,2024,Volkswagen,Atlas SE 4motion,"Auto (S8), 4 cyl, 2.0 L, Turbo",fetched,,1
46604,2024,Volkswagen,Atlas SEL 4motion,"Auto (S8), 4 cyl, 2.0 L, Turbo",fetched,,1
46607,2024,Mazda,CX-90 4WD,"Auto (S8), 6 cyl, 3.3 L, Turbo, SIDI; Mild Hybrid",fetched,,1
46608,2024,Mazda,CX-90 4WD,"Auto (S8), 6 cyl, 3.3 L, Turbo, SIDI; Mild Hybrid",discovered,,1
46612,2024,Maserati,GranTurismo Trofeo,"Auto 8-spd, 6 cyl, 3.0 L, Turbo",fetched,,1
46617,2023,BMW,i4 eDrive35 Gran Coupe (19 inch Wheels),Auto (A1),fetched,,1
46624,2023,Hyundai,Ioniq 6 Standard Range RWD,Auto (A1),fetched,,1
46629,2023,Volvo,XC60 T8 AWD Recharge,"Auto (S8), 4 cyl, 2.0 L, Turbo",fetched,,1
46633,2024,Lamborghini,Huracan Spyder,"Auto (AM-S7), 10 cyl, 5.2 L",fetched,,1
46634,2024,Lamborghini,Huracan Sterrato,"Auto (AM-S7), 10 cyl, 5.2 L",fetched,,1
46635,2024,Lamborghini,Huracan Coupe 2WD,"Auto (AM-S7), 10 cyl, 5.2 L",fetched,,1
46636,2024,Toyota,GR Supra,"Auto (S8), 4 cyl, 2.0 L, Turbo",fetched,,1
46638,2024,Audi,RS 3,"Auto (AM-S7), 5 cyl, 2.5 L, Turbo",fetched,,1
46650,2024,Lexus,LC 500h,"Auto (AV-S10), 6 cyl, 3.5 L",fetched,,1
46652,2024,Audi,A4 quattro,"Auto (AM-S7), 4 cyl, 2.0 L, Turbo",fetched,,1
46661,2024,Volvo,S60 B5,"Auto (S8), 4 cyl, 2.0 L, Turbo",fetched,,1
46662,2024,Volvo,S60 B5 AWD,"Auto (S8), 4 cyl, 2.0 L, Turbo",fetched,,1
46665,2024,Jaguar,XF P250,"Auto (S8), 4 cyl, 2.0 L, Turbo",fetched,,1
46668,2024,Maserati,Ghibli Modena RWD,"Auto 8-spd, 6 cyl, 3.0 L, Turbo",fetched,,1
46669,2024,Volvo,S90 B6 AWD,"Auto (S8), 4 cyl, 2.0 L, Turbo, Sup Charg",fetched,,1
46671,2024,Genesis,G80 AWD,"Auto (S8), 4 cyl, 2.5 L, Turbo",fetched,,1
46672,2024,Genesis,G80 AWD,"Auto (S8), 6 cyl, 3.5 L, Turbo",fetched,,1
46674,2024,Genesis,G90 MHEV,"Auto (S8), 6 cyl, 3.5 L, Turbo, Sup Charg",fetched,,1
46676,2024,Maserati,Quattroporte Modena AWD,"Auto 8-spd, 6 cyl, 3.0 L, Turbo",fetched,,1
46679,2024,Buick,Envista,"Auto 6-spd, 3 cyl, 1.2 L, Turbo",fetched,,1
46680,2024,Lamborghini,Urus Performante,"Auto (S8), 8 cyl, 4.0 L, Turbo",fetched,,1
46683,2024,Cadillac,XT5 Hearse FWD,"Auto (S9), 4 cyl, 2.0 L, Turbo",fetched,,1
46684,2024,Cadillac,XT5 Limo FWD,"Auto (S9), 4 cyl, 2.0 L, Turbo",fetched,,1
46685,2024,Cadillac,XT5 Hearse AWD,"Auto (S9), 4 cyl, 2.0 L, Turbo",fetched,,1
46687,2024,BMW,X3 sDrive30i,"Auto (S8), 4 cyl, 2.0 L, Turbo",fetched,,1
46696,2024,Hyundai,Kona FWD,"Auto (S8), 4 cyl, 1.6 L, Turbo, SIDI",fetched,,1
46700,2024,Mitsubishi,Eclipse Cross 2WD,"Auto (AV-S8), 4 cyl, 1.5 L, Turbo",fetched,,1
46706,2024,Cadillac,XT5 AWD,"Auto (S9), 4 cyl, 2.0 L, Turbo",fetched,,1
46707,2024,Cadillac,XT6 AWD,"Auto (S9), 4 cyl, 2.0 L, Turbo",discovered,,1
46708,2024,Cadillac,XT5 AWD,"Auto (S9), 6 cyl, 3.6 L",fetched,,1
46709,2024,Cadillac,XT6 AWD,"Auto (S9), 6 cyl, 3.6 L",fetched,,1
46712,2024,Genesis,GV70 AWD,"Auto (S8), 4 cyl, 2.5 L, Turbo, 5-mode trans (Sport Plus)",fetched,,1
46713,2024,Genesis,GV70 AWD,"Auto (S8), 4 cyl, 2.5 L, Turbo, SIDI & PFI",fetched,,1
46714,2024,Genesis,GV70 AWD,"Auto (S8), 6 cyl, 3.5 L, Turbo, SIDI & PFI",fetched,,1
46715,2024,Honda,CR-V AWD,"Auto (variable gear ratios), 4 cyl, 1.5 L, Turbo",fetched,,1
46716,2024,Honda,CR-V AWD,"Auto (variable gear ratios), 4 cyl, 2.0 L",fetched,,1
46717,2024,Hyundai,Palisade AWD,"Auto (S8), 6 cyl, 3.8 L",fetched,,1
46718,2024,Hyundai,Kona AWD,"Auto (S8), 4 cyl, 1.6 L, Turbo, SIDI",fetched,,1
46724,2024,Jaguar,F-Pace,"Auto (S8), 4 cyl, 2.0 L, Turbo",fetched,,1
46735,2024,Mitsubishi,Eclipse Cross 4WD,"Auto (AV-S8), 4 cyl, 1.5 L, Turbo",fetched,,1
46736,2024,Mitsubishi,Eclipse Cross ES 4WD,"Auto (AV-S8), 4 cyl, 1.5 L, Turbo",fetched,,1
46738,2024,Volvo,XC60 B5 AWD,"Auto (S8), 4 cyl, 2.0 L, Turbo",fetched,,1
46739,2024,Volvo,XC40 B5 AWD,"Auto (S8), 4 cyl, 2.0 L, Turbo",fetched,,1
46740,2024,Buick,Enclave FWD,"Auto 9-spd, 6 cyl, 3.6 L",fetched,,1
46745,2024,Buick,Enclave AWD,"Auto 9-spd, 6 cyl, 3.6 L",fetched,,1
46746,2024,Lamborghini,Urus S,"Auto (S8), 8 cyl, 4.0 L, Turbo",fetched,,1
46747,2024,Maserati,Levante Modena,"Auto 8-spd, 6 cyl, 3.0 L, Turbo",fetched,,1
46748,2024,Maserati,Levante GT,"Auto 8-spd, 6 cyl, 3.0 L, Turbo",fetched,,1
46751,2024,Mercedes-Benz,AMG GLE63 S 4matic Plus Coupe,"Auto 9-spd, 8 cyl, 4.0 L, Turbo",fetched,,1
46757,2024,Volvo,XC90 B5 AWD,"Auto (S8), 4 cyl, 2.0 L, Turbo",fetched,,1
46760,2024,Chevrolet,Corvette Z06 Carbon Aero,"Auto (S8), 8 cyl, 5.5 L",fetched,,1
46761,2024,Toyota,GR Supra,"Auto (S8), 6 cyl, 3.0 L, Turbo",fetched,,1
46762,2024,Toyota,GR Supra,"Man 6-spd, 6 cyl, 3.0 L, Turbo",fetched,,1
46778,2024,Mitsubishi,Mirage,"Auto (variable gear ratios), 3 cyl, 1.2 L",fetched,,1
46779,2024,Mitsubishi,Mirage G4,"Auto (variable gear ratios), 3 cyl, 1.2 L",fetched,,1
46780,2024,Volkswagen,GTI,"Auto (AM-S7), 4 cyl, 2.0 L, Turbo",fetched,,1
46781,2024,Volkswagen,GTI,"Man 6-spd, 4 cyl, 2.0 L, Turbo",fetched,,1
46783,2024,Alfa Romeo,Giulia,"Auto 8-spd, 6 cyl, 2.9 L, Turbo",fetched,,1
46787,2024,Cadillac,CT5 V,"Auto (S10), 6 cyl, 3.0 L, Turbo",fetched,,1
46788,2024,Cadillac,CT5 V,"Man 6-spd, 8 cyl, 6.2 L, Sup Charg",fetched,,1
46791,2024,Cadillac,CT5 V,"Auto (S10), 8 cyl, 6.2 L, Sup Charg",fetched,,1
46793,2024,Lexus,ES 350 F Sport,"Auto (S8), 6 cyl, 3.5 L",fetched,,1
46795,2024,Lexus,ES 300h,"Auto (AV-S6), 4 cyl, 2.5 L",fetched,,1
46796,2024,Mazda,3 5-Door 2WD,"Man 6-spd, 4 cyl, 2.5 L",fetched,,1
46797,2024,Mazda,3 5-Door 2WD,"Auto (S6), 4 cyl, 2.5 L",fetched,,1
46798,2024,Mazda,3 5-Door 4WD,"Auto (S6), 4 cyl, 2.5 L",fetched,,1
46799,2024,Mazda,3 5-Door 4WD,"Auto (S6), 4 cyl, 2.5 L, Turbo",fetched,,1
46802,2024,Rolls-Royce,Phantom,"Auto (S8), 12 cyl, 6.7 L, Turbo",fetched,,1
46803,2024,Rolls-Royce,Phantom Extended,"Auto (S8), 12 cyl, 6.7 L, Turbo",fetched,,1
46804,2024,Rolls-Royce,Ghost,"Auto (S8), 12 cyl, 6.7 L, Turbo",fetched,,1
46805,2024,Rolls-Royce,Ghost Extended,"Auto (S8), 12 cyl, 6.7 L, Turbo",fetched,,1
46806,2024,Rolls-Royce,Ghost Black Badge,"Auto (S8), 12 cyl, 6.7 L, Turbo",fetched,,1
46809,2024,Rolls-Royce,Cullinan,"Auto (S8), 12 cyl, 6.7 L, Turbo",fetched,,1
46810,2024,Rolls-Royce,Cullinan Black Badge,"Auto (S8), 12 cyl, 6.7 L, Turbo",fetched,,1
46821,2024,Ram,1500 2WD,"Auto 8-spd, 6 cyl, 3.6 L",fetched,,1
46822,2024,Ram,1500 2WD,"Auto 8-spd, 8 cyl, 5.7 L",fetched,,1
46824,2024,Chevrolet,Silverado Mud Terrain Tires 4WD,"Auto 10-spd, 8 cyl, 5.3 L, SIDI; FFV",discovered,,1
46826,2024,Chevrolet,Silverado Mud Terrain Tires 4WD,"Auto 10-spd, 8 cyl, 6.2 L, SIDI",discovered,,1
46829,2024,Chevrolet,Silverado Mud Terrain Tires 4WD,"Auto 10-spd, 8 cyl, 5.3 L, SIDI; Municipal",discovered,,1
46831,2024,Chevrolet,Silverado Mud Terrain Tires 4WD,"Auto 10-spd, 8 cyl, 5.3 L, SIDI; with Sport Mode",fetched,,1
46833,2024,Chevrolet,Silverado Mud Terrain Tires 4WD,"Auto 10-spd, 8 cyl, 5.3 L, SIDI",fetched,,1
46837,2024,Chevrolet,Silverado Mud Terrain Tires 4WD,"Auto 10-spd, 6 cyl, 3.0 L, Diesel, Turbo",discovered,,1
46838,2024,Chevrolet,Silverado Mud Terrain Tires 4WD,"Auto 10-spd, 6 cyl, 3.0 L, Diesel, Turbo, with Sport Mode",discovered,,1
46843,2024,GMC,Sierra 4WD AT4X,"Auto 10-spd, 8 cyl, 6.2 L",fetched,,1
46850,2024,GMC,Sierra 4WD AT4X,"Auto 10-spd, 6 cyl, 3.0 L, Diesel, Turbo",fetched,,1
46853,2024,Ram,1500 4WD,"Auto 8-spd, 6 cyl, 3.6 L",fetched,,1
46854,2024,Ram,1500 4WD,"Auto 8-spd, 8 cyl, 5.7 L",discovered,,1
46855,2024,Ram,1500 TRX 4WD,"Auto 8-spd, 8 cyl, 6.2 L, Sup Charg",fetched,,1
46861,2024,Chevrolet,Blazer FWD,"Auto 9-spd, 4 cyl, 2.0 L, Turbo",fetched,,1
46862,2024,Chevrolet,Blazer FWD,"Auto 9-spd, 6 cyl, 3.6 L",fetched,,1
46863,2024,Hyundai,Kona FWD,"Auto (AV-S1), 4 cyl, 2.0 L",fetched,,1
46865,2024,Hyundai,Kona FWD,"Auto (AV-S1), 4 cyl, 2.0 L, Stop-Start",fetched,,1
46866,2024,Kia,Sportage FWD,"Auto (S8), 4 cyl, 2.5 L",fetched,,1
46868,2024,Kia,Niro FE,"Auto (AM-S6), 4 cyl, 1.6 L",fetched,,1
46869,2024,Mitsubishi,Outlander 2WD,"Auto (AV-S8), 4 cyl, 2.5 L",fetched,,1
46870,2024,Alfa Romeo,Stelvio AWD,"Auto 8-spd, 6 cyl, 2.9 L, Turbo",fetched,,1
46872,2024,BMW,X3 M40i,"Auto (S8), 6 cyl, 3.0 L, Turbo",fetched,,1
46883,2024,Hyundai,Kona AWD,"Auto (AV-S1), 4 cyl, 2.0 L",fetched,,1
46884,2024,Hyundai,Kona AWD,"Auto (AV-S1), 4 cyl, 2.0 L, Stop-Start",fetched,,1
46888,2024,Jeep,Wrangler Rubicon 2dr 4WD,"Auto 8-spd, 6 cyl, 3.6 L",fetched,,1
46889,2024,Kia,Sportage AWD,"Auto (S8), 4 cyl, 2.5 L",fetched,,1
46892,2024,Mazda,CX-50 4WD,"Auto (S6), 4 cyl, 2.5 L",fetched,,1
46893,2024,Mazda,CX-50 4WD,"Auto (S6), 4 cyl, 2.5 L, Turbo",fetched,,1
46894,2024,Mitsubishi,Outlander 4WD,"Auto (AV-S8), 4 cyl, 2.5 L",fetched,,1
46896,2024,Infiniti,QX80 2WD,"Auto (S7), 8 cyl, 5.6 L",fetched,,1
46897,2024,Infiniti,QX80 4WD,"Auto (S7), 8 cyl, 5.6 L",fetched,,1
46903,2024,Mercedes-Benz,GLS450 4matic,"Auto 9-spd, 6 cyl, 3.0 L, Turbo",fetched,,1
46904,2024,Porsche,Cayenne,"Auto (S8), 6 cyl, 3.0 L, Turbo",fetched,,1
46911,2024,Audi,Q4 50 e-tron quattro,Auto (A1),fetched,,1
46913,2024,Audi,Q8 e-tron quattro,Auto (A2),fetched,,1
46934,2024,BMW,i7 xDrive60 Sedan (19 inch wheels),Auto (A1),fetched,,1
46936,2024,BMW,i7 xDrive60 Sedan (21 inch wheels),Auto (A1),fetched,,1
46943,2024,BMW,iX xDrive50 (21 inch wheels),Auto (A1),fetched,,1
46947,2024,Genesis,Electrified GV70,Auto (A1),fetched,,1
46950,2024,Genesis,GV60 PERFORMANCE,Auto (A1),fetched,,1
46951,2024,GMC,Hummer EV Pickup,Auto (A1),fetched,,1
46964,2024,Jaguar,I-Pace EV400 (22 inch tires),Auto (A1),fetched,,1
46967,2024,Kia,Niro Electric,Auto (A1),fetched,,1
46968,2024,Kia,EV6 AWD GT,Auto (A1),fetched,,1
46971,2024,Mercedes-Benz,AMG EQE 4matic Plus (SUV),Auto (A1),fetched,,1
46973,2024,Nissan,LEAF,Auto (A1),fetched,,1
46975,2024,Polestar,2 Dual Motor (19 Inch Wheels),Auto (A1),fetched,,1
46976,2024,Polestar,2 Dual Motor (20 Inch Wheels),Auto (A1),fetched,,1
46977,2024,Polestar,2 Dual Motor Performance Pack,Auto (A1),fetched,,1
46978,2024,Polestar,2 Single Motor (19 Inch Wheels),Auto (A1),fetched,,1
46979,2024,Polestar,2 Single Motor (20 Inch Wheels),Auto (A1),fetched,,1
46980,2024,Volvo,C40 Recharge,Auto (A1),fetched,,1
46982,2024,Volvo,C40 Recharge twin,Auto (A1),fetched,,1
46983,2024,Volvo,XC40 Recharge twin,Auto (A1),fetched,,1
46984,2023,Fisker,Ocean Extreme One,Auto (A1),fetched,,1
46988,2023,Mazda,MX-30,Auto (A1),fetched,,1
46992,2023,Nissan,ARIYA PLAT Plus e-4ORCE 87kWh 20,Auto (A1),fetched,,1
46993,2023,Rivian,R1S 20 inch All-Terrain,Auto (A1),fetched,,1
46994,2023,Rivian,R1S 20 inch All-Terrain Dual Large,Auto (A1),fetched,,1
46995,2023,Rivian,R1S 20 inch All-Terrain Performance Dual Large,Auto (A1),fetched,,1
46996,2023,Rivian,R1S 21 inch Dual Large,Auto (A1),fetched,,1
46997,2023,Rivian,R1S 21 inch Performance Dual Large,Auto (A1),fetched,,1
47000,2023,Rivian,R1T 21 inch Dual Large,Auto (A1),fetched,,1
47001,2023,Rivian,R1T 21 inch Performance Dual Large,Auto (A1),fetched,,1
47003,2023,Rivian,R1T 22 inch Performance Dual Large,Auto (A1),fetched,,1
47004,2023,Vinfast,VF 8 Eco,Auto (A1),fetched,,1
47005,2023,Vinfast,VF 8 Plus,Auto (A1),fetched,,1
47006,2024,Bugatti,Chiron Super Sport,"Auto (AM-S7), 16 cyl, 8.0 L, Turbo",fetched,,1
47008,2024,Ferrari,812 Competizione,"Auto (AM7), 12 cyl, 6.5 L",fetched,,1
47009,2024,Ferrari,812 Competizione A,"Auto (AM7), 12 cyl, 6.5 L",fetched,,1
47010,2024,Ferrari,Daytona SP3,"Auto (AM7), 12 cyl, 6.5 L",fetched,,1
47041,2024,Audi,S5 Cabriolet,"Auto (S8), 6 cyl, 3.0 L, Turbo",fetched,,1
47048,2024,Ferrari,Roma,"Auto (AM8), 8 cyl, 3.9 L, Turbo",fetched,,1
47050,2024,Audi,S4,"Auto (S8), 6 cyl, 3.0 L, Turbo",fetched,,1
47066,2024,BMW,530i Sedan,"Auto (S8), 4 cyl, 2.0 L, Turbo",fetched,,1
47073,2024,Honda,Accord Hybrid Sport/Touring,"Auto (variable gear ratios), 4 cyl, 2.0 L",fetched,,1
47076,2024,Jaguar,XF P300 AWD,"Auto (S8), 4 cyl, 2.0 L, Turbo",fetched,,1
47083,2024,Nissan,Altima SL/SR,"Auto (variable gear ratios), 4 cyl, 2.5 L",fetched,,1
47084,2024,Nissan,Altima SR,"Auto (AV-S8), 4 cyl, 2.0 L, Turbo",fetched,,1
47093,2024,Toyota,Camry Hybrid SE/XLE/XSE,"Auto (AV-S6), 4 cyl, 2.5 L",fetched,,1
47108,2024,Nissan,Murano FWD,"Auto (AV-S7), 6 cyl, 3.5 L",fetched,,1
47109,2024,Nissan,Murano AWD,"Auto (AV-S7), 6 cyl, 3.5 L",fetched,,1
47117,2024,Toyota,Tundra 2WD,"Auto (S10), 6 cyl, 3.4 L, Turbo, SIDI & PFI",fetched,,1
47118,2024,Toyota,Tundra 2WD,"Auto (S10), 6 cyl, 3.4 L, Turbo, 3-mode (Sport/Normal/Eco)",discovered,,1
47119,2024,Toyota,Tundra 2WD,"Auto (S10), 6 cyl, 3.4 L, Turbo, SIDI & PFI; Hybrid",discovered,,1
47120,2024,Chevrolet,Silverado Mud Terrain Tires 4WD,"Auto 8-spd, 4 cyl, 2.7 L, Turbo, SIDI; with Sport Mode",discovered,,1
47123,2024,Chevrolet,Silverado Mud Terrain Tires 4WD,"Auto 8-spd, 4 cyl, 2.7 L, Turbo, SIDI",discovered,,1
47133,2024,Chrysler,Pacifica,"Auto 9-spd, 6 cyl, 3.6 L",fetched,,1
47134,2024,Chrysler,Voyager,"Auto 9-spd, 6 cyl, 3.6 L",fetched,,1
47138,2024,Mitsubishi,Outlander Sport 2WD,"Auto (AV-S6), 4 cyl, 2.0 L",fetched,,1
47139,2024,Nissan,Pathfinder 2WD,"Auto (S9), 6 cyl, 3.5 L",fetched,,1
47141,2024,Volkswagen,Tiguan,"Auto (S8), 4 cyl, 2.0 L, Turbo",fetched,,1
47145,2024,Audi,Q5 Sportback S line quattro,"Auto (AM-S7), 4 cyl, 2.0 L, Turbo",fetched,,1
47146,2024,Audi,Q3 quattro,"Auto (S8), 4 cyl, 2.0 L, Turbo",fetched,,1
47154,2024,Mitsubishi,Outlander Sport 4WD,"Auto (AV-S6), 4 cyl, 2.0 L",fetched,,1
47155,2024,Mitsubishi,Outlander Sport 4WD,"Auto (AV-S6), 4 cyl, 2.4 L",fetched,,1
47157,2024,Nissan,Pathfinder 4WD Rock Creek,"Auto (S9), 6 cyl, 3.5 L",fetched,,1
47162,2024,Subaru,Crosstrek Wilderness AWD,"Auto (AV-S8), 4 cyl, 2.5 L",fetched,,1
47166,2024,Volkswagen,Taos 4motion,"Auto (AM-S7), 4 cyl, 1.5 L, Turbo",fetched,,1
47168,2024,Infiniti,QX60 FWD,"Auto (S9), 6 cyl, 3.5 L",fetched,,1
47171,2024,Jeep,Grand Cherokee 2WD,"Auto 8-spd, 6 cyl, 3.6 L",fetched,,1
47174,2024,Audi,Q7 quattro,"Auto (S8), 6 cyl, 3.0 L, Turbo",fetched,,1
47177,2024,Audi,Q7 quattro,"Auto (S8), 4 cyl, 2.0 L, Turbo",fetched,,1
47178,2024,Audi,SQ8,"Auto (S8), 8 cyl, 4.0 L, Turbo",fetched,,1
47184,2024,Honda,Pilot AWD TrailSport,"Auto (S10), 6 cyl, 3.5 L",fetched,,1
47185,2024,Infiniti,QX60 AWD,"Auto (S9), 6 cyl, 3.5 L",fetched,,1
47186,2024,Jeep,Wagoneer 4WD,"Auto 8-spd, 6 cyl, 3.0 L, Turbo",fetched,,1
47189,2024,Jeep,Grand Wagoneer L 4WD,"Auto 8-spd, 6 cyl, 3.0 L, Turbo",fetched,,1
47190,2024,Jeep,Grand Cherokee L 4WD,"Auto 8-spd, 6 cyl, 3.6 L",fetched,,1
47196,2024,Land Rover,Range Rover SV MHEV,"Auto (S8), 8 cyl, 4.4 L, Turbo",fetched,,1
47197,2024,Land Rover,Range Rover SV LWB MHEV,"Auto (S8), 8 cyl, 4.4 L, Turbo",fetched,,1
47198,2024,Land Rover,Defender 110,"Auto (S8), 4 cyl, 2.0 L, Turbo",fetched,,1
47199,2024,Land Rover,Defender 110 MHEV,"Auto (S8), 6 cyl, 3.0 L, Turbo, Sup Charg",fetched,,1
47203,2024,Land Rover,Defender 110,"Auto (S8), 8 cyl, 5.0 L, Sup Charg",fetched,,1
47207,2024,Lincoln,Navigator 4WD,"Auto (S10), 6 cyl, 3.5 L, Turbo",fetched,,1
47211,2024,Subaru,Ascent Limited/Touring/Onyx AWD,"Auto (AV-S8), 4 cyl, 2.4 L, Turbo",fetched,,1
47213,2023,Audi,Q5 TFSI e quattro,"Auto (AM-S7), 4 cyl, 2.0 L, Turbo",fetched,,1
47214,2023,Bentley,Bentayga Hybrid,"Auto (S8), 6 cyl, 3.0 L, Turbo",fetched,,1
47218,2023,Ferrari,SF90 Spider,"Auto (AM8), 8 cyl, 3.9 L, Turbo",fetched,,1
47219,2023,Ferrari,SF90 Stradale,"Auto (AM8), 8 cyl, 3.9 L, Turbo",fetched,,1
47221,2023,Kia,Niro Plug-in Hybrid,"Auto (AM-S6), 4 cyl, 1.6 L",fetched,,1
47222,2023,Kia,Sorento Plug-in Hybrid,"Auto (AM-S6), 4 cyl, 1.6 L, Turbo",fetched,,1
47225,2023,Land Rover,New Range Rover Sport P440 PHEV,"Auto (S8), 6 cyl, 3.0 L, Turbo",fetched,,1
47226,2023,Lincoln,Corsair AWD PHEV,"Auto (variable gear ratios), 4 cyl, 2.5 L",fetched,,1
47232,2024,Bentley,Continental GTC,"Auto (AM-S8), 12 cyl, 6.0 L, Turbo",fetched,,1
47233,2024,Ferrari,Roma Spider,"Auto (AM8), 8 cyl, 3.9 L, Turbo",fetched,,1
47235,2024,Mercedes-Benz,C300,"Auto 9-spd, 4 cyl, 2.0 L, Turbo",fetched,,1
47238,2024,Bentley,Flying Spur,"Auto (AM-S8), 12 cyl, 6.0 L, Turbo",fetched,,1
47239,2024,Maserati,Ghibli Modena AWD,"Auto 8-spd, 6 cyl, 3.0 L, Turbo",fetched,,1
47242,2024,Nissan,Sentra SR,"Auto (variable gear ratios), 4 cyl, 2.0 L",fetched,,1
47250,2024,Nissan,Frontier 4WD,"Auto (S9), 6 cyl, 3.8 L",fetched,,1
47253,2024,Chrysler,Pacifica AWD,"Auto 9-spd, 6 cyl, 3.6 L",fetched,,1
47255,2024,Infiniti,QX50,"Auto (AV-S8), 4 cyl, 2.0 L, Turbo",fetched,,1
47257,2024,Acura,RDX AWD,"Auto (S10), 4 cyl, 2.0 L, Turbo",fetched,,1
47258,2024,Acura,RDX AWD A-SPEC,"Auto (S10), 4 cyl, 2.0 L, Turbo",fetched,,1
47259,2024,Infiniti,QX50 AWD,"Auto (AV-S8), 4 cyl, 2.0 L, Turbo",fetched,,1
47260,2024,Infiniti,QX55 AWD,"Auto (AV-S8), 4 cyl, 2.0 L, Turbo",fetched,,1
47263,2024,Lexus,TX 350,"Auto (S8), 4 cyl, 2.4 L, Turbo",fetched,,1
47264,2024,Ferrari,Purosangue,"Auto (AM8), 12 cyl, 6.5 L",fetched,,1
47266,2024,Land Rover,Range Rover P360 MHEV,"Auto (S8), 6 cyl, 3.0 L, Turbo, Sup Charg",fetched,,1
47267,2024,Land Rover,Range Rover P400 MHEV,"Auto (S8), 6 cyl, 3.0 L, Turbo, Sup Charg",fetched,,1
47268,2024,Land Rover,Range Rover P400 LWB MHEV,"Auto (S8), 6 cyl, 3.0 L, Turbo, Sup Charg",fetched,,1
47270,2024,Land Rover,Range Rover Sport P360 MHEV,"Auto (S8), 6 cyl, 3.0 L, Turbo, Sup Charg",fetched,,1
47274,2024,Alfa Romeo,Tonale eAWD,"Auto 6-spd, 4 cyl, 1.3 L, Turbo",fetched,,1
47276,2024,Chrysler,Pacifica Hybrid,"Auto (variable gear ratios), 6 cyl, 3.6 L",fetched,,1
47277,2024,Jeep,Grand Cherokee 4xe,"Auto 8-spd, 4 cyl, 2.0 L, Turbo",fetched,,1
47278,2024,Jeep,Wrangler 4dr 4xe,"Auto 8-spd, 4 cyl, 2.0 L, Turbo",fetched,,1
47286,2024,Maserati,MC20,"Auto (S8), 6 cyl, 3.0 L, Turbo",fetched,,1
47287,2024,Maserati,MC20 Spyder,"Auto (S8), 6 cyl, 3.0 L, Turbo",fetched,,1
47288,2024,Aston Martin,DB12 V8,"Auto 8-spd, 8 cyl, 4.0 L, Turbo",fetched,,1
47289,2024,Bentley,Continental GTC,"Auto (AM-S8), 8 cyl, 4.0 L, Turbo",fetched,,1
47292,2024,Porsche,911 Carrera S,"Man 7-spd, 6 cyl, 3.0 L, Turbo",fetched,,1
47293,2024,Porsche,911 Carrera S,"Auto (AM-S8), 6 cyl, 3.0 L, Turbo",fetched,,1
47294,2024,Porsche,911 Carrera S Cabriolet,"Man 7-spd, 6 cyl, 3.0 L, Turbo",fetched,,1
47295,2024,Porsche,911 Carrera S Cabriolet,"Auto (AM-S8), 6 cyl, 3.0 L, Turbo",fetched,,1
47300,2024,Porsche,911 Carrera 4,"Auto (AM-S8), 6 cyl, 3.0 L, Turbo",fetched,,1
47314,2024,Porsche,911 Targa 4 GTS,"Auto (AM-S8), 6 cyl, 3.0 L, Turbo",discovered,,1
47315,2024,Porsche,911 Targa 4 GTS,"Man 7-spd, 6 cyl, 3.0 L, Turbo",fetched,,1
47316,2024,Bentley,Continental GT,"Auto (AM-S8), 12 cyl, 6.0 L, Turbo",fetched,,1
47317,2024,Bentley,Continental GT,"Auto (AM-S8), 8 cyl, 4.0 L, Turbo",fetched,,1
47320,2024,Lexus,RC 350 AWD,"Auto (S6), 6 cyl, 3.5 L",fetched,,1
47321,2024,Lexus,RC 300,"Auto (S8), 4 cyl, 2.0 L, Turbo",fetched,,1
47322,2024,Lexus,RC F,"Auto (S8), 8 cyl, 5.0 L",fetched,,1
47323,2024,Genesis,G70 AWD,"Auto (S8), 4 cyl, 2.5 L, Turbo",fetched,,1
47324,2024,Genesis,G70 RWD,"Auto (S8), 4 cyl, 2.5 L, Turbo",fetched,,1
47331,2024,Mazda,3 4-Door 4WD,"Auto (S6), 4 cyl, 2.5 L",fetched,,1
47332,2024,Mazda,3 4-Door 4WD,"Auto (S6), 4 cyl, 2.5 L, Turbo",fetched,,1
47347,2024,Bentley,Flying Spur,"Auto (AM-S8), 8 cyl, 4.0 L, Turbo",fetched,,1
47356,2024,Hyundai,Sonata AWD,"Auto (S8), 4 cyl, 2.5 L",fetched,,1
47359,2024,Volkswagen,Arteon 4motion,"Auto (AM-S7), 4 cyl, 2.0 L, Turbo",fetched,,1
47363,2024,Ford,Maverick FWD,"Auto 8-spd, 4 cyl, 2.0 L, Turbo",fetched,,1
47364,2024,Ford,Maverick HEV FWD,"Auto (variable gear ratios), 4 cyl, 2.5 L",fetched,,1
47369,2024,Ram,1500 HFE 2WD,"Auto 8-spd, 6 cyl, 3.6 L",fetched,,1
47377,2024,Honda,Passport AWD,"Auto (S9), 6 cyl, 3.5 L",fetched,,1
47412,2024,Aston Martin,DBX V8,"Auto 9-spd, 8 cyl, 4.0 L, Turbo",fetched,,1
47413,2024,Aston Martin,DBX 707,"Auto 9-spd, 8 cyl, 4.0 L, Turbo",fetched,,1
47424,2024,Dodge,Durango AWD,"Auto 8-spd, 6 cyl, 3.6 L",fetched,,1
47425,2024,Dodge,Durango AWD,"Auto 8-spd, 8 cyl, 5.7 L",fetched,,1
47426,2024,Dodge,Durango SRT AWD,"Auto 8-spd, 8 cyl, 6.2 L, Sup Charg",fetched,,1
47427,2024,Dodge,Durango SRT AWD,"Auto 8-spd, 8 cyl, 6.4 L",fetched,,1
47428,2024,GMC,Yukon 4WD,"Auto 10-spd, 8 cyl, 5.3 L",fetched,,1
47430,2024,GMC,Yukon 4WD,"Auto 10-spd, 8 cyl, 6.2 L",fetched,,1
47433,2024,GMC,Yukon 4WD,"Auto 10-spd, 6 cyl, 3.0 L, Diesel, Turbo",fetched,,1
47434,2024,Jeep,Grand Cherokee L 4WD,"Auto 8-spd, 8 cyl, 5.7 L",fetched,,1
47435,2024,Lexus,LX 600,"Auto (S10), 6 cyl, 3.4 L, Turbo",fetched,,1
47453,2024,Kia,EV9 Long Range AWD GT-Line,Auto (A1),fetched,,1
47454,2024,Lucid,Air Pure RWD with 19 inch wheels,Auto (A1),fetched,,1
47455,2024,Lucid,Air Pure RWD with 20 inch wheels,Auto (A1),fetched,,1
47456,2024,Lucid,Air Sapphire AWD,Auto (A1),fetched,,1
47470,2024,Porsche,Taycan Performance Battery Plus,Auto (A2),fetched,,1
47472,2024,Porsche,Taycan Turbo,Auto (A2),fetched,,1
47477,2024,Rivian,R1S All-Terrain Quad Large (20 inch),Auto (A1),fetched,,1
47478,2024,Rolls-Royce,Spectre Black Badge (22 inch wheels),Auto (A1),fetched,,1
47479,2024,Rolls-Royce,Spectre Black Badge (23 inch wheels),Auto (A1),fetched,,1
47480,2024,Rolls-Royce,Spectre (22 inch wheels),Auto (A1),fetched,,1
47481,2024,Rolls-Royce,Spectre (23 inch wheels),Auto (A1),fetched,,1
47482,2024,Subaru,Solterra AWD,Auto (A1),fetched,,1
47484,2024,Volkswagen,ID.4 Pro,Auto (A1),fetched,,1
47487,2024,Vinfast,VF 9 Eco,Auto (A1),fetched,,1
47488,2024,Vinfast,VF 9 Plus,Auto (A1),fetched,,1
47489,2024,Bentley,Flying Spur Hybrid,"Auto (AM-S8), 6 cyl, 2.9 L, Turbo",fetched,,1
47493,2024,Ferrari,SF90 Spider,"Auto (AM8), 8 cyl, 3.9 L, Turbo",fetched,,1
47494,2024,Ferrari,SF90 Stradale,"Auto (AM8), 8 cyl, 3.9 L, Turbo",fetched,,1
47496,2024,Kia,Sorento Plug-in Hybrid,"Auto (AM-S6), 4 cyl, 1.6 L, Turbo",fetched,,1
47499,2024,Mitsubishi,Outlander PHEV,"Auto (A1), 4 cyl, 2.4 L",fetched,,1
47500,2024,Toyota,Prius Prime,"Auto (variable gear ratios), 4 cyl, 2.0 L",fetched,,1
47505,2024,Volvo,XC90 T8 AWD Recharge,"Auto (S8), 4 cyl, 2.0 L, Turbo",fetched,,1
47506,2023,Pagani,Huayra,"Auto (AM7), 12 cyl, 6.0 L, Turbo",fetched,,1
47507,2023,Mercedes-Benz,AMG SL43,"Auto 9-spd, 4 cyl, 2.0 L, Turbo",fetched,,1
47508,2023,RUF Automobile,T12/CTR3/CTR Anniversary,"Man 7-spd, 6 cyl, 3.8 L, Turbo",fetched,,1
47511,2023,Ferrari,F175 AHA,"Auto (AM8), 12 cyl, 6.5 L",fetched,,1
47516,2023,Mercedes-Benz,GLC300,"Auto 9-spd, 4 cyl, 2.0 L, Turbo",fetched,,1
47517,2023,Mitsubishi,Outlander Sport 2WD,"Auto (AV-S6), 4 cyl, 2.4 L",fetched,,1
47520,2023,INEOS Automotive,Grenadier,"Auto (S8), 6 cyl, 3.0 L, Turbo",fetched,,1
47521,2023,INEOS Automotive,Grenadier Trialmaster Edition,"Auto (S8), 6 cyl, 3.0 L, Turbo",fetched,,1
47524,2016,Hyundai,Tucson Fuel Cell,Auto (A1),fetched,,1
47525,2016,Toyota,Mirai,Auto (variable gear ratios),fetched,,1
47528,2017,Toyota,Mirai,Auto (variable gear ratios),fetched,,1
47534,2019,Toyota,Mirai,Auto (variable gear ratios),fetched,,1
47541,2021,Hyundai,Nexo Blue,Auto (A1),fetched,,1
47544,2022,Hyundai,Nexo,Auto (A1),fetched,,1
47549,2024,Aston Martin,Valour,"Man 6-spd, 12 cyl, 5.2 L, Turbo",fetched,,1
47550,2024,Lotus,Emira,"Man 6-spd, 6 cyl, 3.5 L, Sup Charg",fetched,,1
47551,2024,Mercedes-Benz,AMG SL43,"Auto 9-spd, 4 cyl, 2.0 L, Turbo",fetched,,1
47560,2024,Maserati,Grancabrio Trofeo,"Auto 8-spd, 6 cyl, 3.0 L, Turbo",fetched,,1
47566,2024,Acura,TLX FWD,"Auto (S10), 4 cyl, 2.0 L, Turbo",fetched,,1
47567,2024,Acura,TLX AWD A-SPEC,"Auto (S10), 4 cyl, 2.0 L, Turbo",fetched,,1
47568,2024,Acura,TLX Type-S,"Auto (S10), 6 cyl, 3.0 L, Turbo",fetched,,1
47569,2024,Mercedes-Benz,AMG C43 4matic,"Auto 9-spd, 4 cyl, 2.0 L, Turbo",fetched,,1
47573,2024,Infiniti,Q50,"Auto (S7), 6 cyl, 3.0 L, Turbo",fetched,,1
47574,2024,Infiniti,Q50 AWD,"Auto (S7), 6 cyl, 3.0 L, Turbo",fetched,,1
47575,2024,Infiniti,Q50 Red Sport,"Auto (S7), 6 cyl, 3.0 L, Turbo",fetched,,1
47593,2024,Chevrolet,Colorado ZR2 4WD,"Auto 8-spd, 4 cyl, 2.7 L, Turbo",fetched,,1
47596,2024,GMC,Canyon Mud Terrain Tires 4WD,"Auto 8-spd, 4 cyl, 2.7 L, Turbo",fetched,,1
47597,2024,GMC,Canyon AT4X 4WD,"Auto 8-spd, 4 cyl, 2.7 L, Turbo",fetched,,1
47606,2024,Ram,1500 Classic 2WD,"Auto 8-spd, 6 cyl, 3.6 L",fetched,,1
47607,2024,Ram,1500 Classic 2WD,"Auto 8-spd, 8 cyl, 5.7 L",fetched,,1
47608,2024,Toyota,Tundra 2WD,"Auto (S10), 6 cyl, 3.4 L, Turbo, SIDI & PFI; TRD",discovered,,1
47609,2024,Toyota,Tundra 2WD,"Auto (S10), 6 cyl, 3.4 L, Turbo, SIDI & PFI; 3-mode; TRD",discovered,,1
47610,2024,Toyota,Tundra 2WD,"Auto (S10), 6 cyl, 3.4 L, Turbo, SIDI & PFI; Hybrid",discovered,,1
47611,2024,Ford,F150 Pickup 4WD,"Auto (S10), 6 cyl, 2.7 L, Turbo",fetched,,1
47614,2024,Ford,F150 Pickup 4WD,"Auto (S10), 8 cyl, 5.0 L",fetched,,1
47615,2024,Ford,F150 RAPTOR 4WD,"Auto (S10), 6 cyl, 3.5 L, Turbo",fetched,,1
47616,2024,Ford,F150 Pickup 4WD,"Auto (S10), 6 cyl, 3.5 L, Turbo",fetched,,1
47618,2024,Honda,Ridgeline AWD,"Auto (S9), 6 cyl, 3.5 L",fetched,,1
47619,2024,Honda,Ridgeline AWD TrailSport,"Auto (S9), 6 cyl, 3.5 L",fetched,,1
47622,2024,Ram,1500 Classic 4WD,"Auto 8-spd, 6 cyl, 3.6 L",fetched,,1
47623,2024,Ram,1500 Classic 4WD,"Auto 8-spd, 8 cyl, 5.7 L",fetched,,1
47632,2024,Lincoln,Corsair FWD,"Auto (S8), 4 cyl, 2.0 L, Turbo",fetched,,1
47634,2024,Nissan,Rogue FWD SL/Platinum,"Auto (AV-S8), 3 cyl, 1.5 L, Turbo",fetched,,1
47636,2024,Toyota,Highlander Hybrid,"Auto (AV-S6), 4 cyl, 2.5 L",fetched,,1
47644,2024,Ford,Bronco 4WD,"Man 7-spd, 4 cyl, 2.3 L, Turbo",fetched,,1
47645,2024,Ford,Bronco 4WD,"Auto (S10), 4 cyl, 2.3 L, Turbo",fetched,,1
47651,2024,Ford,Bronco 4WD,"Auto (S10), 6 cyl, 2.7 L, Turbo",fetched,,1
47656,2024,Hyundai,Santa Fe AWD XRT,"Auto (AM-S8), 4 cyl, 2.5 L, Turbo",fetched,,1
47657,2024,Hyundai,Santa Fe AWD,"Auto (AM-S8), 4 cyl, 2.5 L, Turbo",fetched,,1
47660,2024,Lincoln,Corsair AWD,"Auto (S8), 4 cyl, 2.0 L, Turbo",fetched,,1
47661,2024,Lincoln,Nautilus AWD,"Auto 8-spd, 4 cyl, 2.0 L, Turbo",fetched,,1
47662,2024,Lincoln,Nautilus HEV AWD,"Auto (variable gear ratios), 4 cyl, 2.0 L, Turbo",fetched,,1
47663,2024,Mercedes-Benz,AMG GLC43 4matic,"Auto 9-spd, 4 cyl, 2.0 L, Turbo",fetched,,1
47674,2024,Lincoln,Aviator RWD,"Auto (S10), 6 cyl, 3.0 L, Turbo",fetched,,1
47675,2024,Bentley,Bentayga,"Auto (S8), 8 cyl, 4.0 L, Turbo",fetched,,1
47676,2024,Bentley,Bentayga EWB,"Auto (S8), 8 cyl, 4.0 L, Turbo",fetched,,1
47684,2024,INEOS Automotive,Grenadier,"Auto (S8), 6 cyl, 3.0 L, Turbo",fetched,,1
47685,2024,INEOS Automotive,Grenadier Trialmaster Edition,"Auto (S8), 6 cyl, 3.0 L, Turbo",fetched,,1
47687,2024,Lincoln,Aviator AWD,"Auto (S10), 6 cyl, 3.0 L, Turbo",fetched,,1
47689,2024,Mercedes-Benz,AMG G63 4x4 Squared,"Auto 9-spd, 8 cyl, 4.0 L, Turbo",fetched,,1
47703,2025,BMW,M8 Competition Convertible,"Auto (S8), 8 cyl, 4.4 L, Turbo",fetched,,1
47705,2025,Genesis,G70 RWD,"Auto (S8), 6 cyl, 3.3 L, Turbo",fetched,,1
47707,2025,Genesis,G70 RWD,"Auto (S8), 4 cyl, 2.5 L, Turbo",fetched,,1
47709,2025,Lexus,UX 300h AWD,"Auto (AV-S6), 4 cyl, 2.0 L",fetched,,1
47711,2025,Lexus,UX 300h AWD,"Auto (variable gear ratios), 4 cyl, 2.0 L",fetched,,1
47722,2025,Ram,1500 2WD,"Auto 8-spd, 6 cyl, 3.0 L, Turbo",fetched,,1
47723,2025,Ram,1500 2WD,"Auto 8-spd, 6 cyl, 3.6 L",fetched,,1
47724,2025,Ram,1500 HFE 2WD,"Auto 8-spd, 6 cyl, 3.6 L",fetched,,1
47725,2025,Ram,1500 4WD,"Auto 8-spd, 6 cyl, 3.0 L, Turbo",fetched,,1
47726,2025,Ram,1500 4WD,"Auto 8-spd, 6 cyl, 3.6 L",fetched,,1
47727,2025,Ram,1500 HO 4WD,"Auto 8-spd, 6 cyl, 3.0 L, Turbo",fetched,,1
47728,2025,Honda,Pilot FWD,"Auto (S10), 6 cyl, 3.5 L",fetched,,1
47733,2025,Jaguar,F-Pace,"Auto (S8), 4 cyl, 2.0 L, Turbo",fetched,,1
47734,2025,Jaguar,F-Pace SVR,"Auto (S8), 8 cyl, 5.0 L, Sup Charg",fetched,,1
47735,2025,Jaguar,F-Pace MHEV,"Auto (S8), 6 cyl, 3.0 L, Turbo, Sup Charg",fetched,,1
47737,2025,Land Rover,Range Rover Velar,"Auto (S8), 4 cyl, 2.0 L, Turbo",fetched,,1
47741,2025,Subaru,Forester Sport/Touring AWD,"Auto (AV-S8), 4 cyl, 2.5 L",fetched,,1
47751,2025,Genesis,GV80 AWD,"Auto (S8), 4 cyl, 2.5 L, Turbo",fetched,,1
47752,2025,Genesis,GV80 AWD,"Auto (S8), 6 cyl, 3.5 L, Turbo",fetched,,1
47753,2025,Honda,Pilot AWD,"Auto (S10), 6 cyl, 3.5 L",fetched,,1
47759,2024,Porsche,718 Spyder RS,"Auto (AM-S7), 6 cyl, 4.0 L",fetched,,1
47773,2025,BMW,M4 Coupe,"Man 6-spd, 6 cyl, 3.0 L, Turbo",fetched,,1
47777,2025,MINI,Cooper S Hardtop 2 door,"Auto (AM-S7), 4 cyl, 2.0 L, Turbo",fetched,,1
47780,2025,Buick,Envista,"Auto 6-spd, 3 cyl, 1.2 L, Turbo, SIDI",fetched,,1
47782,2025,Honda,HR-V AWD,"Auto (variable gear ratios), 4 cyl, 2.0 L",fetched,,1
47785,2025,Buick,Encore GX FWD,"Auto (variable gear ratios), 3 cyl, 1.3 L, Turbo",fetched,,1
47786,2025,Buick,Encore GX FWD,"Auto (variable gear ratios), 3 cyl, 1.2 L, Turbo",fetched,,1
47789,2025,Hyundai,Tucson FWD,"Auto (S8), 4 cyl, 2.5 L",fetched,,1
47791,2025,Buick,Encore GX AWD,"Auto 9-spd, 3 cyl, 1.3 L, Turbo",fetched,,1
47793,2025,Hyundai,Tucson AWD,"Auto (S8), 4 cyl, 2.5 L",fetched,,1
47795,2025,Lexus,NX 350h AWD,"Auto (AV-S6), 4 cyl, 2.5 L",fetched,,1
47799,2025,MINI,Countryman S All4,"Auto (AM-S7), 4 cyl, 2.0 L, Turbo",fetched,,1
47800,2025,MINI,JCW Countryman All4,"Auto (AM-S7), 4 cyl, 2.0 L, Turbo",fetched,,1
47806,2025,Audi,SQ7,"Auto (S8), 8 cyl, 4.0 L, Turbo",fetched,,1
47807,2025,BMW,X7 xDrive40i,"Auto (S8), 6 cyl, 3.0 L, Turbo",fetched,,1
47808,2024,Acura,ZDX AWD,Auto (A1),fetched,,1
47809,2024,Acura,ZDX RWD,Auto (A1),fetched,,1
47811,2024,Audi,Q4 Sportback 55 e-tron quattro,Auto (A1),fetched,,1
47814,2024,Chevrolet,Equinox EV FWD,Auto (A1),fetched,,1
47816,2024,Fiat,500e,Auto (A1),fetched,,1
47817,2024,Fiat,500e All Season,Auto (A1),fetched,,1
47821,2024,Ford,F-150 Lightning 4WD,Auto (A1),fetched,,1
47827,2024,Ford,Mustang Mach-E Rally,Auto (A1),fetched,,1
47830,2024,Honda,Prologue AWD Touring,Auto (A1),fetched,,1
47836,2024,Lucid,Air G Touring XR AWD with19 inch wheels,Auto (A1),fetched,,1
47837,2024,Lucid,Air G Touring XR AWD with 20 inch wheels,Auto (A1),fetched,,1
47838,2024,Lucid,Air G Touring XR AWD with 21 inch wheels,Auto (A1),fetched,,1
47839,2024,Lucid,Air Touring AWD with 19 inch wheels,Auto (A1),fetched,,1
47840,2024,Lucid,Air Touring AWD with 20 inch wheels,Auto (A1),fetched,,1
47841,2024,Lucid,Air Touring AWD with 21inch wheels,Auto (A1),fetched,,1
47842,2024,Maserati,Grancabrio Folgore,Auto (A1),fetched,,1
47846,2024,Mercedes-Benz,EQE 350 Plus (SUV),Auto (A1),fetched,,1
47853,2024,Nissan,ARIYA ENGAGE e-4ORCE 63kWh,Auto (A1),fetched,,1
47857,2024,Nissan,ARIYA PLATINUM+ e-4ORCE 87kWh 19in. Wheels,Auto (A1),fetched,,1
47861,2024,Rivian,R1T All-Terrain Dual Large (20in),Auto (A1),fetched,,1
47869,2024,Rivian,R1T Dual Large (22in),Auto (A1),fetched,,1
47870,2024,Rivian,R1T Dual Max (21in),Auto (A1),fetched,,1
47871,2024,Rivian,R1T Dual Max (22in),Auto (A1),fetched,,1
47876,2024,Rivian,R1T Performance Dual Large (21in),Auto (A1),fetched,,1
47881,2024,Rivian,R1T Performance Dual Standard Plus (22in),Auto (A1),fetched,,1
47882,2024,Rivian,R1T Quad Large (20in),Auto (A1),fetched,,1
47890,2024,Rivian,R1S AT Performance Dual Standard Plus (20in),Auto (A1),fetched,,1
47898,2024,Rivian,R1S Dual Standard Plus (22in),Auto (A1),fetched,,1
47899,2024,Rivian,R1S Performance Dual Large (21in),Auto (A1),fetched,,1
47903,2024,Rivian,R1S Performance Dual Standard (22in),Auto (A1),fetched,,1
47904,2024,Rivian,R1S Performance Dual Standard Plus (21in),Auto (A1),fetched,,1
47909,2024,Tesla,Model 3 RWD,Auto (A1),fetched,,1
47910,2024,Tesla,Model S,Auto (A1),fetched,,1
47911,2024,Tesla,Model S Plaid (19in wheels),Auto (A1),fetched,,1
47913,2024,Tesla,Model Y Long Range AWD,Auto (A1),fetched,,1
47914,2024,Tesla,Model Y Performance AWD,Auto (A1),fetched,,1
47916,2024,Tesla,Model X Plaid (20in wheels),Auto (A1),fetched,,1
47917,2024,Tesla,Model X Plaid (22in wheels),Auto (A1),fetched,,1
47922,2024,Volkswagen,ID.4,Auto (A1),fetched,,1
47924,2024,Volkswagen,ID.4 S,Auto (A1),fetched,,1
47925,2025,Aston Martin,Vantage,"Auto 8-spd, 8 cyl, 4.0 L, Turbo",fetched,,1
47926,2025,Aston Martin,DB12 V8,"Auto 8-spd, 8 cyl, 4.0 L, Turbo",fetched,,1
47933,2025,Cadillac,CT5 AWD,"Auto (S10), 6 cyl, 3.0 L, Turbo",fetched,,1
47935,2025,Cadillac,CT5 AWD,"Auto (S10), 4 cyl, 2.0 L, Turbo",fetched,,1
47938,2025,Acura,Integra,"Auto (AV-S7), 4 cyl, 1.5 L, Turbo",fetched,,1
47939,2025,Acura,Integra A-Spec,"Auto (AV-S7), 4 cyl, 1.5 L, Turbo",fetched,,1
47940,2025,Acura,Integra A-Spec,"Man 6-spd, 4 cyl, 1.5 L, Turbo",fetched,,1
47941,2025,Buick,Envista,"Auto 6-spd, 3 cyl, 1.2 L, Turbo, SIDI; FFV",fetched,,1
47943,2025,Kia,Soul Eco dynamics,"Auto (variable gear ratios), 4 cyl, 2.0 L",fetched,,1
47944,2025,Mercedes-Benz,AMG GLA35 4matic,"Auto (AM8), 4 cyl, 2.0 L, Turbo",fetched,,1
47946,2025,Ram,1500 RHO 4WD,"Auto 8-spd, 6 cyl, 3.0 L, Turbo",fetched,,1
47955,2025,Dodge,Hornet AWD,"Auto 9-spd, 4 cyl, 2.0 L, Turbo",fetched,,1
47956,2025,Honda,CR-V AWD,"Auto (variable gear ratios), 4 cyl, 1.5 L, Turbo",fetched,,1
47957,2025,Honda,CR-V AWD,"Auto (variable gear ratios), 4 cyl, 2.0 L",fetched,,1
47958,2025,Hyundai,Palisade AWD,"Auto (S8), 6 cyl, 3.8 L",fetched,,1
47961,2025,Kia,Seltos AWD,"Auto (S8), 4 cyl, 1.6 L, Turbo",fetched,,1
47962,2025,Kia,Seltos AWD,"Auto (AV-S8), 4 cyl, 2.0 L",fetched,,1
47963,2025,Mercedes-Benz,GLA250 4matic,"Auto (AM8), 4 cyl, 2.0 L, Turbo",fetched,,1
47965,2025,Aston Martin,DBX 707,"Auto 9-spd, 8 cyl, 4.0 L, Turbo",fetched,,1
47970,2025,BMW,M2 Coupe,"Auto (S8), 6 cyl, 3.0 L, Turbo",fetched,,1
47972,2025,MINI,Cooper Hardtop 2 door,"Auto (AM-S7), 4 cyl, 2.0 L, Turbo",fetched,,1
47980,2025,Cadillac,CT4 AWD,"Auto (S8), 4 cyl, 2.0 L, Turbo",fetched,,1
47982,2025,Cadillac,CT4 V,"Auto (S10), 4 cyl, 2.7 L, Turbo",fetched,,1
47983,2025,Cadillac,CT4 AWD,"Auto (S10), 4 cyl, 2.7 L, Turbo",fetched,,1
47984,2025,Cadillac,CT4 V AWD,"Auto (S10), 4 cyl, 2.7 L, Turbo",fetched,,1
47985,2025,Cadillac,CT4 V,"Auto (S10), 6 cyl, 3.6 L, Turbo",fetched,,1
47986,2025,Cadillac,CT4 V,"Man 6-spd, 6 cyl, 3.6 L, Turbo",fetched,,1
47995,2025,MINI,Cooper S Hardtop 4 door,"Auto (AM-S7), 4 cyl, 2.0 L, Turbo",fetched,,1
48002,2025,Volvo,S60 B5 AWD,"Auto (S8), 4 cyl, 2.0 L, Turbo",fetched,,1
48003,2025,Alfa Romeo,Giulia,"Auto 8-spd, 4 cyl, 2.0 L, Turbo",fetched,,1
48004,2025,Alfa Romeo,Giulia AWD,"Auto 8-spd, 4 cyl, 2.0 L, Turbo",fetched,,1
48008,2025,Audi,A5 Sportback S line quattro,"Auto (AM-S7), 4 cyl, 2.0 L, Turbo",fetched,,1
48035,2025,Volvo,S90 B6 AWD,"Auto (S8), 4 cyl, 2.0 L, Turbo, Sup Charg",fetched,,1
48038,2025,Genesis,G80 AWD,"Auto (S8), 4 cyl, 2.5 L, Turbo",fetched,,1
48039,2025,Genesis,G80 AWD,"Auto (S8), 6 cyl, 3.5 L, Turbo",fetched,,1
48040,2025,Genesis,G90 AWD,"Auto (S8), 6 cyl, 3.5 L, Turbo",fetched,,1
48041,2025,Genesis,G90 MHEV,"Auto (S8), 6 cyl, 3.5 L, Turbo, Sup Charg",fetched,,1
48044,2025,Hyundai,Sonata FWD,"Auto (S8), 4 cyl, 2.5 L, SIDI & PFI",fetched,,1
48045,2025,Hyundai,Sonata FWD,"Auto (S8), 4 cyl, 2.5 L, SIDI & PFI; with Stop-Start",fetched,,1
48046,2025,Hyundai,Sonata FWD,"Auto (AM-S8), 4 cyl, 2.5 L, Turbo, SIDI & PFI",fetched,,1
48048,2025,Audi,A4 allroad quattro,"Auto (AM-S7), 4 cyl, 2.0 L, Turbo",fetched,,1
48050,2025,Volvo,V60CC B5 AWD,"Auto (S8), 4 cyl, 2.0 L, Turbo",fetched,,1
48055,2025,Acura,MDX FWD,"Auto (S10), 6 cyl, 3.5 L",fetched,,1
48061,2025,Chevrolet,Equinox FWD,"Auto (variable gear ratios), 4 cyl, 1.5 L, Turbo",fetched,,1
48065,2025,Kia,Sportage FWD,"Auto (S8), 4 cyl, 2.5 L",fetched,,1
48067,2025,Kia,Niro FE,"Auto (AM-S6), 4 cyl, 1.6 L",fetched,,1
48070,2025,Acura,MDX AWD,"Auto (S10), 6 cyl, 3.5 L",fetched,,1
48071,2025,Alfa Romeo,Stelvio AWD,"Auto 8-spd, 4 cyl, 2.0 L, Turbo",fetched,,1
48073,2025,Audi,SQ5 Sportback,"Auto (S8), 6 cyl, 3.0 L, Turbo",fetched,,1
48083,2025,Buick,Envision AWD,"Auto (S9), 4 cyl, 2.0 L, Turbo",fetched,,1
48094,2025,Infiniti,QX55 AWD,"Auto (AV-S8), 4 cyl, 2.0 L, Turbo",fetched,,1
48097,2025,Kia,Sportage Hybrid AWD,"Auto (AM-S6), 4 cyl, 1.6 L, Turbo",fetched,,1
48102,2025,Kia,Sportage X-pro,"Auto (S8), 4 cyl, 2.5 L",fetched,,1
48105,2025,Maserati,Grecale Modena,"Auto 8-spd, 4 cyl, 2.0 L, Turbo",fetched,,1
48107,2025,Volvo,XC40 B5 AWD,"Auto (S8), 4 cyl, 2.0 L, Turbo",fetched,,1
48108,2025,Volvo,XC60 B5 AWD,"Auto (S8), 4 cyl, 2.0 L, Turbo",fetched,,1
48109,2025,Buick,Enclave FWD,"Auto 8-spd, 4 cyl, 2.5 L, Turbo",fetched,,1
48111,2025,GMC,Acadia FWD,"Auto 8-spd, 4 cyl, 2.5 L, Turbo",fetched,,1
48112,2025,Lincoln,Aviator RWD,"Auto (S10), 6 cyl, 3.0 L, Turbo",fetched,,1
48113,2025,Acura,MDX AWD Type-S,"Auto (S10), 6 cyl, 3.0 L, Turbo",fetched,,1
48116,2025,Buick,Enclave AWD,"Auto 8-spd, 4 cyl, 2.5 L, Turbo",fetched,,1
48117,2025,Chevrolet,Traverse AWD,"Auto 8-spd, 4 cyl, 2.5 L, Turbo",fetched,,1
48118,2025,Ford,Explorer AWD,"Auto (S10), 6 cyl, 3.0 L, Turbo",fetched,,1
48119,2025,Ford,Explorer AWD,"Auto 10-spd, 6 cyl, 3.0 L, Turbo",fetched,,1
48120,2025,Ford,Explorer AWD,"Auto 10-spd, 4 cyl, 2.3 L, Turbo",fetched,,1
48121,2025,Genesis,GV80 MHEV,"Auto (S8), 6 cyl, 3.5 L, Turbo, Sup Charg",fetched,,1
48126,2025,Land Rover,Range Rover Sport MHEV,"Auto (S8), 8 cyl, 4.4 L, Turbo",fetched,,1
48129,2025,Land Rover,Range Rover SV LWB MHEV,"Auto (S8), 8 cyl, 4.4 L, Turbo",fetched,,1
48131,2025,Land Rover,Defender 90,"Auto (S8), 4 cyl, 2.0 L, Turbo",fetched,,1
48132,2025,Lincoln,Aviator AWD,"Auto (S10), 6 cyl, 3.0 L, Turbo",fetched,,1
48133,2025,Mazda,CX-70 4WD,"Auto (S8), 6 cyl, 3.3 L, Turbo, SIDI; Mild Hybrid",fetched,,1
48146,2025,Volvo,XC90 B6 AWD,"Auto (S8), 4 cyl, 2.0 L, Turbo, Sup Charg",fetched,,1
48148,2025,Maserati,MC20,"Auto (S8), 6 cyl, 3.0 L, Turbo",fetched,,1
48149,2025,Maserati,MC20 Spyder,"Auto (S8), 6 cyl, 3.0 L, Turbo",fetched,,1
48155,2025,BMW,M2 Coupe,"Man 6-spd, 6 cyl, 3.0 L, Turbo",fetched,,1
48156,2025,Mercedes-Benz,CLE300 4matic (Convertible),"Auto 9-spd, 4 cyl, 2.0 L, Turbo",fetched,,1
48158,2025,Mercedes-Benz,CLE450 4matic (Convertible),"Auto 9-spd, 6 cyl, 3.0 L, Turbo, Sup Charg",fetched,,1
48160,2025,Acura,TLX FWD,"Auto (S10), 4 cyl, 2.0 L, Turbo",fetched,,1
48162,2025,Acura,TLX Type-S,"Auto (S10), 6 cyl, 3.0 L, Turbo",fetched,,1
48173,2025,Audi,S6,"Auto (S8), 6 cyl, 2.9 L",fetched,,1
48184,2025,Lexus,ES 300h,"Auto (AV-S6), 4 cyl, 2.5 L",fetched,,1
48189,2025,Acura,Integra,"Man 6-spd, 4 cyl, 2.0 L, Turbo",fetched,,1
48191,2025,BMW,740i xDrive Sedan,"Auto (S8), 6 cyl, 3.0 L, Turbo",fetched,,1
48192,2025,BMW,760i xDrive Sedan,"Auto (S8), 8 cyl, 4.4 L, Turbo",fetched,,1
48199,2025,Chevrolet,Silverado 2WD,"Auto 10-spd, 6 cyl, 3.0 L, Diesel, Turbo",fetched,,1
48200,2025,Chevrolet,Silverado 2WD,"Auto 8-spd, 4 cyl, 2.7 L, Turbo, SIDI; with Sport Mode",fetched,,1
48201,2025,Chevrolet,Silverado 2WD,"Auto 8-spd, 4 cyl, 2.7 L, Turbo, SIDI",fetched,,1
48202,2025,Chevrolet,Silverado 2WD,"Auto 10-spd, 8 cyl, 5.3 L, SIDI; with Sport Mode",fetched,,1
48203,2025,Chevrolet,Silverado 2WD,"Auto 10-spd, 8 cyl, 5.3 L, SIDI",fetched,,1
48230,2025,GMC,Sierra Mud Terrain Tires 4WD,"Auto 10-spd, 6 cyl, 3.0 L, Diesel, Turbo, with Sport Mode",fetched,,1
48234,2025,GMC,Sierra Mud Terrain Tires 4WD,"Auto 8-spd, 4 cyl, 2.7 L, Turbo, SIDI",fetched,,1
48236,2025,GMC,Sierra Mud Terrain Tires 4WD,"Auto 10-spd, 8 cyl, 5.3 L, SIDI; FFV",discovered,,1
48238,2025,GMC,Sierra Mud Terrain Tires 4WD,"Auto 10-spd, 8 cyl, 6.2 L, SIDI",fetched,,1
48241,2025,GMC,Sierra Mud Terrain Tires 4WD,"Auto 10-spd, 8 cyl, 5.3 L, SIDI; Municipal",fetched,,1
48243,2025,GMC,Sierra Mud Terrain Tires 4WD,"Auto 10-spd, 8 cyl, 5.3 L, SIDI; with Sport Mode",fetched,,1
48245,2025,GMC,Sierra Mud Terrain Tires 4WD,"Auto 10-spd, 8 cyl, 5.3 L, SIDI",discovered,,1
48247,2025,Honda,Ridgeline AWD TrailSport,"Auto (S9), 6 cyl, 3.5 L",fetched,,1
48252,2025,Chrysler,Pacifica,"Auto 9-spd, 6 cyl, 3.6 L",fetched,,1
48253,2025,Chrysler,Voyager,"Auto 9-spd, 6 cyl, 3.6 L",fetched,,1
48255,2025,Chrysler,Pacifica AWD,"Auto 9-spd, 6 cyl, 3.6 L",fetched,,1
48266,2025,Hyundai,Santa Cruz AWD,"Auto (S8), 4 cyl, 2.5 L",fetched,,1
48267,2025,Hyundai,Santa Cruz AWD,"Auto (AM-S8), 4 cyl, 2.5 L, Turbo",fetched,,1
48273,2025,Mazda,CX-50 4WD,"Auto (S6), 4 cyl, 2.5 L",fetched,,1
48274,2025,Mazda,CX-50 4WD,"Auto (S6), 4 cyl, 2.5 L, Turbo",fetched,,1
48278,2025,Volkswagen,Atlas 4motion Peak Edition,"Auto (S8), 4 cyl, 2.0 L, Turbo",fetched,,1
48284,2025,Infiniti,QX60 FWD,"Auto (S9), 4 cyl, 2.0 L, Turbo",fetched,,1
48285,2025,Infiniti,QX80 2WD,"Auto (S9), 6 cyl, 3.5 L, Turbo",fetched,,1
48286,2025,Audi,Q8 quattro,"Auto (S8), 6 cyl, 3.0 L, Turbo",fetched,,1
48287,2025,Dodge,Durango AWD,"Auto 8-spd, 6 cyl, 3.6 L",fetched,,1
48288,2025,Dodge,Durango AWD,"Auto 8-spd, 8 cyl, 5.7 L",fetched,,1
48290,2025,Infiniti,QX60 AWD,"Auto (S9), 4 cyl, 2.0 L, Turbo",fetched,,1
48291,2025,Infiniti,QX80 4WD,"Auto (S9), 6 cyl, 3.5 L, Turbo",fetched,,1
48292,2025,Land Rover,Discovery MHEV,"Auto (S8), 6 cyl, 3.0 L, Turbo, Sup Charg",fetched,,1
48293,2025,Mazda,CX-70 4WD,"Auto (S8), 6 cyl, 3.3 L, Turbo, SIDI; Mild Hybrid",fetched,,1
48294,2025,Rolls-Royce,Cullinan,"Auto (S8), 12 cyl, 6.7 L, Turbo",fetched,,1
48295,2025,Rolls-Royce,Cullinan Black Badge,"Auto (S8), 12 cyl, 6.7 L, Turbo",fetched,,1
48296,2025,Audi,Q4 45 e-tron,Auto (A1),fetched,,1
48311,2025,BMW,i4 eDrive40 Gran Coupe (19 inch Wheels),Auto (A1),fetched,,1
48315,2025,BMW,i4 xDrive40 Gran Coupe (19 inch Wheels),Auto (A1),fetched,,1
48341,2025,Bugatti Rimac,Nevera,Auto (A1),fetched,,1
48351,2025,Genesis,Electrified G80,Auto (A1),fetched,,1
48354,2025,Genesis,GV60 AWD Advanced (20 inch Wheels),Auto (A1),fetched,,1
48355,2025,Genesis,GV60 AWD Performance,Auto (A1),fetched,,1
48356,2025,Genesis,GV60 AWD (19 inch Wheels),Auto (A1),fetched,,1
48357,2025,Hyundai,Kona Electric (17 inch Wheels),Auto (A1),fetched,,1
48361,2025,Hyundai,Ioniq 6 AWD (18 inch Wheels),Auto (A1),fetched,,1
48365,2025,Hyundai,Ioniq 6 AWD (20 inch Wheels),Auto (A1),fetched,,1
48371,2025,Lucid,Air G Touring XR AWD with 19 inch wheels,Auto (A1),fetched,,1
48372,2025,Lucid,Air G Touring XR AWD with 20 inch wheels,Auto (A1),fetched,,1
48374,2025,Lucid,Air Pure RWD with 19 inch wheels,Auto (A1),fetched,,1
48375,2025,Lucid,Air Pure RWD with 20 inch wheels,Auto (A1),fetched,,1
48376,2025,Lucid,Air Sapphire AWD,Auto (A1),fetched,,1
48377,2025,Lucid,Air Touring AWD with 19 inch wheels,Auto (A1),fetched,,1
48379,2025,Lucid,Air Touring AWD with 21 inch wheels,Auto (A1),fetched,,1
48380,2025,Maserati,Grecale Folgore (20 inch Wheels),Auto (A1),fetched,,1
48382,2025,Mercedes-Benz,AMG EQE 4matic Plus,Auto (A1),fetched,,1
48395,2025,Mercedes-Benz,EQS 450 4matic (SUV),Auto (A1),fetched,,1
48398,2025,MINI,Countryman SE ALL4 (18 inch Wheels),Auto (A1),fetched,,1
48399,2025,MINI,Countryman SE ALL4 (19 inch Wheels),Auto (A1),fetched,,1
48402,2025,Polestar,2 Dual Motor (19 Inch Wheels),Auto (A1),fetched,,1
48403,2025,Polestar,2 Dual Motor (20 Inch Wheels),Auto (A1),fetched,,1
48404,2025,Polestar,2 Dual Motor Performance Pack,Auto (A1),fetched,,1
48405,2025,Polestar,2 Single Motor (19 Inch Wheels),Auto (A1),fetched,,1
48408,2025,Polestar,3 Long Range Dual Motor (20 Inch Wheels),Auto (A1),fetched,,1
48409,2025,Polestar,3 Long Range Dual Motor (21 Inch Wheels),Auto (A1),fetched,,1
48410,2025,Polestar,3 Long Range Dual Motor (22 Inch Wheels),Auto (A1),fetched,,1
48412,2025,Polestar,4 Long Range Dual Motor,Auto (A1),fetched,,1
48416,2025,Rivian,R1T All-Terrain Dual Large Plus (20in),Auto (A1),fetched,,1
48424,2025,Rivian,R1T Dual Standard (22in),Auto (A1),fetched,,1
48425,2025,Rivian,R1T Performance Dual Large Plus (22in),Auto (A1),fetched,,1
48429,2025,Rivian,R1S All-Terrain Dual Max (20in),Auto (A1),fetched,,1
48430,2025,Rivian,R1S All-Terrain Performance  Dual Max (20in),Auto (A1),fetched,,1
48440,2025,Rolls-Royce,Spectre Black Badge (22 inch wheels),Auto (A1),fetched,,1
48441,2025,Rolls-Royce,Spectre Black Badge (23 inch wheels),Auto (A1),fetched,,1
48442,2025,Rolls-Royce,Spectre (22 inch wheels),Auto (A1),fetched,,1
48443,2025,Rolls-Royce,Spectre (23 inch Wheels),Auto (A1),fetched,,1
48446,2025,Volvo,EC40 Twin,Auto (A1),fetched,,1
48451,2025,Volvo,EX40,Auto (A1),fetched,,1
48452,2024,Lamborghini,Revuelto,"Auto (AM-S8), 12 cyl, 6.5 L",fetched,,1
48453,2024,Lotus,Emira,"Auto (S6), 6 cyl, 3.5 L, Sup Charg",fetched,,1
48454,2024,Mercedes-Benz,AMG CLE53 4matic Plus (coupe),"Auto 9-spd, 6 cyl, 3.0 L, Turbo, Sup Charg",fetched,,1
48456,2024,Chevrolet,Malibu,"Auto (variable gear ratios), 4 cyl, 1.5 L, Turbo",fetched,,1
48460,2024,Toyota,Tacoma Hybrid 4WD,"Auto (S8), 4 cyl, 2.4 L, Turbo, SIDI & PFI; Hybrid; with Full-time 4WD",fetched,,1
48461,2024,Toyota,Tacoma Hybrid 4WD,"Auto (S8), 4 cyl, 2.4 L, Turbo, SIDI & PFI; Hybrid",fetched,,1
48463,2024,Buick,Envision AWD,"Auto (S9), 4 cyl, 2.0 L, Turbo",fetched,,1
48465,2024,Chevrolet,Traverse FWD,"Auto 8-spd, 4 cyl, 2.5 L, Turbo",fetched,,1
48469,2024,Bugatti Rimac,Nevera,Auto (A1),fetched,,1
48470,2024,Fisker,Ocean Sport 20in,Auto (A1),fetched,,1
48471,2024,Fisker,Ocean Sport 22in,Auto (A1),fetched,,1
48473,2024,Tesla,Model 3 Long Range AWD-E,Auto (A1),fetched,,1
48475,2024,Tesla,Model Y Long Range RWD,Auto (A1),fetched,,1
48478,2025,Chevrolet,Corvette E-Ray,"Auto (S8), 8 cyl, 6.2 L",fetched,,1
48483,2025,Mercedes-Benz,AMG SL55 4matic Plus,"Auto 9-spd, 8 cyl, 4.0 L, Turbo",fetched,,1
48486,2025,Mercedes-Benz,AMG CLE53 4matic Plus (convertible),"Auto 9-spd, 6 cyl, 3.0 L, Turbo, Sup Charg",fetched,,1
48496,2025,Toyota,Corolla FX,"Auto (variable gear ratios), 4 cyl, 2.0 L",fetched,,1
48497,2025,Honda,Accord Hybrid Sport/Touring,"Auto (variable gear ratios), 4 cyl, 2.0 L",fetched,,1
48504,2025,Honda,Accord,"Auto (variable gear ratios), 4 cyl, 1.5 L, Turbo",fetched,,1
48507,2025,Subaru,Impreza,"Auto (AV-S8), 4 cyl, 2.0 L",fetched,,1
48508,2025,Subaru,Impreza,"Auto (AV-S8), 4 cyl, 2.5 L",fetched,,1
48509,2025,Nissan,Frontier 2WD,"Auto (S9), 6 cyl, 3.8 L",fetched,,1
48513,2025,Jeep,Gladiator 4WD,"Auto 8-spd, 6 cyl, 3.6 L",fetched,,1
48520,2025,Infiniti,QX50,"Auto (AV-S8), 4 cyl, 2.0 L, Turbo",fetched,,1
48521,2025,Kia,Telluride FWD,"Auto (S8), 6 cyl, 3.8 L",fetched,,1
48524,2025,Volkswagen,Atlas,"Auto (S8), 4 cyl, 2.0 L, Turbo",fetched,,1
48526,2025,Acura,RDX AWD,"Auto (S10), 4 cyl, 2.0 L, Turbo",fetched,,1
48527,2025,Acura,RDX AWD A-SPEC,"Auto (S10), 4 cyl, 2.0 L, Turbo",fetched,,1
48529,2025,Infiniti,QX50 AWD,"Auto (AV-S8), 4 cyl, 2.0 L, Turbo",fetched,,1
48532,2025,Jeep,Wrangler 4dr 4WD,"Auto 8-spd, 4 cyl, 2.0 L, Turbo",fetched,,1
48533,2025,Jeep,Wrangler 4dr 4WD,"Man 6-spd, 6 cyl, 3.6 L",fetched,,1
48535,2025,Lincoln,Nautilus HEV AWD,"Auto (variable gear ratios), 4 cyl, 2.0 L, Turbo",fetched,,1
48536,2025,Lincoln,Nautilus AWD,"Auto 8-spd, 4 cyl, 2.0 L, Turbo",fetched,,1
48542,2025,Nissan,Rogue AWD Rock Creek,"Auto (AV-S8), 3 cyl, 1.5 L, Turbo",fetched,,1
48543,2025,Subaru,Crosstrek AWD,"Auto (AV-S8), 4 cyl, 2.0 L",fetched,,1
48544,2025,Subaru,Crosstrek AWD,"Auto (AV-S8), 4 cyl, 2.5 L",fetched,,1
48547,2025,Volkswagen,Atlas SE 4motion,"Auto (S8), 4 cyl, 2.0 L, Turbo",fetched,,1
48548,2025,Volkswagen,Atlas Cross Sport 4motion,"Auto (S8), 4 cyl, 2.0 L, Turbo",fetched,,1
48552,2025,Jeep,Grand Cherokee 2WD,"Auto 8-spd, 6 cyl, 3.6 L",fetched,,1
48554,2025,Bentley,Bentayga,"Auto (S8), 8 cyl, 4.0 L, Turbo",fetched,,1
48555,2025,Bentley,Bentayga EWB,"Auto (S8), 8 cyl, 4.0 L, Turbo",fetched,,1
48557,2025,INEOS Automotive,Grenadier,"Auto (S8), 6 cyl, 3.0 L, Turbo",fetched,,1
48558,2025,INEOS Automotive,Grenadier Trialmaster Edition,"Auto (S8), 6 cyl, 3.0 L, Turbo",fetched,,1
48560,2025,Jeep,Grand Wagoneer L 4WD,"Auto 8-spd, 6 cyl, 3.0 L, Turbo",fetched,,1
48562,2025,Jeep,Wagoneer L 4WD,"Auto 8-spd, 6 cyl, 3.0 L, Turbo",fetched,,1
48563,2025,Jeep,Grand Cherokee L 4WD,"Auto 8-spd, 6 cyl, 3.6 L",fetched,,1
48565,2025,Land Rover,Defender 90,"Auto (S8), 8 cyl, 5.0 L, Sup Charg",fetched,,1
48567,2025,Land Rover,Defender 130,"Auto (S8), 8 cyl, 5.0 L, Sup Charg",fetched,,1
48568,2025,Mazda,CX-90 4WD,"Auto (S8), 6 cyl, 3.3 L, Turbo, SIDI; Mild Hybrid",fetched,,1
48569,2025,Mazda,CX-90 4WD,"Auto (S8), 6 cyl, 3.3 L, Turbo, SIDI; Mild Hybrid",fetched,,1
48572,2025,Porsche,Cayenne Coupe,"Auto (S8), 6 cyl, 3.0 L, Turbo",fetched,,1
48573,2025,Subaru,Ascent,"Auto (AV-S8), 4 cyl, 2.4 L, Turbo",fetched,,1
48578,2025,Bugatti,Mistral,"Auto (AM-S7), 16 cyl, 8.0 L, Turbo",fetched,,1
48579,2025,Ferrari,F167 ABA,"Auto (AM8), 12 cyl, 6.5 L",fetched,,1
48580,2025,Ferrari,Daytona SP3,"Auto (AM7), 12 cyl, 6.5 L",fetched,,1
48581,2025,Lamborghini,Revuelto,"Auto (AM-S8), 12 cyl, 6.5 L",fetched,,1
48588,2025,Ferrari,Roma Spider,"Auto (AM8), 8 cyl, 3.9 L, Turbo",fetched,,1
48601,2025,Ford,Escape FWD HEV,"Auto (variable gear ratios), 4 cyl, 2.5 L",fetched,,1
48605,2025,Lincoln,Corsair FWD,"Auto (S8), 4 cyl, 2.0 L, Turbo",fetched,,1
48606,2025,Nissan,Pathfinder 2WD,"Auto (S9), 6 cyl, 3.5 L",fetched,,1
48611,2025,Lincoln,Corsair AWD,"Auto (S8), 4 cyl, 2.0 L, Turbo",fetched,,1
48612,2025,Mazda,CX-30 4WD,"Auto (S6), 4 cyl, 2.5 L",fetched,,1
48613,2025,Mazda,CX-30 4WD,"Auto (S6), 4 cyl, 2.5 L, Turbo",fetched,,1
48614,2025,Mercedes-Benz,GLE350,"Auto 9-spd, 4 cyl, 2.0 L, Turbo",fetched,,1
48615,2025,Nissan,Pathfinder 4WD,"Auto (S9), 6 cyl, 3.5 L",fetched,,1
48617,2025,Porsche,Macan,"Auto (AM-S7), 4 cyl, 2.0 L, Turbo",fetched,,1
48618,2025,Porsche,Macan S,"Auto (AM-S7), 6 cyl, 2.9 L, Turbo",fetched,,1
48625,2025,GMC,Yukon 2WD,"Auto 10-spd, 8 cyl, 6.2 L",fetched,,1
48627,2025,GMC,Yukon 2WD,"Auto 10-spd, 8 cyl, 5.3 L",fetched,,1
48634,2025,Ferrari,Purosangue,"Auto (AM8), 12 cyl, 6.5 L",fetched,,1
48645,2025,Land Rover,Defender 130 P300 MHEV,"Auto (S8), 6 cyl, 3.0 L, Turbo, Sup Charg",fetched,,1
48648,2025,Nissan,Pathfinder 4WD Platinum,"Auto (S9), 6 cyl, 3.5 L",fetched,,1
48650,2025,Porsche,Cayenne GTS,"Auto (S8), 8 cyl, 4.0 L, Turbo",fetched,,1
48652,2025,Alfa Romeo,Tonale eAWD,"Auto 6-spd, 4 cyl, 1.3 L, Turbo",fetched,,1
48654,2025,Bentley,Bentayga Hybrid,"Auto (S8), 6 cyl, 3.0 L, Turbo",fetched,,1
48656,2025,Chrysler,Pacifica Hybrid,"Auto (variable gear ratios), 6 cyl, 3.6 L",fetched,,1
48657,2025,Dodge,Hornet PHEV AWD,"Auto 6-spd, 4 cyl, 1.3 L, Turbo",fetched,,1
48658,2025,Ferrari,296 GTB,"Auto (AM-S8), 6 cyl, 2.9 L, Turbo",fetched,,1
48659,2025,Ferrari,296 GTS,"Auto (AM-S8), 6 cyl, 2.9 L, Turbo",fetched,,1
48660,2025,Ferrari,SF90 Spider,"Auto (AM8), 8 cyl, 3.9 L, Turbo",fetched,,1
48661,2025,Ferrari,SF90 XX Spider,"Auto (AM8), 8 cyl, 3.9 L, Turbo",fetched,,1
48662,2025,Ferrari,SF90 XX Stradale,"Auto (AM8), 8 cyl, 3.9 L, Turbo",fetched,,1
48667,2025,Kia,Sportage Plug-in Hybrid,"Auto (AM-S6), 4 cyl, 1.6 L, Turbo",fetched,,1
48668,2025,Land Rover,Range Rover P550 PHEV,"Auto (S8), 6 cyl, 3.0 L, Turbo",fetched,,1
48671,2025,Lincoln,Corsair AWD PHEV,"Auto (variable gear ratios), 4 cyl, 2.5 L",fetched,,1
48672,2025,Mazda,CX-70 4WD PHEV,"Auto (S8), 4 cyl, 2.5 L",fetched,,1
48676,2025,Mitsubishi,Outlander PHEV,"Auto (A1), 4 cyl, 2.4 L",fetched,,1
48677,2025,Volvo,S60 T8 AWD,"Auto (S8), 4 cyl, 2.0 L, Turbo",fetched,,1
48678,2025,Volvo,V60 T8 AWD,"Auto (S8), 4 cyl, 2.0 L, Turbo",fetched,,1
48691,2025,Cadillac,LYRIQ,Auto (A1),fetched,,1
48699,2025,Chevrolet,Silverado EV 5WT (11 kW Charger),Auto (A1),fetched,,1
48703,2025,Fiat,500e,Auto (A1),fetched,,1
48704,2025,Fiat,500e All Season,Auto (A1),fetched,,1
48713,2025,Hyundai,Ioniq 5 RWD,Auto (A1),fetched,,1
48715,2025,Maserati,Grancabrio Folgore,Auto (A1),fetched,,1
48716,2025,Maserati,Granturismo Folgore,Auto (A1),fetched,,1
48717,2025,Mercedes-Benz,G 580 with EQ Technology,Auto (A2),fetched,,1
48718,2025,Nissan,ARIYA e-4ORCE 63kWh,Auto (A1),fetched,,1
48719,2025,Nissan,ARIYA ENGAGE+/EVOLVE+ e-4ORCE 87kWh,Auto (A1),fetched,,1
48726,2025,Polestar,3 Long Range Single Motor (22 Inch Wheels),Auto (A1),fetched,,1
48730,2025,Porsche,Taycan 4 Cross Turismo,Auto (A2),fetched,,1
48742,2025,Rivian,R1S All-Terrain Dual Large (20in),Auto (A1),fetched,,1
48745,2025,Rivian,R1S Dual Large (20in),Auto (A1),fetched,,1
48751,2025,Rivian,R1S Tri Max (22in),Auto (A1),fetched,,1
48756,2025,Rivian,R1T Dual Large (22in),Auto (A1),fetched,,1
48762,2025,Subaru,Solterra AWD,Auto (A1),fetched,,1
48763,2025,Subaru,Solterra Limited/Touring AWD,Auto (A1),fetched,,1
48764,2025,Tesla,Model 3 Long Range AWD,Auto (A1),fetched,,1
48765,2025,Tesla,Model 3 Long Range RWD,Auto (A1),fetched,,1
48766,2025,Tesla,Model S Plaid (19in wheels),Auto (A1),fetched,,1
48769,2025,Tesla,Model X Plaid (22in wheels),Auto (A1),fetched,,1
48770,2025,Tesla,Model Y Long Range AWD,Auto (A1),fetched,,1
48772,2025,Tesla,Model Y Performance AWD,Auto (A1),fetched,,1
48774,2025,Volkswagen,ID.4 AWD Pro S,Auto (A1),fetched,,1
48775,2025,Volvo,EX30 Twin Performance (19 Inch Wheels),Auto (A1),fetched,,1
48780,2025,Volvo,EX90 Twin Motor Performance (20 and 22 Inch Wheels),Auto (A1),fetched,,1
48782,2024,Dodge,Charger 2-Dr Daytona R/T AWD 18in,Auto (A1),fetched,,1
48783,2024,Dodge,Charger 2-Dr Daytona R/T AWD 20in Goodyear,Auto (A1),fetched,,1
48784,2024,Dodge,Charger 2-Dr Daytona R/T AWD 20in Nexen,Auto (A1),fetched,,1
48785,2024,Dodge,Charger 2-Dr Daytona Scat Pack Track Pack AWD,Auto (A1),fetched,,1
48786,2024,Dodge,Charger 2-Dr Daytona Scat Pack Track Pack AWD A/S,Auto (A1),fetched,,1
48789,2024,GMC,Hummer EV SUV 2M20,Auto (A1),fetched,,1
48791,2024,Jeep,Wagoneer S AWD (Falken tire),Auto (A1),fetched,,1
48792,2024,Jeep,Wagoneer S AWD (Pirelli tire),Auto (A1),fetched,,1
48796,2024,Tesla,Model 3 Performance AWD,Auto (A1),fetched,,1
48797,2024,Hyundai,Nexo,Auto (A1),fetched,,1
48798,2024,Hyundai,Nexo Blue,Auto (A1),fetched,,1
48801,2025,Aston Martin,Vanquish,"Auto 8-spd, 12 cyl, 5.2 L, Turbo",fetched,,1
48802,2025,Mazda,MX-5,"Man 6-spd, 4 cyl, 2.0 L",fetched,,1
48803,2025,Mazda,MX-5,"Auto (S6), 4 cyl, 2.0 L",fetched,,1
48816,2025,Porsche,718 GT4 RS,"Auto (AM-S7), 6 cyl, 4.0 L",fetched,,1
48818,2025,MINI,Cooper Convertible,"Auto (AM-S7), 4 cyl, 2.0 L, Turbo",fetched,,1
48819,2025,MINI,Cooper S Convertible,"Auto (AM-S7), 4 cyl, 2.0 L, Turbo",fetched,,1
48820,2025,MINI,JCW Convertible,"Auto (AM-S7), 4 cyl, 2.0 L, Turbo",fetched,,1
48821,2025,Toyota,GR 86,"Man 6-spd, 4 cyl, 2.4 L",fetched,,1
48822,2025,Toyota,GR 86,"Auto (S6), 4 cyl, 2.4 L",fetched,,1
48837,2025,Maserati,Granturismo Modena,"Auto 8-spd, 6 cyl, 3.0 L, Turbo",fetched,,1
48838,2025,Maserati,Grancabrio Trofeo,"Auto 8-spd, 6 cyl, 3.0 L, Turbo",fetched,,1
48839,2025,Maserati,Grancabrio Modena,"Auto 8-spd, 6 cyl, 3.0 L, Turbo",fetched,,1
48840,2025,MINI,JCW Hardtop 2 Door,"Auto (AM-S7), 4 cyl, 2.0 L, Turbo",fetched,,1
48845,2025,Lexus,IS 350 AWD,"Auto (S6), 6 cyl, 3.5 L",fetched,,1
48849,2025,MINI,Cooper Hardtop 4 door,"Auto (AM-S7), 4 cyl, 2.0 L, Turbo",fetched,,1
48851,2025,Volkswagen,GTI,"Auto (AM-S7), 4 cyl, 2.0 L, Turbo",fetched,,1
48856,2025,Subaru,WRX,"Man 6-spd, 4 cyl, 2.4 L, Turbo",fetched,,1
48857,2025,Subaru,WRX,"Auto (AV-S8), 4 cyl, 2.4 L, Turbo",fetched,,1
48858,2025,Toyota,Prius AWD,"Auto (variable gear ratios), 4 cyl, 2.0 L",fetched,,1
48862,2025,Rolls-Royce,Phantom,"Auto (S8), 12 cyl, 6.7 L, Turbo",fetched,,1
48863,2025,Rolls-Royce,Phantom Extended,"Auto (S8), 12 cyl, 6.7 L, Turbo",fetched,,1
48864,2025,Rolls-Royce,Ghost,"Auto (S8), 12 cyl, 6.7 L, Turbo",fetched,,1
48865,2025,Rolls-Royce,Ghost Extended,"Auto (S8), 12 cyl, 6.7 L, Turbo",fetched,,1
48866,2025,Rolls-Royce,Ghost Black Badge,"Auto (S8), 12 cyl, 6.7 L, Turbo",fetched,,1
48869,2025,Ford,Maverick HEV FWD,"Auto (variable gear ratios), 4 cyl, 2.5 L",fetched,,1
48873,2025,Ford,Maverick HEV AWD,"Auto (variable gear ratios), 4 cyl, 2.5 L",fetched,,1
48888,2025,Chevrolet,Colorado 4WD,"Auto 8-spd, 4 cyl, 2.7 L, Turbo",fetched,,1
48897,2025,Ford,F150 Pickup 4WD HEV,"Auto (S10), 6 cyl, 3.5 L, Turbo",fetched,,1
48898,2025,Ford,F150 RAPTOR 4WD,"Auto (S10), 6 cyl, 3.5 L, Turbo",fetched,,1
48901,2025,GMC,Canyon AT4X AEV 4WD,"Auto 8-spd, 4 cyl, 2.7 L, Turbo",fetched,,1
48906,2025,Lexus,RX 350,"Auto (S8), 4 cyl, 2.4 L, Turbo",fetched,,1
48907,2025,Mitsubishi,Outlander 2WD,"Auto (AV-S8), 4 cyl, 2.5 L",fetched,,1
48908,2025,Mitsubishi,Eclipse Cross 2WD,"Auto (AV-S8), 4 cyl, 1.5 L, Turbo",fetched,,1
48910,2025,Toyota,RAV4,"Auto (S8), 4 cyl, 2.5 L",fetched,,1
48914,2025,Volkswagen,Taos,"Auto (S8), 4 cyl, 1.5 L, Turbo",fetched,,1
48915,2025,Alfa Romeo,Tonale AWD,"Auto 9-spd, 4 cyl, 2.0 L, Turbo",fetched,,1
48918,2025,Jeep,Wrangler 4dr 4WD,"Auto 8-spd, 6 cyl, 3.6 L",fetched,,1
48919,2025,Jeep,Wrangler 4dr 4WD,"Auto 8-spd, 8 cyl, 6.4 L",fetched,,1
48921,2025,Lexus,RX 350 AWD,"Auto (S8), 4 cyl, 2.4 L, Turbo",fetched,,1
48922,2025,Lexus,RX 500h AWD,"Auto (S6), 4 cyl, 2.4 L, Turbo",fetched,,1
48924,2025,Mazda,CX-50 4WD,"Auto (variable gear ratios), 4 cyl, 2.5 L",fetched,,1
48925,2025,Mitsubishi,Outlander 4WD,"Auto (AV-S8), 4 cyl, 2.5 L",fetched,,1
48926,2025,Mitsubishi,Outlander Sport 4WD,"Auto (AV-S6), 4 cyl, 2.0 L",fetched,,1
48927,2025,Mitsubishi,Outlander Sport 4WD,"Auto (AV-S6), 4 cyl, 2.4 L",fetched,,1
48928,2025,Mitsubishi,Eclipse Cross 4WD,"Auto (AV-S8), 4 cyl, 1.5 L, Turbo",fetched,,1
48929,2025,Mitsubishi,Eclipse Cross ES 4WD,"Auto (AV-S8), 4 cyl, 1.5 L, Turbo",fetched,,1
48945,2025,GMC,Yukon 2WD,"Auto 10-spd, 6 cyl, 3.0 L, Diesel, Turbo",fetched,,1
48947,2025,Nissan,Armada 2WD,"Auto (S9), 6 cyl, 3.5 L, Turbo",fetched,,1
48948,2025,Toyota,Grand Highlander Hybrid,"Auto (AV-S6), 4 cyl, 2.5 L",fetched,,1
48958,2025,Ford,Bronco Outer Banks 4WD,"Auto (S10), 6 cyl, 2.7 L, Turbo",fetched,,1
48966,2025,Lexus,LX 700h,"Auto (S10), 6 cyl, 3.4 L, Turbo",fetched,,1
48967,2025,Lincoln,Navigator 4WD,"Auto (S10), 6 cyl, 3.5 L, Turbo",fetched,,1
48968,2025,Nissan,Armada 4WD,"Auto (S9), 6 cyl, 3.5 L, Turbo",fetched,,1
48976,2025,Toyota,4Runner 4WD,"Auto (S8), 4 cyl, 2.4 L, Turbo, SIDI & PFI",discovered,,1
48982,2025,Toyota,4Runner 4WD,"Auto (S8), 4 cyl, 2.4 L, Turbo, SIDI & PFI; with Stop-Start",fetched,,1
48994,2025,Dodge,Charger Daytona R/T AWD 255/45R20,Auto (A1),fetched,,1
48995,2025,Dodge,Charger Daytona Scat Pack AWD 325/35ZR20 Rear A/S,Auto (A1),fetched,,1
48996,2025,Tesla,Model 3 Performance AWD,Auto (A1),fetched,,1
48998,2025,Bentley,Continental GT,"Auto (AM-S8), 8 cyl, 4.0 L, Turbo",fetched,,1
48999,2025,Bentley,Continental GT Speed,"Auto (AM-S8), 8 cyl, 4.0 L, Turbo",fetched,,1
49000,2025,Bentley,Continental GTC,"Auto (AM-S8), 8 cyl, 4.0 L, Turbo",fetched,,1
49001,2025,Bentley,Continental GTC Speed,"Auto (AM-S8), 8 cyl, 4.0 L, Turbo",fetched,,1
49002,2025,Bentley,Flying Spur,"Auto (AM-S8), 8 cyl, 4.0 L, Turbo",fetched,,1
49003,2025,Bentley,Flying Spur Speed,"Auto (AM-S8), 8 cyl, 4.0 L, Turbo",fetched,,1
49004,2025,Lamborghini,Urus SE,"Auto (S8), 8 cyl, 4.0 L, Turbo",fetched,,1
49014,2025,Toyota,Prius PHEV,"Auto (variable gear ratios), 4 cyl, 2.0 L",fetched,,1
49021,2025,Mercedes-Benz,S580e 4matic,"Auto 9-spd, 6 cyl, 3.0 L, Turbo",fetched,,1
49024,2025,Porsche,Cayenne e-Hybrid Coupe,"Auto (S8), 6 cyl, 3.0 L, Turbo",fetched,,1
49030,2024,Mazda,CX-90 4WD,"Auto (S8), 4 cyl, 2.5 L, SIDI; PHEV",discovered,,1
49037,2025,Porsche,911 Carrera 4 GTS,"Auto (AM-S8), 6 cyl, 3.6 L, Turbo",fetched,,1
49039,2025,Porsche,911 Targa 4 GTS,"Auto (AM-S8), 6 cyl, 3.6 L, Turbo",fetched,,1
49041,2025,Audi,S5,"Auto (AM-S7), 6 cyl, 3.0 L, Turbo",fetched,,1
49044,2025,Acura,ADX AWD,"Auto (AV-S7), 4 cyl, 1.5 L, Turbo",fetched,,1
49045,2025,Acura,ADX FWD,"Auto (AV-S7), 4 cyl, 1.5 L, Turbo",fetched,,1
49047,2025,Volkswagen,Tiguan,"Auto (S8), 4 cyl, 2.0 L, Turbo",fetched,,1
49050,2025,Audi,SQ5 Sportback,"Auto (AM-S7), 6 cyl, 3.0 L, Turbo",fetched,,1
49062,2025,Toyota,4Runner 4WD,"Auto (S8), 4 cyl, 2.4 L, Turbo, SIDI & PFI; Hybrid",fetched,,1
49063,2025,Toyota,4Runner 4WD,"Auto (S8), 4 cyl, 2.4 L, Turbo, SIDI & PFI; Hybrid",fetched,,1
49067,2025,Cadillac,CELESTIQ,Auto (A1),fetched,,1
49073,2025,Dodge,Charger Daytona R/T AWD 275/40R20,Auto (A1),fetched,,1
49074,2025,Dodge,Charger Daytona R/T AWD 305/35ZR20,Auto (A1),fetched,,1
49076,2025,Dodge,Charger Daytona Scat Pack AWD 325/35ZR20 Rear,Auto (A1),fetched,,1
49081,2025,Ford,Mustang Mach-E Rally,Auto (A1),fetched,,1
49084,2025,Vinfast,VF 6 Plus,Auto (A1),fetched,,1
49085,2025,Vinfast,VF 7 Plus,Auto (A1),fetched,,1
49086,2025,Vinfast,VF 8 Eco,Auto (A1),fetched,,1
49087,2025,Vinfast,VF 8 Plus,Auto (A1),fetched,,1
49088,2025,Vinfast,VF 9 Plus,Auto (A1),fetched,,1
49090,2025,Honda,Prologue AWD Elite,Auto (A1),fetched,,1
49097,2025,Kia,EV6 Long Range RWD,Auto (A1),fetched,,1
49100,2025,Lexus,RZ 300e (20 inch wheels),Auto (A1),fetched,,1
49101,2025,Lexus,RZ 450e AWD (18 inch wheels),Auto (A1),fetched,,1
49102,2025,Lexus,RZ 450e AWD (20 inch wheels),Auto (A1),fetched,,1
49110,2025,Lucid,Gravity GT w/20F21R wheels (2R),Auto (A1),fetched,,1
49112,2025,Lucid,Gravity GT w/21F22R wheels (2R),Auto (A1),fetched,,1
49113,2025,Lucid,Gravity GT w/21F22R wheels (3R),Auto (A1),fetched,,1
49114,2025,Lucid,Gravity GT w/22F23R wheels (2R),Auto (A1),fetched,,1
49115,2025,Lucid,Gravity GT w/22F23R wheels (3R),Auto (A1),fetched,,1
49123,2025,Tesla,Cybertruck AWD,Auto (A1),fetched,,1
49124,2025,Tesla,Model S,Auto (A1),fetched,,1
49125,2025,Tesla,Model X,Auto (A1),fetched,,1
49130,2025,Lotus,Emira,"Man 6-spd, 6 cyl, 3.5 L, Sup Charg",fetched,,1
49131,2025,Lotus,Emira,"Auto (S6), 6 cyl, 3.5 L, Sup Charg",fetched,,1
49132,2025,Maserati,GT2 Stradale,"Auto (S8), 6 cyl, 3.0 L, Turbo",fetched,,1
49134,2025,Porsche,911 Carrera S Cabriolet,"Auto (AM-S8), 6 cyl, 3.0 L, Turbo",fetched,,1
49146,2025,Ford,Bronco Sasquatch 4WD,"Auto (S10), 4 cyl, 2.3 L, Turbo",fetched,,1
49147,2025,Ford,Bronco Sasquatch 4WD,"Man 7-spd, 4 cyl, 2.3 L, Turbo",fetched,,1
49150,2025,Bugatti Rimac,Nevera R,Auto (A1),fetched,,1
49156,2025,Volkswagen,ID.4 Pro,Auto (A1),fetched,,1
49157,2025,Volkswagen,ID.4 Pro S,Auto (A1),fetched,,1
50270,2025,Honda,CR-V e-FCEV,Auto (A1),fetched,,1
